source_id,ra,dec,parallax,pmra,pmdec,phot_g_mean_mag,ruwe,parallax_error,pmra_error,pmdec_error,member_prob
40100808270231552,58.842617151558755,15.508939420086866,6.332535321510956,-5.0087580867381964,-27.438189313322706,17.888453,0.9604211,0.13463186,0.20189637,0.10897522,1.0
40264532423861120,58.44231299948371,15.371515085562624,8.043234594053546,-3.599430200649112,7.839144010134597,13.534758,1.0309886,0.016685758,0.018915387,0.0116531905,1.0
40329712847439488,58.044646831745496,15.671383665949874,6.39606696111637,17.67998391211021,-31.741159762390957,15.229604,1.004273,0.03016254,0.036242645,0.022239853,1.0
40449353456221696,59.15168142080315,16.320978307074732,9.452956677678054,48.595534002689675,-18.059964955227517,16.987837,0.9733606,0.08301859,0.099516034,0.0632103,1.0
42319794533802880,53.112177081626214,15.205037335578247,6.390955935714191,-52.0740699775197,-23.538318350865367,16.050571,0.9972877,0.048386116,0.06511317,0.045578275,1.0
42395248518892672,54.12295517281968,15.586974109307363,8.408436190682878,25.492967915147226,-30.968915770631185,14.722459,1.1215816,0.029134797,0.033505145,0.026605645,1.0
42427821550808448,54.57683846239706,15.912744548632697,7.1032931644162005,-12.71294537268056,1.5967753842814023,15.620561,1.086728,0.04663715,0.04552986,0.034442585,1.0
42490940390149504,53.823479836263715,16.018849334945145,6.971303588766894,-8.999032634434897,-78.92356105931728,16.008186,0.9896676,0.04634373,0.06590402,0.04624543,1.0
42576083821809152,52.53488816440765,15.562077473893229,7.993617048129342,12.995015029761586,-17.401376645656654,10.871158,0.9013667,0.015971016,0.020361338,0.0151148075,1.0
42620064286935936,53.06555294093468,16.03154909760911,6.844079682940938,129.3428381889708,-16.721414162736743,15.415134,1.0525076,0.033839725,0.04083051,0.031116083,1.0
43120891833120000,55.837125671200766,15.681872915868311,7.709707289207398,-5.837156499108074,-31.10844770336515,17.552347,0.95021987,0.14114913,0.16514902,0.13889393,1.0
43356737078114816,57.90065682926787,15.953114987647291,6.629768514793693,-13.368336801945484,-20.463334479317883,16.505838,0.9408192,0.06699304,0.0764971,0.047768015,1.0
43367422956762368,57.555225455071515,16.000350527114012,9.574619930596453,33.64763506887174,-0.5136259729401491,8.437985,1.0350684,0.021713426,0.025744965,0.019320842,1.0
43542107866874368,58.46198410244694,16.8792143477475,6.14487434393343,5.648091665289854,-15.912707236055185,10.507725,0.90120447,0.018299807,0.020491323,0.01558927,1.0
43719713353343232,56.535731087297734,16.9622086825673,5.8729337130950325,79.3034623238275,-28.106166260290156,16.91343,1.0047612,0.0953531,0.10899256,0.07127866,1.0
43732529535735168,56.64343546158474,17.1657308867918,7.839007550469138,-6.451648710257341,1.1652290455640433,10.643664,1.1006908,0.017589558,0.020715253,0.01519323,1.0
43746170351903104,57.28045389772833,17.287628113478426,7.594962725743994,63.82076800262094,23.944999779869683,10.996187,1.3455974,0.019379504,0.023631386,0.016544983,1.0
43854059931723264,57.35929064291092,17.559741193237105,9.354228752405346,39.42601703863606,-17.157490515864318,15.648859,1.0995672,0.04441432,0.053842776,0.031725947,1.0
44031081302677120,55.03872247661953,16.667420403358648,6.764061668179901,32.54693425805033,-6.479995371323046,16.016903,0.94871014,0.04884723,0.052727014,0.041256797,1.0
44261291549779200,54.45079469631974,17.21277122469772,6.223795572742708,20.142964114542146,-10.722137762898065,14.1036825,1.0452199,0.02294939,0.024812248,0.01805495,1.0
44409072784486784,54.377138736221056,17.464015911438207,7.835097575023023,42.237090997054324,-2.5581594540485955,11.431918,0.9467919,0.018703487,0.018119637,0.014295415,1.0
44492463869467776,56.10985205302023,17.22591769950104,8.01931578038412,-13.08043127149627,-67.15169462200588,13.378531,1.0324755,0.02550989,0.025883026,0.020512013,1.0
44586192938810368,56.30233878675399,17.833963764407237,7.053239257876246,-6.074925975412052,-24.913720964754898,11.1696825,0.8626604,0.015811997,0.019048708,0.01436247,1.0
44603892500785920,56.02915141505021,17.95314316156003,7.146563531594924,28.45479296483562,2.6150995799248133,16.607899,1.0047591,0.061484814,0.0834718,0.062742926,1.0
44752086050666368,56.848521877303035,18.721859082985233,5.9039599261319,21.39151604257875,-24.538777358787687,17.894188,0.9369955,0.17912701,0.23886232,0.18584657,1.0
45401210230747648,60.93873474276173,15.673951286629887,6.836759211733673,6.069769346585764,2.9208349494606045,14.189564,1.0216784,0.022900816,0.027851053,0.015403767,1.0
45429007259055744,61.02696514522107,15.880954117126816,9.887914062679648,-11.866735341520792,-40.6524283986275,15.475954,1.0799166,0.034351405,0.044667188,0.026074747,1.0
45503499170457984,62.37380755557922,16.260011133469014,6.518986093803016,20.78998993777679,-30.399673176768385,16.513163,1.0894977,0.06282457,0.07131508,0.05495957,1.0
45569401148569984,61.77028186952181,16.480886822187493,7.307772223485762,28.83015140277473,-38.20715433348653,16.414158,0.95917916,0.057448503,0.070511766,0.051059566,1.0
45603004972492032,63.37015361355113,15.907764655841387,7.27795071234902,67.64371156056868,-15.608930276103735,15.838874,1.0508085,0.043878928,0.056779593,0.03838551,1.0
45633344621445504,63.22120484159773,16.25590025621487,9.75232559517475,57.73201512463574,-110.46341534443908,16.460587,1.0895653,0.07030184,0.09727131,0.066197164,1.0
45789887589641984,64.4601389917502,16.990760746805726,6.425848182422793,-49.54831967239128,-51.97359778342136,15.097145,1.0829711,0.03927414,0.048693486,0.03290447,1.0
45906504541587328,62.42284559734841,16.779172060054297,6.336562966611749,73.87134561228771,-60.86650018017515,13.490146,1.2127331,0.020701002,0.030587511,0.021498883,1.0
45953474303853568,62.29927661640801,16.77719762796324,6.3743091678884305,-29.979860666061665,-31.998921083441164,17.788017,1.0614517,0.15987068,0.19140622,0.12950672,1.0
46022365579432064,63.23588469348583,17.030516040299798,9.278064996240039,2.936274987523517,-16.00412857841493,17.665792,1.0043925,0.12474031,0.1526202,0.12041843,1.0
46083422834446592,63.69317656132888,17.655541815810793,6.3399413372382485,-8.920848554830132,7.785674576714513,15.208333,1.0171672,0.035327945,0.041263487,0.031740867,1.0
46230757393438080,60.87750021392877,16.55945562745435,6.382181969343727,-26.96195440100185,-97.42455904894527,12.857982,0.8917917,0.017280681,0.018748846,0.01089601,1.0
46355380164961920,61.70607981285853,17.10162672288215,6.402943850057121,0.046639147548500404,-15.210038053350731,14.803469,1.0255536,0.028895484,0.033893455,0.023968486,1.0
46613078202820480,60.52818785932522,17.394993052750305,9.941791684957286,-5.4852692131167515,-55.97793316545574,15.269141,0.9851462,0.03082249,0.03541324,0.021925725,1.0
46639500841597056,60.72843402223301,17.552912851959118,5.700668838194302,24.41130443476081,-40.802581273805245,16.746096,1.030027,0.06643533,0.078554526,0.048480608,1.0
46788037989349248,62.188788074914406,17.690607608217277,6.013134343657679,-15.336805789553814,-5.78566768285914,13.876844,1.020936,0.018828379,0.02051623,0.016962562,1.0
46811883647724032,61.6846485189734,17.66332100702148,9.670971876532615,37.08973056117365,-25.467017966806978,8.306717,0.9600219,0.024987597,0.028871913,0.021800624,1.0
46908292777155200,62.95499286484589,18.136561950964644,5.6816645145739155,-10.115888427200872,-18.629762096062983,17.87573,0.94958556,0.12608546,0.15192407,0.12083756,1.0
47108236392240128,60.78341683720157,18.363017528526896,6.361210231458421,-4.783313608851882,-15.973431053171696,17.464928,0.9666597,0.09680262,0.11948065,0.0684849,1.0
47158813926253824,62.195728185741,18.527459790565782,5.518584866781521,20.108962494021505,-23.567830310702313,15.997155,0.95587873,0.05631953,0.06632962,0.04250057,1.0
47577762216145920,64.00464452187754,17.87352439101884,7.412779188865403,39.177836339339365,-96.81623407315378,14.453668,0.9738569,0.023503166,0.028429031,0.021312986,1.0
47634902460955008,64.43210956441784,18.399607511664893,5.748103273053938,27.446203883019024,-106.79334922863681,17.148008,1.0052716,0.09823425,0.11065366,0.08161474,1.0
47679638840259712,63.89443173863811,18.330836885239947,6.046524783811429,17.558443657355635,-47.93804780007643,16.781494,1.044881,0.076365456,0.09168442,0.06782887,1.0
48420778396632192,63.26575359711097,18.427079395841307,5.890521364901747,-3.864217028419764,18.26278008553165,13.707095,1.1617217,0.020841677,0.025293324,0.017892031,1.0
48500389910391680,63.12790500279907,18.92513842191931,8.675557414699659,-24.64775137424259,-82.41648069584458,15.88271,1.0851128,0.04893253,0.06122081,0.047193397,1.0
48530111084037760,63.45738678407351,19.118766770541388,6.988021275090493,50.332424633759636,-29.817352641262005,17.867575,1.0533675,0.1575068,0.20576738,0.12929805,1.0
49116597458591232,64.63334853935831,20.66793481314133,9.8392395733647,17.745140406876725,-23.979040314442567,15.64512,1.043768,0.04410126,0.052997712,0.034649633,1.0
50248613400348672,61.10200592330244,19.00282453159001,6.490673052106456,2.202944037717873,-7.181449091728233,14.347033,1.3977257,0.028371103,0.036503118,0.019374136,1.0
50526755482495104,60.435209429950234,19.591506055394937,6.139995693932613,81.75662427617925,-41.95612803215989,17.658396,0.99597883,0.15181208,0.19861239,0.106329195,1.0
50817267069857664,58.63276915473592,19.09630857678685,5.851413752352023,54.49866128599747,-51.50972209429627,17.254887,1.0354085,0.09965437,0.11584706,0.07569234,1.0
51010570660629888,57.28313378740955,19.59757318858246,5.658650521071875,90.06557837403473,-59.108473242692504,17.827267,1.0383483,0.12420568,0.14416674,0.107641354,1.0
51174329173532544,57.516721288694235,20.190668165982636,9.06317033403186,2.7140734329553657,5.380550719886977,12.292067,1.0248437,0.014799803,0.019627988,0.0104478,1.0
51209895800103296,57.79989695651982,20.493293827716805,8.008968045294013,6.308130862172411,-57.47077018551462,15.595061,1.0041461,0.035904568,0.04580491,0.028952932,1.0
51212713298684928,57.483718044054854,20.381061770419556,8.56405281077587,22.22535709848987,-51.77948326485617,16.615393,1.0130632,0.068200566,0.08311867,0.054633643,1.0
51257621476724096,59.208211789793054,19.930267774172584,6.559134913210761,16.496204030964087,-40.28534463327467,15.78614,1.0247711,0.044613395,0.046025075,0.031404153,1.0
51356268285434240,58.78163790711656,20.36879236609392,6.578877168798605,-18.376783875649743,-17.916084982395024,12.5634,1.0326164,0.015834209,0.017473625,0.01164914,1.0
51381453974112640,60.021683034008625,20.421633682563208,9.191200785161106,9.573769220918505,-19.710423282439884,15.848581,1.0868592,0.04924628,0.052563976,0.03216833,1.0
51474328346661888,59.44223437143945,21.01354086988176,6.310651039402355,-3.7673655643250434,-12.920649474071395,17.35904,1.0269964,0.10122704,0.11576181,0.083080955,1.0
51479791545169408,59.71967812094349,20.89225510713631,6.891674333568988,-71.44831752431595,-77.29512633756559,13.21671,1.1451753,0.017233947,0.017783806,0.012145862,1.0
51819506277775616,61.86673128405318,19.887928409383527,6.3098710624689724,13.105889308192314,-10.675868129012803,16.835127,1.0722278,0.083914995,0.11545295,0.073116064,1.0
52092219522557312,60.996580418215466,20.364672831691855,7.3941673987498024,-22.98813278080735,-42.08808730836082,15.978162,1.128868,0.05293808,0.080007404,0.036136355,1.0
52267935223301504,62.01856512977976,21.31794358157628,6.63622501409387,-7.325275507184834,-69.43943392161437,15.457765,1.0179217,0.044708155,0.04779976,0.035073027,1.0
52439733914267136,63.048034476457076,21.41822673016697,7.4489309136979065,30.856669195406166,-36.634121689746344,17.847141,1.0892755,0.14061208,0.18865506,0.12431938,1.0
52445300190707840,62.915433618881224,21.393829245762984,6.53845723804365,48.63045207524307,-87.5565877293513,17.93619,1.0626987,0.15151702,0.18359056,0.13337357,1.0
52469317649044992,63.481098095216964,21.603916704569183,7.09778072852203,-39.32723132283416,41.837970196781306,15.975364,1.3190365,0.06126624,0.07226624,0.050777365,1.0
52573354640736896,63.60349071213082,21.942435455204077,6.660202915129773,37.46825817180698,-57.02414689843217,17.94125,0.9938094,0.1304784,0.15355848,0.115030326,1.0
52972481659660544,60.74379033859784,21.340230451799055,5.847922860843497,-12.904607321860954,-13.317698772044402,14.679543,1.0723871,0.029832434,0.03312005,0.020989984,1.0
53119025944191616,61.3045153097135,22.12873375168388,8.30130284983071,4.4293560164464765,-14.740276993400762,13.892044,1.2268196,0.022006044,0.024439009,0.01520699,1.0
53167335736332928,61.22199008055268,22.20024757687267,5.711408882857684,-23.34198228847068,-42.04167887094973,17.395056,0.95705307,0.09656132,0.1103498,0.06874475,1.0
53456129336585856,60.71498982766327,22.928496910904922,7.031971506248498,43.46046595868097,-27.15594633520345,16.541302,1.0397385,0.06326014,0.091556355,0.047516715,1.0
53569207234656256,61.40408527434662,22.611574190602443,5.783053082916005,-1.202927562600939,31.492942228039695,13.399574,1.0094603,0.015751733,0.020863635,0.010540247,1.0
53577384852365824,61.50032171601324,22.71863417430044,5.5942397279707885,-30.91860377155935,-56.933725065858496,11.648738,1.3533052,0.026667606,0.032476585,0.015246222,1.0
53584359879224448,61.579675895527984,22.913633875015194,5.811916700134797,-15.277834060203958,5.478021258499325,12.662256,1.0298984,0.018579487,0.021656321,0.010335892,1.0
53685995985388544,63.00396838319011,23.471493421141673,6.361431927322458,-21.476732624730914,1.354091594642828,13.112274,1.0649121,0.014385176,0.016114175,0.012453883,1.0
53954620418660224,62.34764245163507,24.07260750016215,5.964672968668777,90.55569320217806,-31.809494742799913,11.220902,1.1994005,0.024522362,0.029929271,0.021598443,1.0
53989736072994560,61.65676813941016,24.06816838015297,8.960458683083758,10.731472221784564,2.013307472400802,16.61958,0.96906936,0.066647395,0.07584568,0.048230454,1.0
54489498466013568,50.37176765497728,16.077104290690908,7.2554916154065285,28.240711285469956,-27.49968487912157,17.553059,0.9923239,0.13065995,0.13536215,0.10588397,1.0
54647793781212288,52.29642668530016,16.234096515071226,8.158922740351079,28.453940531957183,-2.66939316248319,16.859947,0.89851,0.076392815,0.082499854,0.07278572,1.0
54979773277351296,50.84826121283425,16.996160450252972,6.707426229176996,20.70654691122338,-37.06387505502123,17.907314,1.0448477,0.14723136,0.16041629,0.12898907,1.0
55788708893156096,50.897684646737204,17.60339077527991,6.036722081437954,46.62122959800014,-16.577130760840113,16.807714,0.97489077,0.06967562,0.0796303,0.06721254,1.0
55830486039880576,50.28291710908961,17.676849942605674,6.939528809643433,12.403912998445119,-51.67891790237448,10.323143,1.051304,0.017668886,0.020822605,0.017140545,1.0
56492293257316864,54.34908752441982,18.230833024241512,5.917636616031893,43.02634105182625,-17.688351183257975,13.252122,1.0345596,0.016609062,0.01981269,0.013381716,1.0
56631999953592704,53.0444061557447,18.185447415257446,7.402100537987278,77.10502947987928,-17.02075582044725,16.351395,1.3326141,0.08335116,0.090957224,0.06905707,1.0
56651993024095360,52.34743388317981,18.06002580539141,8.756054735173684,47.84704399024876,1.527305033844964,17.34721,1.0004213,0.10382156,0.1313735,0.09530798,1.0
56815755833986048,53.10696486412686,18.953712169799903,5.885415269823757,22.261067860949794,-24.831116776185684,17.920612,1.0825062,0.1797017,0.25084013,0.16375355,1.0
56951751678217088,54.15179738602606,18.83055213469494,5.515700313432964,10.515873888485114,-24.00544945000033,17.692436,1.0376965,0.14010054,0.13711083,0.111422904,1.0
57277413278683648,54.05461852341636,19.962883071148987,5.567512848753173,-13.576823819617186,-28.632216325235824,14.171732,0.99169797,0.020256693,0.022699466,0.018165233,1.0
57387639318952960,54.8198326327828,20.219437786829722,8.63375563823119,11.75930449250951,-19.987529557614295,17.478611,0.9675369,0.11123905,0.123388186,0.091508046,1.0
57614035635656576,53.302208339024425,19.588107217071595,5.625260072852271,61.69737431403544,-46.4278584643281,13.150267,0.9454824,0.015052277,0.016643018,0.014027365,1.0
57807687121863680,50.968569817394396,19.754831486735842,5.86546152172432,37.22116534590681,-51.117469276991905,13.417989,1.1427009,0.018516209,0.017343003,0.015444552,1.0
58338235840972416,52.44367934262298,20.54038162886138,6.259407991993333,-13.030498193750134,-15.220702432849594,14.018941,1.0708658,0.02172189,0.026399815,0.019654524,1.0
60883948857503616,50.386917805939575,20.137361373890425,6.042258537360347,-13.68886592966032,-50.060867411311015,14.533673,1.1610312,0.030018337,0.029073458,0.02546707,1.0
60952633974888832,51.41650977425196,20.367148709856593,6.436738522541103,46.01424460969592,-58.47008244051884,15.548506,1.091185,0.051809307,0.05017578,0.046282306,1.0
60991357400059904,51.776559527044405,20.82843988533929,8.68037539214776,-54.81824258031835,-46.2684377248359,17.444023,0.9735204,0.107077695,0.14170171,0.097972944,1.0
39897192460629376,57.99103565944805,15.287681834777628,8.903860769131677,99.66331814482338,-99.27452034869279,16.795906,1.0094404,0.07012859,0.08413752,0.056678127,1.0
40172242166638336,60.10180914299551,15.770529394761954,6.559602175815837,6.946971408096081,-3.4963050397682416,10.33178,1.222596,0.022435373,0.026739512,0.016722575,1.0
40312223740564608,58.512712980693586,15.814318321239467,5.811789220580637,-16.621611687954502,-24.560757276085813,15.285249,1.0057017,0.035558783,0.04155654,0.026716908,1.0
41638131684041088,54.96723883320374,15.444519625764316,7.648425232140515,239.288946508913,-296.75947149657947,14.488833,1.045921,0.026914973,0.028411364,0.024334379,1.0
42148919257617536,52.40515786633044,15.305419899632636,6.944095104465936,52.46318956487688,1.4466553037180236,17.827267,0.9253725,0.120835535,0.1497733,0.12143409,1.0
42418406982526208,54.33123204983731,15.717701262604145,7.576043141988017,82.16646366151599,33.097732503091244,17.481678,1.0844822,0.11284139,0.15491354,0.10926849,1.0
42439366422880512,53.793216526147106,15.60569027171336,6.666469614878037,36.04270840474227,-9.852281304991354,16.52404,0.9217132,0.064152375,0.07184166,0.06016821,1.0
42620854560850176,52.9468381951061,16.03900906277178,6.013124697506891,-1.3957214205969322,8.946259070186725,15.39592,1.1092267,0.03781255,0.044426963,0.036425598,1.0
42638824704007680,52.81614634493257,16.21693318486432,7.443201592119925,56.888561223399954,-7.59842662761614,14.312458,1.0430212,0.02138425,0.024054024,0.020416228,1.0
42890647226289536,56.259707119560844,15.163754768052685,6.314518108439882,27.38266877533223,18.519359508259825,17.177065,1.0100683,0.09360355,0.11480626,0.08401541,1.0
43186622012518400,55.72716372875885,16.029559097021252,5.693762780116876,-8.724297832041724,1.9859235017804289,16.562515,1.0315472,0.05914168,0.073574364,0.0482878,1.0
43220981751387904,56.27314996229861,16.0112483180009,6.695159013587826,27.89021599741041,14.371053993888536,17.317093,1.0568262,0.11073202,0.11793949,0.08112131,1.0
43248950578450816,56.6593397263747,16.253441474412906,6.10622828157357,19.30591583767056,-34.91361830445464,16.04341,1.075914,0.062484633,0.09688105,0.06636233,1.0
43315677190291584,56.29254445579794,16.49463439740233,8.792424575094287,-35.13009674880088,-17.369118792268395,15.194166,1.071044,0.03522934,0.04590222,0.036376774,1.0
43461568639808128,57.83009515592984,16.509027917924374,7.112900719400215,51.07888854991889,-62.397911957099616,16.16616,1.0831134,0.053362593,0.061895296,0.042030424,1.0
43540424239768832,58.868103094142135,17.07418341440261,8.988901003481205,-2.584873484234255,-34.26425471087868,13.375137,1.0465274,0.015084764,0.018439634,0.011278143,1.0
43687312120199936,57.001615344305414,16.962441627361358,9.328188974167166,67.82407625839147,-15.684523482763405,7.89395,0.9328176,0.03251806,0.035124186,0.029771794,1.0
43786817923720832,57.83862573261016,17.39821240365334,6.301520303191318,19.371486715087208,16.76500101021637,16.531212,1.0224662,0.07417575,0.091628894,0.047200423,1.0
43872511111106304,57.188101763850625,17.784521677757215,7.225221221208803,-17.67246534301769,-24.330969693432987,16.255535,0.98642474,0.069499895,0.08125999,0.047695,1.0
43910478621167104,54.82442515289058,15.759714373644139,5.60433879822295,23.401705906746336,-10.338432913294085,16.015862,1.0961308,0.056207977,0.059493992,0.04235575,1.0
44380416763094272,55.44468658118189,17.61151199883383,8.089264212033816,-11.119514313277291,-102.33153729277332,10.523579,0.991938,0.01935148,0.021788575,0.013860563,1.0
44517855716080896,56.791463970996844,17.494300183647297,6.452283958772248,19.581692005577864,-19.891658331538444,14.1384735,1.0408425,0.02025638,0.02532661,0.020833999,1.0
44527579521981312,56.42955880533056,17.535986822715508,6.368255605109671,41.893349669890846,7.585372053585269,17.132145,1.0472744,0.10062651,0.12255485,0.09443927,1.0
44605369969529600,56.21887972761343,17.945557166805166,6.2193765378790955,-16.231565916321358,6.015204794650478,13.9139595,1.0726286,0.01653013,0.019599952,0.014363289,1.0
44724838779943680,56.82796989977549,18.338059373369934,5.629769071049708,18.22511973331016,-2.8888809444699595,16.70402,1.0678067,0.076023825,0.09247516,0.06947294,1.0
44778366955438080,55.297216120725736,17.935096331207724,8.290563027155299,66.18477702133876,-83.83602938692387,11.090174,1.0942581,0.021996869,0.023325732,0.017015593,1.0
44796856791598720,55.93961232574761,18.10135334484491,5.608484094672922,6.584648629315788,-43.680539151462476,11.193689,1.0167453,0.018624544,0.021818688,0.015866106,1.0
44838088477571456,55.28490677495976,18.14045903861246,8.264819901088611,-13.14262177972414,-27.860756935374045,14.242631,1.0248413,0.01999421,0.02308348,0.01795706,1.0
44884783361979392,55.37030312813639,18.597440849700654,9.36178806252406,41.17465002072241,-29.532801561905472,11.700704,0.8982215,0.013946665,0.018672567,0.011511492,1.0
45427357991731456,61.253449733306496,15.929678417108155,9.291610991749488,-23.018110444858586,-91.43488453931583,17.516132,1.0206861,0.10012939,0.13291527,0.08414573,1.0
45429007259055616,61.02443385284942,15.882918228713402,9.840028815183278,-10.590662393079436,-40.72811557002439,16.178444,1.0320201,0.04693641,0.062139325,0.036223974,1.0
45669216188255360,63.64845923233145,16.629768606564944,5.7415170103319895,47.17522307001315,22.54442342538911,16.154749,1.0448732,0.05097201,0.057014816,0.043690667,1.0
46128777689029760,63.289321807926,17.712130034985282,8.62892792477149,-18.219956711536735,-87.08180697901022,14.935907,1.1637951,0.032442085,0.041927323,0.026712285,1.0
46262299633233408,60.12968451420457,16.48952638615345,8.502805512167093,-21.860936159761685,23.109530248481697,16.955034,1.035918,0.068573676,0.082603775,0.05676197,1.0
46420457509316608,61.4221998337412,17.263000879639947,6.67098120858894,20.14549371671626,-25.76931993993245,15.433496,1.0345495,0.034628093,0.040679064,0.02664274,1.0
46538792447868544,59.273292004299506,17.035622540320073,5.546954136543644,-17.561806462657504,-22.69284926598825,17.18809,0.98138726,0.076811165,0.090591826,0.06451359,1.0
46587961234092544,60.564185728404354,17.12358277801467,6.309145461781667,36.45347803217774,-24.07469588894973,14.150328,1.1539191,0.021835508,0.025485057,0.015613892,1.0
47088788780435456,61.04548896125366,18.18301107041361,5.782404664036192,66.65567015379298,-35.074898602033485,14.958501,0.99139094,0.028261228,0.03619357,0.018314729,1.0
47101948560128640,60.6841492612354,18.32181661582735,9.495809396508339,14.851297873840233,-74.130836056561,15.454647,1.3759294,0.04967938,0.058785256,0.034135703,1.0
47700701359862272,63.822492007477535,18.62548814241488,9.363388132703422,-14.330825582447119,15.595292936529177,9.166835,1.0884156,0.02052871,0.02724895,0.016861834,1.0
48464415264378368,63.82853625082232,18.8717568520533,6.27302263383924,5.127407652882244,16.237768781309715,17.228067,1.0369757,0.097052045,0.1055676,0.07737064,1.0
48478021720666880,63.7698032319957,18.967582111758134,5.663677722665656,-9.193702869871984,-17.000733451280112,15.341858,1.0330055,0.03742582,0.041114435,0.030837206,1.0
48743450699712000,63.19954372596367,19.535316685095665,6.73778447971326,42.41941643978118,-13.810837202294314,16.977983,1.0985402,0.09048552,0.09814979,0.0734395,1.0
48768395869739264,62.3670017571355,19.303586486165983,9.749985387847353,121.48424691579169,-49.386148135910744,16.296944,0.9873049,0.057240188,0.08241639,0.053732835,1.0
48883702855373568,63.85464014025046,20.136251297878356,5.85896345971025,-7.48648283097535,-1.6786240959255525,12.3996315,0.9881239,0.01556587,0.016525242,0.01156279,1.0
48922018260004224,63.068738789029936,20.145130252541232,6.49864552344127,-22.604453599480202,-8.204839202914197,17.313784,1.0018688,0.12199889,0.17707016,0.10743756,1.0
49405975175512704,64.68936032696881,20.96441233231983,7.7706084800122035,2.4785782864765213,-77.50335399252859,16.030704,1.0082757,0.04718587,0.059712037,0.044598576,1.0
49423876599101696,64.52711186200722,21.131892795348925,9.734882939672833,42.07236840194651,-76.03240796625904,15.020686,1.0310951,0.028335525,0.03555268,0.026764788,1.0
49577980026051584,59.554383378573284,17.443285529565692,7.000145549993385,-6.562666323604179,-71.6000317943895,11.191803,0.9693566,0.022229418,0.027731553,0.016019147,1.0
49950783187270784,58.09608085939196,18.597577575964824,6.211687456596121,-23.700675884112673,-33.09878003240115,7.924038,0.9620969,0.032296095,0.03674257,0.023394074,1.0
49976965308096256,59.14297581490978,18.56146315920014,6.346579393481629,81.51448918944722,-6.317733817156468,17.555212,1.055096,0.10341218,0.12874615,0.09002603,1.0
50283832132071424,61.48502892033266,19.319482546491358,6.7895049933365845,-26.461717858839318,-24.03306942733942,15.850776,1.0127912,0.044335008,0.04799978,0.033085708,1.0
50317470315824512,60.86256812961772,19.33880717076181,8.232233406782077,90.32175890032093,-62.20921672513921,14.091649,1.1128745,0.021133652,0.029908312,0.014097568,1.0
50653508557105920,60.16941154312562,20.413270492393806,8.313624666335045,4.7499373013374875,-14.127223813931211,8.012159,1.0448823,0.034215666,0.035119265,0.023442576,1.0
50845923091644416,58.62268310039486,19.263166390487974,5.980456376241994,11.164018518652398,-4.844263008293124,16.480007,1.0396569,0.06622181,0.07330098,0.04827631,1.0
51117365024846848,57.79335328871385,19.971357590639002,8.478764601853046,52.139579001981566,55.5494202754454,13.582973,1.1206281,0.018517356,0.02395548,0.013862473,1.0
51497246292150528,59.49872280625865,21.05860982840242,6.541954390913753,36.91299896877604,-32.9464682788555,10.594359,1.3484814,0.02107402,0.02191262,0.014867741,1.0
51518549330223104,58.34180099011519,20.3961352352231,7.440712808993245,-11.870872218866586,-19.16575235722404,16.85925,1.036009,0.07672781,0.08815515,0.060806204,1.0
51663169469105536,59.281500769004545,21.078578146534117,6.8107623424762105,26.487714882699954,-14.306894149879673,15.397249,1.0285503,0.046557084,0.042804394,0.0289541,1.0
51694746068624128,59.590166928688234,21.25746893772874,7.336126720514977,17.66425801053892,-44.9401682147099,11.235501,1.2471755,0.02416319,0.031890668,0.018231567,1.0
51840706236318848,62.333356097116486,20.10979395766075,7.195171434660733,-46.65285288872967,-98.95743918355558,16.19966,1.0848638,0.066019975,0.067792155,0.054244712,1.0
51853178821348480,62.2335122630165,20.139602152875298,6.990406827612546,-5.161593210605984,-0.30869070086571915,15.406207,1.0577338,0.04100007,0.04071411,0.03091886,1.0
51879807618547328,61.3556627503065,20.00123490348909,6.743917463808608,27.608722174150074,-111.43950790018741,16.167053,1.0183647,0.05177737,0.07605088,0.038803082,1.0
51942307982163072,62.68887616127999,20.337615739406036,5.888309619914569,13.750527686315236,-36.489653678230965,17.272722,0.9533198,0.09202288,0.120778166,0.08710232,1.0
51957598065641600,62.39163045149816,20.510642295319073,6.787784221614861,6.639673347354865,-63.63788432104319,17.275852,1.0734289,0.09927033,0.12203492,0.08895323,1.0
51961996112226176,62.654529729835154,20.585403151433525,6.115060282424196,15.370249254642705,-36.54658004559611,16.628199,1.0589244,0.069219194,0.08477353,0.05698033,1.0
52116271339461760,61.472861906916975,20.692006706132574,5.679643120629524,26.3441486136915,-31.454564251159674,13.733618,1.0112133,0.030952374,0.028842798,0.017634429,1.0
52241718742953728,61.869439953071044,21.15968869136795,7.317735538541955,-10.42305072362866,-20.933571769052644,17.563938,0.95051056,0.12591109,0.1587148,0.0957232,1.0
52318547117798144,61.46808126550487,21.651838084790082,9.401707085721274,25.965862003794733,-106.39670028161609,13.964237,1.1378214,0.02397194,0.026588457,0.017539905,1.0
52684199156684032,63.015395760678445,21.947002649130145,8.252299610205034,89.2010105267683,-84.88624703004152,8.853335,0.9533855,0.020331478,0.024239631,0.017913096,1.0
53051749575866752,60.54513295555971,21.823483104833105,5.755692948012067,-26.060291477575213,-15.138799764671177,17.450617,1.0738621,0.10452687,0.13784954,0.07528549,1.0
53084872364334336,61.178389587612315,21.757426131797796,5.95343784538913,-11.770589181469283,-3.800912113251133,14.503705,1.0202904,0.027636863,0.033857252,0.016990896,1.0
53121843442875520,61.62163089499328,22.122714506420404,7.784763254441685,-19.8500807919261,10.463555336126488,16.785458,0.9694918,0.07047744,0.09657954,0.06145864,1.0
53693074091630848,62.22276973666786,23.097052058930963,8.824684797763506,11.34520498255123,-21.67647192203398,7.6208124,0.9080684,0.027129713,0.03668774,0.024608819,1.0
53693108451368832,62.22298473715746,23.09850179214173,8.841180843379949,11.499664728810039,-21.051858326989603,7.518816,0.96764743,0.026338842,0.03582247,0.024900602,1.0
53806461229762560,61.74948743513463,23.234608645426583,7.338279122407157,20.803237910832856,-35.42546434286171,16.708225,0.9940648,0.06403575,0.081712455,0.053501297,1.0
53826561673603840,61.655532928040294,23.51805666138727,5.997827923679637,-6.569837466796489,-7.955240496170036,8.521033,1.0865865,0.021187548,0.027521953,0.016707025,1.0
54387170870058240,50.30148318148297,15.797424470170823,9.913622000801373,1.7678510540362575,-65.21824166660558,15.590831,1.2451518,0.0491654,0.061431423,0.047386426,1.0
54714554752845440,52.16120041456095,16.475723117766375,5.862132650358618,48.97715165062904,-8.01666851724665,16.906282,1.1147411,0.08277997,0.09190275,0.07831847,1.0
54974275718757632,51.165253497892834,17.03295352630104,6.585849258994577,-7.8722080494042626,3.1528073268425056,11.620849,1.038143,0.016298028,0.018969417,0.0147748785,1.0
55816505921513984,50.37071405226391,17.58202705750015,7.993413664242841,24.06278799242882,-107.30888361802693,15.675089,1.1659456,0.04590387,0.053312756,0.044331487,1.0
55830249816799104,50.19981547649445,17.655925187396,6.071094816653199,48.342221050971645,-62.63929102962509,9.754474,1.0005699,0.014615557,0.016859563,0.01417169,1.0
55867770651069568,50.65783371571792,18.076614811038336,5.756625593677286,-22.115378071952524,-15.624213999201665,14.266135,1.0763259,0.023654798,0.024388088,0.019363748,1.0
55980126996975232,51.35181102294562,18.315651338179,6.614795820325383,24.01982929104675,-44.19153699110283,13.33415,1.0767844,0.021519512,0.023542456,0.023347735,1.0
56043069740432000,50.0547959746468,18.06982242014663,6.312779762930088,3.2843810383649963,-50.22063830263818,11.453399,1.077125,0.017922837,0.02024614,0.016442658,1.0
56717246464212736,53.45228327370253,18.22778260852703,6.350489513324329,52.80257060204565,-1.5573211390475845,7.7116966,0.970724,0.022158025,0.024371156,0.020810101,1.0
56872930438736384,54.95116973146584,18.551194857491364,6.286199502275152,-21.026643123279012,-17.91834199718362,16.210838,1.0649955,0.06870949,0.083850935,0.0616621,1.0
57165331812210944,53.962742805869965,19.252825310672367,5.661306780338661,25.673434808855276,-30.87045184522197,17.2475,1.2501711,0.11158345,0.1360691,0.1101887,1.0
57199347953144448,54.357313399177734,19.52542074027205,6.703316952149428,-34.848779323635014,-60.78429177724133,16.496513,1.097415,0.07852794,0.077633046,0.051641405,1.0
57273668067197312,54.23435830772192,19.90018278772318,6.920851505990602,-15.986066897256318,-13.840435767572622,12.808202,1.0480434,0.013966623,0.015182686,0.011850691,1.0
57275557852801408,54.19160618657447,19.99055615077477,7.579803990861079,-39.0689634262643,-19.604077623042734,15.341599,0.99136066,0.034854945,0.040263653,0.031213185,1.0
57331461146856192,55.44552858894514,20.189778862266472,5.870731511589638,38.228941773234915,-11.373655846984724,16.55924,1.034563,0.071610905,0.08017873,0.061317444,1.0
57460310166762752,52.44637948641109,18.738182340261645,8.078609647581045,-7.7883483817375065,-44.8667694391108,8.933201,1.0806392,0.017892828,0.019039636,0.016202843,1.0
57760579920638592,51.45227511738885,19.487968524505945,6.933139512021316,9.093783569400987,-25.14840131294406,9.334449,1.0634121,0.015797805,0.017460406,0.013661133,1.0
57829402476566400,51.258679701046624,19.808094721402167,6.289910692564748,39.67120637045293,-60.10512696199743,16.93166,1.0009497,0.06861654,0.089840986,0.071894675,1.0
57977046271811200,51.99721885785325,20.546913010827033,8.72257736986182,5.339694244959006,-27.633235516011645,16.979282,0.98040015,0.07368707,0.09072412,0.063823,1.0
58227146510507776,53.641454624419396,20.904251450845727,6.294030526862561,3.713374327824666,-44.39584123445537,17.061672,0.9800401,0.08842938,0.11327218,0.07504384,1.0
58314527621529600,53.19740183129397,20.74007969815892,5.674417690677849,25.444623124360284,-19.56505563572112,17.127447,1.0423921,0.081823744,0.09906652,0.08493187,1.0
58447602888136832,53.69806683390873,21.261333182897314,9.339660521741585,8.211157483168517,-28.801169929158018,15.34879,1.1229511,0.03715515,0.041820668,0.031018965,1.0
61303687421346944,50.49151094848763,21.399767040318576,8.470273278967372,-45.960617371439064,63.23862840615766,13.802895,0.99607384,0.018172542,0.020488225,0.017246662,1.0
61319561620384640,50.24596397102748,21.50022413747201,7.4355259413852295,93.58689060711913,8.723736611987444,11.929765,1.0247989,0.016738681,0.018406203,0.015553245,1.0
61401990632166144,52.33442237057379,21.221839220596006,7.246085819419621,18.281901043459673,-29.262309221853013,15.235238,1.0493813,0.032668702,0.033226665,0.027339105,1.0
61486992328275200,51.95058813054904,21.654239191161285,9.07527994278587,-45.94563562608465,-33.78754556125177,16.144657,1.0376719,0.048557602,0.06082523,0.05738263,1.0
61614230735706752,52.61496360903774,22.22285679601473,9.010722797284426,-24.630894855727853,-93.93505105475404,16.95957,1.0112512,0.07696884,0.08682743,0.074045196,1.0
61767784406934272,51.101407945730486,22.294348549663226,9.664319904636887,30.249351127538848,-18.20712901061616,16.937918,1.0951481,0.092197224,0.1057522,0.08293127,1.0
61776992816795136,51.3000328115094,22.477186822885113,5.7343459940228785,-3.6777750928129924,-38.414916641454965,16.865473,1.0668008,0.09530126,0.15024184,0.08118516,1.0
61841314246897920,52.09954042899447,22.642146931400998,6.613340714768685,-14.007444119882356,-31.122503871019582,15.271931,0.9171424,0.032783452,0.036330454,0.03139685,1.0
62618772046902912,50.396650613449424,23.087527183204053,7.775057033637715,25.365937182594656,-8.491797263669643,16.97628,0.9148114,0.08750766,0.13647643,0.08841148,1.0
62688281797517824,51.57528379654921,23.39601230149891,5.668137224808064,10.948915507586333,23.283585549069223,16.16381,1.0297345,0.06830269,0.10067669,0.06457701,1.0
62730681714770688,50.864170510278306,23.494334019100105,5.622052361343103,6.842803070102139,-27.160912303812587,12.925427,1.1628541,0.01799896,0.02170669,0.020249365,1.0
63208453876312448,57.10575838860579,20.526863034446944,7.683857000712554,-12.765887591560034,3.8691062506816385,16.322983,1.128596,0.06579963,0.08302605,0.05613233,1.0
63305485777416832,57.1317684596841,20.91036234512594,5.692424776485492,22.939215574440055,-21.317874065463247,16.531086,0.9921211,0.06003783,0.07505512,0.053487107,1.0
63547618853609088,55.8241299801405,21.19000676031563,7.67808116119806,-16.81034130611166,-26.9515761649419,15.733423,1.0898756,0.051377736,0.06553846,0.040205743,1.0
63624069272919552,57.819750776449844,21.01270700902301,5.86542170556303,-12.054098531716713,-12.063933065302663,17.743788,1.0785688,0.16474548,0.18477505,0.1139366,1.0
64092907903452800,57.77559689630136,22.633376347393465,7.500111920385244,20.882520277954452,-45.90535315467692,17.126387,0.97746164,0.08733891,0.10918093,0.066018395,1.0
64441727965349504,55.34154046691517,22.284614253368137,9.871978171131166,-4.063529147011551,-14.591181934734244,16.774494,1.035884,0.06730315,0.077303365,0.059151627,1.0
64449321467581056,55.50707154580541,22.39060459879524,7.5227639640978365,21.50447046062442,-46.90881537959989,16.414602,1.0223658,0.06459279,0.07476213,0.052851208,1.0
64456262134709376,55.61385651221187,22.573392259376448,7.177752139311311,19.000000967207146,-43.149520528650314,15.731763,1.0479097,0.042132903,0.055527788,0.03634245,1.0
64589062523316736,53.93454089287151,22.45259124715032,7.152749681642172,21.26584522220347,-43.37202576251183,15.706452,1.0524058,0.0444876,0.050854683,0.03944847,1.0
64656201452146304,54.93671006565371,22.654103017730275,7.604703051583063,20.751404188856693,-46.504809433409434,16.780579,0.9682968,0.0850034,0.086623296,0.061035465,1.0
64713101178855680,55.03829910195958,22.8756816506162,6.0299965666037245,101.39687716513777,-101.82144029804172,13.60597,0.9983438,0.017783733,0.02149931,0.014637534,1.0
64753405152407424,56.386144948111124,22.35884695206872,6.252739410085043,22.086375291867242,-14.957733041629199,15.411515,1.1109481,0.040385496,0.04983543,0.03765836,1.0
64884899871954176,56.865181439470696,22.83130837805527,6.401527889758189,17.084236998948516,-39.394881879189725,16.08691,1.113596,0.05443881,0.06569406,0.042941738,1.0
64922283267331968,57.3013765497648,23.228140474524007,7.450991731973961,19.729432027709375,-46.0451440559743,13.63343,1.1251582,0.018298406,0.020170998,0.014120278,1.0
64988803720689408,57.085813664095504,23.51687667697139,7.206584546538967,19.379611669304243,-44.93597341377126,17.757591,1.0376607,0.15694188,0.17754592,0.13510184,1.0
64998905483757568,57.082701624279416,23.603137970026417,7.327464562394925,20.807873955640147,-44.44900236993458,15.042486,0.97364295,0.037981857,0.036718085,0.027520703,1.0
65113873167733248,54.98907073327186,23.32825147918977,8.412299271002707,22.543539423263205,-50.368059070020365,17.078058,1.071728,0.089960776,0.11892038,0.087468944,1.0
65120470237460480,55.345801507755894,23.48673483571187,7.4801116586688075,21.626674943484065,-45.324354884444176,9.069493,0.98665714,0.017506294,0.017876578,0.013660543,1.0
65125452399528320,55.13134552101876,23.550448733258403,7.488421887730397,22.035110846247882,-46.2842418446027,14.410244,1.0477535,0.027641539,0.029662104,0.02074126,1.0
65173620458875008,56.462718551320094,23.621278347196252,7.224087278284057,20.374159257125207,-44.819773567344086,16.997486,0.98196167,0.11069285,0.13445398,0.10781323,1.0
65188090203295744,56.27211037045957,23.70246592516979,7.47060055813846,19.74960133387602,-46.401071174135026,8.888269,1.1877493,0.019710807,0.022846967,0.016473966,1.0
65201039527567232,56.51159600199895,23.73718212047578,7.4257959863862055,19.495712257918264,-44.25712868823951,12.133683,1.0954742,0.016195484,0.01696212,0.0127769075,1.0
65232066371441792,55.9155727826314,23.69221985705829,7.244614096975412,19.969143551789713,-45.53035596799632,17.853973,0.9533538,0.13935013,0.19076408,0.12861155,1.0
65242412949567488,56.096537599744195,23.91526374690141,7.386750550093463,-52.36850374353201,-54.43547185662291,14.967197,0.99821377,0.028979316,0.032968417,0.024756942,1.0
65270450496044416,56.31729783783005,24.12099472373946,7.52998049381524,19.870546455968466,-44.98035671662727,15.178773,1.1365216,0.038131975,0.041409034,0.034556367,1.0
65280071222749824,56.51448084262988,24.349022127316783,6.737441502552408,18.420127567135655,-41.82671249431167,16.561602,1.1101922,0.061634224,0.08547819,0.05318094,1.0
65287458566524928,56.20099235353907,24.28926774500748,7.385246890845397,19.84914439143686,-44.96559622643841,5.4413247,0.9633128,0.0723769,0.07948993,0.058427114,1.0
65303435845499392,59.042960068709895,22.09828616367548,6.382321792278161,-22.422780005421743,-16.52385841973262,16.089706,1.0821557,0.049079873,0.055607766,0.035767313,1.0
65386792570631040,58.83139502713038,22.685314322539384,6.185783807330009,0.33490350931523416,-16.299518812374266,17.802513,1.0441972,0.13173518,0.15165141,0.09315563,1.0
65598070602502016,58.401446089780684,22.984951675514296,9.364784008554782,-17.664675087561385,-170.24152555714122,17.16698,1.0263629,0.08619866,0.10676727,0.068957716,1.0
65807218329068544,58.89344311764004,23.974417285254003,7.097516531348718,18.506625483909637,-43.286668333746405,17.257784,0.998377,0.09032628,0.10984935,0.07400398,1.0
65819965792011904,58.590039916938494,24.075488278861247,7.38953573788731,19.32826700251732,-45.65249948875221,9.597126,0.99219394,0.015949212,0.019951185,0.012852498,1.0
66069658012097664,61.60878246443703,24.724341031900934,5.628912951352182,27.00870804530211,-35.95137305497437,17.090841,1.0707537,0.08366962,0.119788505,0.06453362,1.0
66103158757116928,60.823786797993165,24.69047219016122,5.776793488746742,35.7289749634885,0.5528263899678039,16.419348,1.0298561,0.06136586,0.07264743,0.043495197,1.0
66291931158738688,60.41261002434776,24.744243435500245,9.409835947284613,-27.32358368710256,1.010947072383925,9.907991,1.0700519,0.025472673,0.026861105,0.01363672,1.0
66310382338085632,60.23839393199889,24.981306287642134,6.5270622077837785,-31.57220900343467,-19.95728840771236,15.615925,1.0527594,0.045269947,0.0475987,0.030036246,1.0
66471220274934272,57.9870267667612,23.90175276491097,7.5653725973483175,20.569032402298205,-45.934426876990045,9.926686,1.0842375,0.016987473,0.020630557,0.01255043,1.0
66490977124308480,57.97516818467287,24.047351087783664,6.887879632289195,19.47797759662927,-43.62855553230289,17.176317,1.3645028,0.1420145,0.14618996,0.10846182,1.0
66501181966524800,57.38809269499062,23.795195713242105,7.263685576556919,19.92369547226627,-43.75212075508752,10.746968,1.1350733,0.016816406,0.022005746,0.013236567,1.0
66511970924353792,57.385640805744764,23.928295867174427,7.528337727096914,18.378447709251535,-45.352257911091556,16.304827,1.0333118,0.06445256,0.086953,0.04600542,1.0
66529975427235712,57.296830774548276,24.136498420483132,7.241378315608465,19.49605376673818,-47.64989929604236,5.203287,1.3034941,0.1255347,0.14859454,0.098402485,1.0
66541142342159232,57.6768887678008,24.21524450768627,7.334389583114657,19.76106528764419,-44.78950070037432,17.168797,1.0646722,0.09518787,0.10046192,0.071073964,1.0
66567427541958784,57.729165547344984,24.550845313923535,6.968903348659405,17.490161314711415,-42.371268198107416,16.955412,1.0843304,0.0823591,0.10079457,0.06641263,1.0
66587459268570752,58.22409662358323,24.235734424825882,8.42958348482707,-35.90352224630938,-89.14939601655604,15.777507,1.0396885,0.047091793,0.050723553,0.03513112,1.0
66644462071565440,57.955996367868046,24.46745042628587,7.253626250681656,44.05809701263356,-23.630715409097576,16.672365,1.3583298,0.1522202,0.14166574,0.10059542,1.0
66658996243552000,57.913750384057074,24.548696125636305,7.479410227862506,21.2311257075505,-46.05927353044224,12.009029,1.1484572,0.014954205,0.01963291,0.012135752,1.0
66694455493470464,58.24652162702127,24.9013424551909,7.295031761348758,20.668957748588877,-45.24839513108357,13.737393,0.9828631,0.017931039,0.021645527,0.013349616,1.0
66745617143891968,57.340716620829006,24.380752387790455,7.189385624305486,18.566769795996994,-45.34756663616908,6.604883,0.9828397,0.036079854,0.04530931,0.028274706,1.0
66774513683782912,57.33590317007083,24.776462360298346,7.349364198624109,19.201379543302817,-44.489666559611294,12.459594,1.1289179,0.015047797,0.017449709,0.011706895,1.0
66782897460055424,56.74397999975443,24.46092173710442,7.467139144883223,19.301604877866893,-46.139399761153214,16.011278,1.0880636,0.048534807,0.068548776,0.04347155,1.0
66788253282520192,56.589064965453765,24.56438443480984,7.178588553994465,19.246538812863587,-44.22326675288659,17.185026,1.0056987,0.10578913,0.16182542,0.09158542,1.0
66788291938818304,56.59455349459927,24.569949769064657,7.393670835522528,19.683164514250493,-44.9936072177932,10.296593,0.8482524,0.015775258,0.022914998,0.014031689,1.0
66897418469259776,58.29066572160034,25.2999992284784,5.96800207742783,7.691378580330701,-36.54489864777755,13.128243,1.0282553,0.014930797,0.0166559,0.011175847,1.0
66940299422471296,57.108594247341806,25.244490489581228,7.51025816775081,19.747984466432346,-48.32004863058663,14.485869,1.0950806,0.024871431,0.030093858,0.01948922,1.0
67164118757674496,59.64931666010341,25.801824137328083,9.541430687541494,72.81875572667052,-102.96769041932187,16.783846,1.0994147,0.07812354,0.09542882,0.06124075,1.0
67176282104722432,60.29318792145152,25.856834966936532,7.7486988940104675,-21.322742038576575,-45.75546798515538,10.162055,0.8859228,0.017757487,0.020851664,0.012029439,1.0
67178481127971712,60.38982667610421,25.933412874429454,6.195977321541903,72.80939151478664,-19.28852968064602,15.310555,1.2120757,0.048239123,0.054593187,0.029236803,1.0
67299530486953600,58.39376800335248,25.682709450744102,5.731169647197385,20.951819904889714,-37.66249924006509,6.3173146,0.92462355,0.029348973,0.03703893,0.022126853,1.0
67331381964358656,58.459514586095786,25.96445261928499,6.297113655022864,17.061863279019384,-39.10305214608845,10.882879,1.199993,0.02022071,0.025341587,0.013241303,1.0
67369658709673344,57.98934328927283,25.998665776464502,7.337022096802651,19.174378854485525,-46.704154454545126,7.648581,0.8300703,0.029982504,0.039634302,0.021424428,1.0
67391923823101568,58.484980529181705,26.263137606315286,6.261411071948886,59.00479549334294,-26.467297174868598,15.970964,1.0003148,0.043891236,0.05159586,0.03306186,1.0
67456623209945856,59.35045694697732,26.546432985710833,8.466961410029784,70.27809870129127,-83.21207455577382,16.772049,1.0110714,0.074606076,0.08866049,0.05347311,1.0
67542659994647040,58.80978656529034,26.990648808322984,6.899770048201279,-18.522665348000455,3.7870312445856866,10.075677,0.9121895,0.019893203,0.021259146,0.0129306475,1.0
67700165034015488,54.08113239564187,22.84597986909946,6.018538779126242,-6.0020214774918,-18.75015227210432,16.620373,1.1836747,0.13770628,0.18620427,0.13750516,1.0
67791733736658432,53.80517250594945,23.364053934416194,8.706652760515077,-17.002311294238964,-50.007273598623144,16.40063,1.02239,0.06790543,0.076688915,0.04914081,1.0
67830903838330496,54.20288154147882,23.86063878115528,5.561576170233988,-11.803558734120408,-11.084364839776077,17.040155,1.0364869,0.08388173,0.12281999,0.08206149,1.0
67874983087365376,53.157180598901945,23.22063750822599,5.72694147820871,12.74603662901835,-15.569934820966065,17.018974,0.99769396,0.08233083,0.10131459,0.07307272,1.0
67876293052797696,52.97556185501264,23.153993403964105,5.744587229024111,-11.14055478561232,0.3813966418390949,13.767716,1.1441143,0.018444426,0.020123424,0.01458818,1.0
67933673815780864,52.30801414103752,23.404684427822026,6.184316205398222,-10.183596787644559,0.4515735335597791,17.060993,0.97907364,0.08089557,0.08981031,0.07391987,1.0
68062557194781824,53.31639748977554,24.021977439916203,9.320712766255035,50.54547004236222,12.978564651948336,14.8832035,1.1483831,0.029865483,0.03607843,0.030122377,1.0
68117635855255168,54.911295650757275,23.38883701888097,7.377559616270141,20.477999618780313,-44.508144396680514,16.598715,1.0489192,0.068468235,0.090881415,0.06644633,1.0
68127050423764224,54.99364775062503,23.559575651645737,6.086959888297384,-2.7347808310120048,-38.404501285762045,17.524754,1.0122446,0.11140468,0.15011977,0.10844831,1.0
68145776480904064,54.952174940142214,23.76759558130002,7.635748886055412,20.92556520785738,-46.90572433483162,17.255363,0.9942107,0.099518575,0.101411164,0.07333195,1.0
68162028637205888,55.33071458119611,23.86146815087619,7.411967132291862,20.085951759718974,-43.36242692609376,16.882187,0.9455469,0.08500949,0.10494491,0.06894423,1.0
68171340126507648,54.97867387321274,23.92271674169819,6.767302790900628,-25.846913507085624,-3.6454119462964325,17.095768,1.0454867,0.1131152,0.12999128,0.091397926,1.0
68192093408157568,54.379519768679884,23.768517685003715,7.084015627498157,20.392608814317313,-42.6436550971227,17.612053,1.0676186,0.12157844,0.18130052,0.12672935,1.0
68296650092601088,55.93219893605275,24.487532595140085,7.324938514001506,19.112839839652107,-46.1780430803015,15.147523,1.1733079,0.038560495,0.04018363,0.026716541,1.0
68353171860245760,55.04563629873283,24.719211894378503,8.857856883033715,18.82657187423085,-22.877745313157554,16.489122,0.96357584,0.07663495,0.08225753,0.065379925,1.0
68567507910236288,54.836808738548804,25.08051633646406,7.5933738711833225,-15.761397578980148,-23.06336929254813,17.898123,0.96367943,0.1430818,0.14871107,0.10724183,1.0
68653201097557888,54.870807836314235,25.58202091995025,8.148473135242364,23.341685276435093,-50.01843932868205,15.461283,1.2765626,0.043191172,0.052672334,0.03806637,1.0
68691439189554688,52.336926220419194,23.60860148735024,7.634060701782076,14.16592511659837,-71.80806285110181,9.249789,1.0059197,0.014607911,0.017501542,0.014142055,1.0
68862280104972544,53.00303352970829,24.51533858029942,6.3013812887881056,18.562268421821827,-40.693904246357455,16.282486,1.0265093,0.056181867,0.06611057,0.053518876,1.0
69113308060660864,52.300689157294784,24.91088304458796,6.946888933622632,42.52987379356891,-5.844663680294504,16.603264,1.0973113,0.07192165,0.08480338,0.07544695,1.0
69280163242172672,53.78673788605225,25.09836893623156,8.111904427537747,33.781358641716494,-39.98391523609156,16.122719,1.0852822,0.05633144,0.06142749,0.052499034,1.0
69321601087879168,53.10717720069641,25.224310074683235,5.943855789613549,-49.49393442495224,-14.112088863909543,16.722141,1.0673463,0.08491437,0.09732233,0.06538581,1.0
69405782446704128,53.883673575996006,25.568691903712335,6.147471960184837,18.06838925133318,-37.4131784334831,10.523172,0.86033463,0.017225435,0.016321365,0.012371006,1.0
69418426830362368,54.14534545964978,25.900887206929777,5.798395941522019,1.0173892315000117,-23.932919284996274,15.719434,1.0926827,0.047974482,0.060331497,0.039286766,1.0
69512228915307392,53.84337224639833,26.245904599791107,6.985561645566803,9.239042796554157,-18.67312200753882,17.083698,0.8577669,0.099548146,0.12120969,0.09785386,1.0
60896661960614912,50.244345469761434,20.181925216478703,6.11365125824566,31.279030312909633,-5.805481524541708,16.852737,1.1003919,0.07730532,0.090629406,0.078882925,1.0
61249055437359232,50.64003724087489,21.182209738544454,6.520978308615987,15.53181713977038,-5.1454712747848905,17.49116,1.0436883,0.10405515,0.112629496,0.10111154,1.0
61287675783229312,50.89873903974257,21.5342819135805,9.260815283477134,-21.42977246824171,0.13122527952038773,16.798988,0.9432741,0.07907616,0.11112579,0.07489408,1.0
61301694556534016,50.42823900354641,21.321588057799328,8.114551947349426,-32.992123608796945,-20.277616874400756,17.64453,1.0151011,0.11917645,0.13980821,0.1286808,1.0
61360415349319936,50.66804612527743,21.9664336939988,7.126376667414154,-15.559346687874534,-8.131824793735015,17.137451,1.0356191,0.08932247,0.09848279,0.08909405,1.0
61419170501347072,52.128486090935326,21.36758157222445,6.796914888882114,-22.749239038730565,4.904103921035779,16.34774,1.0410446,0.05451335,0.061036427,0.053674076,1.0
61448926034684928,51.81218182294491,21.497971675872336,6.1255755837379615,99.70175209170867,0.43342291411725764,15.948328,0.9853249,0.046205483,0.050518952,0.045706403,1.0
61507681187145344,52.71032492123292,21.562321494275903,7.400951396589713,71.59705755755834,-43.79901353416567,16.169947,1.0781115,0.056392334,0.082504325,0.050666034,1.0
61562210092157696,52.958007961110944,22.07342151438932,6.198271449463109,38.984154733012495,-7.1935807993279655,10.3630085,1.0528059,0.018269649,0.019996,0.014455109,1.0
61607702385357824,52.39188421461719,22.314583593589617,8.14246315915413,184.32021946413096,-37.862072307364656,13.890136,1.2721335,0.022242384,0.024912424,0.019919436,1.0
62103891368427264,50.35018499188799,21.861785932336456,9.51030234800338,44.31668528558153,-11.218042998400037,15.746319,1.095254,0.05112379,0.0668372,0.0461552,1.0
62491331776335488,50.7255541986374,22.21135048660842,6.049450359988069,23.99398899524896,-24.148807590999354,16.186605,1.0894067,0.09710022,0.13038796,0.13180278,1.0
62593483279556992,50.61442737253979,22.722950135984398,6.818193287613702,-4.6006889658636085,-14.170924070945592,12.2990465,1.3713506,0.018386958,0.023332667,0.016320767,1.0
62684330427618816,51.53943828748166,23.300741639487587,7.427611472215972,9.825779736025876,-27.056437960200387,15.175589,1.0383786,0.03843547,0.045321476,0.034059424,1.0
62704052917390208,50.84255615631557,23.128852927709115,6.38148484234758,32.523969125154956,20.567052124144666,13.368519,1.0749583,0.0138069345,0.015241618,0.012986396,1.0
63216287896675968,56.815988477722925,20.51380676724362,6.777244536819697,57.34764230902791,-44.13921210451066,13.933069,1.1079841,0.022616388,0.02693172,0.016557278,1.0
63228623042718080,57.391818034015756,20.52669508124807,8.706291816292985,-36.094283348284385,-20.39121561317195,12.536047,1.154576,0.013771789,0.017774252,0.010633765,1.0
63300744133523712,57.05671156052086,20.939742666153915,8.164410819599489,-3.9916835800626433,-21.34655602812162,13.325599,1.2308563,0.01646528,0.01993494,0.013612038,1.0
63389460978093184,55.63161838612887,20.71258424095677,7.075362001187137,-10.465095137859944,8.985624835130729,16.503292,0.95594716,0.06252555,0.06951984,0.05353864,1.0
63589159777315072,56.50970319131981,21.6336588683975,7.188346168321684,8.288472259490407,-0.5627309832707452,15.303451,1.0400238,0.04291145,0.04326709,0.03037003,1.0
63592630110894208,56.33006791675075,21.702064098316974,7.596331635924142,57.254306968483796,-3.005734759312882,16.929272,1.0369791,0.080201,0.09069579,0.06891942,1.0
63676192995841664,57.996858334797366,21.454817456596484,5.542660331312033,11.124765548066481,-10.54429602553822,17.241972,1.0303069,0.08301814,0.09665148,0.06515311,1.0
63834282152243840,58.2184299796015,21.972159116809948,7.462312932416074,94.68435843500569,-102.1673912717004,9.876052,1.0182325,0.0152563695,0.019211236,0.011265499,1.0
63891216238633728,58.33290267925422,22.5172182441319,7.267721273073146,-15.83796691167904,-7.206202178671235,13.595453,1.1438808,0.0162638,0.019442882,0.01344167,1.0
64078373734105600,58.044604069227596,22.61316694404724,5.945911118991515,-1.643571873676728,-15.612402729704948,12.764815,1.1192833,0.015076102,0.018884256,0.011217899,1.0
64150632263858560,57.91511165161392,22.91576797767393,6.210405427031362,-27.635306480916242,-7.4234088938723435,16.588726,1.0493039,0.06409729,0.072904445,0.051345427,1.0
64162417653982976,57.524617028874474,23.0043189792835,7.260930955449633,48.611686960952134,-10.006938127545384,15.388246,0.99888486,0.03140826,0.037413057,0.023616679,1.0
64297485783636352,55.043801669227854,21.745856487656866,8.251142471611866,22.473508562999726,-50.14726708887869,16.44002,1.0437133,0.059322342,0.07079907,0.052037787,1.0
64432828793171328,55.643746873778355,22.26565471648027,6.309532920016657,-11.188440557354994,-40.62824495975825,16.471775,0.99975723,0.07416839,0.073719196,0.04996536,1.0
64453887017111808,55.45675204081487,22.49340284922183,7.375999275620265,21.207757057570976,-46.047218658806685,17.75966,1.0313549,0.1449308,0.17512552,0.11092561,1.0
64467085452264448,54.320457078713865,21.6148652312196,7.72856851835992,-11.905479140926978,-9.038408039822123,17.013607,0.9595748,0.07867014,0.09076809,0.06835683,1.0
64509416649857408,54.71175669198333,22.136374108151717,8.027487010685835,3.717579732500411,-60.97048194077422,16.220686,1.1551192,0.06027983,0.067190096,0.050586455,1.0
64554805864206592,53.76271648384623,22.058925179194798,6.224406708264719,-23.36405543930695,-63.200136035675925,17.541174,0.9809218,0.11685045,0.13625796,0.10140359,1.0
64588753286083328,53.943451846806774,22.413712390200445,7.102051730797974,20.766960018308463,-44.55793336478729,17.380531,0.8975878,0.122063376,0.137784,0.10750389,1.0
64640155454422912,55.108526765501566,22.55171893055555,7.642998407135674,-35.6545388288457,-1.5120331979622224,14.159318,1.1482352,0.028252074,0.02745437,0.019628048,1.0
64667535869958784,55.2270611799686,22.9069549713295,7.198159429661968,19.80067674453128,-44.30913428211956,17.04338,0.96593577,0.08160863,0.09651093,0.070285425,1.0
64754367224194176,56.31444634634663,22.373550116767884,7.01155969123129,105.23460335608058,-15.587590021911593,16.741035,0.9934095,0.079077184,0.104041025,0.07306335,1.0
64781232243777920,56.610991638135374,22.5531616790049,5.915928193158525,12.303621408804299,-8.671954542795309,12.467292,1.008398,0.013871413,0.0156393,0.012259618,1.0
64795289673433728,56.557800866024586,22.70530804048819,7.446592878019465,19.323375340959032,-46.23261997050603,16.55351,0.97679853,0.07163346,0.076803684,0.055955417,1.0
64798691287540224,56.41633572294943,22.694265149860293,7.291631614082201,19.830372611939126,-44.158154915313965,7.800061,0.8843448,0.031539224,0.03537454,0.026671257,1.0
64874866827592832,56.27878327455477,23.168167666224132,6.795946891278926,13.712870638269788,-66.8355388160666,16.086285,1.0457653,0.055257052,0.060994327,0.04127002,1.0
64943758103791104,57.38580185574098,23.41124239957272,7.488137995795465,20.361216760707396,-45.12416162836422,16.382866,1.1180046,0.06682858,0.07653795,0.052803833,1.0
64971933089093760,56.534933945361814,23.3473212122962,7.388568334356815,19.54291585018702,-45.246857647763434,13.21777,1.0232012,0.015051717,0.01882543,0.013102093,1.0
64987631192936320,56.958418318322856,23.46454192808911,6.416532418437938,15.711907760223816,-33.912130542602824,16.81589,0.90540284,0.081598066,0.08250948,0.06587088,1.0
64987876007763968,57.06355849715922,23.434685520365303,7.353462097116693,18.67680196333135,-45.76653225878188,16.418585,1.0564281,0.07306821,0.07998351,0.06677032,1.0
64997187496822912,57.254848933906466,23.637477098863307,7.406563177256344,19.64784256494785,-45.61113132238155,17.813745,0.8294257,0.15276346,0.1728733,0.11567833,1.0
64999558318784768,57.057450573687056,23.632990088333862,7.437404133116667,20.121801104173304,-45.97765650888577,15.923727,1.0796728,0.05842575,0.06002424,0.048582457,1.0
65014195567317504,57.03323531524461,23.739708845865792,7.607866490051984,19.479681726603236,-46.647898608854916,15.997229,1.0254738,0.053744268,0.057573028,0.041790597,1.0
65021720349544192,55.60344137022338,22.7657193254715,7.680121346412179,84.59622689493008,-33.448612629766174,14.421378,1.0357981,0.023332115,0.036614407,0.022306101,1.0
65042439271761280,55.44449969060987,23.02199835550043,7.382324950580081,21.821171152495207,-45.57155864966063,17.29081,0.9410097,0.094381,0.11971204,0.08763197,1.0
65056526764528128,55.93744520454143,23.055694268704652,7.183729162793427,20.21799379712614,-44.39095671123844,15.538341,1.0226176,0.037428692,0.044520486,0.032091554,1.0
65072435323295872,56.04683380132059,23.379119346046334,7.58020870179761,22.039851021011096,-46.63903879701039,11.193929,1.00204,0.019846452,0.025532711,0.016734917,1.0
65079788307324672,55.651179029374646,23.36783880666926,7.456015960593475,19.555682528777616,-43.92896916132491,16.140701,1.0383351,0.07108709,0.064785615,0.058681395,1.0
65134592089910656,55.536924227074216,23.587895919357532,7.259168619515059,19.04030741626996,-44.249658033810164,14.803357,1.1159865,0.029539676,0.03303879,0.023876192,1.0
65151531440914560,55.41503159545681,23.762883513854284,7.582046291334272,22.103628080665608,-46.89623639600777,13.867477,1.0402107,0.021357648,0.026029019,0.015876587,1.0
65156891560085504,55.609551265925255,23.86060771230318,7.238355792828112,21.479147948029535,-44.34702859826589,17.641811,1.0018151,0.10821099,0.14001355,0.09327433,1.0
65161560188203776,56.24788981635665,23.354879829583545,8.093948459864036,22.547410052943484,-51.039598451214836,17.538729,0.9371447,0.123051055,0.1581903,0.09600938,1.0
65163110673516928,56.24181931752337,23.408471301585465,7.4255680209980675,18.802964800017666,-44.67446134102455,16.323061,1.0671307,0.06269569,0.08106922,0.052099824,1.0
65224511525936896,56.53194261457591,24.061713055059023,7.816880392675724,-30.475504550932648,21.711875584021445,10.4745035,1.1399983,0.017460328,0.01947115,0.014726179,1.0
65239526731561856,55.84693690093325,23.856996419891253,5.53861799137615,9.343082719098689,-25.970381507020722,14.791895,1.0546905,0.0321465,0.039454743,0.031755216,1.0
65264506261240448,55.83802446730886,24.18570143772121,7.5405934166305375,19.330017856024007,-45.375585014003214,17.445004,1.0160483,0.097846955,0.10170716,0.07397067,1.0
65285633203088768,56.11465917614148,24.237911081509317,8.021474196031225,22.494818782197953,-49.180230958874226,16.799587,1.3074578,0.101270795,0.10269347,0.08201182,1.0
65307112337418624,58.96900262155231,22.179734906609404,8.957829140693969,45.53787149354919,-46.752427024480305,13.70738,1.0341892,0.032246508,0.03640918,0.026529493,1.0
65366829562708480,59.53342678141494,22.82646227360098,6.561229322690845,24.584817254620667,-26.17330149532252,16.732527,1.0764283,0.06946344,0.08531649,0.04975852,1.0
65467778474649856,59.62918552417765,23.070053029348177,7.4917930357404465,17.929924888051566,-45.93978898461717,17.431618,1.0469584,0.10981481,0.12681861,0.0883665,1.0
65588484235454592,58.26896651993362,22.801152586524747,7.293432572419531,19.036700125001953,-45.56094834136595,13.100869,1.0444378,0.01490857,0.017367879,0.011600015,1.0
65715787065822336,58.39830085032777,23.684755967288574,5.921518789398391,-37.89836549375484,17.796263068434342,13.74682,0.98037446,0.019308727,0.023358604,0.01457459,1.0
65832197858988672,59.164498353192414,24.066372406591725,5.62672553211176,54.73292331563874,-21.779804945980572,13.721983,1.0302436,0.018059472,0.02615672,0.0130292615,1.0
65964001815576320,60.12212317078528,24.111647302100636,5.7638726271930425,42.97149775574891,-5.928696227964129,15.524083,1.0372174,0.03892749,0.0431385,0.028016537,1.0
66009047433698048,61.30732469239629,24.14506149325301,7.614693926012522,18.090775619103006,-46.7973863937149,17.171795,1.0054914,0.10529369,0.1181767,0.054091822,1.0
66111886127026944,61.19023428440181,24.68859269609942,7.205495297457718,17.321147801043338,-44.10268794905482,16.49185,1.0369165,0.08732671,0.10126999,0.06316392,1.0
66161020555461120,59.80387587470013,24.288307388285293,6.800568184143455,16.741579511783428,-42.13618446141797,16.859692,1.0107522,0.07566103,0.09045551,0.050983135,1.0
66238261247107712,59.25918572934652,24.629925138413025,6.429300789291742,9.401512344993442,2.701748305818093,16.25309,0.9759736,0.06011442,0.0632097,0.042019207,1.0
66445038154189952,57.79958344537178,23.74521180500478,7.360262849437637,18.659365680315418,-45.624193765025254,17.512774,0.9986065,0.12483405,0.16002807,0.08270442,1.0
66452769091505024,57.459924115814104,23.705388529695107,7.208992297855638,19.586708265427433,-44.02362241603657,11.35299,1.1626065,0.020567656,0.02696684,0.015924485,1.0
66456823544566272,57.763736915282934,23.75110141140476,5.511008556650346,76.43709240155245,-22.567580962419697,16.97416,0.95290667,0.09069144,0.12909465,0.06289769,1.0
66460225158376192,57.552561036719965,23.8134127071611,7.440036984242798,19.48863478188771,-46.437842518425406,17.770643,1.0642482,0.13064224,0.18912283,0.09083983,1.0
66474450090138496,58.30551209283792,23.92885737299431,8.426296285987577,10.31715161187234,-47.004427273004815,12.567125,1.0315516,0.014729941,0.018065887,0.010842521,1.0
66497196236905216,58.03476201025947,24.230108797900478,6.303752604462208,8.060194602080347,-7.831351372051104,10.505872,1.2566843,0.02106038,0.026276117,0.017703747,1.0
66566946505629440,57.644175638875446,24.507572021342792,7.217253321624427,19.843612051501747,-45.04069139111231,12.286877,1.0799271,0.017900186,0.019563891,0.015265566,1.0
66570176320196352,58.34039474592362,24.057257605370502,6.050636202026878,11.96721864065626,-39.29834789260634,17.529322,1.1894871,0.13417384,0.15496363,0.09700975,1.0
66570554277316992,58.348871614505505,24.064836614014734,7.264549191017467,19.43292773085072,-45.30034146560551,11.173697,1.1799468,0.022204397,0.026587753,0.017341685,1.0
66609793098388864,58.55055645198166,24.450243440532233,7.1734415976428485,23.998927435632016,22.068272049516636,17.444565,0.9737029,0.10163723,0.1462762,0.07061671,1.0
66612473157921024,58.71911266637741,24.57605411468916,7.208138391902515,18.67246102022614,-43.91358350807733,12.603814,1.0526134,0.016893439,0.018988704,0.011543541,1.0
66692119031275520,58.202052657715775,24.81429421357421,8.934696551353325,-19.299902976401338,-10.273464566239994,17.218239,1.212358,0.10454405,0.13880599,0.07302353,1.0
66729021390315904,56.789309152832566,24.259489450443994,7.833640432074027,18.7083680264338,-44.982383170557924,17.858953,1.1386613,0.19645627,0.25867254,0.16630054,1.0
66733763034205696,56.78401518543688,24.306630324930296,7.383106353077731,21.055021775947182,-47.460814017984816,15.690887,1.1348422,0.05705579,0.07287903,0.052208103,1.0
66745170467302656,57.296064164609405,24.347399016105328,7.333918726452952,20.412294770494363,-45.02321719830596,16.013287,1.0396141,0.042854734,0.05467338,0.035474032,1.0
66754241438299520,57.551775384114954,24.532726387836213,7.223150189887358,19.107476326659604,-45.534887888264535,12.7328415,1.031239,0.016751178,0.01892343,0.013003883,1.0
66800244832257280,56.523814101890245,24.613683357394308,7.347148990756307,21.355364281628134,-45.16090854605797,17.224361,1.009063,0.10306942,0.1317843,0.09270173,1.0
66801623517294848,56.54154704207585,24.67370493539722,7.534029917537035,16.744196797046282,-43.54263554160482,16.357914,0.7540753,0.1214605,0.57812846,0.3185911,1.0
66808869124393600,56.65748307121974,24.747477728499646,7.632741644567266,20.422639395318274,-47.62659983841286,11.587448,0.80998343,0.015386245,0.01794227,0.0128416065,1.0
66922088761382784,57.24753589995385,25.033553369136268,6.943053929927199,89.06361877306728,-32.905036492498375,15.334862,1.0070282,0.038739648,0.053985216,0.035270266,1.0
66990773878094464,57.6378591657422,25.896749374005644,6.012739164180107,26.622602490050532,-45.32394985745246,17.727276,1.0437926,0.117183715,0.16857256,0.097859986,1.0
67100484521346944,59.15858735293558,25.474357285874298,6.943839238617745,87.79618394050298,-35.72015832195823,16.209572,1.0350848,0.059021596,0.06978615,0.03935527,1.0
67154223152711936,59.51553509218983,25.59291264911125,6.608732057510921,121.78858190673499,-40.027102790057505,17.13158,1.0493896,0.08487314,0.11232201,0.06833061,1.0
67349764424286848,57.989753122470326,25.808514833665072,7.9065653876327495,20.468619714294732,-48.884779704390716,16.227058,0.9931832,0.054756448,0.07272028,0.04624572,1.0
67539361459757696,59.023876579057486,26.9396710159743,6.963198776714821,42.94417516146653,-32.25914673266472,15.194238,1.0048934,0.036582317,0.036256306,0.022139883,1.0
67721704294101760,54.200416717658996,23.04886673044979,7.005904063947537,8.731124308352912,-26.163133817146182,16.895887,1.1454126,0.12182669,0.12675379,0.10178652,1.0
40050368174417792,58.88252947993454,15.046185461084992,6.786065925651373,-18.999561594028552,-17.458396122226098,17.773287,1.0385755,0.119079396,0.13870522,0.09543926,1.0
40154546901008768,60.26355278263217,15.610163904677357,6.934685566121238,-13.449879241950196,-22.928093589708073,17.650095,1.0235032,0.121140115,0.14190255,0.0918169,1.0
40352802591517952,57.99872635012283,15.862333172416118,5.712128675862801,-12.369414415072551,-18.5842368821254,11.336223,1.1609957,0.020866597,0.025297198,0.016595094,1.0
42430810848047232,54.53577755256918,15.927919971576515,7.992176761711044,30.349936480838316,-4.1093810992312285,15.95725,1.032891,0.049973194,0.04760235,0.03852145,1.0
42457714523340416,53.562409733314375,15.766680660940606,6.041107439355908,-26.480592919539852,-40.044209826904805,13.610619,1.2337863,0.017583488,0.020687029,0.016698688,1.0
42524303696186624,52.675506029432576,15.431291458130158,9.107623615527405,-9.92563055101338,-27.809760368228797,10.688973,1.1072844,0.014640595,0.019468933,0.013080442,1.0
42710705277167872,53.69889248213777,16.489688732603888,6.132726430117631,-51.968317838635876,-7.203178097847023,10.254716,1.0389806,0.020481914,0.021161873,0.01578918,1.0
43079896368735616,55.66139000293365,15.420577517053593,6.676605019636707,-0.5187446792439796,-10.183371300322051,17.527525,1.0769486,0.11702871,0.12917629,0.10964974,1.0
43245720763355648,56.6667113569632,16.214442608971083,9.100155664591757,187.66309248693562,-156.2568508511821,16.12075,1.0009551,0.0698009,0.083697006,0.06339893,1.0
43398965196489088,58.15569766119082,16.40299356873231,6.479811628347363,39.55840910195676,-4.444355635262912,16.51383,1.0456693,0.059181858,0.07113438,0.048136838,1.0
43440879779771520,56.97699684316665,16.322852875583184,8.86581668415526,-37.79273412352178,-88.71247763981367,11.9718,0.98809546,0.0143975215,0.016807213,0.012526456,1.0
43480844452920064,57.656262979129586,16.744552204090898,8.206288847423863,-1.893879309962238,8.340938643943053,16.742252,0.99056643,0.06899586,0.08154041,0.05778413,1.0
43501013619796480,58.61149785266086,16.705891187810003,6.7670921692207155,-19.95829984612009,-4.243547466141555,15.939058,1.0141394,0.047216523,0.05878213,0.03596199,1.0
43619795235204992,58.18087974144621,17.416307081578434,5.99270057614486,39.82041675217066,-9.184137957088172,16.473597,1.0561771,0.06787668,0.072982825,0.05061075,1.0
43825713147529728,57.85013075433952,17.573205906007153,5.6638721007427035,-12.309101672981281,-27.511073887862537,17.366735,0.97997886,0.10435092,0.15645972,0.08203407,1.0
43876909157699200,57.62723842991093,17.696691833240333,5.621703812885289,89.73026468216142,-66.41768782369786,17.116219,0.9638985,0.08689315,0.10071078,0.06379432,1.0
43941642903840000,54.806685410796504,16.174902294631877,8.168269193751772,49.51512688771899,21.610535291507745,17.01607,0.9799153,0.080699906,0.09614302,0.07274606,1.0
44337054773041280,54.72245319382387,17.074234969841083,5.787184658014382,14.662505196516392,-51.85973539537757,16.070719,0.9499086,0.057793643,0.05987838,0.04571141,1.0
44686218434170240,56.59711876949357,18.019175513183818,5.781451291222806,31.364909819060674,-42.027107732187005,11.666505,0.89716893,0.019535348,0.023591856,0.015662165,1.0
44884955161049600,55.44361500773456,18.592562735495793,7.4598000148435055,-6.046009978939819,-16.899650600257548,16.99866,1.0966183,0.083980285,0.105720244,0.07400971,1.0
45338881665370112,61.03275199147909,15.434435948529359,7.5823683305865845,-11.3819015203571,-31.378944410078976,12.972973,0.86283517,0.01824822,0.023178216,0.010356694,1.0
45392860814221440,60.75670668255695,15.540537220224083,5.9309453260734,180.07381339737663,-221.10567174935136,15.874778,0.9842114,0.051338773,0.075472325,0.03706328,1.0
45472914706820864,61.91621766467897,16.031999755690318,6.398146325463109,1.909889572724402,-23.274126745320746,12.385322,1.0501049,0.016787052,0.021443484,0.0137374615,1.0
45477488848489216,61.70560769043424,15.966677816959193,5.991852620228434,5.454950952406101,-12.107197035630188,16.738195,1.1122727,0.09208344,0.10837382,0.07434358,1.0
45622830540457728,63.039383359434474,16.065000106166035,8.76886076460008,74.60830334664251,-120.19965766794896,17.351564,1.173566,0.11966997,0.13862185,0.1043652,1.0
45831187995043584,63.51500977253775,16.96610750241991,6.721220765730268,77.89825605065465,63.69937862275946,13.129482,0.9657899,0.015582274,0.018113995,0.013573376,1.0
46392694840806656,60.65523564366985,16.94173113527286,9.117242648084583,52.071181728557576,-10.425462254666524,12.069674,1.2301033,0.019401789,0.025651462,0.013041586,1.0
46670355887007744,60.281910351858244,17.63273127007063,6.801592407891625,-1.9910619959732183,-0.7784572933691526,17.647896,1.0994749,0.19548844,0.20851263,0.14174621,1.0
46903486710147840,63.017157024481214,18.040002677898425,9.637282558048854,135.27135699585577,-94.50675900078313,16.392939,0.99790514,0.059573643,0.06602356,0.05096856,1.0
46908846829333376,62.86307788362459,18.136849565733325,6.4393556220718144,20.527620086517974,-49.82780576261818,17.243116,0.9990805,0.08965782,0.108689055,0.08061409,1.0
47158294233581952,62.15760110488054,18.49324006844488,6.019829844130072,-36.874828375152966,-35.658370476696476,16.471724,1.0570605,0.07222778,0.09750393,0.062614,1.0
47843122475539584,64.63456163001459,19.21860316415046,5.786865082154729,14.94508390304118,-34.17097279509043,16.310568,1.0911525,0.06194565,0.07785187,0.061426878,1.0
48566807285083904,64.18841256371354,19.148715841917905,7.467148006549617,33.693923813178685,-75.82879881853233,10.558664,0.97701615,0.018379452,0.018679185,0.013704804,1.0
48651396664824192,63.64350179348086,19.5169968668701,6.039568769284067,14.83796082713522,-12.427814765113641,17.410679,0.9884725,0.11491714,0.1414992,0.10664775,1.0
48949162453160576,63.240277578445074,20.317235267604705,7.241917011598541,-4.136420367122232,-18.513748002178097,16.379108,1.2016838,0.07754444,0.08615376,0.058168434,1.0
48976993841838464,64.64895300242075,19.51331748689441,5.511903588644812,68.81394966047355,-37.67601462223193,15.188449,1.0256547,0.034277823,0.037918318,0.028859505,1.0
49106083378685184,64.44830373369483,20.474334055633758,6.020856771025239,29.552114227198388,-4.355068211062896,14.618279,1.0839758,0.023472168,0.030748338,0.022115998,1.0
49276129723791744,63.8043401527536,20.31177512186887,7.071157908712603,51.46240592367214,-4.705448019204148,16.767658,1.0348557,0.06670953,0.076278694,0.05793231,1.0
49281489842976768,63.654699575124326,20.410212293180184,6.131364506265098,15.077104000444677,-36.74417598208926,15.663829,0.98419714,0.04000113,0.04609783,0.035383083,1.0
49317292690301568,64.03530089987406,20.78345060052758,6.9986501372615635,-70.9858838907508,-63.723421687282084,15.797727,0.9882875,0.041122567,0.052468058,0.037656363,1.0
49369622571743488,63.864764890383015,20.925152491651264,8.466780269978985,10.630500062144737,-60.274144846360954,13.364568,1.2214772,0.017539462,0.020776646,0.015221657,1.0
49544891598052608,58.98403573240275,17.11538904244811,6.576493384146023,47.4527468317299,-8.611276625584555,16.103687,1.0386194,0.049603652,0.056461506,0.03743716,1.0
49564236130654720,58.89949344034791,17.32372039252214,6.740528591927347,-2.0548567693303097,-13.174870287170313,17.734331,1.0134495,0.11103514,0.1315978,0.10478602,1.0
50000776606893440,59.4473260689927,18.702591506772187,5.597611368103274,11.801466319691048,-29.651724105760167,15.982839,1.0336767,0.06810131,0.06463688,0.052474905,1.0
50026752569030912,59.44395476894353,18.983275879813,6.580903938273516,36.07709982905538,-23.753515745110654,16.410595,1.0761249,0.062714286,0.08904337,0.049410693,1.0
50068430931592960,59.106700357584266,18.9516227501019,6.180531477895957,54.904630175541776,-28.367589773040073,17.179556,1.0799869,0.11564269,0.12568277,0.10199878,1.0
50107665455556992,60.45648364983934,18.37543146905659,8.669092236573743,11.90338549050828,-25.645330104285225,17.43237,1.0614138,0.10878769,0.14762455,0.077176616,1.0
50330320857937408,60.98860925892926,19.55349647773021,7.832218156330959,57.421827845913604,-8.528770403004053,16.225891,1.023565,0.05026123,0.06249185,0.036055926,1.0
50584170605193600,60.66344239255772,20.124636116591898,8.95626215663696,79.78080113771539,-40.82905369612294,17.51585,0.98175794,0.12341474,0.1308635,0.09216321,1.0
50602312547126272,60.1739234586223,20.00703451296608,8.292117240915088,-56.021330175951285,-12.593884530105003,17.167067,1.0645413,0.096293025,0.1238683,0.07910437,1.0
50908389095799296,57.98052368602194,19.647727157545237,6.026890281569533,-14.95957887881698,-26.95880172465965,16.036322,1.0613159,0.051602785,0.061435577,0.036429305,1.0
50940515451208704,58.46152436828404,19.89740572647302,7.651119423384338,76.21565414757181,-41.83834665592527,15.283373,1.0699304,0.03493772,0.039698873,0.027560504,1.0
50951132609683072,57.0358451492565,19.03479548036148,6.222567912454082,6.778834725796392,-19.750867946975927,17.26879,0.93440324,0.11998256,0.13699527,0.08082957,1.0
51177941243505536,57.209722870394835,20.04098466145421,7.876736269891315,29.42003325852405,-32.00796726098788,12.800549,1.0876216,0.01976529,0.023983441,0.013885126,1.0
51217592381522432,57.507438838362326,20.453907429475784,8.696945086227757,-19.954736905957436,-58.04659961676069,16.06313,1.0492413,0.050955113,0.06393423,0.0458073,1.0
51311566265952768,58.978877637993016,20.131726282323726,8.577486860746532,22.00940742600134,-52.710266746876506,15.969639,1.0984074,0.05260218,0.057169992,0.039792676,1.0
51457801312530304,59.279813075010196,20.6493559810158,5.881215886295491,44.81509585308393,-11.149721951483473,16.10678,0.9701191,0.044806432,0.05512969,0.035706557,1.0
51461752682443904,59.15359858368145,20.70370290562373,8.064195550836164,-20.122442393704265,-10.573776809943684,17.643353,1.3342925,0.15493731,0.19151908,0.12494266,1.0
51622315739944704,58.381595313726706,20.957291729660213,8.29081962283454,21.857845659931144,-50.53282089449466,16.850912,1.0518576,0.076006964,0.10147298,0.061090454,1.0
51835685417832192,62.395556241014184,19.989893303882653,6.4354545165745,-50.64528266217431,-40.43932813917591,12.462659,0.9952554,0.018612806,0.017020533,0.013607156,1.0
51918221805954816,61.721641119162626,20.430282472544647,5.838204945918159,-6.515593011950674,1.8421110688409146,14.201639,1.0409067,0.02289815,0.024817491,0.020372488,1.0
52005559964671616,62.34613254412491,20.58078417058476,6.327661922290267,-26.859873906003664,-3.6261457740837857,17.87003,1.0455984,0.13817708,0.17816366,0.1198844,1.0
52119054478249472,61.78262562297173,20.6677138312932,6.149635484366005,21.23430500282048,-7.610848632032578,13.810383,1.0750868,0.01814472,0.021789154,0.015887184,1.0
52810750370330240,63.235404388997566,22.58621205744988,7.5946603742552075,-11.584193525626173,-6.360364700295181,14.692056,0.9777028,0.027601616,0.034784943,0.025084233,1.0
53092225348322816,61.11872656883095,21.93453062230928,8.33708610570901,5.409836969120786,-14.514849955348648,9.355324,0.9857103,0.018812524,0.020448767,0.011411734,1.0
53338069275361536,59.82593820138603,22.588701722846416,5.84238969582766,-42.34256313171682,-46.245449388851966,10.925158,0.986157,0.01903257,0.024580618,0.013239812,1.0
53426786120081536,60.24764823542502,22.75635311413231,5.642969891923453,17.626252311096792,-32.09875440657996,15.237854,1.1650572,0.040870298,0.04066001,0.02506716,1.0
53462623327108736,60.64498155452805,23.14114152205147,5.641073530342664,15.122190136656812,-33.900337512921695,16.68941,1.0681797,0.071775354,0.09556222,0.0521983,1.0
53753646014281472,62.6548877287219,23.71614126480931,5.589433991964558,40.56334572367342,-86.89972152023434,17.818317,1.0514416,0.12402111,0.16113186,0.13117723,1.0
53896621183031552,61.314084719090005,23.797167389260558,9.504342397330923,-0.2414306032000919,-12.869605825621228,8.139064,0.9849022,0.02543856,0.03484155,0.017916342,1.0
53942319634175616,62.12438496435075,23.75771031676194,7.847644198089989,37.25854156277511,-23.642951409048923,17.412388,0.9950191,0.12033921,0.13740198,0.09565106,1.0
54285332900544128,50.91211195966981,15.841043905032633,7.309018697138244,27.265898776506393,-125.00926775561952,10.790478,0.99215543,0.016277002,0.018147083,0.014343545,1.0
54577974792280576,50.62760426867962,16.54326596134116,5.994786187013888,65.60062931607229,2.971456991478438,9.815503,0.9922957,0.015049492,0.018596595,0.0158311,1.0
54979640133791232,50.89845070971872,17.0005269932846,6.08214784196383,28.182969807399285,-19.243857775511124,14.75282,1.0453383,0.026233047,0.03047594,0.024361469,1.0
55135702067098880,52.05532938305578,17.69063807976434,5.589759406186622,6.513869598560658,-12.871587965240746,16.429651,1.1135564,0.062988855,0.06687754,0.06126283,1.0
56231120588505472,50.19375726003743,18.73713593007708,5.767287962076373,14.941254662131612,-39.57232003180897,8.332449,0.8097836,0.020179741,0.01954261,0.017153805,1.0
56289776958148352,50.6411115439242,19.30233143400948,7.985462743934536,-58.906726279397844,-32.34069186784823,16.72608,0.9936269,0.08223863,0.091544926,0.0692956,1.0
56296713330002688,53.42470040572902,17.048026596220943,7.767661110572896,37.69315118322223,-143.65685896938984,16.858374,0.9678344,0.07312988,0.0841638,0.064035766,1.0
56635676445517824,52.803989122971686,18.256377625466964,7.419126806089251,-2.613773657594258,-32.7629091749713,17.300251,1.0135845,0.09580164,0.10822201,0.0926466,1.0
56783560757329408,53.68637395780977,18.967867160053423,6.011445294475233,8.27326914373034,-22.55941112194498,10.92216,0.96334434,0.018744586,0.018127805,0.0139565505,1.0
56817886137755520,53.16781208791099,19.02165066485833,7.064817510944725,24.232887750074383,-16.768633892702816,16.865097,0.9823903,0.092926666,0.101479605,0.075764574,1.0
57024319445594240,55.29608774994258,19.23157387948242,7.6384087278239665,16.45505785597972,-22.124932575704168,16.17231,1.0096667,0.05311935,0.056885578,0.04477138,1.0
57116266105479168,55.83982475393591,19.81218222587327,6.3265434113098715,77.45240252144002,-40.39997945389949,14.925367,0.9893354,0.04219687,0.04030561,0.032012366,1.0
57205945022896640,54.450586097954854,19.6031457682718,6.9407706568391125,12.155369344596402,-17.109570655995842,14.067085,1.0140618,0.01977345,0.021566441,0.01612633,1.0
57566584837069568,52.68654341447588,18.964931901672305,5.845983732666328,9.571776750460327,-15.874081921187662,13.7265215,1.2187034,0.020953475,0.024184415,0.018899025,1.0
57625030751944448,53.11347922562184,19.58634158444518,7.248894705357261,5.579044231038926,-99.46350608670829,15.089369,0.99085444,0.030456396,0.03229522,0.02713241,1.0
57746664226683520,51.84674091136914,19.350800394741306,5.514423237951766,-0.9098316771805012,-0.7617512814120317,17.920042,1.2022444,0.24844405,0.23778029,0.18005754,1.0
57987354192992896,53.49208614542374,19.624416975573844,8.731090112214005,-18.525285746884258,-0.3626720154116746,15.911618,1.0505712,0.043780137,0.060703844,0.0470229,1.0
58342148554108416,52.29071692489079,20.638956683961243,5.770836074385551,-20.50414070906848,-1.3206335416632378,11.773554,1.042923,0.017025765,0.022175016,0.015272024,1.0
60902434396655616,50.27237219905955,20.323976654242983,5.610207211488097,16.30172028957877,-26.604182720590444,16.372837,1.071198,0.058983058,0.06956666,0.060506977,1.0
60965312718339072,51.174355587490304,20.531200515990104,6.651497073435419,-10.602297035005837,-26.157895252504908,17.484575,1.0622798,0.12329874,0.14291002,0.117745936,1.0
60973387256828672,51.373110907938155,20.686938235340296,5.758227294711647,-12.748176314227598,-13.325858523745161,10.901825,0.99790657,0.016517328,0.018769074,0.017438496,1.0
60994518495913984,51.60019556197584,20.69858761437755,8.338119657823416,-14.430783211067613,-25.405816873524266,15.952593,1.0355709,0.04458696,0.052682754,0.04112827,1.0
61076466471883136,51.30293293304865,21.226810078993847,8.654419246473335,-65.81534213986373,-81.22648682632415,17.583397,1.1338049,0.14066838,0.22727694,0.14601433,1.0
61274275485385344,50.87079511163808,21.290095234361043,6.029244424513797,13.469029722567264,-10.130082169167629,15.937046,0.98021746,0.04429825,0.053625092,0.045431115,1.0
61418792544228992,52.104957269223604,21.325330129196598,6.954290019178509,-16.301909263161573,-80.26284694708491,14.590435,1.0630915,0.02489082,0.027091498,0.023582682,1.0
61883611084723200,51.77959273185698,22.84012620060426,9.94581014820248,63.53443171877673,-21.77061875516988,13.322756,1.2566526,0.037067734,0.04330832,0.036827646,1.0
61919791889175296,52.14251987037234,23.205442438898483,8.262936476237616,12.146093301612927,-26.016796269414108,16.903458,0.928915,0.08916699,0.11719184,0.07774331,1.0
62111691029021568,50.5191064887657,21.97890685125878,5.706621893749878,7.965113835997746,-41.968554097530166,14.76102,0.94223547,0.031782467,0.032184,0.028814044,1.0
40422759018763520,58.95947711354254,16.142644530376327,7.012316211419368,21.99133767105382,-27.158085136987154,9.66208,1.0246226,0.017739538,0.018253937,0.012960486,1.0
40448769340650368,59.31577182284732,16.389793996077387,6.346543392142785,36.03030381085251,-23.300243626909232,16.21407,1.0308297,0.06107291,0.07044948,0.04011856,1.0
40507421414028800,59.189299162506664,16.567268933248766,9.171083822580853,2.185581359018159,-62.52366084165049,17.247423,1.0978714,0.18154745,0.2738212,0.21043554,1.0
41601332404221696,54.59543932297091,15.055220882787102,9.530395405159082,15.925720814807248,-59.0162164168001,15.778949,1.1219909,0.04816611,0.049716122,0.0398727,1.0
41638784519069184,55.000593311110265,15.431929529220879,8.911679598977686,-15.987427189576305,-9.943980249207387,17.585629,1.0715437,0.1155396,0.12222096,0.10051237,1.0
42725789202344320,53.388230587016466,16.345311699848406,6.776596034222092,-24.883881347205254,-34.51427464235258,15.970356,1.0185086,0.05001187,0.06735539,0.045898277,1.0
42748466629573632,53.09252958725132,16.575450775398235,5.518799586472368,2.9923460700586455,-2.7987535055679684,16.688026,1.0521013,0.06581341,0.0802848,0.059961878,1.0
42840928684939392,56.52371408519086,15.124409482480855,7.160600092240945,11.239000842282877,-26.149497472689173,16.089308,1.0291327,0.054427613,0.069450505,0.046143994,1.0
42956995881088256,56.84740995936349,15.556433081288475,6.358211301512678,21.858708379784566,-24.5822938848968,16.509348,1.0032713,0.06352333,0.07339364,0.052807175,1.0
43025303040890496,56.63241545405334,15.870569498139286,9.633448815158777,61.510586874061715,-4.419652072361697,17.017826,0.9486822,0.09010661,0.09519083,0.06858232,1.0
43081824810652032,55.78121619533536,15.480675079932942,9.669476856671354,62.600038860339964,-23.541108227000848,13.773423,1.3292189,0.020612752,0.02564372,0.020047404,1.0
43120891831657472,55.8374356168544,15.681617664119782,7.848020541535844,-7.353776409827409,-29.76105145531005,17.475065,0.98059905,0.11914479,0.1642507,0.12310759,1.0
43366495243712512,57.47826024557068,15.976950196256821,5.764966283600051,-0.00377286192222992,10.244785743172073,16.255014,1.0025561,0.05333526,0.060037,0.042425953,1.0
43763758241335296,57.098351006698394,17.439871110423375,7.5239840114049485,29.765108631666628,-19.541910374156863,17.80491,1.0189002,0.12933175,0.13818468,0.10396894,1.0
44024690391438848,55.04166639775607,16.536080485325837,5.6424609281864475,-20.047004930402128,-19.40030474262726,17.184792,1.0264229,0.09616551,0.11383138,0.08144657,1.0
44057778819482496,55.51507203928446,16.52744168796131,6.626631518750088,24.273055711961632,-24.647253566811735,13.890665,1.1175365,0.023069296,0.023678325,0.017964797,1.0
44308325734555392,54.419637640383115,17.22652991793386,6.3623869111037,-1.704264611649251,-0.4590039122487846,10.100495,1.0084432,0.02252457,0.02201831,0.015845211,1.0
44326334534786432,54.25520428601643,17.40676434747519,6.542040746178076,-47.56018762199768,-44.392728839400995,17.053501,1.0467645,0.10361783,0.100704715,0.08007783,1.0
44369284207596544,55.213977916101065,17.372806978111445,5.764227763673956,40.72401489108619,-14.900274415107447,9.116457,1.0545247,0.01514303,0.022336856,0.014705508,1.0
44381103957582080,55.28282507944066,17.545932801748208,7.50694990016513,4.142746295393495,-35.28461740487019,15.951603,1.0512604,0.04692452,0.05837929,0.038512763,1.0
44497171153467008,55.97539440766189,17.32336536956696,7.586637287235198,-63.005981839933355,-49.59305742395725,10.863033,1.1734371,0.023746327,0.026199462,0.016923392,1.0
44678762370863104,57.3487603629796,18.36272003201301,6.690433669524175,50.250611006431356,-58.452801794382324,16.349691,1.0310606,0.053538468,0.064781435,0.044960734,1.0
44760023152143488,55.42015470044049,17.709923281919504,6.81288754589737,-9.240883772045,-59.22726192101905,13.018352,0.9962452,0.017264783,0.016759185,0.011307016,1.0
44944947263942144,56.66292435588019,18.84000791641394,5.8548506228528465,-7.909696641916687,-44.108502455698044,16.985062,0.8981524,0.07268293,0.08875093,0.06670336,1.0
44985079438318336,55.7367735680873,18.79647904960886,7.6049819457162355,9.325422541726544,-53.78761780939732,15.057968,1.0328852,0.032543875,0.035903126,0.025457343,1.0
45030262494182272,56.3767477239115,19.31500592891926,6.926763121000263,-10.42460311507356,27.650839174091562,14.263392,0.9593538,0.022277854,0.02390071,0.015871404,1.0
45133822745117184,61.572412615083486,15.198051015606076,7.712735500519188,8.046560433398428,-41.734117707190194,16.516796,1.080814,0.07412972,0.0844257,0.05455012,1.0
45421035799656448,60.8327942225637,15.905484822766375,6.5199001920856094,-5.309503654704785,2.042098489493564,14.452167,1.0405374,0.022225795,0.02524496,0.014715274,1.0
45500234995319680,62.25482430035163,16.22703168814579,5.513673926198307,34.6707997229756,54.52511978491536,16.96812,0.95812845,0.075758874,0.081339054,0.06583501,1.0
45528787937873408,61.544793350813585,16.06274167713888,9.432854024312942,34.23395306813515,-13.221899089785703,15.922446,1.0389614,0.04888273,0.05929771,0.035286427,1.0
45764701901391616,63.830103192084344,16.715357195439452,5.7119550127163885,55.50584270074967,-56.51064441442159,14.1999,1.0525918,0.019968363,0.025223736,0.018307801,1.0
45999585072771840,62.67404168662667,17.241161540902933,9.221769766020438,4.671616228765437,-15.39954494705938,16.79577,1.027675,0.072053,0.08615606,0.06991764,1.0
46042431666550400,63.130872980783856,17.27737247116718,8.53164399556161,49.05490647796165,-19.713547852402336,5.804848,1.1064905,0.031185415,0.039009172,0.025924405,1.0
46190212902247936,60.451230373649416,16.134430498016187,7.08960631469525,84.26390282871066,-46.638003961048184,16.319334,0.93876415,0.054564353,0.057072587,0.038564634,1.0
46249689609462400,60.269403940054545,16.46103843719766,7.785160551125486,64.93352770335704,-151.13859227041374,15.934656,1.0576595,0.045660093,0.057667725,0.0397107,1.0
46632903771817344,60.90870196053195,17.56028569562878,7.939662092844939,15.689097713986294,-119.54521777497811,17.98557,0.90599316,0.1376034,0.16540274,0.097695254,1.0
46668740978868992,60.25400566315143,17.607663976268395,6.344855299199107,58.679284026442076,-44.21404866567724,14.740111,1.02076,0.023877986,0.02823354,0.019140262,1.0
46856310789487104,61.688976464686284,17.99524135622667,9.418623006594043,35.02116824490492,-46.48720218447806,16.053043,1.0994009,0.049454194,0.062024906,0.051154785,1.0
46884657573486336,62.340159010598,17.828793018214956,7.713361063484505,21.098370424557103,-44.949461235215594,16.641136,0.9855718,0.07331589,0.07908873,0.0595958,1.0
47187023271447040,62.11422719241895,18.648445321168197,7.675507066647678,24.16836293721947,-30.461799265701224,13.314198,1.0106804,0.017101599,0.0187409,0.015084609,1.0
47578483770650880,64.1601597434203,17.780240821165222,6.5266929687853885,-21.923069232082224,9.33598727382411,17.21496,1.095115,0.108728684,0.12151765,0.09577461,1.0
47710906202447744,64.69339909753211,18.293744939149896,9.741631896930851,-65.49463100531528,-63.46881109291424,17.317062,0.9545505,0.105859116,0.11227243,0.083711155,1.0
47742311003240320,64.55115364816315,18.690688282584983,8.47377717637696,32.014202795504545,-30.35596097773119,14.505928,1.0635393,0.023617174,0.028206449,0.02074707,1.0
48474856328984960,63.48255105695998,18.95397545890885,6.099544464970649,13.492951884160611,-6.589699512902863,17.631706,1.0620855,0.13118675,0.17196767,0.108718105,1.0
48810864506299008,62.731721414895006,19.72719056713144,8.132183801972912,71.77517653935534,-58.433192933260244,16.160435,0.95662403,0.05077374,0.056388963,0.043184064,1.0
48824505322369920,62.34258576607659,19.814366120895208,8.425167292756381,14.055356816145668,-30.34560079267959,15.149562,1.045638,0.032966048,0.037739992,0.028543985,1.0
49052722705213568,64.21376767767312,19.946912396176916,5.69261171724518,46.86589022495243,0.31141946102386403,7.9261885,0.90731394,0.028666165,0.033257276,0.02506485,1.0
49366530195372416,64.11354342848254,20.88584684958356,7.237570197634563,4.971697728740665,-11.817045606211458,15.639832,1.0780097,0.05348156,0.06561823,0.04563577,1.0
49474007458338560,64.2221022701945,21.194863865614696,5.852635708339101,-6.922965715134621,-1.7309234751402296,17.045696,1.0028012,0.09679067,0.11338567,0.07915696,1.0
49518331519781120,64.86203136792267,21.703121281856006,6.856555804555637,16.613977035905897,-38.429781788764615,15.664003,1.0473467,0.0390252,0.047634386,0.03353186,1.0
49533243646222336,64.79362753329374,21.835376084540954,9.398545627754007,-14.697859926680817,-70.53290404877558,17.792355,1.0913321,0.14419547,0.17689298,0.11189867,1.0
49597255839176448,59.14783562877187,17.563891195000334,8.782508687479158,73.20329438784158,1.3029947854278132,13.178346,1.0245502,0.013455988,0.01679879,0.010187942,1.0
49688652743373824,59.757462937030226,17.844052219914605,6.030079509316722,5.92944558611722,-33.650643492550564,15.158612,1.0764328,0.030412333,0.035407655,0.024269909,1.0
49814375025898880,59.770726408542,18.661834449367053,6.40950623100633,-23.930955016202972,0.38548378048697596,12.763651,1.0241327,0.015960619,0.019353917,0.01114648,1.0
49917419881509888,57.86126119638268,18.321038000924908,9.378724656110835,84.30049115161438,-43.777585162339975,17.974052,1.009209,0.12702611,0.16024303,0.09364827,1.0
49988785058094464,59.11245929301018,18.584385664080994,7.958743106892949,64.44457437595703,16.155097245985292,13.605227,1.0287129,0.015004083,0.018457774,0.012487828,1.0
50022835558772992,59.23767946122782,18.921634622084472,9.541979748786694,-23.98507232559233,-48.53051748433365,15.080433,1.0594473,0.03333325,0.04133336,0.023803711,1.0
50024862783330304,59.354558441300604,18.931484508646346,7.322795628327734,28.377130517380955,-35.7496752075441,16.613113,1.0340939,0.069042616,0.08780574,0.050448623,1.0
50281392590772864,61.68736164876835,19.314801918695977,6.8963970858614605,-10.474158975939858,64.81529810904141,14.279549,1.0183686,0.023222867,0.024987783,0.01893244,1.0
50286031155302400,61.559829277195085,19.4042083420532,6.66084614820726,13.298300840517207,-31.794290918814355,17.533466,1.0202008,0.11186992,0.12886924,0.09238298,1.0
50328121834698368,60.89891961014601,19.46570057184388,7.113170221054387,-43.49916324525127,-42.84338998016078,17.862041,0.9589247,0.13048935,0.15184434,0.091801,1.0
50443055159156352,59.86848391790074,19.511327475748377,6.660648505501216,16.656471310945356,-41.97371953923727,16.837597,1.2223463,0.09633349,0.11026343,0.07657144,1.0
50553040682287232,60.49150060122373,19.925482270959417,7.096613469629342,36.95116876039242,-18.8151914444141,7.9521174,0.9245205,0.024020007,0.027004682,0.018972673,1.0
50758786795158016,57.06069166913028,18.85143216631834,9.364594541776786,75.7894361517993,-0.06253886530142179,15.238251,0.96955377,0.03655956,0.040615354,0.028225752,1.0
50878049446964224,57.93229489378801,19.227539312903364,6.60992486990722,32.618502864622215,3.9520042103597097,17.509052,1.0268849,0.09502728,0.11269489,0.08119084,1.0
50976077779666688,57.04311923768382,19.30230212368997,7.734834945459338,20.827256174385475,-46.69973736930276,12.718654,1.1367141,0.015833635,0.018736614,0.012612426,1.0
51047855273021952,56.663841290399105,19.664358498266107,6.438947545329161,-7.107999846592461,-66.17887226337325,11.4931,0.9813461,0.019007847,0.022950659,0.015034379,1.0
51053730788693632,56.91481485961708,19.54188634617334,6.1075594281235075,-20.95210296545166,-11.832113795332521,14.229996,1.0208862,0.030365612,0.035576526,0.026814235,1.0
51107499482321536,57.56462873750039,19.719500463838404,7.960737390524964,5.499424745679306,-26.534315870286,17.609682,1.0427839,0.10991714,0.12911716,0.09041671,1.0
51336133478864256,59.04632319515204,20.242482849916946,7.648135808345549,-29.86500016333446,-58.868316273380046,14.60416,0.9357643,0.023610564,0.028163092,0.019131152,1.0
51457148477505408,59.2348639712137,20.586495765871767,5.575917915345419,-35.22229388733725,-41.222675180654484,9.316124,1.0101242,0.018526383,0.019900048,0.016403882,1.0
51492264130122496,59.92782200109492,21.204034312938816,7.001214847990423,17.23571260205042,-43.00337845806828,17.240238,1.0378132,0.10387235,0.14000711,0.075147174,1.0
51494531872919040,59.673455283224186,20.989332709519832,7.408290576690667,8.537764324127004,-10.567523868293907,11.7180395,1.180561,0.019921385,0.023858786,0.014990507,1.0
51674920499533184,58.88317904683376,21.07926915812317,8.14863153528414,21.713821129795985,-50.51456651149673,10.8812,1.2542509,0.017213294,0.0191153,0.012336316,1.0
51785387058245376,59.20751528874583,21.843412018837718,5.702824504816262,5.002906345760869,-40.67091272437294,11.724726,1.117432,0.019002466,0.02169587,0.014559136,1.0
51811947135257088,61.842274256921115,19.793734807312664,7.540527240583799,55.73629884525536,-14.426351306951663,13.7656555,0.9807802,0.019631747,0.027036993,0.017679593,1.0
52011160602090880,62.218133355669224,20.7134591859696,6.57083902655111,-10.6323085725781,-11.231777795122044,17.749027,1.0358292,0.12944485,0.17542133,0.11369207,1.0
52028172968241152,61.986354921154216,20.823986147282724,7.948496144914535,3.2533393564741755,-7.386604892161174,15.94911,1.0561459,0.047158737,0.07081948,0.047462612,1.0
52247078862125440,61.86980289939585,21.284104554130433,8.389552127246175,4.256887151343459,-14.357534214628526,14.590814,1.3366034,0.04591556,0.054383066,0.031614058,1.0
52913623427662976,63.27536933138819,23.15041700382738,7.052108894799388,-48.62958181096377,-70.6019546249867,15.171641,1.1553075,0.048457023,0.059762355,0.042029172,1.0
53022887395704704,60.4760669841688,21.40291599856968,5.726491600109827,-20.087955212924754,-47.23743564873812,17.443401,0.9840752,0.101950854,0.11619549,0.066744514,1.0
53142012609229312,60.905868038474665,21.98798159650072,6.852538667564597,-14.559636554712508,-1.7249891498314294,17.011992,1.0195148,0.0835189,0.09068199,0.049683064,1.0
53203928857061248,59.73219382152926,21.54388520164575,6.680776787137411,29.457767488161775,-54.36984107495116,15.395244,1.1202338,0.037756816,0.04277073,0.026896598,1.0
53207261751662080,59.785011777162154,21.677649642358038,7.409862904572543,45.648107142643,-83.09004274629253,16.193575,1.015817,0.052322872,0.056310993,0.03850977,1.0
53253372520484352,59.9724254659415,21.99205755241353,8.660424822497937,46.421750241257286,-20.75626939533975,14.86665,1.0759139,0.026799545,0.031420317,0.020875832,1.0
53291099513102336,59.32945096956929,22.089832440974817,5.819648299844484,25.866075941894124,-15.752228383976362,15.019729,1.0994405,0.038590927,0.039992925,0.026801268,1.0
53560033184491264,61.73414822195415,22.563850899248802,6.837471395645048,36.54353902956599,-97.98093492479636,16.83558,1.1013653,0.09813141,0.107194364,0.07773475,1.0
53591266186627584,61.828502718513185,22.85706237226036,5.537127294173713,12.348439066081863,-38.787282185177105,13.80124,1.1160405,0.021212244,0.024093678,0.017091086,1.0
53871091897644288,61.20801572084726,23.509278844045525,5.779345888559323,0.5488014890578418,0.6532746612018162,8.814163,1.0538414,0.02218167,0.023480128,0.014504608,1.0
54258699808133888,50.88869048783724,15.484825015172946,8.345526230812858,-2.367418861462278,-66.48403620108199,12.540547,1.2430048,0.016566923,0.01845108,0.014885309,1.0
54512485130993536,51.24811444222186,16.338065265898802,5.631930062430124,-44.01517024803061,-36.37292072603399,17.336723,1.0253335,0.102420755,0.12282705,0.08962677,1.0
54930746226141952,51.66169294506468,16.88408101537633,7.603033787841757,34.380870922404355,14.972573220697111,16.211685,0.9813084,0.05239462,0.05456413,0.044813212,1.0
55760671346669824,50.72097366074421,17.36303138008899,6.065969222901389,55.99230707057252,-32.35727008603567,16.883913,0.9930434,0.07513383,0.08755887,0.07543927,1.0
56190786552053888,50.95984608144836,18.611570875120506,5.530341803905059,5.713884666337368,-25.347893308325098,16.960466,1.003208,0.08414902,0.085706115,0.072955154,1.0
56361520092917504,53.745129435255045,17.7095324335085,6.316605445086795,66.11583481310828,-42.50940446839581,11.554373,0.9161736,0.016103024,0.017932443,0.015303705,1.0
56395123916977920,53.116174939927554,17.724787941976988,6.693788218441199,15.10023088427583,-82.1044338761304,15.814186,0.9865284,0.044875946,0.059111234,0.040147133,1.0
56983706234931328,54.75145293517589,19.119960097786613,8.965169476776117,-24.937274224780015,-47.95878592261724,14.526627,1.2347108,0.029003736,0.03464867,0.024692325,1.0
57023632250818304,55.42942337754595,19.231039747153503,5.850538050356732,-0.7924133593320857,-59.38536747095033,14.630606,1.085273,0.028045421,0.03096912,0.023184167,1.0
57199347953144320,54.358450295636416,19.526168201877706,6.997832805958383,-34.41747477125712,-60.411611754007,17.49932,1.0575027,0.13585216,0.13150425,0.09006026,1.0
62547647388562176,50.81783679131843,22.74234068724756,7.1124264408931515,-4.5644051745046825,-15.780095585167697,14.616285,1.2146372,0.037524242,0.049022377,0.029392371,1.0
63050536518896256,56.272688741371056,19.49325234433657,5.859379612558716,48.27916946804031,-13.374877300154395,16.30204,1.0722767,0.06983282,0.07308277,0.049750816,1.0
63065654803763456,56.34083719355663,19.830878022364498,8.940558760804125,2.052956251524342,-44.023671166338616,15.027956,1.1137837,0.03141631,0.036212023,0.025539817,1.0
63094894941091328,56.77370761394805,20.010169425429392,7.558265227588301,18.949344980183252,-47.06775598455637,17.403084,1.0188955,0.10275393,0.12662825,0.090159826,1.0
63248341236049024,57.05393857639923,20.68540706332634,5.694985968482759,-11.17963504824948,-15.603858441782032,17.310741,0.9807129,0.10050237,0.116929695,0.08133148,1.0
63254736443840256,57.28316580246524,20.879178723022942,7.890951149440922,23.809747916358923,-24.42467772502583,16.13253,0.9933482,0.046606965,0.055538885,0.040088553,1.0
63282086795536640,56.57069494971984,20.750859345502214,6.488200553660665,-7.706908866945417,-89.93069878395087,16.71763,1.0714177,0.08402662,0.11245441,0.0716446,1.0
63366573096225280,55.541382109939676,20.68691059190084,6.571516593657993,14.919223324686177,-33.54682474971995,17.465004,0.96742916,0.09480805,0.12822513,0.08831144,1.0
63408015236754176,55.04405415125902,20.569620405631333,7.907075191892009,35.8549632543445,-96.44700646524811,15.4743805,1.0549152,0.040887978,0.045432992,0.034181498,1.0
63494052021600000,56.16545068657231,21.076014626527353,5.827992219779537,18.363124127498928,-25.32128117547247,17.364258,1.0074701,0.106716506,0.12804766,0.089555226,1.0
63538960199573760,56.48800694094127,21.512873624466547,5.519525154833664,19.616509147124475,-23.90418526657715,13.182517,0.99659044,0.015855065,0.016953502,0.012651505,1.0
63546038305742720,56.01050989862372,21.22094570695962,6.93362204519199,19.849817119868604,-43.696947383979456,16.90566,1.041533,0.09373433,0.10663762,0.077081874,1.0
63678392019070848,58.089567431170195,21.546272529964433,9.343400780633624,42.918094062843984,-39.79543850695934,17.565096,1.0025693,0.103752606,0.120728575,0.08677978,1.0
63680625402087168,57.89076747919048,21.53742706571527,5.715867315482675,-13.38083600680814,-18.757409975116513,16.400131,0.9657508,0.051001217,0.062940486,0.039988894,1.0
63849572235829248,57.849549024507716,22.11318468183651,7.293487191777333,18.72094455267673,-44.616996176998065,12.724305,0.9994613,0.0153987305,0.019641692,0.011238499,1.0
64037588724758400,57.633191798463365,22.146378224514084,6.946839356563111,18.11400285847659,-41.36257881932376,15.981156,1.1126527,0.05081708,0.05857537,0.039803162,1.0
64072910533384832,58.00900414250341,22.49480724795535,5.9148966727381405,40.34859291609129,-6.615561424318157,10.884972,1.3769021,0.021324122,0.028349113,0.015032174,1.0
64131150292139648,57.156918510526815,22.769113512032003,7.232192097987376,19.031578474328004,-44.591028325201925,13.846435,1.3086542,0.02286525,0.029613242,0.019023916,1.0
64346276612274816,55.684889188557875,21.853444783997144,7.60031218737857,20.812982593646595,-46.60686632968775,16.967855,1.0590118,0.07404796,0.09030313,0.0671247,1.0
64407436946479360,55.13245433523371,21.9978174487617,9.501172301726932,28.643304371116315,-40.48208920101948,16.74343,1.0287291,0.06169579,0.07883724,0.056884483,1.0
64491476570532608,54.21434881549431,21.950463968780642,5.620004093291637,36.34663681381038,-16.426846873459727,16.050093,1.0389147,0.05904316,0.0686548,0.042266365,1.0
64635821831183616,55.184377479914616,22.486908917230576,5.769399531785959,53.872088668512156,-11.04975937280182,17.19249,0.8846326,0.12828834,0.116383,0.09749572,1.0
64734709159049600,54.93055020913032,23.20691287032353,7.2387017323196385,20.62145080063228,-42.99560218792961,17.339174,1.075769,0.10588192,0.13341257,0.090724036,1.0
64770241424108032,56.174349922317965,22.464346002407783,7.552546175586704,22.07658515026903,-45.371615655295926,10.5909195,1.1492659,0.018995658,0.022160053,0.015413303,1.0
64848165014099584,56.28507607213645,22.803925303405094,6.509639322019437,34.60650344365738,-52.339117589464664,12.356294,1.0372591,0.014341262,0.016974324,0.0117804585,1.0
64950625753906176,56.580941040597686,23.01531666211118,7.344796578090292,18.786201329652048,-44.40578012351477,17.653503,0.99083465,0.21626209,0.26288536,0.18207149,1.0
64963514953278848,56.87189584862981,23.38812636670652,6.45950216169396,8.160627816938922,-11.689587723108463,16.15623,1.231375,0.06539495,0.075251065,0.056211177,1.0
65008010814357248,56.68002306054683,23.62260295725321,7.331377767684079,19.032958763484334,-44.73395614195889,17.381496,1.0776341,0.10076093,0.11078766,0.08754032,1.0
65058760147520000,56.03890906143864,23.146191500145903,7.24755258395974,19.61969983571182,-44.38208098727167,16.57428,0.99937665,0.08582432,0.078162916,0.07040221,1.0
65078929312363392,55.676709429387024,23.33896669258058,7.478305728429821,20.645758346090915,-46.35373552612505,16.412167,1.06617,0.09894003,0.09537765,0.07207463,1.0
65147438335354624,55.395066430632234,23.637539929718397,7.346245651129198,20.699690576685796,-45.86647144833789,17.286898,0.9835673,0.10150507,0.11160283,0.07535826,1.0
65163797868281088,56.358294965270254,23.430022924426066,5.95676284789145,16.15513381249811,-35.83494257628211,11.943017,0.9288403,0.015438841,0.018952651,0.013794754,1.0
65168844452782208,56.318456582513555,23.566974495922615,7.089320664949418,19.654261864324322,-44.79677199809907,17.820105,0.9112794,0.13253304,0.16745098,0.104911745,1.0
65194584193758336,56.26375187558317,23.839209317701982,7.434634406907008,20.34332411764256,-45.77202907717511,11.684071,1.0351657,0.016497875,0.01953231,0.014463554,1.0
65211145587780992,56.64972601817595,23.966825124571223,7.232270978962829,19.293091542047552,-44.06839315224453,13.736212,1.0316483,0.021978041,0.021973943,0.016105747,1.0
65212107660378880,56.767658409458,23.995012914402537,7.401981307676885,21.32317472970832,-45.436982058241185,8.332108,0.8982019,0.027329711,0.03173103,0.023802638,1.0
65212760495396736,56.855682971871175,24.04895316921223,7.381110433788618,18.361796049409968,-45.828109859833404,15.390224,1.0565096,0.04158474,0.04725917,0.030816667,1.0
65214409762926720,56.454022199513645,23.852686378846506,7.4607736871596835,21.187427183234853,-45.39186369950472,13.566717,0.9892889,0.016927756,0.018791787,0.013739385,1.0
65214856439472640,56.46044167389074,23.873754046000364,7.212553394372475,19.875287535982068,-44.652175526037105,13.134053,1.0177566,0.014310282,0.015670028,0.011228337,1.0
65241313437941504,56.13322156163397,23.875211468904485,7.357232412939338,19.612794179791926,-46.53499963859164,14.404743,0.9595992,0.03812598,0.04893924,0.0379061,1.0
65264265743073664,55.80795604722713,24.138891393665382,6.673477196017344,11.739731914826127,-15.333930859611272,17.005173,1.0036447,0.070504464,0.08124323,0.059623107,1.0
65394695310341248,58.46865576592402,22.626064661678146,5.963666741325101,20.48942392038706,-23.909632100416715,16.067968,1.0489938,0.049794387,0.056167256,0.03916522,1.0
65421014869982848,59.133882596380104,22.930081293298446,8.065602840158192,24.71538536932538,-23.133125967535918,16.582624,1.1139228,0.08279162,0.106336616,0.056422684,1.0
65468843626374912,59.58373111061274,23.095685636371247,8.622976555324861,-20.24082273103947,-14.2942579449784,16.642712,1.0832098,0.06875179,0.07487944,0.052616052,1.0
65671634801986048,57.83124732910963,23.16358608120615,7.282151258469367,18.816939814241895,-43.442427037819215,16.071117,1.0601745,0.05306098,0.060433485,0.03721254,1.0
65754132533479680,59.10954690163254,23.784745737558087,6.371526696633414,23.230170071421977,-40.599510841582514,16.67477,1.23598,0.188475,0.27887514,0.17736554,1.0
65754132533480064,59.10925688528594,23.784116486481206,6.556004707577402,22.748030468836106,-41.7763908411,11.106003,1.022179,0.018677402,0.02201321,0.014191361,1.0
65810379422558848,58.894794722710685,24.017474073254924,6.0834744026860825,-40.24266790719908,-17.411792205720705,10.999868,1.293693,0.022688873,0.028603194,0.01773458,1.0
65963348980559616,60.03762711608223,24.056931001364156,7.771396574481468,19.04280374895915,-48.45732311959461,17.04558,1.008169,0.08912477,0.085099496,0.061908472,1.0
66225170184663296,59.35618431935339,24.557277137747796,6.275531200438911,-11.134909972253226,-89.27418325045295,16.400486,0.7249847,0.11598383,0.1437473,0.16714053,1.0
66359241886047616,60.077773400416,25.04742797998319,6.825762815655965,-3.08448107598809,-14.576483109460487,12.671133,1.0806878,0.018373242,0.019580955,0.012713856,1.0
66452837814831360,57.521277532755526,23.69121578438048,9.173039056594874,47.115611853241965,22.37618805070592,17.16127,1.0540673,0.09433254,0.11784298,0.076820225,1.0
66473178779856768,58.138996019792735,23.851738078375988,7.437968020642974,19.552198149833778,-44.83384243068203,16.476507,1.0843358,0.060377244,0.06676899,0.044101574,1.0
66473728535654784,58.18460820130285,23.904011569483767,7.465864814559664,17.715811296632815,-44.78734856986105,17.981903,1.079547,0.1457759,0.15758206,0.1148875,1.0
66474450090139008,58.30513663992306,23.927885077275356,8.456039156387316,12.056254148420853,-46.30708322534767,15.295635,1.1325527,0.037682142,0.04111482,0.026581205,1.0
66554714438812928,57.5493045730534,24.29600394888421,5.854057728413541,-10.177939181620674,-15.290524601266547,12.945273,0.86728615,0.015039054,0.016842505,0.011422573,1.0
66642641008348416,58.07318033775237,24.455326780874916,7.408523325027352,19.24845000057392,-45.38210001648304,16.535604,1.0566463,0.062360518,0.07894985,0.04863827,1.0
66665902550940672,57.995147229750785,24.66772413079618,7.266969975379016,18.00523712707878,-44.88706041466088,15.61589,1.0646888,0.03739442,0.048752718,0.029361319,1.0
66697547870378368,58.04731536299622,24.930009343431188,7.724302179446776,21.713811771635392,-47.755160217941906,16.585989,0.9997602,0.07091341,0.09471062,0.05136304,1.0
66765855029760768,57.18905902932668,24.62379553563966,7.2470152566928165,18.353170480447446,-47.146310391060766,17.289736,1.0324576,0.12882957,0.12518986,0.105665684,1.0
66784336272867456,56.51664248149457,24.38577891175629,8.757279396414704,36.41008614650336,-6.6465005396930446,17.941526,0.79479754,0.14450976,0.25201455,0.13824925,1.0
66793583338514816,56.70512196594524,24.599825599962905,7.386768646636278,19.352159230912562,-44.34839052032413,14.310514,1.1212512,0.02061157,0.027618961,0.018127594,1.0
66818322350220416,57.09512296362547,24.814693582624564,7.455007092647663,20.025932282537518,-47.51493543992956,15.761837,1.0198263,0.054515798,0.06398178,0.053829152,1.0
66852647730267264,57.77331327973776,24.7365778100684,7.243738617452612,19.98616428855798,-45.29769641617262,13.310761,1.1109239,0.017676247,0.02256341,0.015453374,1.0
66957994687842176,57.64893550920422,25.4263087706472,7.2922429808358755,18.294899007126467,-44.33948783446367,11.730169,1.3848734,0.024515567,0.026344167,0.018056903,1.0
66982458821495424,57.671764133234255,25.65830715785549,7.5531174702120305,20.202756856391737,-47.39138443471077,17.51472,1.0171729,0.12226855,0.13674496,0.115181595,1.0
67006304478724736,59.15299766559172,25.009478736328063,6.315704422348977,-14.79988623533908,-13.775550708673013,17.442043,1.031536,0.09995523,0.12131053,0.07237384,1.0
67034994860213888,59.41952732013603,25.26769486416804,6.7108922932891,17.219712401420157,-41.71038219859663,15.463224,1.1028457,0.052620303,0.05948896,0.033239547,1.0
67304959325424768,58.28042846026789,25.78915388449124,7.4420275178851645,20.009029858336266,-46.614910917999694,17.576826,1.048844,0.11077429,0.14352198,0.081524625,1.0
67386323185773568,58.36109600324972,26.196951152568047,6.995877945348121,5.564547626961302,-55.35528241288723,14.579732,0.9937847,0.02584298,0.028625213,0.018642679,1.0
67449751262428416,59.38530970182254,26.356676348266227,6.0684461949702335,149.29011555839298,-30.11818565587679,15.924846,1.0657196,0.051792227,0.06589982,0.035770543,1.0
67506238672049536,58.47812268527615,26.596694227445496,7.496805233425392,6.177539518469145,-30.79427516432505,16.482523,1.0047032,0.058799293,0.078439735,0.048991725,1.0
67542659994647296,58.81043741889387,26.989898401897094,7.1119416654170395,-18.65972657759103,4.240087778014193,16.579275,1.0234627,0.113015264,0.14616893,0.08635392,1.0
67944875090546176,52.82661063879809,23.48481821803443,5.658631199798168,43.77441243786981,-60.39933555648069,16.23992,0.97324747,0.062469453,0.077803314,0.054070473,1.0
68120418994061312,54.92139561721088,23.47300154429505,7.2703253135617745,20.794171871057205,-44.543631001832466,17.177141,0.96693814,0.079357505,0.10201702,0.08207122,1.0
68164055861758976,55.486414672316755,23.978564380393955,5.773484600060893,20.6794947110266,-32.271768767543804,17.456354,0.9699752,0.10926828,0.13134162,0.089260034,1.0
68198278161036928,54.66361059109226,23.96267311608413,7.601542137972996,56.988839145422375,-17.55715153727401,16.726593,0.9299629,0.08950573,0.084466845,0.06297948,1.0
68212365653772928,54.349547512852205,24.04564538909629,9.892932769169022,29.709381531662768,-63.13875387311561,12.571595,1.2774638,0.01678665,0.01725904,0.012924761,1.0
68254765570883712,54.69069200480823,24.46757118115734,7.343794226671882,20.48662881723542,-46.14199897219629,17.32352,1.095516,0.10900396,0.12832598,0.09034857,1.0
68265588889169664,55.512030567887706,24.20989889241827,7.373741972330631,20.322957238161404,-45.864470978991804,15.268429,1.0553981,0.035662267,0.04109065,0.031692166,1.0
68293729514855040,55.930266895087854,24.374390241889614,7.41282032449915,19.47970969626966,-40.04826146758642,8.198288,1.0340874,0.03310445,0.032949086,0.02309944,1.0
68294554148575232,55.90390788823755,24.39378107217672,7.396111724020851,19.55133983597039,-44.492940934097646,13.636955,1.0529833,0.018691756,0.018595636,0.013181884,1.0
68296890611072384,56.01485828940102,24.50404176791731,7.386998687843288,22.07258673357898,-45.87187150601032,10.5296545,1.0499159,0.018833453,0.023028173,0.013349686,1.0
68409487473090688,54.395532940332224,24.236398047705695,6.386770513690612,17.948754619228215,-39.381595896287806,10.443639,0.9142552,0.016097669,0.018098375,0.0116711315,1.0
68449757086421760,54.72576070048866,24.704218228358506,7.859327811537192,21.82394240715693,-46.966397357964595,17.407322,0.9957497,0.10317118,0.12080711,0.08931444,1.0
68501842153545728,53.779223015982645,24.799166003806633,8.732379051730522,49.95369860306694,-67.14686276644355,17.651018,0.89822197,0.1427595,0.16786827,0.116707794,1.0
68506347575444096,54.264567775408686,24.743022931744804,7.3915386050814895,20.064749700387782,-45.39836295502678,15.023798,1.0197415,0.029275285,0.035507508,0.026137056,1.0
68508855836353536,54.044060850494546,24.766465090166236,7.986263574373891,22.893949726152307,-49.47233265563488,17.16749,1.0026593,0.09872608,0.11274471,0.07966567,1.0
68624613795266432,54.60099903259686,25.330201254399686,7.1401376918502075,19.258512452782078,-44.08692682240532,17.096783,0.95087904,0.09051608,0.09881103,0.07112865,1.0
68648871770628480,54.91602218982027,25.484820389749803,5.60655287320654,-2.235915801946625,-41.967512869327145,16.748571,1.0083215,0.07024675,0.08984487,0.06446513,1.0
69107230679883776,52.022640406927245,24.78071368473992,7.506756594396675,-0.28770377743782927,-26.596639387137174,16.135452,0.9992016,0.048310287,0.052768312,0.040984016,1.0
69260990509512192,53.3100112781537,24.835427662311588,7.995673577424718,23.409762302276707,-48.14665499567388,16.93472,0.983129,0.09031878,0.09053723,0.065585725,1.0
69498725538868352,54.38397167008665,26.20363403536074,6.333807561798008,18.056898422838483,-39.17633679435553,13.689861,1.1618,0.019594613,0.020774055,0.016703285,1.0
69689937483616512,53.32399465547747,26.343878565494435,6.412601781192772,43.265515589806114,-32.5985093705579,14.838527,1.0120617,0.0417295,0.050768677,0.035073288,1.0
69747794985883520,53.28548611426677,26.603310000110294,5.984021712445003,-0.1009024307959141,-54.31906406891701,12.398692,1.0999392,0.013563107,0.016276062,0.011839609,1.0
69763158085629440,53.063840165514655,26.69831308698733,7.862971098710091,24.78881122415947,-46.55465213999452,15.491304,0.99106306,0.041354258,0.046525642,0.03566851,1.0
69854348831573504,56.725205994094026,25.24564655686341,7.177210726519302,19.379964752822495,-43.662358221933445,15.038713,1.0530971,0.033257093,0.036323443,0.026946051,1.0
69889876800977408,55.98631467387493,25.26208174501833,7.4793004006386585,19.99247462636992,-45.783661946124276,14.827288,1.054227,0.02723052,0.03125465,0.02348408,1.0
69932276717968512,56.125404530638,25.596210762222004,7.110221839905991,20.052721267974036,-43.57713254051983,14.340455,1.0751115,0.02098068,0.02601652,0.018019004,1.0
57216252944473856,53.711127967316585,19.36311814988192,5.886397519964642,-46.96144540320177,-53.71915487691112,13.975397,0.9740698,0.018500663,0.02070012,0.016526144,1.0
57317064416493312,55.18586433189758,19.881760646288498,5.9373192743228955,-3.301096284046272,-76.00901468166343,15.48006,1.1125233,0.036537956,0.044051953,0.032790225,1.0
57319916274721920,55.13496604273787,19.90821987401792,6.748246564058824,18.42629749475563,-41.790013829520355,17.4204,1.049801,0.091991715,0.11110837,0.08775266,1.0
57463260807364352,52.44425557465197,18.738638054926437,8.141358072495905,-6.767946366953303,-45.44053839465701,12.558633,1.2064914,0.016165208,0.018336806,0.015648248,1.0
57685641330355712,52.58993475722038,19.701063541014946,6.878342972566989,-41.272937406779114,-14.066710043319114,16.130945,1.0169288,0.061116777,0.055331253,0.047075167,1.0
58448942917930624,53.7542241203351,21.272877747384612,7.66765032107952,9.941257515529792,-15.955527079735264,14.859608,1.0537351,0.034976184,0.039574042,0.026904928,1.0
61004684680591744,51.712103566613635,20.91839913266438,7.9196570465397675,69.03416447527825,-9.909183805059108,11.7623005,1.1287242,0.01639352,0.023377988,0.014828631,1.0
61131579491286912,50.46986512017943,20.838454680936305,5.855378756570786,22.07226299872782,-35.104913378251645,17.306507,1.0064955,0.105973765,0.1314796,0.10015158,1.0
61520085052632576,52.570510233782876,21.59033592878679,8.59918602213192,30.774516745753427,-45.63249634895713,10.071897,1.2315199,0.016506739,0.022036627,0.014126726,1.0
61716313518984064,51.144185388623335,21.861962061794834,9.076322557986648,4.891262934579798,-2.560897592971184,14.643174,1.0647485,0.024614392,0.027409142,0.024712335,1.0
61891685623324544,52.147980317057005,22.786769390649333,7.968492089103275,4.135170752676599,-17.326964428337636,16.566463,0.9136788,0.06453001,0.07458811,0.061170675,1.0
61903333574513792,52.14352011730012,22.98483333584194,7.121114967845717,-32.21271727303898,-13.018605090393601,14.625825,1.1779115,0.03158348,0.046891198,0.02969758,1.0
62507274696032768,50.5486976016647,22.29034864406561,5.747842157155174,-12.730607489882527,-14.295485575344976,17.412428,0.928456,0.092121415,0.10292226,0.087131776,1.0
62644060814281856,51.487116928450526,23.055250164366818,7.722662702597885,31.071298943524585,0.31495051743965297,12.236279,1.08944,0.015053004,0.016906615,0.015517997,1.0
62704117340841088,50.829988408470946,23.1368392806795,7.448729949198795,30.916655867297877,-5.173501567921303,12.082121,1.033,0.012867971,0.014221047,0.011895048,1.0
62724977998027264,50.992237973977694,23.33264983351878,9.777707246663185,34.6845063250568,-53.44833482862293,15.952327,1.1282406,0.04834834,0.055457402,0.04676925,1.0
62758405727370368,51.13975035336555,23.708349550619253,6.490447294408914,1.3847337158918789,15.767715398781283,17.708498,1.0181742,0.15776283,0.32157806,0.16964306,1.0
62999787185587328,50.093119890444775,23.956330003981915,9.303349279853022,6.346090047305214,-92.93637021453132,15.549074,1.1032536,0.03743317,0.044527177,0.038607325,1.0
63243363370433152,57.480640787191646,20.828050408875164,8.802452372060957,61.18648755116901,-15.941152941597926,16.557104,1.0243621,0.058049344,0.06748998,0.04500646,1.0
63415230781874432,55.41635922800061,20.78328323004764,5.819199973135362,-30.849123703203553,-13.218557412229186,14.965365,0.9613183,0.028841086,0.036999024,0.029063726,1.0
63420797059423104,55.061785739841994,20.67810162556317,6.516165726442328,62.49161534240635,-59.916671754268705,17.096806,0.9409011,0.08401313,0.093843535,0.07547993,1.0
63436396380626688,55.14725093305028,20.965557633826194,7.589501273110353,21.391571909544552,-45.20769139946536,14.841508,1.0194958,0.025133824,0.032165777,0.022734314,1.0
63553700527386496,56.057581214250376,21.328461515151464,8.142101138263376,-6.065317171069299,-36.43502007725567,16.852802,1.0154973,0.075756416,0.08887897,0.06288905,1.0
63773774653147904,58.19032854954304,21.688685952062063,7.149206756696743,17.87536259125583,-44.37111557160527,15.726802,1.1235491,0.051077396,0.059168167,0.038665667,1.0
63795455648004608,58.64505953991257,21.88371044606809,7.257017840659242,18.870919452909376,-44.55006354269242,14.622399,1.0450507,0.026235495,0.033784017,0.019000633,1.0
63838886357191936,58.07697232889908,22.014709445044918,6.66285797161025,17.86528407768666,-41.44995948015068,14.832637,1.0579791,0.028085016,0.033563804,0.021978866,1.0
63839023796354560,58.02785653537796,22.020523597640402,8.012548161643274,20.26129682172177,-48.83380959440387,17.154518,0.9361239,0.09163586,0.11883812,0.07063137,1.0
64024081049308800,56.669225217102046,22.367526920156397,7.389174547498765,19.235697142782712,-44.28196746663052,17.77013,1.039121,0.14713916,0.16516528,0.11924009,1.0
64032503481665280,56.843674396417384,22.519560464164275,7.412149673861739,20.57447316080448,-45.52042201939867,17.588257,1.0717633,0.14067242,0.14934547,0.12324532,1.0
64404928685654144,55.36196618041791,22.158841683530838,7.294521463305976,40.05006163430876,-49.88532071416332,15.8237295,1.0223536,0.043132033,0.05210838,0.036330905,1.0
64437742235742464,55.62308311704075,22.395901267755203,9.054904408476196,36.25678975941076,-49.94809078091857,14.910461,1.0305064,0.032411456,0.036673777,0.023892654,1.0
64555046382371328,53.78023122493834,22.096450490735688,5.724979429989859,75.00564354439013,-65.72699791498115,16.353039,1.0252614,0.064040296,0.07318915,0.054285873,1.0
64595247276217984,54.01252149313293,22.490231745083296,7.091449256725753,1.6097637858664449,-87.50498156508847,15.252007,1.0767217,0.037386402,0.042172365,0.031467915,1.0
64600813554014592,54.93418011873759,22.12920112313305,7.1019984947196955,20.74256943499833,-42.9573727202379,15.5468445,1.1068015,0.044233575,0.057467487,0.04177042,1.0
64623387902044672,54.735818320326906,22.413958390632935,6.338377772024196,6.6837297296071565,-70.9356808737318,15.84802,0.9407174,0.045144066,0.061784737,0.042641256,1.0
64717980261691904,55.00763247494664,22.988783690863094,8.818765717328176,20.59809290566941,-67.28394201780743,14.183131,1.0483502,0.021577705,0.023807345,0.016686909,1.0
64753405152408320,56.38584568888629,22.356001805077884,6.125859846917673,22.40389562306502,-14.91713582117402,16.470707,1.3934658,0.0848419,0.10376751,0.07894426,1.0
64796801501837568,56.31630386509074,22.637643742595113,7.524860270853136,64.46648070941096,-76.14307126969742,14.279295,1.0161091,0.023213435,0.028216055,0.019643549,1.0
64805597594938752,56.489976691202514,22.799142288455386,7.5792685575766,53.68224433770259,5.382806493136262,15.939495,1.0816936,0.06090557,0.05966561,0.0461844,1.0
64827416028771456,55.73350640781742,22.542479928914418,8.212059712921317,-25.13293905759909,-78.40067882862338,17.56018,1.1139557,0.14322639,0.16571714,0.1258426,1.0
64842362514916992,55.797503921963724,22.86878550883285,6.905235984429305,3.992719411737089,-48.96402304274146,11.051395,0.78123564,0.012477959,0.0152566265,0.011333901,1.0
64845484954968576,56.31517276326032,22.7432194285093,6.649258171529391,59.386215670304125,-53.1977043487077,16.405645,1.0148442,0.06387172,0.07175688,0.051746484,1.0
64860367017771008,56.45052688218658,23.034555255180305,9.298774689726056,44.339737482909115,-32.25283857570012,13.479476,1.2092806,0.017349413,0.020043809,0.013034491,1.0
64871740091177600,56.2951245214628,23.049309323098104,7.3307637033988735,19.70437457927786,-45.59557687910834,16.29566,1.0224223,0.060016222,0.06740147,0.043497443,1.0
64915754917051520,57.35676779986823,23.047107208330427,7.539613373579104,21.638262819005256,-46.67035897159861,17.31056,0.97940594,0.089505695,0.10374957,0.072997026,1.0
64951111087777536,56.650363065254425,23.071293292300773,7.834199597535483,20.97089199836786,-46.8799865625298,15.922808,1.0419477,0.053876076,0.06998189,0.047297996,1.0
64952829074688896,56.66674719150831,23.110124081170717,7.391158486799486,19.26270138389062,-46.76202027354881,9.295629,1.1259955,0.020554867,0.026191497,0.018054469,1.0
65011962184337664,56.96658486416223,23.66317575454774,7.8091896514290235,20.613921327030738,-47.069554481239216,17.058777,1.0405909,0.10996326,0.1104931,0.09280457,1.0
65014985841292032,57.07240387537332,23.806397361704857,7.160999926269235,19.836314489992358,-43.429277219843186,16.735138,1.0162568,0.08132009,0.08828972,0.06338292,1.0
65017627244152064,56.837462886443596,23.803141100251725,7.312944753255134,19.09568001950756,-45.519794998351045,6.997606,1.0218508,0.039188825,0.04289787,0.02832335,1.0
65017906418989312,56.80702207600254,23.83129346815246,7.390669390750133,20.66186880960353,-45.95186620571028,14.748187,1.0817058,0.031746693,0.03670297,0.023719914,1.0
65053915424355584,55.564114916711006,23.191815889549062,7.248243663666067,19.927100246483942,-45.17265679717415,17.104906,1.0374994,0.099340156,0.105095245,0.084126055,1.0
65062917675789184,55.90246275018929,23.209320604597163,8.026309032888227,24.935121720088013,-46.60350583759989,16.419624,0.9302586,0.060288087,0.06340953,0.045002107,1.0
65161976802151680,56.245746416315335,23.38872896889856,7.5470189892983015,19.889033018800962,-46.94423051275082,13.3745775,0.94657576,0.017958445,0.022016658,0.015588151,1.0
65170016980919808,56.23629783447908,23.60638236898229,7.500034623921711,21.21935363059592,-46.27851751485042,16.171886,1.154042,0.06425519,0.08703651,0.054645967,1.0
65203861323189888,56.632982838632856,23.8616808919858,5.68958957416146,-11.983262136311962,-29.621011943705895,10.782198,0.93577904,0.01759053,0.017340641,0.012746388,1.0
65213172812266240,56.74722551551796,24.02839263224941,7.1077553498191515,19.231314049232395,-43.90906851628049,16.13903,1.1177913,0.06474641,0.075657845,0.057895012,1.0
65219078390661504,56.35423170074816,23.949827264354493,7.701295884441906,-51.22871795603078,18.591498483342935,17.646011,0.91922736,0.11028277,0.119154334,0.09252081,1.0
65228772133391488,56.491372159992444,24.14454409490353,7.56224918935397,20.64192353731954,-47.49822521472331,17.9169,1.0240954,0.13930252,0.1616776,0.10878331,1.0
65280552259109760,56.30484671502358,24.256408737061175,7.830308376105879,22.395162862478262,-46.54478166747177,17.197369,1.1298686,0.124682255,0.13268028,0.09256206,1.0
65281239453865856,56.37602962223804,24.312444915657963,7.338781422028091,18.946319933632715,-47.250448256608685,14.607255,1.0718954,0.026541505,0.03180253,0.022565119,1.0
65408473565507456,59.13775016153198,22.75731694563223,5.579772841042887,-56.539818125539,-49.27496217779378,17.521742,0.9841253,0.11085831,0.13474412,0.08447498,1.0
65419434321982464,59.39702269491067,22.985421583355603,7.430986194789563,18.61231286206045,-45.5792368331218,15.45358,1.0802506,0.042873062,0.05009405,0.028970653,1.0
65420499473872000,59.327103623560845,23.02402852797855,6.161164081707417,26.821097019898563,-41.823435395755986,17.189249,1.015834,0.099848576,0.11387766,0.06962825,1.0
65496331417178368,59.97423457364718,23.21679774201565,8.919446039918991,39.47212402701298,-47.775697797219514,9.129907,0.8930453,0.018880328,0.021303482,0.014865046,1.0
65633873447181184,58.83161696537091,23.359773230207804,9.588932804556036,75.02759163656413,-6.905355570209525,16.202839,0.4639984,0.58186716,0.62675315,0.3723525,1.0
65649850728088192,58.62878229873493,23.437445356504842,6.170879533502592,43.55826864250093,4.833689816495163,16.342115,0.99077225,0.052860685,0.06555857,0.039046805,1.0
65673593307063552,57.81600521946067,23.282072324477088,7.39121408595741,20.266120356445313,-45.198913858633816,14.110739,1.0752883,0.019582776,0.023781037,0.014768439,1.0
65720734868130816,58.35055879613578,23.799400414244115,7.3122275822989975,20.125369913789854,-44.914801582099315,16.478794,1.0887698,0.063898586,0.06820663,0.04533708,1.0
65775195052996608,59.604827774425196,24.016123941933326,7.477131647479549,19.664738605534893,-45.62571034716192,16.437164,1.097115,0.07620309,0.09301925,0.04813535,1.0
65851920348620160,58.97909153230513,24.37066461210444,6.55956215453376,73.6251691327184,-52.28827135863833,13.510554,1.0346851,0.020210458,0.024147328,0.013631308,1.0
65941427467512832,59.98914783548435,23.819158800167536,9.517213491413473,-52.38412247724497,-30.45434269773302,15.177397,1.062593,0.03513656,0.036607627,0.023380792,1.0
65976371321536384,60.3632240168678,24.130422184321194,6.516305564723133,11.760272814228841,-41.25776641202106,13.267106,1.0534083,0.015877025,0.019126443,0.010682997,1.0
66003305059450752,60.413114785226206,24.49981166952781,6.791434170180192,45.66258455988485,-15.435956829848275,12.755685,0.95040613,0.016109284,0.019203937,0.010774491,1.0
66027876570225152,60.90806832220486,24.229289867901763,7.851734375523688,-23.45516484725445,-50.24106104315767,12.135545,1.0560675,0.016054297,0.019337,0.01119821,1.0
66127725969700224,61.362415019123716,25.02991099985856,7.04870967559127,4.072516732782004,-56.60344279691957,15.389888,0.9940633,0.036069185,0.04237864,0.02502398,1.0
66199984498694912,59.99520578193801,24.52298410208753,5.8774280554098635,39.48144601019166,-40.796272412603756,16.15087,0.9830847,0.04785937,0.05746507,0.033911243,1.0
66453181412027392,57.49021652557216,23.724321434845983,7.226296204120492,19.09542860220549,-45.252255916425355,17.699118,1.0172051,0.11827104,0.1511218,0.08595796,1.0
66522107047046656,57.038448290869866,23.97778621777134,7.268901985724207,18.50190436130725,-46.78460799602044,16.513573,1.1327714,0.06341707,0.089545846,0.055103526,1.0
66522137109124096,57.042454617718754,23.9887810553353,7.155010040680028,20.40412533095061,-46.03483853838782,17.764944,0.99524105,0.118429884,0.16085918,0.09881076,1.0
66531178017967872,57.19179572682798,24.169978738090546,7.266633947167958,19.04569974764892,-45.24692745584717,16.580677,1.0282629,0.083195254,0.10180718,0.057470348,1.0
66531418536135552,57.2148810045494,24.20468553509519,8.842858306837066,19.992964095576234,-27.83030541131149,14.958524,1.0054193,0.0331635,0.040610828,0.024968924,1.0
66532621126978304,57.256307043180996,24.193801656627617,7.2574319959588145,17.890950946641645,-46.603874445360866,16.443531,1.0527023,0.06472408,0.08319025,0.049731836,1.0
66615496815113728,58.96856071499438,24.60615392302217,9.100122023874391,62.3546801927436,-50.95165255488421,13.485925,1.0778879,0.023521543,0.022292528,0.015058074,1.0
66640712564777856,57.972539587398884,24.386761624747308,7.348432689535009,20.07659425306009,-46.265278945627536,12.341359,1.3256525,0.016493533,0.022170236,0.013323563,1.0
66665902550940800,57.99722936044795,24.666178384513103,7.254904557109769,17.577519038694266,-44.62503895358003,15.811114,1.0751644,0.0421137,0.054643475,0.032951154,1.0
66714177981308800,56.87471148663865,24.096925873956415,7.3060498316672735,19.549174656906196,-44.04487051734967,17.279522,0.86351204,0.15838942,0.21262258,0.14868098,1.0
66734725106867968,56.81444649566894,24.39176364290305,6.954858021476296,20.305497758988878,-45.215230361288285,16.997358,1.0453055,0.12478726,0.14786366,0.10230049,1.0
66804406656115328,56.40309754227572,24.651676322824763,7.201061397315414,21.417715899391748,-46.242681287895564,15.301958,1.2912995,0.05701036,0.07044845,0.04664872,1.0
66878932929927936,57.75971818177649,25.055291200514677,6.276176566753496,16.34409640990836,-38.26526200990468,12.8764305,0.9955936,0.01878342,0.02474263,0.01203059,1.0
66887660303617408,58.01103965973418,25.10400177716007,7.409750575654702,18.401739366429393,-45.28473751782227,16.868773,1.0254073,0.090985686,0.097825006,0.076285474,1.0
66933118237319168,57.49246796172587,25.284893766193527,6.40800870749239,-9.389458316837237,27.92248524914517,17.87809,1.0535115,0.16423309,0.19196048,0.13582148,1.0
66945174207083648,57.12181557166545,25.328998334832043,6.90782309590443,68.39471565500202,-34.69653421608389,17.330364,1.2016375,0.11742436,0.1635726,0.091095194,1.0
66950435545271680,57.3346673052609,25.428301732688972,6.971480338793958,18.90808551277509,-43.69680503977185,16.213099,1.0176995,0.04854271,0.061910648,0.035125203,1.0
67098319857861504,59.04862368984066,25.389421559288916,6.646127242968684,14.283060482256595,-107.04931775581161,16.10151,1.0289321,0.0474605,0.059044123,0.035959266,1.0
67316809137374720,58.87706574482723,25.81993700903049,5.819499252191851,-40.20752352425818,-18.03461133215925,12.913647,0.8506585,0.015894823,0.01800966,0.01092857,1.0
67381787700522240,58.398054567533606,26.118798687539105,7.156593213590406,17.58749587725939,-45.23920402507784,17.003773,1.0807465,0.10382315,0.10200649,0.06315568,1.0
67547573437331328,59.191070587988186,27.073032046415886,6.012316103045305,3.9120232611299186,-13.75178616977737,12.90926,0.9322821,0.015367333,0.01816381,0.011433715,1.0
68097020012324352,53.53056707846046,24.344244949131976,7.368017028297914,21.590979151615052,-45.057868171096345,9.433693,1.052103,0.018027972,0.027697675,0.0190593,1.0
40226805430777728,60.01598477835549,15.960935460655183,5.813239587501574,-9.955311949826545,-1.2903020088734063,16.737833,0.96897626,0.08572093,0.09902682,0.057485394,1.0
40494875812246656,58.62072293674102,16.535253936247273,8.493346890269553,-11.18522828521002,5.276588527656534,17.54463,1.3062778,0.16761911,0.19944517,0.12633377,1.0
42494926119840512,54.20132373334385,16.123605871422946,6.231612763145144,121.09891257513945,-41.42022609018572,17.136902,0.9381104,0.094327405,0.09097161,0.07921143,1.0
42501145232430848,54.16721996665589,16.23646275686054,5.711847143099179,-2.3079152818211366,-30.617156775020902,16.48852,1.04586,0.07489027,0.07555733,0.05824703,1.0
42540762010825600,53.2236502138128,15.550068602976086,9.145499315670335,30.09277872934208,58.33936612618891,8.48455,0.98748595,0.028992077,0.02705103,0.025090205,1.0
42627726508544896,52.56936280267939,15.982235414799698,6.277363369241102,10.22322519666582,6.439839290550106,17.707367,1.1577011,0.1480644,0.1488685,0.12551294,1.0
42943251985754240,56.856264677316915,15.326830115981851,9.867164722475572,-16.49714540611798,-116.30495316601097,17.204273,0.94845814,0.1005452,0.13111567,0.09556145,1.0
43068596311355904,55.713188156548135,15.251968502610325,7.361827290958789,36.12184562607734,-46.98841423136544,15.42938,1.0492095,0.03795723,0.04229203,0.03103919,1.0
43589318147509760,57.89078272510066,17.061849374852557,5.851178262214737,13.433416557294343,-23.366351088574806,16.963171,0.9957622,0.087297834,0.098476715,0.067080475,1.0
43702189886776704,56.7479731032059,16.81822344326653,6.4143842639581745,55.219785863426544,-35.961426544684485,17.209879,1.0190163,0.10704458,0.12200457,0.07815133,1.0
43943567049101312,54.82572769896312,16.238927273945183,7.740285720258409,80.96567338963382,-41.73419867610821,15.901168,1.0804784,0.046400726,0.05343485,0.040605437,1.0
44029191517076096,54.90303811054387,16.60783432594597,6.594528174322665,36.90450903724,-5.335646528311692,14.822408,1.061326,0.026557606,0.033055067,0.02240706,1.0
44328018161614080,54.055410949613155,17.384788719076596,6.37248110193574,1.7051688194561274,-10.42409414532826,11.833292,0.9304393,0.015063722,0.016844662,0.011932438,1.0
44381928591301504,55.260702911604724,17.581567885133197,5.956532480201327,19.260555620240034,-33.05793127561159,17.44616,0.98854256,0.10618294,0.13067533,0.08327691,1.0
44581764827781632,56.390545157083665,17.74902095679489,9.042041232459013,33.711197171447225,-16.355959739449197,16.988785,1.0471226,0.07137933,0.092117414,0.06762373,1.0
44686390233066496,56.6948695058821,17.998535766424773,5.558353629501535,-20.054546374648023,-42.19729215249338,17.482973,1.0610973,0.13717866,0.16046079,0.10592325,1.0
44961371218880128,56.53359061083487,18.9410214307725,8.97883572765,16.82572730030151,23.011855983987626,16.851274,1.0115743,0.07260864,0.08898724,0.068320975,1.0
45203298135996672,62.61643747847814,15.440684571988228,9.531040024387556,88.59079115128611,-58.67455581951803,14.521307,1.0494093,0.031611893,0.041752934,0.027490163,1.0
45669937742752384,62.96061876431043,16.07966082171394,6.058432265903552,-33.740150303189445,-39.661426840057196,16.958252,1.1387591,0.085831426,0.10164341,0.07759119,1.0
45844141616391936,63.58221179015068,17.16338377377115,5.703038085165321,0.8175365074576848,-6.263643110289956,17.85613,0.95234376,0.13355859,0.1644898,0.116212465,1.0
45867231360568320,63.71744701080838,17.204535095153364,9.681008787308928,153.9877092498,81.61025739623405,15.694194,1.0834302,0.04380986,0.052896027,0.039836526,1.0
46065006014691200,63.63755117106861,17.556024638855828,5.558123007902441,17.955999568877793,-21.617577187896526,15.773896,1.2201338,0.05483008,0.06869707,0.047524225,1.0
46130289517516032,63.30727678383714,17.727762527185885,6.9091974896916,17.14223879579872,-22.509451132687765,14.30763,0.9886597,0.023265304,0.029713819,0.018556006,1.0
46165027214111744,60.57545891955997,15.87418512626535,7.536575723793387,81.97614788088819,-34.53003774023018,14.072002,1.0953523,0.020839384,0.025389198,0.013460824,1.0
46243917173293312,60.429691838496176,16.32407246544577,8.049207724771454,-9.568384303241725,-75.15997374456211,9.843311,1.1145207,0.01834771,0.022671178,0.014078182,1.0
46633522247102208,60.93772766752765,17.60022298485884,5.512797042980039,7.6780270683562115,-35.97793528436823,16.840044,0.9920386,0.0700908,0.08752739,0.048537206,1.0
46678018108254464,59.820966068396366,17.602219249534706,7.062495684208901,70.26563582450146,-53.91137901541902,17.43241,0.9701688,0.12271052,0.14117974,0.09129794,1.0
46685920848051072,60.07519016788995,17.728059992812895,5.815382073580177,29.02666074665565,-71.52546320233596,16.624245,1.0300539,0.062078714,0.06926489,0.04378186,1.0
46874143493615872,62.57029145992498,17.85160469084358,6.77327003232195,-10.938404825023023,-15.941295843869831,13.064852,1.2479147,0.017483097,0.023045138,0.017465947,1.0
46973370121755776,62.67208591637773,18.31242122724104,8.87028311147771,56.31844659385605,-16.952024073235258,17.713993,0.9541879,0.11951166,0.13971749,0.10882805,1.0
47105521972904064,60.92926553637513,18.346581199327634,7.667400714000169,16.43966988225987,-73.64990331291673,12.779115,0.9702559,0.012268122,0.01524542,0.008459902,1.0
47106758923486208,60.83782334848655,18.379009510076607,5.506402384761411,37.096887278053,-47.0459025049671,15.695304,0.99946934,0.03815197,0.04407925,0.029835483,1.0
47184613793110144,62.351163248602276,18.636379291443056,8.590243128496743,-16.022560841723784,8.669826421594202,12.413097,1.0401573,0.014539976,0.016645903,0.01292155,1.0
47583912609312640,63.98799429656784,17.89425487261737,7.473872822684217,39.24584636360873,-96.81436955942834,11.62079,0.95062107,0.016495414,0.019483605,0.014720898,1.0
47612396832446592,64.31345476783991,18.133820479217043,8.460974745843725,3.1625727129575476,-13.8397115209399,14.799225,1.2321237,0.03327705,0.041951515,0.029634258,1.0
47662012294520064,63.33773074474314,18.179592724532196,8.068080279375124,3.477476465939637,-13.385499709001548,14.10786,1.0513775,0.022896785,0.025145963,0.020018049,1.0
48430192964923520,63.41841869794685,18.57286281859647,6.611051503337086,44.56824662106544,-7.794654980448923,12.347932,1.0074347,0.014289688,0.017648146,0.012520034,1.0
48597731049569920,64.29474585307733,19.399213777238838,7.435819911201845,-30.848035157669067,-35.531678952797805,15.938714,0.9953599,0.046296604,0.059179194,0.040251035,1.0
48597834128783872,64.28783147802821,19.42577158690493,6.8009925764201045,41.250839274414716,-13.787013465202982,17.169613,0.997229,0.095690675,0.121645674,0.090649016,1.0
48933975447754496,62.89183901363224,20.188866019121853,8.124953752732408,3.926868161838359,-36.55206462301429,16.867378,1.0505905,0.084605046,0.113378726,0.081201494,1.0
49616394213499776,58.601022348773895,17.483037741471747,6.100432818421628,-27.688025534771903,-5.6225384493708965,13.531736,1.09826,0.0157181,0.017938295,0.011777532,1.0
50030807018456832,59.429016232739436,19.065350137064016,7.39590553049479,7.497823612621026,-27.992366748340352,17.523035,1.0819458,0.14484084,0.18797465,0.120270364,1.0
50309842454424320,61.48860435539059,19.61102996524442,8.847921239425407,34.30181397780677,-63.990386918198695,10.742875,1.1354516,0.02196535,0.023669055,0.016786378,1.0
50664331874668160,60.504812022911764,20.682114056024353,6.591268165701893,6.2310061904460765,-7.256466743636302,17.913044,1.0241586,0.1664451,0.2087608,0.115074806,1.0
50841490685750912,58.70217625100032,19.18186179092127,6.517124226212546,-1.9260901814211522,-34.48100990133278,12.584003,1.1755812,0.02416852,0.02570272,0.016954362,1.0
50856471531291648,58.80686451438622,19.504492522181536,7.583381790840154,20.109010327184016,-46.486984499728536,15.475814,1.0344882,0.040411104,0.049128704,0.031232323,1.0
50883886305006336,58.07481439788066,19.375845042206397,6.1762205373483425,-39.0983279431541,-67.03297858214695,12.337765,1.0694025,0.01675944,0.019161066,0.014123274,1.0
50940034414875392,58.37823369974322,19.906585282226132,6.947715598371501,18.912099794874948,-42.2042994157005,15.607092,1.0877742,0.04160213,0.050373543,0.032032967,1.0
51280814300043520,59.61125299564539,20.218752263540885,6.594649929151043,8.181531862271761,-7.613046344525987,14.17279,1.0649254,0.021850722,0.025273055,0.014540749,1.0
51307065140124032,58.70698572231984,20.03748525884304,6.674512017135269,17.181990859253933,-40.515385353326714,13.707586,0.9848976,0.01956674,0.022479594,0.01480208,1.0
51716392703762944,59.49519398365282,21.578850623286638,5.787651615071078,-5.781902272915834,-14.11047443758786,15.369894,1.006025,0.034231357,0.041131996,0.024501787,1.0
51717114258148864,59.312036777552976,21.51690519775812,7.108004178999308,21.520778497375467,-42.46287562556694,15.6706915,1.1736419,0.044831354,0.067532435,0.03463039,1.0
51765595848971648,59.29092419571437,21.60740677159657,7.206987481677237,18.315870271139914,-43.954755574556856,16.671072,1.0814058,0.07161286,0.10156749,0.055417735,1.0
51874997255145728,61.61932701510078,20.043644862217864,6.9440053828541775,17.336758655343203,-42.492839006239734,16.370054,0.90033394,0.059787113,0.08590667,0.047745567,1.0
52015867886237696,62.35323941668402,20.697654476599027,6.2617056532583755,25.529716135731746,-19.603166740332846,17.524603,0.93840736,0.10695904,0.14259183,0.0959556,1.0
52060642920946048,62.359686202917445,21.075396185390534,8.458019150340109,3.697112186817942,-14.457943625903615,13.05068,1.0698878,0.016495528,0.01937268,0.013539418,1.0
52274497933311744,62.00303109389516,21.469553848553055,6.55482118289913,-6.438015517851328,-81.40341025943542,14.860318,1.0639815,0.030486925,0.0311578,0.023930062,1.0
52375309404934912,63.13816110501158,21.03841346819043,7.226880609982846,1.7731794668217042,-13.321064660851818,13.524285,1.1169078,0.018299403,0.021030111,0.015308407,1.0
52597651272035584,63.48767562995009,22.192082543912388,5.746405981334055,-15.906970562377415,-91.20923745932146,15.028459,1.1163405,0.031847794,0.040545195,0.0293217,1.0
52750861345590016,62.82086855795655,22.25813733634408,5.620685626910872,66.70145405968603,-25.919237208969783,16.691963,0.9763873,0.069066726,0.08522147,0.0647257,1.0
52882321705330816,63.2905180591337,22.702308162585393,5.777076714140228,16.70825117901925,-67.06615955207073,17.296463,0.9263508,0.10187657,0.12092026,0.092430845,1.0
53153557481161984,60.687739629720156,22.11914270754416,6.919442349588106,70.01164473216217,-54.42787503245511,15.529715,1.0000168,0.040213753,0.04420759,0.024946177,1.0
53221452323623296,59.57232607289437,21.692536098251537,5.982413813323541,-96.13217354865243,-28.027785650178036,17.252134,1.0155187,0.08917361,0.099993944,0.062709086,1.0
53809381807508864,61.72414224405831,23.32423545677635,6.418957483006007,22.051966723533425,-25.675052851332524,15.844525,0.9493781,0.04307921,0.05469274,0.03586713,1.0
53822094910725504,61.40941464231992,23.416030630304626,9.57805533714432,33.93200058164452,-24.42207981782666,17.643845,1.1474477,0.13249277,0.17151462,0.09827387,1.0
53874390432351232,61.17296689317892,23.55189220895066,5.790078266023436,37.81988563380531,-13.165045528126933,14.882854,0.98381585,0.027384596,0.031698227,0.018379433,1.0
53958503070775040,62.18563047630744,23.996690256318065,5.887591786043566,6.819856769400859,-31.533072328762472,13.717607,1.0357234,0.019207863,0.02062376,0.015829746,1.0
53990251469061504,61.68330229283932,24.0993783674187,6.9059557833270855,51.92423726746861,-45.0595678201068,17.181799,0.9913702,0.0995558,0.1118618,0.07220805,1.0
54549112612021632,50.38303586448247,16.279102160003788,5.868384383645716,-38.94086811512659,-97.13103142778183,12.844713,1.120859,0.01706008,0.020679336,0.017313268,1.0
54616075446913152,52.17825372816097,15.928932263096408,6.735113574335022,48.80490460814887,-9.65095696610642,14.333691,1.1045091,0.027212037,0.028959816,0.022162182,1.0
54902498225298944,51.425137237512025,16.67083564107319,9.622615109911502,2.164304982893273,-1.3508798547277507,13.308674,1.228615,0.019496555,0.022379976,0.016578157,1.0
55001183689726976,51.2759493864468,17.184675125584505,5.839393542185427,67.83365550550425,-29.334425234162016,17.237095,1.1039993,0.10376553,0.10622155,0.08263475,1.0
55765241191170304,50.63635283502429,17.460376854127208,6.172842004432301,105.79537718897667,-27.38640296347182,15.559869,1.1159867,0.068532154,0.086249,0.08115268,1.0
55770532591625984,51.02383074501836,17.4018306027021,5.852527077492429,28.61227444147689,-27.381460910571768,10.6858225,0.9036111,0.015588213,0.018206067,0.01566598,1.0
55775682257012992,50.994921442640766,17.544046374626042,7.2236159242443785,-56.72673564880858,-69.21704726389612,12.494064,1.385727,0.018989228,0.020546367,0.017945234,1.0
55873199490967936,51.32319853157101,17.62640036830438,6.251254780354918,-17.078466444520824,-10.85338229675606,16.359531,0.97847265,0.060596306,0.07081953,0.05753831,1.0
55883438692986496,51.519369707218615,17.85418730860645,6.091852164999454,42.308483089590815,-40.85884705633611,16.808353,0.95928144,0.07783995,0.08608911,0.06614923,1.0
55950680700888320,51.00330675587669,18.13727532648178,9.830777234903001,43.88975857443082,-54.71527070815609,11.55267,1.0529395,0.016255155,0.020030301,0.015895654,1.0
56131065030384896,50.24423693573528,18.54631642719374,6.328914384479995,53.38038228877326,-86.81750665778802,11.421602,1.0456836,0.019732341,0.022324054,0.01638506,1.0
56180031953884160,50.38779125666648,18.621768066142195,6.791870001296211,34.68853824338606,-29.359399809212103,17.776201,1.0012941,0.13780016,0.1369102,0.12088706,1.0
56181028386373248,50.60544701307515,18.579113460811783,9.35789094148613,71.40373893623806,17.839251990820188,14.755665,1.152206,0.030459817,0.039349075,0.032402825,1.0
56210955718461056,50.879489098641734,18.862643402350876,6.718272595845502,45.658468281022834,-15.367844655444731,12.541691,1.1313922,0.013569808,0.016688135,0.012335796,1.0
56222397511319808,50.87888952302689,19.06582213697809,6.71896762674079,25.714068391927434,-25.716735612556356,16.256374,1.0642316,0.059348293,0.0797983,0.056995124,1.0
56363336862160000,53.81775290479284,17.77642645077891,6.727999835379671,44.137104008279145,-49.693538401126844,12.0376625,1.0192083,0.015109922,0.016838005,0.013955946,1.0
56679416392601856,52.315273608351625,18.398993536540612,5.575169496898694,-9.027313411377243,-18.608021907612894,12.643166,0.968976,0.017268918,0.030778566,0.019058194,1.0
56952851189837696,54.28346534007228,18.884964034072254,6.48665996263874,20.410064306117512,-2.990293843683692,13.252061,1.0018345,0.014488799,0.01728936,0.014620496,1.0
57180896772013056,54.42753960269528,19.36561484544454,6.141303712507374,13.403372364758656,-3.634620547273665,17.328539,1.0566314,0.14473182,0.22077255,0.14038444,1.0
57269647977774592,53.94875032607996,19.84407935172648,5.593039434711017,-11.729477221551647,-39.82761435335216,11.661412,1.0029154,0.01785326,0.018990153,0.014217782,1.0
57655301681353728,52.08630086939737,19.466155334505547,6.052467391555489,75.7656361251527,-36.188721182957096,16.728888,1.1202401,0.077293724,0.09753955,0.06391868,1.0
57932035014592384,51.54522209679551,20.03950542474686,7.063990100271827,-6.8822281750917185,-10.97088881194185,17.10857,1.0164894,0.086238876,0.107276976,0.075353585,1.0
57984502334711040,53.483458640862686,19.546081817475176,5.669927992223918,23.19521165955291,-60.44502957110454,15.207845,0.9391685,0.030713988,0.03734136,0.030692311,1.0
58011199851331584,53.48077229176426,19.883390215499983,6.024642557407862,12.786204841903373,-16.369226453732647,11.363957,1.053028,0.023778457,0.035981208,0.020368032,1.0
58034220876086144,53.85027209004109,20.148837990010144,5.679620042063313,71.89869535888013,-60.80421941133393,17.443027,1.0004771,0.10252749,0.106082216,0.08908666,1.0
58181589793647104,54.37330882629142,20.7907916579556,6.112968804136635,11.136080345115143,-18.89890920431985,17.43673,0.94484305,0.10797606,0.1267533,0.08529689,1.0
58231926810361344,54.1571403662263,20.853329132632403,6.160813336158987,32.906503574988044,-59.66891710648366,16.360006,1.0072805,0.07134575,0.07302785,0.047213946,1.0
61016233850509824,50.87161452990535,20.643379972648226,8.918381369794893,34.23830230098362,10.31542506639344,15.206956,1.0471247,0.038494017,0.0405423,0.029434515,1.0
61247612328359168,50.62751938749873,21.10683901411406,9.448992997817271,-10.761001026762422,-14.833621888155088,10.305721,1.1325202,0.017539762,0.01934957,0.01769472,1.0
61361514860946816,50.62213059912049,22.010298150493515,8.419232846734365,-32.928934103281335,-109.29118767069255,16.674,1.0687512,0.08250912,0.086727664,0.072950974,1.0
61404292734624896,52.42537187769625,21.316510760991083,6.926940574502379,11.084751355511427,6.563761098844859,15.157519,1.1120285,0.027428586,0.03204114,0.02489843,1.0
40050368174417920,58.881117898491446,15.046474650373556,6.638494305966441,-19.33619535444846,-17.07878578130082,17.100573,1.0094143,0.08341616,0.103978306,0.06220985,1.0
40064386947592448,58.51405272917215,15.141561285733385,8.440716684355532,1.3900273548535336,-35.45369759907447,8.866188,1.111623,0.019570915,0.023134036,0.017500592,1.0
40088851081342336,59.2010855149808,15.393233447172108,6.232634605979933,7.636115424338298,-5.953774508895034,15.373962,1.1951439,0.0485913,0.048153777,0.029466705,1.0
40154512541272832,60.2579976735765,15.59433531974046,5.593237217271724,30.433865104019276,-22.773935720263687,16.498325,1.076648,0.06460041,0.08270276,0.049369473,1.0
40421487708750592,59.12559414090487,16.16303426910046,6.842990044729912,8.047066325174049,-25.891255364178804,10.221144,1.1824774,0.024676522,0.024842447,0.018108038,1.0
40463612747580288,58.65664302442588,16.12228521404163,8.645624931912268,25.59752704123786,-17.94745315062304,10.4526615,0.9243349,0.015435,0.017518956,0.013206902,1.0
42352367565698304,53.199208045578956,15.473230297619672,6.424651497934879,25.035622346188525,-24.453740541473138,16.247503,1.0031961,0.06184491,0.062230032,0.050837982,1.0
42490940390149760,53.82330508850802,16.018106650346173,6.9776236999655445,-9.644031682809688,-78.70150160094525,16.22351,0.9840533,0.051499434,0.07296089,0.05102131,1.0
42495613314612352,54.14486262198054,16.122071162298383,5.962159874231967,3.6481183432798687,-50.150073258156276,11.804473,1.1178674,0.0198706,0.019930743,0.01598262,1.0
42577870528215552,52.26904910637992,15.52742815517841,7.244490378545164,46.307786330752336,-21.150375313295065,16.190145,1.0110509,0.046521865,0.058788367,0.046433926,1.0
42617933983171968,52.945874387681776,15.941379320154446,6.8404463220759935,23.160720642036644,-38.29842403265146,14.308447,1.0629127,0.022662768,0.024431223,0.021364331,1.0
42639958575383168,52.65369952870672,16.18321517415765,5.75486537219374,26.155355300776353,-21.02901407920108,15.912844,1.1812364,0.049619358,0.054837037,0.045968156,1.0
42729122096971648,53.17999012845538,16.39844113749454,6.294362224931731,-2.744510518490858,1.608540606465708,12.285352,1.0616425,0.017120088,0.02062436,0.013691606,1.0
42751524646364672,53.511496315921036,16.453456206810305,7.173747210720188,16.227510215989206,38.91372260557341,17.051497,1.0903516,0.09887919,0.102941774,0.08134147,1.0
42964138409865728,57.41984155028744,15.597932055182898,6.881372758837551,10.071616101288534,-65.4866073303989,12.427751,1.1394756,0.015843065,0.019016648,0.0128571205,1.0
43027673862987520,56.45091074140806,15.889259889716906,8.919246758805505,90.88680103282792,-51.022386197798355,15.249235,0.9938358,0.042034492,0.044523235,0.03372985,1.0
43268295111148672,56.587200131093525,16.3714293185245,8.8944277794128,33.577659184002016,2.0707524707698717,15.365872,1.0881885,0.041300315,0.04990613,0.039816476,1.0
43419100003152768,57.24875032495727,16.12826386589221,7.156109477140217,42.43142320086498,-60.039788848106376,16.205639,1.0848162,0.0502525,0.061721288,0.042741306,1.0
43644671684829824,57.1681061049994,16.714460090498694,7.657700545995513,14.624854765007118,19.093557860580407,15.00007,1.0550431,0.03280071,0.035719316,0.024295585,1.0
43697276444214272,57.28891106190901,17.1755938276956,6.781257271156967,77.7078466059661,-78.81894619258675,11.4265995,1.3292705,0.02453066,0.030018495,0.020896597,1.0
43777540794411776,57.59657163985133,17.207685930879453,8.900862552398685,-49.571899365190404,-135.32906256132088,15.648314,1.0078043,0.03547451,0.043647245,0.02695014,1.0
43990846049105408,54.60781981007406,16.27275759711048,6.253482641767156,0.12183567143633142,0.203485561748212,15.694393,1.2031931,0.044030547,0.048452713,0.038186137,1.0
44125639302615168,55.11980392519338,16.744910660602407,5.990927921598325,398.1308982317763,-227.6163876414293,16.099169,1.0380453,0.057392746,0.057242103,0.04295185,1.0
44207381120326784,54.31554423143269,16.697940528898073,6.1597415963827515,-11.881644434049994,-36.06972198072118,16.280708,0.9891544,0.056858663,0.07822333,0.056551546,1.0
44261218533253376,54.43631895489231,17.200960238664912,6.333667325772867,-1.6556196220044297,-0.19648958694377164,9.46624,1.0928633,0.023305451,0.023327325,0.017816963,1.0
44308398751083520,54.38880357748359,17.224602054427493,5.748449857108014,-26.53602654230102,-56.51797497203241,17.6017,1.1424263,0.17536631,0.18149866,0.1363862,1.0
44415768636720640,54.75969565513055,17.642363522412747,7.418014838953462,-3.8559132542593035,4.156849191666297,17.890314,0.9996122,0.14695726,0.187545,0.13035499,1.0
45219653371532032,62.89125074548694,15.620830607865468,6.118682242414307,59.6369891000994,-39.393257578478,15.989495,1.0167052,0.056286402,0.058276802,0.04750123,1.0
45532086472743040,61.57508232491878,16.18397656592427,8.68346493833842,109.7233233070277,38.590602899848804,10.618191,1.0361297,0.0231786,0.029137513,0.015162952,1.0
45569401148568960,61.77118482351746,16.482771013180695,7.262328359641094,29.06659536565903,-39.0241452624554,15.907452,1.0055336,0.04350049,0.049674977,0.038976308,1.0
46086412131677952,63.65397068181764,17.75730462446768,5.657838535638016,5.4184599857532865,-9.922205854548773,17.489017,0.9943191,0.099831946,0.1266193,0.104936905,1.0
46292536202985984,60.303273957230616,16.73244653631142,5.898591988250856,40.380061421923145,24.818588391020796,15.561091,1.0611659,0.038627807,0.043229237,0.030455532,1.0
46347649223923200,61.73256648276415,16.904611730649446,6.862583643510598,36.09007164492701,12.956118379796063,17.768257,0.96212196,0.14905027,0.18885747,0.12692174,1.0
46431658784058752,60.84320817423067,17.274127946287138,8.257185074465069,5.267048565899545,-13.644070058956766,9.577611,1.1601523,0.018384838,0.023871738,0.014225046,1.0
46623557923070848,60.90708251237172,17.477460059969864,9.087996918247079,44.65030275445655,-5.604305237983561,15.80219,1.1406456,0.045922443,0.0539296,0.03377198,1.0
46687329597321856,60.03422079304967,17.79091036310948,6.8877987686620035,17.873493445266867,-10.024759016496905,16.725515,1.2670014,0.074491695,0.08984388,0.057586752,1.0
47139984790538624,61.159336389072614,18.628633818018997,6.852186926500991,28.732973749360088,-6.947010104261427,14.5700445,1.0398601,0.025071662,0.028353386,0.01560084,1.0
47271926184832128,61.689211353780806,19.095013876651286,5.556864033465975,-23.553042532156905,-46.9901617603559,17.21362,1.0005455,0.082424685,0.097256154,0.078285754,1.0
47316005432912256,64.71544544198856,17.387880806233994,8.223586002351029,2.9350372730883962,-13.236988804577821,11.806791,0.986649,0.014843892,0.017331854,0.01351647,1.0
47668437565560576,63.72559388415315,18.323646179217086,6.956500360184505,0.6489057027167662,-26.532562043818448,10.3649235,0.8953349,0.01616916,0.019944498,0.014280531,1.0
47797252224871168,64.44812461785706,18.92748772244279,9.985903077594743,-34.78888808482928,-40.61174166725201,15.182214,1.08367,0.037014946,0.047056224,0.030940985,1.0
47833158151450496,64.51191957223219,19.00591293499387,7.168759705902733,105.91291993476077,-109.44293758807441,15.811281,1.0422597,0.046699025,0.06358405,0.04439571,1.0
48451358563805440,63.699631940881126,18.627783512525948,5.941990827388166,-11.279165002683671,9.30364126507184,16.746584,1.0624771,0.08046548,0.104073666,0.0646524,1.0
48560210215246208,63.83715488471713,18.986139165085593,7.200299312781074,-25.97188475915619,-12.143052297597574,8.021729,0.8457618,0.025118703,0.025120974,0.019785961,1.0
48797876525147264,62.10503901425196,19.643732087551403,7.913023093312338,102.91989856068538,-52.97530750826676,17.011683,1.046254,0.08266612,0.10328566,0.06803918,1.0
48885974894395904,63.725156257355344,20.12823300392545,5.7214121544490695,-16.373300978168338,-38.0478448269203,16.530945,0.92552155,0.073027164,0.07706565,0.055403445,1.0
48918754084733568,63.12993372337188,20.11870267768588,6.8290045182790315,-6.85812559130729,-2.2082093070279756,13.983508,1.1174935,0.020871878,0.027239453,0.018074252,1.0
49011009981200256,64.62904037764042,20.014172633079884,5.560399088662585,27.061276638697972,-0.6118667853374073,10.929998,1.2546617,0.019659428,0.023458902,0.017220987,1.0
49278637984672256,63.97272170335645,20.42098629987371,8.291993224220212,8.563958536469075,21.61148398383137,17.531723,0.9377865,0.11008095,0.14220981,0.10186317,1.0
49702946394545536,59.53794648505736,17.8806449938844,5.693177391544005,33.51434084591729,2.8159711117386426,16.19263,1.0261158,0.05749598,0.06238306,0.037395928,1.0
50135088824058496,60.38109552934041,18.713404559315347,6.504834796330769,47.39975576923348,-16.55733741952483,12.020362,1.3145103,0.016920201,0.018882072,0.012982091,1.0
50137322207036672,60.49698396615118,18.78689131328243,7.493695228522989,37.959194074748886,-14.895147543306926,9.941544,1.128166,0.01549503,0.017635556,0.011463836,1.0
50286099874779008,61.56075693473019,19.406364198418746,6.704433939932462,13.784515650196054,-32.06916565219412,14.449216,1.0308913,0.02420428,0.026915245,0.019395009,1.0
50495075802930432,59.640127180808555,19.595845010859787,8.004820072535127,40.7800230198862,-21.235142403279834,11.271458,0.9940665,0.020185608,0.022675438,0.015116486,1.0
50505791744255616,59.96784285893881,19.852013303125716,6.197682494235122,11.004337372270927,-6.751079011580471,17.857,0.99487746,0.14118977,0.19519149,0.10856289,1.0
50824826212227072,58.23453278661569,19.099379005617656,6.42245606478312,20.489516707514525,-22.39871470544573,14.559145,1.0795412,0.022043284,0.025939127,0.018551754,1.0
51300536789848832,58.700798419063574,19.89434120614019,7.797027518208992,26.378921726186615,-100.81323471206048,15.490438,1.0967333,0.03561817,0.04135217,0.029860228,1.0
51529746307476736,58.283167099662975,20.356337467419653,7.607464995692835,37.388646115210236,-24.13956795789345,17.142887,1.0635526,0.083746165,0.09858471,0.06960345,1.0
51530266000949632,58.313642901864604,20.39443967617528,6.896343801908481,4.906330739377731,-0.7623959081952485,17.702116,0.9373239,0.1151604,0.13626538,0.096202314,1.0
51609980593783424,58.04683041911643,20.875822870368648,7.75716693476485,20.15796358354762,-47.180647241076436,16.612682,1.0641127,0.07290693,0.09319861,0.058758967,1.0
51626988664322816,58.620628712040414,21.054416803590037,5.583706840924978,43.03024849231608,-0.8953631217449752,12.667026,1.222306,0.017032584,0.019571198,0.0136146955,1.0
51641728992007424,58.184788568707205,21.19250954674138,9.334331328688126,-70.96002447022892,-36.14599525783543,11.938659,1.219415,0.017054357,0.022231277,0.012624308,1.0
51648772738364928,58.34917457348621,21.25424111257128,5.674200367970164,8.967037794999094,-37.5037053539865,17.570803,1.0145266,0.100120366,0.12836084,0.089152195,1.0
51750748145042176,58.76511398735089,21.51922943290343,7.7338647880270175,20.83787039393524,-49.02386920748215,17.599648,0.9937293,0.116306484,0.13257885,0.08274556,1.0
51885958011571584,61.34735167326924,20.11996854930489,6.230201825902744,-24.87605153955828,-22.98992190168761,16.733103,1.0834234,0.07640534,0.13513637,0.0643979,1.0
52180902007156224,61.23558600434218,20.85624678901864,6.999346935978424,12.704683322893107,-52.15380807376393,8.702214,1.1550753,0.022693109,0.022853687,0.014722226,1.0
52343973324165760,61.72918602364407,21.758817235050298,5.779222885012389,-7.125796321288565,-55.715540475104376,15.313744,0.9811528,0.038302727,0.040436566,0.029393045,1.0
52502509156734336,64.00830252275425,21.60957650806102,6.154591155177923,-9.369850825032627,-42.283234712547504,17.58362,0.9946836,0.09544349,0.13258973,0.10115097,1.0
52773607492330752,62.40917350672626,22.514145869524757,9.714196352709768,137.02573038793986,-42.047150031731135,10.566113,1.0772446,0.018622413,0.019997742,0.015447233,1.0
52816660245315968,63.55557335731872,22.497585709534484,8.012607785642446,81.374781370281,-76.58492966688324,14.110623,0.95532924,0.021011585,0.02507435,0.017739655,1.0
52913344252188032,63.19926956862914,23.135484788630514,6.139077836888743,81.5030550335519,-39.8903265719632,17.326458,0.98672897,0.093175925,0.110245615,0.07916233,1.0
52942004571647872,60.28773169823871,21.127752421919347,5.909089721237659,15.075829312142009,-36.574318183554695,15.395482,1.1133963,0.03849448,0.046637073,0.028573472,1.0
53275637630858240,59.34092416956436,21.922002189224557,7.462574873006806,71.14898122835307,-38.66766123522382,14.980655,1.1194159,0.030923402,0.03398007,0.023486357,1.0
53396824428217088,60.574910874668824,22.620619155797765,9.03647926088426,62.467559617944005,-15.571155664637443,15.043637,1.1214409,0.03091566,0.035429053,0.022259686,1.0
53738635104565632,62.802148713818184,23.607672758470144,5.866661833158398,-28.74400531928744,-33.91118745145326,17.104618,0.99098045,0.077695586,0.095238164,0.072637975,1.0
53812268025532160,61.61642852707753,23.38608286995879,6.069250542784354,44.380263171405524,-59.90012139761018,16.569515,0.9929026,0.059803944,0.07813793,0.046997633,1.0
53927613666078208,61.74206856469546,23.734178065460974,7.184040338558394,2.7752973305757784,-76.99343399611939,15.350873,0.9262039,0.040403664,0.046958767,0.028634323,1.0
53938883660338688,62.21211728484424,23.71203777349446,5.688428285632941,-8.480891119625237,-17.140861165715258,10.559001,0.9170016,0.01862867,0.02116137,0.014661281,1.0
54022377824385408,61.9057333529943,24.268660780549688,6.115200552957821,31.845044318018253,-9.489741209685604,16.484009,1.0422095,0.055764034,0.06975519,0.053391185,1.0
54167783939820032,50.37202209562041,15.329288885529575,9.831680823082674,-11.016752641913822,-15.743205415233739,12.342673,1.1175112,0.0140594505,0.01871964,0.014157215,1.0
54220874031457920,51.685232589628356,15.511442938393863,6.0431324110825635,22.823333220564134,-8.469031350402902,17.283192,1.0394017,0.107992314,0.11261723,0.09521238,1.0
54228708051159808,51.92966347899677,15.645164142809058,5.550658520770729,70.33449018694805,-32.858296954954696,16.361103,1.1125301,0.0753926,0.094767235,0.07783635,1.0
54505132146993920,50.91273802061762,16.13856296052944,6.652909134219874,-50.50276336075825,-47.92245724842107,10.32205,1.17147,0.01655422,0.01951766,0.016612433,1.0
54566739157799040,50.21792881418546,16.44344796252989,6.251583475726723,12.792333473819417,-65.65578707202171,15.546299,0.99456835,0.036853354,0.042599645,0.036113955,1.0
54571686960164608,50.70486629369345,16.417021839990444,8.32025796749362,-23.73962953304899,-19.962152741567184,17.055696,0.97432613,0.07448978,0.093154475,0.078732744,1.0
54848695172789376,52.339176857434374,17.106217999363082,5.757848423915927,39.184898778861495,-7.58415790351782,17.126802,0.9896002,0.08963904,0.10629574,0.08077665,1.0
54881783600855296,52.8785133479139,17.433204438430575,5.916179125777078,0.0882834275189146,-26.902204054646138,14.734327,1.0499108,0.02607795,0.029104983,0.02484359,1.0
54925248668051968,51.78527504784126,16.774418359576927,9.964931801906596,-8.36201388309659,-40.70465507290224,14.707982,0.97216797,0.025784811,0.028809287,0.025054025,1.0
55157417421680256,51.71813380111116,17.902095856507874,5.557168388590615,22.22601103178464,-42.4620033081624,16.801456,0.984278,0.066974364,0.073443815,0.059224155,1.0
55319079989120256,50.105585072681826,16.547970945651233,7.492949512496231,-36.25079995203959,17.187347617161777,13.706992,1.0895098,0.015848365,0.018696025,0.016080825,1.0
55741189375052800,50.76627355462846,17.160131996990163,8.905612982267233,39.57665244801916,-32.02853302091183,15.870606,1.0662721,0.048152126,0.055856474,0.049039513,1.0
55759945496279424,50.58196399853434,17.362319229339565,6.957644234958525,36.01638343257996,-20.626356508341715,12.364488,1.184528,0.014287847,0.016718084,0.013846999,1.0
56268130322999168,50.60978659406626,19.092154269013093,7.52588851913708,-9.063380615407123,-37.994304121570984,16.295189,0.9998407,0.057051186,0.06553606,0.05214705,1.0
57051532358523648,55.70891363399754,19.328961643103945,7.567433138720554,-2.284264067175572,-14.74507767208769,15.366368,1.0181187,0.037741177,0.050075226,0.036430158,1.0
57388841909866880,54.96141667900404,20.2719744837911,7.028804978262108,-80.42985685251605,5.399445841555001,15.540794,1.025797,0.047998905,0.04949922,0.034188062,1.0
57550779357717760,51.88164543469084,19.18355906575179,9.070646023756394,-59.205340510241314,-66.62907287410269,15.441908,1.1369089,0.038291972,0.039990287,0.0330192,1.0
57871454498679424,52.01362206606866,19.907622686970825,6.813378076707478,7.534992619072011,57.18985383978245,17.753677,1.0531266,0.14451556,0.17359528,0.16362351,1.0
58268176334516096,52.86412622235632,20.26130403869374,9.132306472134594,35.490130041897025,-29.94138025479224,15.656846,1.0465934,0.04199223,0.062077522,0.040152133,1.0
58470726992033280,53.889929678848794,21.54280943686667,5.532359155093196,-10.959978071449838,-38.580037750080834,13.357278,1.1308092,0.015627122,0.018944914,0.013215265,1.0
40003845088662656,58.99891143205175,15.016860287092541,7.040197772649309,6.556143002259688,-23.803942061509666,14.099922,1.0853392,0.020505833,0.023398615,0.014576358,1.0
40064386947592320,58.51419133194772,15.142665621995297,7.860330357668186,-0.24778534579508493,-34.187084113322165,17.222559,0.81462824,0.19647048,0.30364525,0.32696173,1.0
40169630826164864,59.9280400444138,15.727465818037176,9.197475794729359,66.24670002735914,-50.14781262093078,17.021555,1.0190278,0.0785351,0.099892065,0.064944,1.0
40300232191978112,58.81165003130488,15.72269453830839,5.666133785903597,15.74554892808945,0.778773450132439,15.936635,1.0413591,0.050359655,0.054824073,0.036272544,1.0
40404857595080704,59.154632588832776,15.958585640783564,7.978322540789984,-22.504045118547857,-67.34787818749207,15.564467,1.0506798,0.036401488,0.04270389,0.028762834,1.0
42204311451345792,51.90489107836126,15.315459966525053,7.882586008250931,-57.04792568696104,-78.19310153290517,9.932617,1.1295456,0.018767456,0.020366397,0.017320758,1.0
42206952855754112,51.898851319091094,15.370240046817901,5.726634525796528,-11.681362995355194,-5.236376538437893,17.886656,1.0618005,0.15889426,0.16552854,0.14620215,1.0
42542411278285440,53.000893229455414,15.515222145388176,7.719145371823767,-16.692668908929356,-15.956203267888068,16.980427,0.9185684,0.08549639,0.101248376,0.07501847,1.0
42568662118440320,53.17380811961169,15.936387855596996,7.233462384955067,1.4379455195518078,-44.395264452958585,11.945407,1.009486,0.013125964,0.016547466,0.014182063,1.0
42650747533790336,53.503179353287884,15.930508810818262,6.486029580511206,0.6150091343411823,-22.413189464447097,15.844199,1.2826487,0.061144274,0.06370815,0.052946925,1.0
42699297844045440,53.73901295228334,16.330563217081725,6.327067828677215,-37.152451132915225,1.116694337491953,15.126844,1.0406004,0.033080436,0.035450246,0.02783468,1.0
42935314886183808,57.079440473354,15.343191718206262,6.225405243803037,7.099727561924341,-5.049055782510137,17.302757,1.122886,0.116717935,0.12863588,0.0870953,1.0
43249053657666816,56.629388564422435,16.25351848278454,5.995688132010217,7.59399687905259,7.149200839541036,14.79647,0.99731916,0.027284956,0.03465587,0.024350086,1.0
43252489631496064,56.780839832418074,16.31432959839752,5.932180256488259,39.09891277704919,-45.852287879524184,15.869516,1.042831,0.041074824,0.051317975,0.039950725,1.0
43389825506115840,58.02006466252542,16.26256235046949,9.267199142021212,35.193862090985384,-58.057310674406395,14.614682,1.0965434,0.030345554,0.038157362,0.023614557,1.0
43683773065605888,57.26036661645125,16.918811898341424,6.551818927878317,56.639724474475024,-64.25796944712064,14.85925,1.130941,0.091402024,0.10698932,0.07905221,1.0
43686006450075264,57.05392954533536,16.91974113590087,5.805914882407883,-22.4779849882721,-30.33419433991966,13.976858,0.997366,0.022048045,0.02330999,0.017652335,1.0
43741634866383744,56.995140924085675,17.19240864057321,6.817035823586093,144.73554122527895,-67.49219450464747,17.216358,1.0231186,0.085743695,0.1002956,0.07391007,1.0
43809357912189696,57.911020100683636,17.395331154073943,6.293191256101312,-7.388733304603255,-13.465865043970783,11.776028,1.3257295,0.023988575,0.02753549,0.014841198,1.0
43900548657601152,57.40080630508322,17.970079998042777,5.612863237779062,17.75728925840521,24.399848900773822,17.390772,0.97028196,0.09779198,0.12130724,0.08083469,1.0
43925940503403776,55.038180614228324,16.081175013368583,7.906978214037026,75.33429050574051,55.037053098670846,15.696837,1.0071554,0.04017533,0.04764196,0.033515625,1.0
44078738259877888,55.50739844791766,16.734033376449652,5.787102839705738,0.7213117168981333,10.796139886074855,17.241379,1.0125161,0.10665672,0.10976014,0.081100196,1.0
44198825545487232,54.187153116612755,16.56452640114809,7.2799108739171325,69.37865497208622,-65.28720967970074,14.991536,1.1297445,0.030762643,0.036790878,0.03033504,1.0
44217036206743552,53.95969421736292,16.723886403395507,7.956863210350818,26.408291154417988,-8.226484754736203,15.48154,1.0633723,0.037097793,0.04030925,0.03212283,1.0
44248406647913344,54.41540326257208,16.989445028549788,5.8899576303459025,-28.476773852307474,-63.12009260640945,9.816552,1.2044656,0.024361996,0.030265715,0.02054037,1.0
44258027374647424,54.3909478743404,17.096412253052875,7.390681852225276,-22.417295317952558,-38.07985969366657,16.642935,1.1598114,0.07386744,0.08512571,0.06578221,1.0
44432884083149824,54.53533921827844,17.761275019604376,5.802277036134229,72.47596241285137,-28.363351999180676,14.383295,1.0076718,0.02298824,0.027224887,0.022134608,1.0
44573174894705536,55.93033370910006,17.725638816822215,8.461821843313615,29.38842545913591,70.7206372352248,16.91946,1.0568606,0.080609165,0.092079654,0.07407547,1.0
44587537265403776,56.44134661219181,17.7699500118784,7.520466026299067,-14.383031634771148,-18.82269339342756,13.107211,1.2080128,0.016565949,0.0191735,0.015942397,1.0
45313829118849024,62.55226506660806,16.181804067103812,6.000113710540082,42.59650870304271,-91.19127415782015,17.130644,0.8789732,0.07749218,0.10005449,0.083537094,1.0
45547857592657920,61.36255561614605,16.276106515930014,8.53570604968211,0.8984241862726243,-105.48618848116222,17.030022,0.9624578,0.09772424,0.14297462,0.073870085,1.0
45793564081593600,64.11597946749028,16.857745921081786,6.352126763358948,16.81002059850375,-36.938412272073634,17.082071,1.0325128,0.08930498,0.101149194,0.07417899,1.0
45863176911441920,63.773330677613615,17.15955505078285,6.6015038086613504,-10.857763148715673,-26.51005993299114,13.681122,1.0989574,0.018866567,0.022349946,0.017144587,1.0
45978002861297536,62.24798585836362,17.030352305402175,5.814490911537103,61.215680568934445,-51.84853401043507,17.780817,1.0027049,0.13432004,0.17379324,0.11147382,1.0
46023911767648256,63.4099172826853,17.079179478894737,7.271483599282551,-19.251026472888395,-22.015436085632643,15.786554,1.0679263,0.046828803,0.0604404,0.043588102,1.0
46184337387019520,60.221093759535634,16.003475371967518,8.858526670927452,-28.341603269591822,16.410784580318058,17.225857,0.9679476,0.09567925,0.1130318,0.0631363,1.0
46269343379663744,60.48930088063205,16.461566017649464,9.946429894986634,105.5642448396099,-56.52673079781982,16.95391,1.0837344,0.07615287,0.09261946,0.054161713,1.0
46424821196087040,61.326410857198134,17.346510362330918,8.33549119546037,166.0218007866716,-93.4770063967234,15.734243,1.0388628,0.043453652,0.047682524,0.029346058,1.0
46485942873650816,60.18309570287559,16.883738235130732,6.026336743128597,-10.093478472903364,7.58967715244588,12.5130005,1.1130878,0.015790919,0.017692758,0.010346572,1.0
47137613968522240,60.96497586930691,18.625850272098695,6.826879722428003,116.95894717341037,-116.41059859342457,13.877219,1.025735,0.019012347,0.023884088,0.013585168,1.0
47303365345315200,64.8937851314844,17.302282318228727,6.308651354354841,-2.3149148742831684,-54.26169317412928,11.152534,0.9589443,0.018309662,0.021380872,0.016448379,1.0
47834979217565184,64.54753276783066,19.11350595319539,5.9972471493708515,6.086648230003975,-4.08921091552173,16.217283,1.030263,0.059228458,0.06884413,0.055212624,1.0
48660746809637888,64.03112434608087,19.55236823908213,6.19965303283103,42.475152617944474,-26.73404014021014,17.032394,0.9663286,0.07891673,0.101955496,0.074482314,1.0
48766918401011200,62.16155648822478,19.227014004733803,6.499504039155561,6.522701423409898,-24.970123497382538,16.37366,1.0869099,0.079863906,0.11273951,0.06915276,1.0
48935865234426496,63.06245598695023,20.284204370320882,8.13989606435806,25.435087919010535,-39.05165614089561,13.387704,1.1675967,0.01761546,0.021620778,0.0148969935,1.0
49109553712233216,64.73785210054018,20.51560758008309,5.812931042566884,-6.468017353393043,-6.457756571339639,15.483124,0.994848,0.037558656,0.044265673,0.031094044,1.0
49336809021637376,63.62559001450019,20.688161721997325,7.018160394551688,57.406979131492385,-32.35451448209812,16.923824,1.0447618,0.074503876,0.09023094,0.06797321,1.0
49879246212115072,58.50123954210915,18.222303748857733,7.13406892197514,32.31788485213353,-18.90711328998374,15.052939,1.0793142,0.032788638,0.039975055,0.021595102,1.0
50323070953329408,61.02079194807494,19.37411120437456,5.9257193160654555,-46.87038037230906,-90.92213819652952,16.508844,1.0511839,0.060563527,0.07655951,0.043419655,1.0
50549432909791616,60.28018024487257,19.853380019843332,7.7710481751370555,-9.26397525635413,-5.075429579965122,12.89154,0.96189463,0.016775578,0.020165127,0.0117988605,1.0
50677079337461632,57.973756875427476,18.512538778662442,6.265216292028821,21.264006463982017,-15.428359712072226,15.256498,1.0487443,0.035129227,0.044014797,0.023733184,1.0
50925878202674944,58.46086169640581,19.788467714352997,6.824728548879135,-10.359838418784616,9.192582184379031,15.621889,1.0391188,0.041461818,0.050729472,0.033207886,1.0
50940893408325632,58.445248430934974,19.939058548341645,7.202375973265998,12.176345029820947,-170.03729973169897,16.392466,0.955914,0.054680742,0.06462588,0.044885747,1.0
50947181239773312,56.96895526615765,18.87697520906387,6.3207906838786725,104.69348395715667,-54.51121996196018,17.240292,1.0396199,0.10033227,0.11860491,0.08110842,1.0
51034351895927936,56.737309645154326,19.581827065880482,7.53521468571164,-10.07549584463974,7.391966883112552,15.430257,1.0255035,0.03484795,0.043407656,0.028168483,1.0
51045067838306176,56.58211345463818,19.559061231743947,7.2197421767006125,94.19612897271962,-300.3814347480555,15.778208,0.95886153,0.04569223,0.053943776,0.0373419,1.0
51284971828429440,59.285912368679185,20.128416938501438,7.504703500712225,18.214969123950002,-45.31052789028319,17.920094,0.960924,0.13746351,0.16907361,0.10169318,1.0
51449520615726336,59.53388757529919,20.639532468121676,9.601485138584234,-53.67684640606383,-14.911822380944304,16.077806,1.0249704,0.052611087,0.052980684,0.03694794,1.0
51507107537057280,59.62289070023854,21.251493905242334,5.838813754561779,-1.3036241837839349,-20.726352053614153,15.338206,0.9854232,0.03654379,0.047698285,0.026976824,1.0
51861425158394624,62.23086766523253,20.38577695909599,8.110447551707917,18.95493341617905,-49.35171379438808,9.267831,1.0892398,0.01966832,0.026298026,0.017602582,1.0
52092150803080448,60.99761769239576,20.364533582358384,7.326304478121658,-22.442720436381283,-43.639371591518355,14.851305,1.1348104,0.030830745,0.046009112,0.02089981,1.0
52118607801753856,61.69474562486311,20.69019376366307,5.890752346907804,-13.029144940340629,-6.88876466348515,14.533294,1.0633683,0.029000198,0.032331724,0.023629827,1.0
52695885764309376,62.81806386438083,22.097727647723435,5.618928269787701,0.23897191870590495,-21.211140324201875,16.627245,1.0446864,0.07442599,0.084476665,0.06573092,1.0
52741133243039616,62.21516675717752,22.29752035541591,5.5115946972879355,36.77744794819747,-9.413652458483172,17.739313,1.0055821,0.16286026,0.19129214,0.12517546,1.0
53029278307021696,60.358621002820136,21.585596506405725,7.473926226138187,19.10429714130666,-45.854030142547465,16.10102,1.0060776,0.04969354,0.060030587,0.03623899,1.0
53140672579409664,61.067980009636,22.02290736899404,9.46111664061766,38.72429434099431,-55.13434031043439,15.03712,1.0412059,0.03695166,0.036848523,0.019380659,1.0
53224269822158080,59.56397262572,21.784310923748407,6.149305265795023,115.62541109744461,-77.53267468137702,10.88381,1.1373056,0.018169269,0.020712992,0.012975393,1.0
53757361161872256,62.494104337212775,23.743549645363757,8.134996442779624,-19.406616112978185,-31.04274060237911,16.124409,0.99704844,0.04966581,0.063285075,0.047663137,1.0
53845901911347968,60.94572778329393,23.293334025460783,5.788272269460854,11.53730860382721,-13.770503405187627,17.215761,1.0050311,0.09682595,0.09892321,0.05937091,1.0
53950011918564736,62.42759744371022,23.961599293890995,9.558125571241767,31.888835252638312,-28.896966078496423,17.179373,1.0261928,0.087159865,0.10693085,0.0789747,1.0
54195860141928704,51.61461023819225,15.421078702432968,6.86532906692739,51.28453960005584,-13.993671217544279,12.609532,1.2489148,0.018869145,0.020867033,0.017981471,1.0
54282343603306624,50.9755004850509,15.799055656090601,5.871296163693125,12.267933686533716,-24.709749751460222,16.712763,1.0528708,0.08196532,0.07835976,0.059469208,1.0
54297290089481344,51.277184840938084,15.933830129243255,6.730919331865699,-42.89251201547245,-36.394186250711144,14.44765,0.9989067,0.026019564,0.027908497,0.026561612,1.0
54855360962088320,52.88856333650282,17.113689757925243,8.501978847500087,6.151456790826699,27.463916681382912,11.978356,1.1201388,0.01890204,0.017973116,0.0146212485,1.0
55976313065682304,51.01343733612469,18.402048113543273,6.437533566567078,24.188741878627845,-25.263064052112416,16.683466,1.0143101,0.07409177,0.082361005,0.07668989,1.0
56340869890249600,53.987138616673434,17.558991673288542,5.606530882483929,67.29996403865117,-32.06563260602664,15.193022,1.000869,0.033336602,0.03426657,0.028871525,1.0
56538610184567296,53.687702355918226,18.39177453917415,5.9960182236917685,5.754252582725849,-27.742689226555864,15.600988,1.2031451,0.043331113,0.05384721,0.03890198,1.0
56594616558224128,52.59573258865786,17.791029103186435,5.861108623238193,-3.446231113928186,-50.93422442082712,14.595826,1.0086777,0.02666101,0.03283389,0.026410561,1.0
56776757531009664,53.645684255562884,18.87371529515352,7.656971762316469,21.083821563724335,-35.36740489719654,9.096892,0.89809805,0.019070879,0.01846619,0.013197402,1.0
56906529965992064,55.29500994224214,18.79213897198482,6.620712505854412,50.00243661317154,60.05520158273974,15.181573,1.1180143,0.042049225,0.04607757,0.030804034,1.0
57079569904867968,55.36217575524559,19.415669444394407,6.376158101240827,35.55486324789902,-14.45412743048896,11.940966,0.9465476,0.013864211,0.016943857,0.012309892,1.0
57205940726368128,54.439912396735075,19.597566970987728,7.261790514796462,11.672305147578081,-17.549875736404726,17.932653,1.0085498,0.16238736,0.15546975,0.12119875,1.0
57279955899283072,54.1018734955365,20.067392437949195,9.753318587063593,94.37426636322445,-49.77622955451021,7.361785,1.0142989,0.023794154,0.024607066,0.018044293,1.0
57550775060705792,51.883188875080975,19.186844066582264,9.06854835990335,-57.70133336887581,-66.00734132970445,9.45247,1.2840616,0.021480607,0.022077397,0.017661665,1.0
57550779358147584,51.88320708749564,19.186571649738635,9.068416513097645,-65.24943619303497,-65.68696966449738,10.165968,1.2382406,0.037253648,0.039693065,0.024449524,1.0
57676432920540800,52.926764371525046,19.688943920490086,7.1373086865478195,129.60714679644673,-137.52306443273326,15.564426,1.0609215,0.041113902,0.04334686,0.03524512,1.0
57746767305897728,51.856930213809505,19.35662447085275,7.0470532093747105,164.6039323293346,-271.0680146807607,15.079958,1.0811254,0.031857815,0.034358703,0.027437197,1.0
57887092476939904,52.558520379307964,19.960672844172276,5.719791193333787,-23.52863839020148,-25.00212940189462,13.325431,1.0796509,0.014230834,0.016472816,0.013893201,1.0
57949661560418688,52.09000342158243,20.209151219174707,6.663867168189968,46.63735949574152,-60.33292978794687,16.332163,1.0830592,0.06105449,0.06571106,0.054232724,1.0
57983471543288064,52.06324237085383,20.709839359221355,5.985649556093886,-9.55428758863917,-46.43247952438377,10.884891,0.9284984,0.019227985,0.027966568,0.018178524,1.0
57996081566526592,53.67620837680653,19.782580804537076,7.004455215393777,10.607288086125871,-15.219650564062496,13.958051,1.1742404,0.021867758,0.02894156,0.019113895,1.0
58208699627166464,53.92151979546183,20.717018992842963,5.941729433462551,10.0420014423097,-12.262259785551729,15.281869,1.1709056,0.0428269,0.058854725,0.03689046,1.0
58227631842997504,53.718508454287615,20.9497687331029,7.312118202941885,-11.211022539031333,-17.165206675680775,15.891401,1.063805,0.053840566,0.061678596,0.044497304,1.0
58404962452798464,52.69151344338366,21.272223314916634,7.278279231130701,41.03377724062279,-22.979447626293236,13.481605,1.1515995,0.016749606,0.019472046,0.015442628,1.0
58495603442515712,52.84714821007155,21.322153483536848,5.581334460157684,-24.120514841916545,-11.03954069184024,10.49788,1.0567294,0.016311364,0.023264984,0.01674779,1.0
59259832742606336,50.14185066467396,19.048159722079046,6.01615792990354,-10.7925405309677,-10.346681791193127,12.449001,0.981713,0.012877967,0.015057678,0.013925002,1.0
60976101676240768,51.629075040347104,20.51959778976581,9.45543204595139,37.390984040925034,-15.355408136337314,17.835815,0.92588043,0.119887106,0.13782023,0.11470917,1.0
61251563698613504,50.713849472915854,21.287813686670958,5.648550656630385,32.14289476873872,-4.930661643530488,10.970411,1.0704559,0.021829529,0.025761588,0.023929616,1.0
61252044734600960,50.550056622093784,21.198099558420154,8.753760421061784,88.49885139756582,37.762260766372364,14.660291,1.0046325,0.027204834,0.029348113,0.027734404,1.0
61519672735818880,52.86820969642943,21.821703904435367,7.801898022336686,24.000524756622173,-47.20639927986645,8.777531,1.0162035,0.020192904,0.022670217,0.016707776,1.0
61672539212290816,51.436964117661226,21.87815419649706,6.027081935637007,7.350705225755525,-25.38272550000857,16.890862,0.97537017,0.072557114,0.079668336,0.06846937,1.0
61717138152625920,51.03426105272241,21.882345194520642,6.679653366555264,-16.443413499039313,2.248929052586907,16.992392,1.0007286,0.078514665,0.08043473,0.07005751,1.0
61867084050575104,51.93514702498601,22.71640283521926,9.193864288749868,26.943920209619748,-54.998147014996746,13.493336,1.1239451,0.015946666,0.016897036,0.013881416,1.0
61917043110119552,52.006616040812,23.078283083304413,7.13170764519702,20.49744413345669,-43.10357181172239,16.565022,1.1194807,0.07873291,0.1289584,0.08449085,1.0
62104922160588032,50.19003069863135,21.81231127938904,9.429063762082347,474.33645839058863,-57.46392615447107,16.828245,1.045109,0.073257014,0.08931389,0.063255794,1.0
62689931064955776,51.705870578978754,23.360199506846076,7.702124902208521,12.928322056231007,-10.436006919116023,14.160155,1.0828775,0.029426157,0.034005452,0.021289023,1.0
62720545591800832,50.719534846464036,23.245611114237036,6.378044972588049,31.026861415646405,50.956020997376754,15.735648,1.1735015,0.04672994,0.053034283,0.049947694,1.0
62810254572722944,50.18678585612999,23.183650070339898,7.814680861476592,-4.7872321277486325,-14.23113768637913,16.76806,0.92059064,0.10566825,0.11156614,0.08280212,1.0
62884682062423040,50.04257696994318,23.559284811162186,6.7108281930739455,28.554962664162865,-27.175291300989926,13.840327,1.098586,0.017324867,0.018713087,0.015769904,1.0
62891519650340992,50.09038398957434,23.734849312416586,8.001991573187679,24.952821653129792,-32.73480865416074,11.58939,1.0740778,0.016881365,0.018866409,0.016804522,1.0
63116709078247936,56.480847971662435,20.230983968194508,6.32314018910725,63.59487620430464,-37.35549364124865,11.744444,1.0125246,0.0143827945,0.018136714,0.012184228,1.0
63171448438067968,56.42772178893096,20.448599165393386,6.432543413674162,54.048172585182485,-46.30423059796391,11.678873,0.9958361,0.017368836,0.019953525,0.014369389,1.0
63239412000516480,57.582907616686036,20.796780988276417,9.531484566561033,75.91228735690622,-11.586230694637226,15.123341,1.0833682,0.03374826,0.035036128,0.023306772,1.0
63260440160398592,57.27001057906576,20.967433821184656,6.419702793646756,-0.11423298515812874,-12.530834733985092,15.569534,1.1383754,0.047076248,0.049872875,0.035621088,1.0
63367951781976448,55.91534358901682,20.50568039132674,5.6724430798422185,31.32301633678252,-90.45043626690418,16.628847,1.0290166,0.060920343,0.073629245,0.056882184,1.0
63466392432583296,55.60708806294647,21.19181379784451,6.094056056843174,7.272232141953873,-51.09828032463474,17.87177,0.9399492,0.3475311,0.5354429,0.42865273,1.0
63876402894075904,58.470183837285894,22.41833148614529,7.449216493422733,19.46628363123858,-45.26295888165422,11.673621,1.1952622,0.016391812,0.019011863,0.012543497,1.0
63989691247627776,56.413086086113154,22.072941790439312,7.595165178454831,20.3006957339678,-45.655047436779554,17.306427,1.0100056,0.11115422,0.13716105,0.099042945,1.0
64006905476619776,56.84689444035548,22.244354276021415,7.121282586312011,19.56523367259846,-44.07548166486084,13.896054,1.0081398,0.019014506,0.021979593,0.016248746,1.0
64037004609680128,57.572346021470054,22.105650566405455,6.293756011995965,41.34719777544782,10.528984959870499,17.838917,0.9562098,0.13356073,0.15540324,0.10481759,1.0
64040818540162304,57.595542606765434,22.188131148359005,7.282447165460064,17.154258288519657,-46.26654876678263,13.716136,1.1132265,0.01974856,0.020754227,0.014709418,1.0
64104933811828480,57.96086681799793,22.89551471851388,7.315539042944565,18.2409132166166,-44.87318051720924,15.906264,1.0408431,0.04423047,0.05016511,0.035216637,1.0
64215125490886656,55.2058631607871,21.21523008243146,7.335249178807896,20.562833137566372,-43.76859549291748,16.56197,0.99651676,0.060269754,0.06855867,0.048165593,1.0
64317998547641344,55.60007912242965,21.473277522535195,7.844363525705177,21.141174189557397,-47.93625579468652,9.712154,1.0946826,0.019914329,0.020919017,0.015341191,1.0
64438184617001472,55.73439850136928,22.37724568518697,7.094847771842623,20.677419395891977,-45.90058591801566,17.829464,1.0974432,0.20001799,0.23755771,0.13585782,1.0
64453685154291968,55.43784879484009,22.46704884658764,7.48747040106267,20.484618144590446,-45.33844201798303,17.73309,0.9308283,0.13660239,0.1621131,0.10141765,1.0
64637612833779968,55.26840886303688,22.53171479730252,7.513458598337847,11.24660617259441,-22.16604856250546,10.074062,0.8652637,0.017556675,0.019689867,0.013517506,1.0
64694924877216896,54.32548178820255,22.791410859950112,9.755542050390504,40.41708813259362,-3.4970319165079946,16.4779,1.0297943,0.06447797,0.080453314,0.055245902,1.0
64808483812941440,56.645075788192386,22.935281042623288,7.2607543201303235,19.45079799157423,-45.27898452661234,14.011793,1.1200577,0.023177821,0.026987115,0.020895539,1.0
64818203322590208,55.864443508802935,22.627943816680016,7.738056145401186,21.28863642801427,-48.15756599688649,17.326468,1.0185274,0.10576947,0.1326181,0.091306,1.0
64857721317916032,56.48745217516747,23.024581569648877,7.389054111887702,20.838575638732898,-46.31017377392607,16.504587,1.125552,0.083187446,0.087808765,0.060053848,1.0
64894623677888640,56.970373065713645,22.99259933079853,7.171703349203403,17.45843291565993,-44.84198072234931,16.176619,1.0359801,0.056594666,0.08433134,0.045969356,1.0
64917094946846848,57.274755692608174,23.105917656349703,7.430479853340606,18.89321440089389,-46.58328631284021,16.074583,1.1603554,0.055344395,0.06847556,0.04578208,1.0
64924413571101952,57.485491827507374,23.21843142395095,6.921465300774905,18.921303017911203,-43.200525582216834,10.138832,1.0655763,0.017078437,0.019966297,0.013236863,1.0
64927368508592512,57.52090986726331,23.304637841703407,7.370344183553121,19.019871912126003,-46.8526775047032,17.534443,0.99089795,0.11851368,0.12838885,0.09045688,1.0
64943586304992000,57.288354235210704,23.45136728872082,5.997892646198088,3.313443048659579,-116.99906427379138,16.66074,1.0920932,0.0729016,0.08842431,0.053630162,1.0
64971177174850304,56.54194518314664,23.339791180056473,8.18592379280657,21.08201982986673,-49.85086216733037,9.99517,1.0064452,0.018085033,0.026298441,0.015054869,1.0
65129506848731136,55.67669619215472,23.502637215949306,8.309649468736074,22.295339381875124,-50.837766852324926,12.169894,0.995228,0.015397128,0.015808612,0.011479506,1.0
65179946945247488,56.087034239879095,23.56092855087351,7.372910720374971,19.28602141734942,-46.30352599636022,15.793812,1.0418881,0.042416297,0.062154878,0.03651717,1.0
65184894747573376,55.90468213861298,23.642095008724848,7.380512084447238,19.871268352271496,-44.6156897748046,15.929374,1.1792295,0.0614245,0.077629685,0.051787585,1.0
65221487868870784,56.46524526083272,24.03867637774549,7.295877939593721,19.8061014454413,-45.00296374339572,7.8336287,1.3362249,0.034636375,0.036550045,0.025210094,1.0
65233788655261568,55.89349233390916,23.761713579644525,7.27281753089127,22.96594039164058,-47.11639672043164,11.201932,1.3708965,0.029543715,0.037338458,0.025841212,1.0
65254885534508672,55.674440494307696,24.004169380506745,7.361057342556959,19.45472846866403,-46.510573037379245,16.582888,1.0475366,0.06261922,0.08122334,0.05345175,1.0
65292268929825408,56.112090967849646,24.408645421392894,7.176701000098328,20.199761658090104,-43.419547832495866,15.011795,1.0468746,0.029531645,0.03621974,0.025287518,1.0
65437644983223936,59.119359567338776,23.150822860501343,7.293223370439239,18.388670560532795,-46.78689957669854,15.836971,1.2734071,0.059365094,0.07451004,0.051791865,1.0
65482140845207680,60.238637415387956,23.200097989861096,5.587084822327023,15.516581168572948,-33.188710865170556,7.7818513,1.3887465,0.0446504,0.053824496,0.03356878,1.0
65506467539939584,60.108994347075345,23.438034039043746,7.32609101226264,17.78721356415285,-45.60853237350602,16.037605,1.082603,0.05274904,0.07187666,0.040590428,1.0
65544538129847936,59.330591983935534,23.460322675022162,7.140164284709472,18.178372451726833,-43.71991150931614,17.184761,1.0169874,0.08816251,0.09501135,0.062821,1.0
65585357499261056,58.371321822827824,22.763401330819292,6.393327119539521,73.78330592842732,16.157061900732316,17.51234,0.97883815,0.12065387,0.1257529,0.08704714,1.0
65604770751295872,58.245362462935866,22.992379180987392,6.082085913838648,6.714856132752154,-44.93027550120406,16.979118,1.0329131,0.08837373,0.095269926,0.074386805,1.0
65611745778297216,58.37929779915594,23.09424285540534,6.916615843463618,10.56947871725746,-25.266232809917597,17.77529,1.0047958,0.12376615,0.16114178,0.09102923,1.0
65674074343392768,57.95098226052053,23.285823222320644,8.24774906709084,223.34853634352362,-90.3828009383956,14.834055,1.0712842,0.024719585,0.02982797,0.018983306,1.0
65750627840192256,58.870949393255714,23.772242308625067,7.250917408676775,17.75908308968357,-44.95246810382396,13.494305,1.1209916,0.015259131,0.018393671,0.0114627825,1.0
66028804283148032,60.925291231921804,24.308771535133108,7.180176880838932,-10.310048517571984,5.593967161916417,16.447592,0.9547005,0.06725842,0.08242378,0.043365523,1.0
66161845189165952,59.82935941217462,24.3455199036454,5.6865887619813,15.831462797302475,-40.946651182015714,12.725891,1.1240647,0.01667776,0.01783238,0.011268661,1.0
66281039121406976,59.828034674886496,25.065874356398062,8.619667506104115,83.63873931604346,-60.21237884941641,8.973021,1.0411204,0.02357127,0.026602587,0.014797474,1.0
66288804422550272,60.38484402554438,24.704597878950935,5.505126689577985,-24.07148210148979,-28.622391538214785,15.78713,1.051778,0.052540578,0.06458072,0.03380369,1.0
66522381924952704,57.02772402473882,24.001720385327307,7.189384900282409,19.080368487026863,-44.48204907370185,16.501642,1.0318178,0.05957135,0.07990885,0.051117804,1.0
66523893753437824,57.1091158768964,24.048182417276898,7.419126279193348,19.673447078688287,-46.25819665857012,9.903484,0.8739928,0.017497888,0.023574661,0.013016202,1.0
66546742979468416,57.92638266259304,24.361311807427377,7.336717461362355,19.79467123420374,-44.488169793929515,16.63125,0.99140495,0.06703637,0.07647202,0.04783228,1.0
66648001127514368,58.18023060080065,24.466110780522413,7.329962061772594,18.086389860928335,-44.6909379196907,16.8203,1.0686117,0.07383415,0.098427474,0.058897495,1.0
66691809793716096,58.520522531106046,25.08487841936487,6.160316314680345,37.99636585339967,-58.645126100041814,16.575779,1.0017148,0.06493568,0.07335037,0.05091829,1.0
66727234683931520,56.76502117317897,24.159487376870935,7.276889102352219,19.333333440782077,-44.72484181110621,13.826407,1.031376,0.021857217,0.027407184,0.020201921,1.0
66740497542906368,56.883975666463144,24.40493750874421,7.580216981202935,19.454855978660017,-46.58009288982839,17.043259,1.060084,0.10743892,0.13374068,0.08719092,1.0
66779564565300224,57.34143853206736,24.911869279534624,7.397308082411872,20.535736201611773,-45.84534167733388,16.700275,1.0642352,0.07127445,0.09690056,0.060385752,1.0
66786505232432512,56.51218035590119,24.527697326214305,7.423127367767808,19.582296508324045,-44.877584847283686,6.4252644,0.78916544,0.035905674,0.04518582,0.028640086,1.0
66798526845337344,56.47976397387461,24.554604059172803,7.3551891416930175,19.533204676406434,-45.55090168896121,13.832768,1.2913687,0.024002949,0.03228313,0.019224782,1.0
66805093850868224,56.4664449892883,24.722541771587466,9.037145905335738,89.5861720248387,-24.556912682689166,16.743107,1.0666589,0.07741619,0.09549578,0.07423822,1.0
66942910762588928,57.06457646223445,25.243313086602914,6.855480925324777,19.155874667958145,-42.056806547832466,17.047014,0.9985963,0.080561504,0.10532243,0.06832946,1.0
66960262430594816,57.573731542368556,25.379363743861116,7.23941620088313,19.347753197883975,-45.86003924563756,9.52466,1.0734888,0.03129381,0.028891403,0.022539066,1.0
67084438523457280,58.48094414448325,25.303455525820972,5.5322029892050715,10.963686284761078,-6.707615597976509,13.52105,1.0688275,0.015386033,0.019419316,0.012266778,1.0
67085641114472320,58.547946463112645,25.31173412692351,7.44152801463991,19.45661899469809,-45.611562941253766,16.777615,0.98098475,0.063671574,0.08195558,0.049345206,1.0
67368353043627648,57.824864278483496,26.022656116606907,7.311513112665016,19.310613657171864,-43.88758080502819,17.051666,1.1489267,0.10168726,0.15095815,0.08244017,1.0
67521391316755200,59.13045054995928,26.742520957208015,7.627240171151958,73.63099638690916,-61.64608113281207,8.651668,1.2287236,0.028321458,0.027178356,0.016079087,1.0
67969369288405376,52.72989940356771,23.76671786024534,8.724751133799613,15.694580160907234,-59.362298635717146,17.264484,1.0880766,0.11744238,0.17837134,0.11295196,1.0
68000194269687040,53.14685652082706,23.68722296943813,6.171991884498451,45.40172303357788,-14.459166054660704,17.480719,0.95572907,0.13681746,0.16093189,0.108814836,1.0
68170721650939264,55.07859767517824,23.90637216703363,7.508409802864794,20.96857757122531,-46.637626167120075,16.658615,0.8909109,0.07595384,0.081231944,0.055559576,1.0
68186114813689344,55.251691989287046,24.22626696033306,7.2492674091900104,20.668062497077784,-44.92118727245915,17.018175,1.0101063,0.08166509,0.11154914,0.07711072,1.0
68310561489710336,55.729745748660456,24.492868817275667,7.270583160634106,21.20960169235345,-45.11720953111689,9.3706045,1.0204512,0.021176837,0.020013254,0.015567854,1.0
68322145018429952,56.05809868574246,24.779195241070113,7.33309960496548,20.641313656639063,-45.23559883830963,10.600085,0.97184104,0.016678132,0.024786549,0.014229601,1.0
68327402058399232,55.86760937923613,24.891795944870776,7.397119658177524,20.93307748939296,-45.634432777707325,15.965781,1.0600492,0.050215777,0.07417443,0.045496296,1.0
68594823902190720,55.16768315048272,25.276428505976188,6.191708160149142,56.95114015469974,-47.02373919057649,17.515812,0.972558,0.114388674,0.15474145,0.09172656,1.0
69350119669905792,53.419492662584425,25.3861600348521,6.85877444595657,-70.27922746298351,-93.52880419264758,17.31723,0.97024035,0.11244407,0.17200625,0.18169264,1.0
69381833709148160,53.44963485750042,25.835556136995923,6.067145109360653,11.940992632670103,-64.39941311670904,13.959828,0.98759615,0.026264047,0.0239287,0.017905474,1.0
69834866859848192,56.325703284283655,25.099341098152607,7.4380772139423605,20.86351880164022,-46.2940528962849,13.570004,1.0589367,0.017500846,0.01782212,0.013483973,1.0
69837134602589952,56.21473010374198,25.08777464661099,7.1556032681894095,19.550841497341686,-45.85813750178682,16.97633,1.0292149,0.08404761,0.08494754,0.06611428,1.0
69918979499308288,56.286047895907856,25.557284619295455,8.452786978223317,69.81945565625588,-0.35046477289438094,14.752923,1.1646618,0.027871199,0.03625245,0.025192007,1.0
69948253997063424,56.94524283764543,25.38549346832899,7.2009784966893235,19.422889821125843,-45.7770402267978,8.26957,0.82473665,0.02851277,0.033697005,0.020342307,1.0
70019103777425024,56.691128532413025,25.69745734086007,5.698453639175588,-1.3530864000564655,14.928415562992825,10.72225,1.2751744,0.024364425,0.038835414,0.02100164,1.0
70077270518065920,56.84147827794629,26.379668527819774,7.535994762888507,20.679228201590327,-46.724756753276054,16.477106,1.0492511,0.06226473,0.074692756,0.0537753,1.0
70098302974328448,55.81974956644715,25.54615905742947,6.167383718677266,55.46638880760828,-22.30816697073601,12.776772,1.1026834,0.020857673,0.020623077,0.016282335,1.0
70123003329050880,55.93374708446591,25.66362571551907,7.663925692212121,20.666605995135242,-45.993050326798866,17.194893,0.95341307,0.12597662,0.13380933,0.09666007,1.0
70138499571946752,56.11254696484386,26.01214432697683,6.558566743806491,17.00924219398475,-39.06166300600912,17.489765,0.9739224,0.14060837,0.2152753,0.12020405,1.0
70189837317110016,55.04559055682499,26.11121030197882,7.124132246599021,20.132120655612773,-43.72299645323373,16.743217,1.0204114,0.07682649,0.08588973,0.06576003,1.0
70241033326866944,56.49510380195464,26.33369184449632,7.273518281737768,19.996582200164305,-44.52598918784556,17.55147,1.307425,0.1573373,0.15784463,0.11951703,1.0
70400221996724736,57.634628850519086,26.439737169479123,7.792594542612193,74.0569123070876,-55.79477219487089,14.669518,1.1459051,0.033705186,0.038165893,0.022129511,1.0
70570440140165760,58.47360146533428,27.382718917404183,7.203198532585866,118.0308329756497,-46.054809476301145,16.282217,1.115665,0.06187634,0.06765948,0.04586341,1.0
70691970534348928,57.22071775691012,27.18578246695865,6.812682630324788,30.66399173833386,-39.221172018936805,14.073455,1.0470707,0.021314062,0.02474116,0.020565921,1.0
39968007881288960,57.71943716913768,15.638151928655489,6.345624271917043,-14.446811429744965,-8.238621641758192,16.716774,0.9754143,0.059843067,0.06984622,0.04879065,1.0
40113693172165120,59.81270918433942,15.24733836764236,5.677438264445222,35.59762985009661,-5.062522229064424,15.495773,1.0339562,0.03386465,0.039295252,0.027189177,1.0
40479830544085632,58.554343930938295,16.220057530896785,8.861713737571245,-7.662800556782818,-53.35164944327546,16.546835,1.0890218,0.06612144,0.076505974,0.055800926,1.0
41577967780157056,55.06073693822539,15.189294133363672,6.535624926573653,45.728122110523515,-3.6757431808516854,12.689468,1.1529057,0.01814179,0.023146022,0.015106157,1.0
41604493500143872,54.60990197325456,15.149369558480922,6.807552006944342,2.397696954164707,-61.309119955348294,6.9919763,1.238569,0.02242087,0.02684384,0.021982549,1.0
42412153510217984,54.60076460756442,15.745071483867386,9.453613267334134,-16.833572072713515,-0.12450593957907018,15.798158,1.0394413,0.04394254,0.04725039,0.03691186,1.0
42682599011294592,53.87752633805047,16.21309966347766,5.851873925060845,2.778701855874605,-1.0168766287139925,10.0287075,1.0800338,0.016799042,0.020936007,0.013724786,1.0
42899305880332672,56.4821053718552,15.333306934055768,5.857552450584224,-23.768108074452634,-10.16909471025708,14.804239,1.0961413,0.025273094,0.031751636,0.021330262,1.0
43133188322741504,55.781438036864785,15.887609143062145,9.379513084548659,-2.6774860055266245,-48.463539402574916,17.438877,1.1046225,0.12070229,0.1479918,0.10948341,1.0
43309011401006336,55.73562754058498,16.484179004183087,5.6506334351388485,41.75322034075958,-26.22342366013565,17.362072,0.9768446,0.10892654,0.11027033,0.09325956,1.0
43347253790397184,57.65656574858524,15.751809853770093,6.582742057702261,18.924671221361905,-30.943208860232215,17.444124,1.0478765,0.093006946,0.114007235,0.07715237,1.0
44406289645771904,54.521293131577096,17.4273869361779,6.90096080132737,35.49344814579586,-47.970951847022214,16.628342,1.0450184,0.075820535,0.08519585,0.069458485,1.0
44451850658777728,55.000223869855354,17.901311058307673,7.507207432231523,22.330695322852367,4.360493261839019,17.7516,0.9344266,0.13712923,0.16468,0.10997731,1.0
44581764829363712,56.389712000676376,17.748725349397333,9.033720148091941,32.11564736981265,-15.047253010745322,14.21394,1.1117871,0.021551548,0.026813585,0.019335993,1.0
44660173752410496,57.572502728407784,18.17118434072565,5.594070856861896,16.65450134380906,-23.80753227929297,16.47959,0.9731549,0.05528616,0.06830212,0.04650268,1.0
44665808749796736,57.407002412112334,18.289898391374997,6.942373251518879,3.075226018210077,-45.86502856172985,10.091999,1.1478596,0.020224761,0.023970323,0.016850388,1.0
44907288990713984,56.54809011811519,18.545626459972794,7.496900981737342,-16.511703665294167,-88.28433081628148,14.0758705,1.0743806,0.019066716,0.02431095,0.017648391,1.0
45128806223342208,61.26703631582781,15.077793344730292,6.078498676855996,20.63284607022517,-8.370000095467145,17.177315,1.0336301,0.109347954,0.14110106,0.06695251,1.0
45421997872331392,60.768543866637664,15.93287277192854,8.046132313719415,4.121719766530742,-56.876370975589936,12.539559,1.1278629,0.013900946,0.01599341,0.009483374,1.0
45460205900159616,61.84713894085228,15.833686761616043,5.515907277225514,-6.781662625363814,-11.043379511046691,16.8067,1.0654109,0.08053117,0.10729916,0.07354587,1.0
45508240814349312,62.31391060347305,16.3464243130312,8.756096435730292,8.842789127581717,-9.336319922098935,15.527184,1.0809236,0.035867274,0.044174198,0.030851753,1.0
45531021320853120,61.62651932436471,16.1537822030673,9.978088144950338,12.893193659140262,-9.530383016174866,15.396681,1.0651326,0.045585375,0.060784813,0.03257377,1.0
45612969296606080,63.39318748895267,16.012571258951493,7.211864376928185,15.362664046955086,-44.94938924059028,16.800266,0.99264777,0.082482666,0.111043744,0.07474449,1.0
45676191215122688,62.89937974281723,16.206532735190034,6.880099586433519,-17.141033329690885,-15.837908127784951,10.04327,1.0531856,0.017384518,0.019208396,0.014891271,1.0
45704503639486208,63.27250519417607,16.345499324467436,7.482774276024736,-31.775496752788992,-25.261747874791947,16.4345,1.1013156,0.06927543,0.08631322,0.058924504,1.0
45916675024183552,62.975200076540624,16.761200004002323,9.706050313506076,28.845018612083216,-11.940707851521797,14.912735,1.0651597,0.029341042,0.036015227,0.028432043,1.0
45998279402703744,62.80803172196801,17.263030178423296,8.160443026918985,12.463571214443888,-55.445228423614964,16.562592,1.0090045,0.05927438,0.069333285,0.055921994,1.0
46154684931740544,63.22365177758871,17.9959403933531,7.858303602207177,-32.902407046092605,-3.93554740239396,17.036318,0.95117944,0.07879431,0.09815399,0.079011686,1.0
46161213281981824,63.236258011984475,18.137916855448687,9.792382288076235,18.823597190594057,-39.10720646897289,15.042307,1.0588368,0.031208035,0.033412978,0.026936734,1.0
46248693176919808,60.331599807314774,16.436502861506465,8.107588984021405,78.40477495155743,-35.74825491758578,14.770758,1.1758294,0.027205393,0.03563439,0.022267114,1.0
46477700833543424,59.74969294700194,16.889491871585292,8.284292555944498,152.71530650510465,-28.564050475173584,17.537943,0.98852545,0.09824285,0.12237749,0.08135311,1.0
46820748458859392,61.33211100339864,17.672156951339733,9.200567109963087,10.09066002201104,-18.92703807227017,9.334058,1.3457466,0.026403645,0.037557177,0.01930374,1.0
47116517089271168,61.10223153464046,18.343365059080707,9.287163833076754,6.767545160001267,-14.712288635966319,15.565398,1.0987508,0.037943933,0.045350865,0.025275618,1.0
47155274873228800,61.82697644214459,18.471043847181008,8.868457545008786,40.6012129744529,-18.86960249494232,14.681848,1.019269,0.026847858,0.0393818,0.025063628,1.0
47219493224135040,61.526436970530426,18.6580202581038,5.754434450759861,-34.3553170509257,-17.34252984156023,17.254576,1.0187474,0.09453672,0.14209011,0.08196921,1.0
47250726226272128,61.51669296350012,19.033643679056787,6.808073290341515,2.715130253904338,-58.07352348095197,16.130356,1.0326276,0.051563267,0.05880296,0.037407055,1.0
47303365344233984,64.89518331958269,17.303233892713227,6.320748773425035,-3.6552687331159914,-54.13941344312296,17.88311,0.9471633,0.13678166,0.15958302,0.123554125,1.0
47322950396046720,64.69055761841746,17.575789552593903,5.676518259841829,-13.224466494344673,-12.69846954072338,12.42176,1.1004056,0.0176507,0.02369396,0.014885143,1.0
47608342383235584,64.43738189820937,18.073558737946396,5.954180114052294,15.042309729512176,-33.54409083350764,17.350912,1.0577217,0.10853498,0.13595559,0.10132141,1.0
47706405076420736,63.95275563416998,18.69114311453981,6.3340072964927865,-1.4567231724424818,-75.64865522660384,12.789295,0.9895479,0.015101996,0.017900608,0.012310171,1.0
48510182435753856,62.733507839576376,18.944319436641273,6.787533387479263,8.911531389976265,-19.885309632270353,16.328058,1.0754075,0.06563722,0.08285091,0.06234258,1.0
48652809710016256,63.587353761940264,19.579431689379536,7.990450027660359,15.60486056748234,-51.34394855990606,8.062434,0.90015465,0.02655724,0.031821743,0.023017664,1.0
48712973611807616,62.417055671357325,19.041636787751045,7.5747074311462566,41.687190391882964,-38.82195271705207,17.157814,0.99501836,0.09741698,0.1423405,0.08581079,1.0
48721219948959744,62.415008303740294,19.274141004955162,8.320046710715557,17.845396563151347,-32.33048599571572,13.688224,1.0416118,0.019323818,0.02786843,0.017511746,1.0
48787151990895872,62.17165244151395,19.517053951437674,6.574849325286778,87.7872583949456,-84.22601050108213,11.943685,1.0481482,0.016566252,0.022705944,0.014139986,1.0
49503793053698304,64.28357413216307,21.647557558929986,6.520370966060485,44.37056148644153,-50.693756907283166,14.604703,1.1041955,0.026707957,0.036603015,0.025134547,1.0
49688687103112320,59.75759233771698,17.844728451175996,6.066829168288241,5.709455486793163,-34.703006873476674,14.061378,1.0638828,0.019712938,0.02278495,0.015320978,1.0
49814924781710080,59.85806309908863,18.66254870602959,8.042747098669489,35.216507627168696,-31.969106514377543,10.738057,1.0444014,0.015444256,0.019446272,0.010451656,1.0
50106776399784704,60.537439039067415,18.413700744140414,6.423828219378507,4.904381153678633,2.844261585248311,14.60878,1.0043718,0.02469473,0.030101653,0.016391953,1.0
50429650564234880,60.29654496344955,19.400336042951235,6.941778998807934,17.1417579465673,-43.37279620017164,17.75449,0.9850556,0.14576487,0.16597813,0.09371728,1.0
50469924474878208,59.60954261697726,19.495036465861016,5.516969567485273,84.54888422035889,-13.964692442631979,10.457723,1.1050892,0.019642139,0.0216924,0.015140538,1.0
50510091008565120,59.74533840104654,19.788028398595568,5.848682231192284,21.019007242622685,-27.06089627414993,15.211847,1.1327363,0.038861133,0.04458005,0.027303565,1.0
50519058900257024,59.87258521554704,19.944405802612604,6.437960875511824,44.68196240303246,-74.14659758139118,14.973333,1.0376632,0.031510383,0.04299424,0.022479875,1.0
50520673808214016,59.664057613220606,19.913780945084582,8.027469959598488,5.41854157023913,-13.456008118733076,15.706025,1.0208604,0.044346496,0.057064887,0.031179987,1.0
50520983045615616,59.718963038483615,19.92825888741198,6.102763329631684,6.339689349215348,-0.17682414903778693,14.700879,1.1275043,0.030005664,0.037514433,0.02119645,1.0
50632514757076864,60.55225378317097,20.194578879266878,5.702589084511115,10.006200809053983,-15.56396759424142,16.389572,1.0777183,0.074691184,0.07956175,0.044779174,1.0
50713466298427776,58.29221328441745,18.8774336789283,5.749662021461292,57.26599768636108,-94.52302398869338,17.773182,1.0036452,0.111162506,0.13768439,0.09249064,1.0
50816854752999040,58.56127847009763,19.1134503550736,6.48859657356855,-38.9767408099527,-8.402720957724856,16.94572,1.0109695,0.08324804,0.10133355,0.06293336,1.0
50929623414185984,58.20716747518544,19.68138383467609,5.66033214810842,34.24332119015226,-11.146715810903885,11.947586,1.2067379,0.020131368,0.023959177,0.01411503,1.0
51005764593598336,56.99965563118152,19.4979778994989,8.80341769684692,-10.032464574111163,-12.27684565780301,14.113912,1.0875821,0.02069826,0.024178458,0.017652828,1.0
51260881354819968,58.9707490907271,19.95264625756957,5.673059717301542,36.9878629696791,-44.82997175871227,17.978554,1.1202252,0.14308658,0.17707622,0.11988921,1.0
51427014987045504,59.89810651818818,20.724288993539155,5.595979866051182,8.02420596500751,-15.66563985247814,15.91249,1.0668904,0.046292875,0.04936005,0.033197246,1.0
51453162747983872,59.50404653496963,20.717152044703994,6.121906511186249,8.991529945244785,-16.569258055493936,12.282762,1.0442766,0.01611546,0.018444251,0.014208704,1.0
51494531872918656,59.67346832865279,20.98999564651658,7.355400996026416,7.905494251056645,-5.668808426843038,14.154475,1.3758379,0.027751202,0.03297632,0.020364985,1.0
51652895907361280,59.15972729529615,20.849199594789084,5.807099200650352,10.396767350419754,2.591785960260597,17.73115,1.0183007,0.1132986,0.12870221,0.09373909,1.0
51717114258149120,59.313195564587296,21.515580902701075,7.008578938308257,23.063237415939454,-42.57844767717252,11.490974,1.062437,0.01912116,0.02654025,0.013976649,1.0
51811947133715584,61.841951153428724,19.794098075925557,7.679440193199168,54.1311037238145,-14.614999676272163,17.464214,0.9493387,0.18380259,0.34343705,0.1714777,1.0
51894273068247552,61.42744521367205,20.290859565129008,8.712524093214906,35.05059191994033,-61.70166480149879,16.364595,1.097819,0.068739675,0.0887278,0.046008985,1.0
52062704505238784,62.42721704533087,21.137992792821095,6.257673114341184,-23.39928277563525,-5.946716658089528,16.407528,1.0099881,0.059479035,0.07439299,0.0526573,1.0
52135925109792000,61.45996719973193,20.83291170773939,7.632528729919505,17.51810591181267,-45.38257197361606,17.708714,1.039859,0.1338968,0.1525379,0.08607368,1.0
52220621863618176,61.8738998416015,20.955047987579785,8.637183512034582,-9.942226959251148,-15.112948526534327,17.227718,0.9621369,0.103976406,0.16133629,0.10779511,1.0
52705437771463040,62.85165642460246,22.271615546883897,5.8543109010119245,-25.73456228870959,-57.36324547826395,11.796301,0.87200385,0.01607651,0.020049585,0.0153843025,1.0
52881149176850560,62.90910897706317,22.909603557920672,5.8699605801985895,21.16218204333216,-8.234796870783324,12.547605,1.0346729,0.017944286,0.019676182,0.013239051,1.0
53092328427534336,61.13402040869962,21.94300776490984,8.360091496659821,4.321221385309135,-14.819747273164788,13.089368,1.107663,0.0174258,0.019767832,0.010947302,1.0
53105728725582976,61.733535182577036,22.034448173178877,7.335246904574256,18.053060761550014,-46.289392325205924,14.216793,1.1631474,0.022842562,0.029082313,0.020373555,1.0
53113146130783488,61.45171364426723,21.97438827985246,8.332599527361268,17.467497188882945,-61.78621988259208,17.848179,0.9758664,0.12769094,0.14678986,0.09880696,1.0
53185168440403456,61.10977612477488,22.377751205205346,5.783097630086852,10.370110052405348,-12.468592490966905,14.353265,0.9738427,0.021832604,0.025207486,0.014336449,1.0
53191284473829120,61.13275005697706,22.42294588320556,8.711784308767864,-29.260439749268482,-30.613842267585625,17.539291,0.9612813,0.10392027,0.12933633,0.07226858,1.0
53251517094713728,60.29744591699833,22.177070954011388,8.064714251080783,21.02551892967163,-49.5476036522266,17.26991,1.0223686,0.10375451,0.143708,0.07581796,1.0
53297662223114496,59.40563169100045,22.165310271977425,5.607106678674763,0.5639588870792407,-15.939686992639183,16.333096,1.0334781,0.06430161,0.063593484,0.043889802,1.0
53400359183335424,60.58103010329418,22.75977424442771,5.764859882662888,-18.11206613172247,-7.612752553100227,12.290106,1.2057463,0.01679812,0.02136958,0.011341144,1.0
54023580415197952,62.085811305918504,24.340128432192184,6.597765511628317,31.522470961679133,-44.62414011312926,16.980326,0.99046904,0.07327007,0.098640256,0.072553255,1.0
54611097580671104,51.99447630885805,15.840171297232814,6.988474308527203,74.11737556963618,-58.56682274104302,16.186056,0.9705832,0.054658506,0.06708262,0.059732534,1.0
54628444952127360,51.75161999424418,15.985194114912918,5.5105513656003655,66.6011163198321,-49.249309042408285,16.00779,0.91488564,0.048703507,0.05845687,0.043040186,1.0
54699981927620224,51.35016721567835,16.345871167954222,7.576677722834487,-20.441316544940946,-22.1665582808504,17.804989,0.9935644,0.1518204,0.17287841,0.11743329,1.0
55919963094891776,51.988282379532215,18.229519683475687,7.2195781096031375,-10.277091686763374,-87.2938240969242,17.442795,0.97480416,0.09999942,0.12694398,0.08911783,1.0
56643201228197888,53.05298204130403,18.37347658943774,9.756845334300449,41.21497347684477,-104.94764024581684,15.5119915,1.032485,0.03989297,0.043530714,0.03508826,1.0
56880244765753472,54.56325318522075,18.482908634347087,6.750940924687024,-7.450487846912312,-22.70468719277985,12.777395,1.1337038,0.01950971,0.019597813,0.017591737,1.0
56950239849717248,54.39778041825849,18.896258602237136,7.0539219654220595,19.088067791101885,-41.90117981252202,16.285753,1.0833441,0.054103922,0.067216225,0.054817747,1.0
57036757670988288,56.04969256571299,19.30517336284503,6.83443986026159,18.967690976569575,-41.40405294442525,14.319201,1.1004654,0.022454275,0.026095087,0.0203781,1.0
57171963241700096,54.0525381304885,19.34910922859961,5.674145990853648,24.999463637772926,-26.738803514728215,13.319946,0.97881943,0.014671937,0.018813247,0.014442423,1.0
57600497898780288,53.116589982271314,19.32358303945973,5.883212645563589,66.99514753299104,11.288520171960789,14.12841,1.0851859,0.034765035,0.024022477,0.02160458,1.0
57602387684404224,52.94258525711907,19.294695460297852,7.363553419703499,14.985759325377908,23.065840685083607,17.380478,1.0092663,0.11384268,0.11345756,0.090307176,1.0
57989759374621312,53.30191541380001,19.64291887854372,6.527568544188603,-27.215084452898004,1.3094195919979126,11.902763,0.953835,0.014748174,0.016238557,0.012888187,1.0
58065041561345920,53.241688366687136,20.06946410191755,6.225918443144984,15.46306309490678,-8.707149418335426,16.714092,1.2725234,0.089596875,0.13700171,0.084885344,1.0
58301024244376192,53.09341924077132,20.491798122809776,7.893465826754539,1.235011068545744,2.0145897353821294,13.294554,1.0595535,0.017098876,0.01709348,0.012785925,1.0
58326003774151424,52.88315656481202,20.819562638063758,5.965995099311695,23.784231018936246,-24.163981148284392,15.405431,1.0358148,0.035812385,0.039369777,0.031362835,1.0
58378402375063424,52.75703517832016,20.988675925954713,8.660988563645715,-9.999033121822984,-66.092681948449,15.661639,1.0725061,0.039169233,0.04453467,0.036970716,1.0
58513504866243968,53.45499658177434,21.512953145722072,6.417829888485497,-14.715185781215242,-78.66319366149986,16.647373,0.977416,0.073241286,0.074360415,0.059117965,1.0
58509862733912576,53.09552840703287,21.600977160684256,7.338686073662941,30.36094523056919,17.549678265496883,17.556915,0.95969087,0.117524974,0.11700747,0.09499191,1.0
60817084806676608,50.46037027604796,19.706451497388418,6.610147533510152,-16.45772949625429,-44.482704753359755,17.735083,0.9860119,0.13227545,0.18187878,0.1405118,1.0
61026301253916800,51.10881968053121,20.803448573072508,9.681322352040178,0.8830033587319646,-9.423744946926142,6.07093,1.0661556,0.04918513,0.055529658,0.04246589,1.0
61464387916954624,51.599609982171366,21.561985420432798,7.050446018770851,23.229899778371752,-17.323591137345037,12.543999,1.1010901,0.016283954,0.017882582,0.016800899,1.0
61610245006053248,52.83813236363427,22.142249244496302,7.762906971440405,-1.0950432955446985,-65.34067977295462,15.028521,1.1765202,0.030259755,0.036952276,0.028160743,1.0
61820732763619968,52.406413890653354,22.453914712485165,8.99710624455087,51.475387488310304,-39.41643312227845,15.281991,1.1067617,0.03237076,0.037717417,0.032334045,1.0
61851038052824960,52.2604271845487,22.824717928574895,8.872672602590972,93.69113105107762,-83.85087074836346,15.456569,1.041443,0.039489742,0.049188644,0.039952382,1.0
61901993544805504,52.310220458622105,23.009204430053902,6.74365294172522,10.516077901771311,-7.818174857367557,13.054377,1.3410789,0.02512615,0.027356908,0.01734971,1.0
62131997634388224,50.25010544196511,22.200866292366726,7.416252852407931,60.399465519233004,49.7849630133687,16.253378,1.064734,0.054679245,0.061573606,0.05119946,1.0
62187660410412800,50.03371785219979,22.434323582260877,9.093518012450069,-22.010844038481004,12.300987794328867,16.355696,1.0673218,0.06384171,0.06139827,0.052115135,1.0
62722023060471168,50.64932316548089,23.32870016449282,5.889937174059666,48.74897419291878,-10.46836205131209,13.5194025,1.0903867,0.016404757,0.017090853,0.015550855,1.0
62767996390616576,51.31074503698852,23.885222863270666,5.822881922989041,84.95122017624641,-64.57455392973642,17.47944,1.0808762,0.11401858,0.12534758,0.10052921,1.0
63012397209552640,50.12839959815043,24.160983575581817,8.033299874091222,57.8158536875131,32.58879685892854,17.343956,1.0312908,0.10849794,0.13696145,0.104216196,1.0
63220548504215680,57.066441033330676,20.577009312288705,5.904987046548412,-28.931791863605497,-65.2481516960964,15.94262,1.0739334,0.051734142,0.06689264,0.049136944,1.0
63261505312274432,56.60400606364719,20.439398299732012,9.449689168515679,35.3411037087948,-151.92501629564072,16.59969,1.1579636,0.14013101,0.13794406,0.092457235,1.0
63274768171265152,56.67514736982477,20.679995594202452,6.631308315513529,60.94725676691456,-188.5553367850864,16.126127,1.0992568,0.063751556,0.092703395,0.054826796,1.0
63314969065121664,56.83593810200003,20.972676596795036,7.337816735853377,50.108718946835765,-21.15957637277358,14.535366,1.2182634,0.025407217,0.032254547,0.02285545,1.0
63327682168301952,56.879793937715746,21.18071408449666,7.907977523120273,20.201596848501353,-48.22956223295642,16.878279,0.9688982,0.071462154,0.083597824,0.06805125,1.0
63352283741304960,55.499934470371514,20.403317735749923,6.410625500741247,34.20365881774185,-11.1342769889591,17.044569,1.0023904,0.09199699,0.09926316,0.07596361,1.0
63368810775433856,55.90163441777967,20.533979652710816,8.386654969972081,4.763470696437281,-23.504126656649337,14.908343,1.1011451,0.02794694,0.034718737,0.026798759,1.0
63510785214220288,56.75270454896645,21.232186986468502,5.612934301795096,7.590755139111318,-6.325159153144365,11.553549,0.92189485,0.017693212,0.019712668,0.01422131,1.0
63959179800123520,57.44704800927546,22.169393286420362,6.942758423409552,-13.601623057441653,-126.89837813778045,16.3156,1.0581503,0.06664086,0.070566066,0.049597196,1.0
63995562466405760,56.70921754523774,22.211633483804448,7.066697909247392,20.74025760401136,-44.14092913446135,17.78173,0.99503624,0.13903295,0.16051309,0.1117817,1.0
64073597730589952,58.14369484776731,22.50195524647832,6.975558093691786,19.210785928895874,-42.47704975506003,14.958157,1.059469,0.02960444,0.037338704,0.023403037,1.0
64094037476647040,57.70410557714868,22.66984055724213,7.386205225594046,18.29780707062388,-44.92903716810198,14.9738245,1.2357466,0.03354169,0.044494182,0.025902785,1.0
64148738180119680,57.691890731724996,22.93047700918125,7.329901757417433,19.432050778551144,-44.96311213605481,12.54847,1.0103427,0.012998136,0.015992705,0.010610592,1.0
64186400749634944,54.99242280498846,20.97833326429972,8.537905230482107,-26.35096994216731,-12.305519077691665,16.797873,1.0082631,0.06567171,0.083068796,0.06076189,1.0
64231721244505344,55.12257360840189,21.359810149123298,6.321778545768671,69.16775598153671,-42.59473420496965,16.98788,1.0379311,0.094888754,0.104062475,0.06913141,1.0
64256906932817152,54.58556226108201,21.29762029254097,6.514594567152504,44.005254396129615,-11.473944405301827,15.257719,1.0367198,0.032867778,0.041977156,0.030659605,1.0
64276315888567424,54.62432671280883,21.56488406650005,7.363461148744048,19.52966342242958,-45.21088722635951,12.370164,1.1444457,0.015609099,0.01801136,0.013119669,1.0
64319196843026816,55.542131619695105,21.528581761160957,6.208062009319159,11.516466009923434,14.153494603192511,11.78481,1.3560493,0.020626388,0.023329472,0.016389815,1.0
64331123967672448,55.63799159070933,21.704494346750018,7.450155858497535,20.53869806925626,-45.722884651284645,16.246473,1.0158869,0.053203147,0.07031797,0.048475586,1.0
64391180493830400,55.23400899100226,21.886673057022804,7.05627541213968,-1.80701601901748,-57.251278528775515,13.259215,1.0430503,0.015486157,0.020366356,0.013246894,1.0
64456296494446848,55.63137479717408,22.586658775975724,6.164853036005162,9.213697630290211,-26.123087447081485,16.928923,1.0487834,0.07793588,0.09727332,0.07002348,1.0
64490346995125504,54.073607594300476,21.894024861528504,7.471244265991001,29.27934226053146,-30.20949418800153,10.912732,0.93895334,0.016732559,0.020946527,0.012882593,1.0
64498009216765568,54.444224489961776,21.85225114830287,5.845400799667415,43.21731829571688,-21.50941978532728,16.178514,1.0115134,0.06630622,0.07033391,0.046733025,1.0
64696642864135424,54.425466612178724,22.737669765377298,6.309034562843313,99.52193686947417,-50.50330206290975,17.315481,1.1201394,0.0941752,0.11232649,0.07820267,1.0
64768763955442944,56.360732948219095,22.525409252257422,7.33043869209861,19.916122118909534,-44.2544686931443,16.099396,1.0771861,0.053152155,0.06212655,0.051234093,1.0
64909153549943296,57.099724735801715,23.135471631187595,7.440941514656794,18.02642279431928,-46.27659449132801,17.242805,0.9964595,0.08653669,0.110820934,0.07284799,1.0
64916682629989248,57.25624741758162,23.085744041721895,5.594256046239471,6.2352438808516215,-19.02081122779137,16.539555,1.0015241,0.060482636,0.07214129,0.048062466,1.0
64938569783224960,56.98038426983239,23.318137232219545,6.691315293436614,18.104691602141237,-41.39668273635665,15.848128,1.0597136,0.04874483,0.061020244,0.052604873,1.0
64971795650143232,56.50760208364583,23.32852700032245,5.635618840160852,-12.987858027137618,-71.7879795333369,13.743738,1.1835587,0.019826695,0.024915855,0.017742632,1.0
65011481147922560,56.77549159808858,23.755443467081154,7.141353557340774,18.265519303836555,-43.555156923039064,17.294428,1.0635456,0.10526337,0.113577396,0.082664944,1.0
65040686925109760,55.49448945797651,22.950342697552426,7.485443374199612,21.190758956691525,-45.75072890563626,15.615843,1.141276,0.04615499,0.05842444,0.044474743,1.0
65047043476608128,55.35990236479837,23.13393922944862,7.176704369385575,20.522150608680292,-43.97400437766897,16.736732,0.9838054,0.071571276,0.09263641,0.058491357,1.0
65088275162687104,55.75590442819679,23.49166437151513,7.500634830364743,20.33014330525751,-46.80745783805581,16.996695,0.9035413,0.091507256,0.09720215,0.07303676,1.0
65113735728782464,54.982291197515906,23.308349377812323,7.085589262985136,74.62154991987498,-62.848207030671254,16.571293,1.1078293,0.06415796,0.08831772,0.061114386,1.0
65119164567417856,55.21027734303729,23.418239557613678,7.563300505452855,21.697122292421838,-45.497866176963164,10.658403,1.0724381,0.017408878,0.019891141,0.012943894,1.0
65196370900147968,56.22443336960459,23.921085821362638,7.226440781576337,21.062076818946018,-45.346349053981676,10.590246,1.1517957,0.014336304,0.016704356,0.011661332,1.0
65201249983083392,56.52329273640923,23.757058284763335,7.3094182053318,20.57697227505834,-44.183315125821814,14.375109,1.0223185,0.025500584,0.025556497,0.019087184,1.0
65269144826531968,56.234680459506556,24.113558491366867,6.248955184425424,13.587329789122908,-38.926129871512586,17.903252,0.9100948,0.19737199,0.18566726,0.1393824,1.0
65280930216220160,56.41412670555863,24.295053539462845,5.531151051188346,4.829025741726351,-17.50665927969756,16.513445,1.1449579,0.073446,0.09606394,0.06793851,1.0
65295430026352512,56.23507805711012,24.432404748893706,7.3971054023640885,19.698151724297123,-46.135081435179735,10.2749605,1.1424334,0.023178987,0.02821788,0.022394326,1.0
65358445786440448,59.31794400875456,22.66992891053252,6.175795360825493,21.78596564697157,-24.68701044475465,14.3482485,1.1502862,0.022697257,0.02888228,0.01742372,1.0
65375350777782912,58.853479940516586,22.48275910864545,9.427305383133223,-7.512105037284108,-89.58863861853416,15.929524,0.9846168,0.054590818,0.055873483,0.038036093,1.0
65507807569730304,60.167780313721146,23.44816967272641,7.773348548881009,18.444319770885315,-48.22819981374479,16.982033,1.0454,0.093191974,0.13234563,0.06665102,1.0
65622466016638464,58.74673800522406,23.148957445933636,7.619530490033636,32.08173928261727,-28.588933141166233,11.63058,1.2845899,0.02168344,0.0317629,0.016541015,1.0
65635522717170944,58.87881546681414,23.39733058626634,7.351477392023253,18.06127546907313,-44.04141589893502,15.975678,1.0316733,0.052089404,0.05710115,0.036007244,1.0
65702867804200448,58.464741821631065,23.625599942354462,6.040484165570636,15.61717963284711,-37.1015351495836,17.165022,0.9722668,0.09228681,0.09982183,0.07008899,1.0
65712488530853120,58.09386516372074,23.644663086556115,7.842320091834718,20.351204373725434,-48.34159308538509,13.523306,1.0522459,0.016344896,0.022247579,0.011299197,1.0
65928302047518208,60.7660756892833,24.077044716838262,8.556280171016654,-13.425275139467,14.82002671225925,16.828146,1.0110589,0.074005656,0.09118786,0.05071405,1.0
65944794722044032,60.28468737881466,23.871593971669434,7.499603352914743,41.38091110975313,-13.00561869630204,16.769318,1.097288,0.07588618,0.08116383,0.052301142,1.0
66342233815621632,60.65886737232999,25.267734468518263,7.355895659888823,6.3104152102132005,-179.65460203522775,9.995769,0.9669514,0.016648104,0.020159539,0.011505377,1.0
66444694556813440,57.78858061856315,23.712683129714588,5.500692987922002,58.229510801101,-51.74145390014408,13.868236,1.0048213,0.01998974,0.028868543,0.014423395,1.0
66462939577861248,57.667058127725106,23.932844783221913,7.251408520456074,18.70635797044318,-44.35811453871019,10.161764,1.2033594,0.021524437,0.026679248,0.016209349,1.0
66475068565410432,58.34027461986194,23.981454782393236,6.57619269652767,53.855036685197746,-60.339692451644616,15.308861,1.0004913,0.03186513,0.037025608,0.02390763,1.0
66509634462127360,57.60485631103719,23.92810758936979,6.838599741356637,17.828451126462845,-41.79215628014446,16.713524,1.086405,0.07411512,0.10199941,0.049891695,1.0
66534991949020160,57.635162015137915,24.06933935753555,6.643411416768737,0.20282506118737453,-16.394639696677338,16.04866,1.0165443,0.048708547,0.06296769,0.043035455,1.0
66692703146816640,58.25617004336455,24.870011060599158,7.694681387075282,1.3769393651402364,-34.48844535097577,13.777979,1.1163586,0.017254833,0.023791015,0.013191862,1.0
66699712533433600,58.147239938495616,25.01778865596094,7.922947743785393,20.880895620974904,-47.66036853140865,17.059772,1.3147202,0.112967424,0.12578256,0.08415728,1.0
66729880383767168,56.87281395748792,24.288130246334337,7.230057778664303,18.551020432929977,-46.92179879334844,6.815936,1.1449239,0.048574015,0.057043727,0.0325241,1.0
66737095928811648,56.918616532110974,24.364356080566463,7.396118503759566,19.316594733162717,-45.4554205499203,10.402332,1.023037,0.021419695,0.025703246,0.016754748,1.0
66737576965143296,56.90697333793039,24.40625196187756,7.342869628062257,20.067565805501125,-47.76913267954702,16.923494,0.91802347,0.109597206,0.15285268,0.08762533,1.0
66789872486779520,56.747585269534376,24.51991333978582,7.271150194177561,22.271845514767694,-47.52140397943802,6.8028107,0.92515117,0.035358343,0.04342187,0.028225876,1.0
66800180408292992,56.523586281705164,24.612159232258236,7.342569093725325,21.31815347205297,-44.54099990974814,15.064789,1.0981,0.036498327,0.04826905,0.033042442,1.0
66807464672814336,56.57483292830163,24.68579851334693,7.373324442202136,20.782566863578815,-44.5278180928463,15.306499,1.110405,0.040124435,0.048379093,0.035523467,1.0
66812305099908736,56.462856694704136,24.813362255884588,7.35247678637022,-16.591921006463316,-32.120892524521636,16.997524,0.98644686,0.08285972,0.104830764,0.07915814,1.0
66841205935844096,56.795705522757,25.085999233199267,8.598393435544281,63.705851517625035,-46.33155692865986,15.793282,0.926718,0.046944246,0.048137486,0.035975605,1.0
66857458093633280,57.70752338401314,24.840172767872087,7.94796219276704,74.21222977230367,-32.7782554349932,17.028008,0.97399634,0.078802094,0.105191566,0.05918543,1.0
66880307319457408,57.684841675781236,25.11793981048808,7.099560650653931,18.834909505189653,-44.743241772918786,17.491455,1.0818169,0.14553106,0.19883217,0.09745601,1.0
66915560410893440,58.03320620434854,25.465031331017673,6.954660525737195,17.66704715044569,-42.95528837216997,17.438322,1.0727127,0.1085271,0.12467814,0.08167497,1.0
66967340536601088,57.90971703297055,25.589680083831755,9.8428729715673,27.077824493416088,-119.93005800312045,15.914121,1.098262,0.047157854,0.06755067,0.039287556,1.0
66974453002505088,57.535148903959175,25.548658926226246,7.746078028052952,20.025605993834702,-47.3334367245468,16.260448,1.0135275,0.056976605,0.06346964,0.042977817,1.0
67294715824940416,58.10988466344941,25.574791751260573,6.633628436127853,-4.502596198472866,-37.46588625121982,17.743944,1.0059198,0.114780195,0.14434725,0.086111695,1.0
67352066526730240,58.16220136420259,25.840244145086956,7.515898557915286,20.317399685234925,-45.71550048962557,16.171669,1.0450416,0.05119948,0.06962682,0.03853139,1.0
67540495331120128,58.999775418620786,26.999774293203018,7.491104925912312,19.042560394445882,-45.36234792829782,16.923477,1.1216326,0.090542376,0.09971019,0.06313033,1.0
67618285777617664,53.88216141527742,22.82338338603445,7.532695664265256,21.394415701598184,-45.46661573078261,9.733864,1.1501563,0.018618654,0.022584325,0.015919238,1.0
67680850564641792,53.30800661762213,23.006232598562264,7.941030580559142,22.729875597843886,-48.59663074896117,11.690367,0.8459248,0.01414083,0.016153622,0.011672399,1.0
68006241583701888,53.444424149141014,23.805262964470735,8.021906987586915,23.62859183363217,-48.135897082217014,15.914934,1.0345572,0.051143233,0.058403526,0.038308058,1.0
68026406454368000,53.91776073301663,24.012862776261883,5.707145512257221,65.95964426824068,-15.976449791540057,17.780642,1.085005,0.128812,0.18312176,0.12069073,1.0
68152820227358720,55.26256117985148,23.72247915263373,7.500368854873981,20.539656838226605,-44.917294566974064,15.784899,1.0471059,0.048109494,0.052792262,0.037831794,1.0
68195598101454336,54.51024535830732,23.909656490716014,7.510715182625756,21.55407134628564,-44.709096962151094,16.495232,1.0644646,0.060642127,0.06610711,0.049307425,1.0
68233531252642432,55.112406328123726,24.237139167005697,7.448122361236067,20.505100504678424,-45.806710356269164,16.483887,0.97000706,0.06566874,0.090103574,0.054836407,1.0
68306099020642432,56.00122131401905,24.556792926212825,7.412449484379191,20.53463871701449,-46.18983462732439,8.041619,0.94553983,0.027752403,0.031506263,0.022334551,1.0
68354374452892160,55.00785428462176,24.77371460602442,7.553124059345441,21.63172470092146,-46.3791664473849,16.329308,1.0783483,0.059865672,0.06592468,0.052126944,1.0
68444534406201600,54.649595096912286,24.601516320305546,8.752983499032268,3.3021066878639225,-24.842383571698107,8.113056,1.0255234,0.02596788,0.029480366,0.021017142,1.0
68547132585410560,54.78082643196429,24.85786587837255,8.99109634877702,-18.590809398048595,-28.142792015075955,16.838627,0.987022,0.077094056,0.081731364,0.06627694,1.0
68612897124511744,54.52615557626951,25.09426689142077,6.596368871241622,11.673621311261401,-49.630071115560106,15.051989,1.1177202,0.03158522,0.035892032,0.027615234,1.0
68897842434107392,52.40997572234209,24.510333895510175,6.878266257804431,21.06682471286649,-41.62646104512346,11.909498,0.9674165,0.014257395,0.015749054,0.012771174,1.0
61321313967038080,50.326016855088625,21.569648953783705,7.280491044608393,91.16092284740927,-65.42746871685246,15.017471,0.9927247,0.035117477,0.042403508,0.042335913,1.0
61660753822068224,51.172473432457686,21.568497270267333,7.694929716909614,-31.72516611658739,-91.62500964144394,16.29561,1.031041,0.05907273,0.06454043,0.04794235,1.0
61838874705463168,52.31323228690771,22.624461425759083,5.850284571616264,65.17870941998993,-80.22757026480404,13.466126,1.3875865,0.019459708,0.022694891,0.020195497,1.0
62996145053387648,50.52272054659973,24.047147889478335,5.943880394312575,23.262482867400365,-23.09321353279252,14.448078,1.1719583,0.03638254,0.04746209,0.030617967,1.0
63034902838166272,50.463628699496915,24.280660042789783,7.667376060795668,23.16162812776207,-45.726984923951576,14.347416,1.0779787,0.02276202,0.028606065,0.020596504,1.0
63234704716392960,57.325386057661305,20.69308544877021,8.197805400326843,20.08512196447664,21.90317221799476,13.375678,1.0176224,0.014938436,0.017500084,0.012191101,1.0
63547270960574336,56.002772277578515,21.281872338918273,7.436217258402496,20.147855316576678,-46.019560668530474,12.420944,1.1329408,0.015804969,0.019420547,0.012928858,1.0
63604067608056448,56.0647963506049,21.80934726051296,7.079349482164978,9.52046301343703,-19.679762115959107,17.6349,0.92909575,0.12158395,0.14019063,0.118271515,1.0
63624275431348864,57.819223328816214,21.039537388053613,5.825707552155343,1.0931639399089943,2.621372247514609,15.3086605,1.0932323,0.03806951,0.045647293,0.027280604,1.0
63705811090263040,57.04407843829857,21.329017313969448,8.326389139792953,-8.741252917949685,-12.319620134641445,7.9385033,1.0192105,0.03562968,0.03588169,0.024987843,1.0
63800025493177728,58.87399616504224,21.979239434441908,9.51011781449058,47.51379728543379,-44.306717267273534,16.11667,1.034943,0.05086613,0.0615452,0.041371502,1.0
64021680164106112,56.81568747129195,22.354525329934713,9.118676744229727,24.26195461259705,-55.78773849715475,16.345903,0.8901241,0.057181347,0.06733268,0.049436055,1.0
64114245300877184,57.29700152037766,22.609258005731753,7.455976057919426,21.057238451322103,-47.309507094315066,7.7059603,1.1223998,0.029010396,0.036593974,0.02336674,1.0
64160940185240064,57.57335850579678,22.932883365855528,7.173085965990723,18.971190164122525,-42.77271008412554,17.563309,1.054534,0.1056444,0.12312416,0.08016963,1.0
64213270065016704,55.21349794911579,21.17361737408827,6.5117079807146725,-3.8769550954070815,-7.425848773308108,17.489141,1.0071234,0.10115289,0.11530685,0.08032207,1.0
64360432824457088,55.85559780738053,21.977670785843095,5.683576921547679,16.115534658741637,-37.768313337144185,11.686229,1.0694119,0.018740637,0.019134365,0.0137955,1.0
64490999830146048,54.169207091284676,21.913206267505917,5.532569378145603,12.682844802210022,-35.09581067224205,14.010609,0.9960838,0.02234074,0.02350972,0.016182624,1.0
64523504142586112,54.57157084548246,22.227181484835693,5.653890949752338,-27.35007920079831,-37.630297114047536,16.959143,0.96901894,0.083371945,0.09017311,0.06610093,1.0
64695543352596736,54.462561035620794,22.701399979487817,6.717260495765238,25.75442762374711,-31.48381883591703,16.065777,0.98648393,0.050423086,0.062086634,0.04366383,1.0
64752717957650816,56.31798729075289,22.292950507693064,5.7186463121028055,-5.243069974923202,15.872270541097603,17.488575,1.048252,0.13155706,0.16693665,0.11244467,1.0
64841847118778112,55.72601984752836,22.829060083119092,7.888003082104967,91.29852282582112,-40.867811510730576,15.239348,1.1959834,0.03794443,0.04978161,0.03490856,1.0
64856312568645248,56.52195568292751,22.981419243413214,7.602128024288136,20.514283661276494,-47.91048805067051,13.413954,1.0812526,0.018777581,0.020303842,0.014524859,1.0
64856621806289792,56.53278606385733,22.983183224513134,8.992210672930653,67.00512805953714,-37.34517163364157,15.951395,1.0810986,0.059075356,0.07134755,0.045897298,1.0
64858339793222272,56.298050043912966,22.95284787808489,7.424862203803131,-13.908149757811604,-6.815109417876535,10.761651,1.1831591,0.020237103,0.021591976,0.014833265,1.0
64889126119831040,57.094462930924884,22.872477336102378,7.617353781069092,20.539052849387254,-46.74773678544327,15.062484,1.1173615,0.03413077,0.044744853,0.027145123,1.0
64923279699744256,57.25981898022836,23.25223911265763,7.266831729278644,19.730996700492646,-44.42819858102819,11.473286,1.1447881,0.020944558,0.02427146,0.01704622,1.0
64962174923490304,56.88419556070246,23.30633191106529,7.339722266111578,20.729001925708243,-45.43158657295105,16.41158,1.0396391,0.06421835,0.072896786,0.054036416,1.0
64963377514329984,56.84184912038183,23.359958000577215,7.456198708615304,21.312007944847327,-44.50127002300362,16.68825,0.9374413,0.06880964,0.081965916,0.058664735,1.0
64980832261312640,56.70879817515686,23.53208141913091,7.435614097188134,20.87945193664808,-45.02175262335697,16.288599,0.9718782,0.04823119,0.056650817,0.04124148,1.0
65000417312240896,57.04676066618868,23.66195219778092,7.2799358540794135,19.68836366974725,-45.0455575658892,15.7003355,1.0621207,0.077106945,0.080837674,0.05923068,1.0
65005262035285888,56.76583191330965,23.616114992542006,7.209191094463601,20.780047946237538,-44.242085995364654,14.2646475,1.1201135,0.022680594,0.024606442,0.017609062,1.0
65007083101413888,56.861890197773505,23.678126852419382,7.472988365635405,21.72387551654079,-45.70969458878078,7.7467694,1.009509,0.031553023,0.03369307,0.026485171,1.0
65026839950559744,55.446290775382565,22.856829510979935,7.414311257263757,21.03875282773397,-45.91094789901183,13.883523,1.1278907,0.021684585,0.027149094,0.019166159,1.0
65086591535491584,56.00257297938471,23.543743984874723,7.297531268657663,19.55870683741184,-44.75242968274938,10.823086,1.1061329,0.015349895,0.021816893,0.013080624,1.0
65089473457126784,55.9526140176657,23.539193471582006,7.241582954749215,21.483314424987046,-44.38909546773306,13.418813,1.0401119,0.015352061,0.021675624,0.013233407,1.0
65101606741121792,55.358274790613365,23.25980604541485,7.353979850941794,21.430531919380343,-45.768936753226264,16.835623,0.97007865,0.06497678,0.07575682,0.057454545,1.0
65181115176348544,56.068656980543835,23.61763077488844,7.450890340933603,22.5414303663053,-47.5949810700541,15.794596,1.036575,0.03957465,0.055310197,0.03543539,1.0
65211420466124288,56.634053898829066,23.982728265065944,6.932438687098164,43.61427639813496,-58.19705442761651,12.771411,1.0959525,0.038072303,0.03884042,0.028340343,1.0
65213172812266752,56.74283055817035,24.027995653471557,7.449628020763334,19.211601348098558,-43.36324766229127,17.144829,0.95862824,0.09741063,0.115643784,0.08165107,1.0
65225469302220800,56.71438897122719,24.10432284781211,7.422710671658224,21.454720070774023,-45.221757813240025,17.444145,1.0897739,0.14431289,0.17788406,0.12358278,1.0
65293368441513344,56.07404213069598,24.446187902212245,7.20733365805876,20.16911764248763,-44.66621639384996,15.395012,1.1538252,0.041400734,0.047521293,0.035300583,1.0
65561473183104640,59.996547399284125,23.684502413509016,7.365650912464818,18.238053772145097,-44.87531613366752,17.376736,1.0405189,0.1063152,0.14910848,0.07874906,1.0
65593294598803456,58.54890861292079,22.90032069433831,8.438800475290702,16.798905286522633,-34.82607429105459,13.313772,1.0790623,0.028761802,0.03299548,0.021240469,1.0
65648545058014592,58.75850845964709,23.45433301630616,5.886387656167019,94.35792261397259,-91.88795864393721,16.248686,1.0410745,0.054647833,0.06393945,0.0416134,1.0
65669916815174400,58.16407126508144,23.37798583487732,5.57551933418531,61.235425008215586,-120.66211038981339,15.000058,0.95900536,0.029661248,0.038093444,0.024073906,1.0
65958882214601472,59.78388799931235,23.9607987367219,9.787488059384719,-16.678348830047867,-84.71860238391827,11.474109,1.2326744,0.025680335,0.027957007,0.016323822,1.0
66027979649547136,60.904807373808445,24.248260561252675,7.853052388334192,-23.333357048176314,-50.30576198295923,17.410666,1.0069584,0.11267004,0.13614474,0.082524054,1.0
66053405855848448,61.77038128125345,24.63849913136796,8.463170073988945,75.37290312665627,-38.652914754895136,10.054828,0.8972321,0.019147681,0.026186064,0.014889797,1.0
66082233676302848,60.67930055882666,24.473263325007043,9.17958098223252,10.613593983005405,-18.63279208518788,14.040665,1.0618079,0.023426637,0.028081182,0.015489315,1.0
66095840132473600,60.612018038516986,24.574956061803146,6.252891051447872,-0.6756605301419079,-59.562270635540095,16.042782,0.9801006,0.06273103,0.06581706,0.043759856,1.0
66289044940711168,60.4827966589139,24.733872010726543,7.2050917204075295,18.81690894808831,-42.23617697267188,16.339365,0.984884,0.07214574,0.07696865,0.04410223,1.0
66422566883668480,60.607682896271044,25.80855149239402,5.95009331496372,-5.037870649279225,-6.739598772450421,15.863041,0.9863287,0.054599784,0.0555208,0.032696147,1.0
66468918172339328,57.89280600086858,23.797032725739253,7.242062708797047,19.108210218397666,-45.41617175629843,17.061905,0.96364164,0.08368073,0.096353956,0.06129364,1.0
66509771901085696,57.5519498137871,23.926474495876295,7.457034070158453,20.69247400212095,-45.6571137814936,16.25907,1.1878479,0.075219125,0.1003207,0.059486613,1.0
66523103479455744,57.1327139051166,24.0328031975566,7.1438013870737755,18.53827523276147,-44.38353799103615,16.80336,0.99710137,0.07595504,0.099425465,0.055569828,1.0
66551686483467904,57.49815604974855,24.19589894135323,7.205215857775971,19.92888791242963,-43.61824072889623,17.795551,1.0355865,0.117894374,0.1466905,0.09805822,1.0
66581549393480704,58.61864199674141,24.320930193016103,7.419621943102175,18.822255467157277,-46.75656400286956,13.582582,1.0209115,0.015879964,0.02037844,0.011785393,1.0
66619929221360384,58.88721731500515,24.70300849959734,6.136106024654406,-11.506135003815325,-6.607115031711777,15.511626,1.019792,0.04154979,0.042648304,0.027923275,1.0
66659271121456768,57.891738387194295,24.568991301553485,7.421206266094838,20.34257441414748,-46.71852154545581,16.468485,1.1151683,0.06500095,0.09111916,0.0529406,1.0
66715273197982848,56.83070036887997,24.138920132623063,7.269312246192696,19.017069653993058,-43.927570681464154,8.243902,0.874114,0.027773846,0.032082487,0.02470716,1.0
66728089380492160,56.799503754015504,24.23144167346539,7.1911527684325165,19.07404745779211,-43.299155859962404,17.551449,1.2849022,0.16482066,0.2441829,0.14097326,1.0
66729674225341696,56.85469975761968,24.25462065234576,7.5495680701742245,21.087168165577484,-46.027592700818865,17.056747,0.9836351,0.100397095,0.13427204,0.079594396,1.0
66750358787789056,57.177946533093994,24.4552402956949,7.938158096015889,19.43070052995618,-47.815166188835946,17.649462,1.0535691,0.10993434,0.12290145,0.08356862,1.0
66786539592171392,56.602739910078235,24.479398837694735,7.320709076268946,20.307721821964204,-45.75159001135238,16.471231,1.1160098,0.06251443,0.09284854,0.05471866,1.0
66802207632871808,56.31946543928191,24.575481115491094,7.666701713472894,20.82255034321436,-47.73125292623668,15.082205,1.0978314,0.037823208,0.051307898,0.030625746,1.0
66808839062339712,56.68666506758425,24.74939162434088,7.382649848312971,20.16782120245168,-44.18388468038046,17.464863,1.030175,0.09851447,0.11341955,0.09406659,1.0
66809491897360896,56.728918631435576,24.796134519995736,7.406586641921977,19.300650310901055,-46.34158408595681,10.408444,1.0771662,0.01864788,0.020284966,0.014834507,1.0
66876596467931776,57.493140583588925,25.105670495329786,7.533728444357108,19.409193610428204,-47.91663424484297,17.568546,0.9537864,0.124690175,0.16725971,0.088340044,1.0
66902916028014336,58.15253446080481,25.416266981462112,6.017543341666825,40.79088142898389,-50.6844723891719,12.81167,0.93808764,0.01797832,0.020748187,0.014198281,1.0
66939848447027584,57.07039222938601,25.21491968688357,7.358738230374514,18.11105149210825,-45.7244672361417,9.118056,1.2645075,0.030612484,0.048222587,0.027914919,1.0
67368834079044224,57.828036864609324,26.054150719366156,7.274217633056106,18.95464920923878,-46.073171609353494,16.899532,0.99135786,0.07254123,0.102320105,0.057421178,1.0
67373094686549632,58.05557458367478,26.143438461375514,7.360596113610154,18.750344103076316,-46.15502930421356,15.564647,1.041076,0.05323919,0.059870217,0.040315267,1.0
67402472262801024,58.19747030922616,26.31399977180048,5.6411432026371795,63.41979273577333,-56.333481326241575,15.621159,1.0231972,0.053291388,0.04983832,0.04398516,1.0
67402747140706688,58.170733737169186,26.331692658295943,6.038608624264716,25.148695608615704,-31.195466249277075,16.07024,1.0800782,0.060099345,0.06621922,0.05215245,1.0
67567055407766016,53.70297955902117,22.3958226212815,9.829432715080117,154.352522302411,-210.3094904457774,16.432402,1.0274582,0.06599839,0.07386481,0.052306492,1.0
67646495122796160,52.849260158176364,22.617322327368473,7.186483732700734,58.70001738281223,-1.9974088135287287,16.836412,0.99123514,0.082919255,0.103420734,0.08951037,1.0
67681232818240256,53.36491012919364,23.040374536859403,6.359794275246045,83.96546051094302,-58.77610109693358,14.100702,1.1887428,0.019793347,0.025489314,0.018332886,1.0
67696690404422016,54.124765341658346,22.78955257812658,6.272459005898715,-18.254656700422366,-20.043474962446094,17.69099,1.0899637,0.12887035,0.17439643,0.12395201,1.0
67700057658801792,54.07445853426248,22.849651729737936,6.1931377934014895,-6.382562821882313,-20.283998717825355,17.899849,0.9007823,0.13245872,0.18546927,0.13248429,1.0
67732257029618048,54.59755350922265,23.107846178922333,7.41348516289367,21.57072434828168,-45.486146541863064,14.31126,1.1676027,0.025197025,0.031425435,0.019997183,1.0
67852550473596672,52.92132474452431,23.100267433850743,5.500841871011667,11.121566402275395,-12.715526942027234,17.6742,1.0627333,0.118564256,0.1312175,0.09365112,1.0
67857631418679552,52.497397961531185,22.951335246067323,7.942831123088774,-17.025534932086615,-65.21626901196117,17.927118,1.0582073,0.19029583,0.20343263,0.14962727,1.0
67861484005590912,52.59051460110598,23.118994956928546,7.017198092455575,102.13656876200982,-18.121216556689518,16.01698,1.0185908,0.052779526,0.05656014,0.047797985,1.0
67879243694759552,53.055195785463,23.273470069745496,9.99351839897109,-32.83648105233376,-85.33724697455452,11.916646,1.102424,0.015366967,0.01788322,0.013234765,1.0
68046133239891584,53.789279180431066,24.238698906437666,7.539687879108131,21.915036001221143,-46.31853232725302,14.357129,1.0059556,0.02450523,0.03298733,0.02755744,1.0
68147391388599808,54.95000439198446,23.848945081679698,7.735459904904693,21.781214122121135,-47.44800048113087,15.734668,1.0551088,0.051293038,0.053276096,0.037252747,1.0
68150861722174848,54.865972772521204,23.89479513531878,7.3887946659635775,21.164750174314186,-45.34759525391402,11.304962,1.0996524,0.025709353,0.026237397,0.017974311,1.0
68183125516472320,55.11009789752388,24.089764462479078,6.7126248163488205,18.54911495497002,-42.00945556771128,15.516793,1.0801526,0.040986046,0.0556573,0.03542456,1.0
68232191222851456,55.02968901109932,24.21745010720196,7.3311977139771844,21.004541730395342,-46.72419357942475,17.691679,0.79382396,0.123022094,0.14672327,0.106855236,1.0
68352720889175680,55.00680305997715,24.67886262617476,7.310174432354375,-45.80147682080483,-9.919300927660675,17.903183,0.9447512,0.15511705,0.17683773,0.1366855,1.0
68353171862049920,55.045740712123596,24.718945608389415,8.86173077169807,18.731721050098724,-26.6508220148244,16.90223,0.9284937,0.0921368,0.100433476,0.07974802,1.0
68521053543431936,54.326969501573586,25.06234751517081,6.613013887906957,23.533059524742264,-56.67457711883954,15.789102,0.9396815,0.042402294,0.05012019,0.040980153,1.0
68540535515653504,54.77812109736227,24.702658564560203,7.702833922832106,21.68859240930002,-47.25978374602024,7.10341,1.0057169,0.033775095,0.038354125,0.027645016,1.0
68593346433465856,54.96326524435254,25.194661602170083,6.995498709634505,19.752518722713635,-43.07260171331955,8.754338,0.91633356,0.020023247,0.021323627,0.014912604,1.0
68600321460320768,55.0460741774819,25.39058935918636,7.544997506047376,20.391724290968668,-45.91124823550244,16.925434,1.0123941,0.08250757,0.114009514,0.066230565,1.0
68689381901729792,52.267764649584656,23.5564746011831,8.377493940542983,-11.193822031315007,-18.455976979623053,11.878806,1.0441452,0.015174965,0.01684243,0.013972355,1.0
68824656191497984,52.850260003553004,24.17094288831993,5.537503353146797,28.363858410212714,-33.07179198247732,17.10318,1.0429947,0.10266322,0.09845488,0.07579877,1.0
68859909283092608,53.20117995217763,24.509294471259448,6.626187317480545,-8.15925850169217,7.5654686139168925,17.722189,1.0332252,0.121607654,0.16711532,0.12223918,1.0
69210928370203264,52.16014399695237,25.48261350961016,6.810401423821664,23.758156525163027,-18.29416548112502,12.561713,1.0398395,0.017359117,0.01964012,0.015463643,1.0
40171069638225792,59.90348959880664,15.798122218204487,6.405978274250473,2.995881936571576,-24.12980842578113,17.208776,0.948499,0.085571386,0.10789212,0.07133911,1.0
40347889149027968,58.023584727500236,15.754360226992286,7.450651700878906,28.314333158162277,-32.51691444878625,15.471449,1.1889902,0.052481364,0.052284993,0.034722786,1.0
40504977575714816,59.00882161836164,16.541837596443465,5.69167455911368,24.181395900124148,-2.545297956796209,17.88971,1.051927,0.1373814,0.17575416,0.10731062,1.0
42524303696186880,52.67587085774136,15.430741600721795,9.312480677344542,-12.395463188271698,-29.578224914290345,16.428686,1.0750872,0.114131995,0.15164638,0.10402235,1.0
42540762010825472,53.22424998237713,15.550572191855272,9.153069807037722,28.779263965194886,57.8537642428551,11.329154,1.3788856,0.035216644,0.0402944,0.0310658,1.0
43060487413008256,56.98545139834827,16.171547569333107,7.136447032401318,9.916676606177113,-24.368275210729625,13.251028,1.0335622,0.013010992,0.015900532,0.010948733,1.0
43064232624437248,57.00549259420021,16.258205633619603,5.869648749959082,-8.29971687292043,-16.35320104924345,16.635508,1.1224492,0.06326453,0.07535584,0.051876176,1.0
43400889341881344,57.879491379054066,16.266504013787486,7.341915757494509,-42.54962224879794,-173.1512342190194,15.089382,1.0304155,0.034174137,0.03909666,0.024315307,1.0
43405115589782656,57.80283921613791,16.34440048920734,6.633680597711614,52.59613391352745,-22.279918826935898,16.067768,1.1392539,0.053882528,0.06870067,0.041034408,1.0
43441532614871936,57.023247533006774,16.386154750096654,5.807787856942012,10.259600181466038,-51.20124943674234,17.931194,0.92126465,0.12178265,0.1517079,0.10775678,1.0
43551384996196480,58.68574701319442,17.06934680918285,8.151813490489323,-32.066645058650884,-10.966751533722615,17.81838,1.0458972,0.15559167,0.16833405,0.10835636,1.0
43596705491107968,58.490061027071754,17.142398220985278,9.797957960398694,149.0933179058284,-61.93486398003988,15.717628,1.0621649,0.047677737,0.051960733,0.036059674,1.0
44007613601417728,54.54376433435755,16.413098785914404,6.691832209437286,24.427656593230658,-42.313777632828256,16.587292,0.93927926,0.0685547,0.08159341,0.06737018,1.0
44010053142994432,54.6364963579388,16.50398843603879,8.245338979508082,-1.431454512289739,-18.66551043488204,13.591553,1.1006616,0.018065318,0.024023075,0.016515182,1.0
44122890523626240,55.19909425635598,16.740145399723737,5.625102608595995,24.572793607445412,1.5145246931169285,17.459963,1.0057667,0.12620237,0.13188818,0.10215686,1.0
44136290821671808,55.31097882451291,17.003271431188445,5.6381563748828105,11.21603700121774,-26.24579272768902,15.913938,0.9719552,0.046717774,0.056243133,0.048730925,1.0
44257511978555904,54.581192552963145,17.183704096514486,6.653329117100877,55.67096511975129,-3.7472090447624926,12.554192,1.1251417,0.015091004,0.017011123,0.013648384,1.0
44380244964109952,55.466392921262624,17.61292322930227,7.962718221052066,-26.858276332277356,-41.188484357864645,15.71389,1.1040791,0.046971943,0.058108285,0.036643874,1.0
44422335643491584,54.318397225559664,17.550579236329828,5.85644238864995,63.697936041592634,-64.86684714176661,14.678366,1.0739703,0.02888329,0.029075455,0.022116717,1.0
45264424110526336,62.38566955413265,15.81952828238561,6.158484053988032,-32.70489865085159,-32.95605288181604,14.959157,0.9765626,0.03164503,0.04218554,0.028579297,1.0
45296790984015488,62.63199506240707,16.01942681917345,9.022706272787893,-39.72629483766367,-41.71218500854987,15.399776,1.1865433,0.03934083,0.049175095,0.038554303,1.0
45323625941553536,61.07959273439192,15.2812238017069,5.840984122340769,5.408941616676454,-40.04138542041024,17.956978,1.0632282,0.22625601,0.27116057,0.13212967,1.0
45438868503908608,61.35871672968264,16.07549022294113,6.5597827403607125,47.2959823895919,-22.476279661856875,17.044567,0.9809429,0.08804631,0.11214225,0.06828263,1.0
45572699683431424,62.08024091052777,16.521527280805454,6.834526148423827,50.33950013030376,-44.19322214145754,17.657915,0.9823177,0.11111168,0.13876273,0.12671645,1.0
45724913324054784,63.22706922854238,16.62318295784258,5.589457015699713,-11.395294291841651,7.854232433718867,12.946836,0.9912515,0.017121261,0.019507436,0.014913636,1.0
45856442402765568,64.26672108803571,17.23128028982475,6.746821155824744,44.66219250576163,6.622415690161424,16.523546,1.0122373,0.061657842,0.07416083,0.05534723,1.0
46075485734903936,63.4302454868727,17.524815384366207,9.9633078936507,1.330150658328145,-23.435565374848863,15.576519,1.0805491,0.042460382,0.055606075,0.037021387,1.0
46112662971692160,62.82092602752778,17.59042741366562,5.547523826256822,68.51072628243318,-78.09056866972969,13.913698,1.1819162,0.02204163,0.026216,0.019709606,1.0
46267728472106240,60.449006035981384,16.359837048552905,7.245398443524542,-25.704441081465035,-12.096311446684346,17.627903,1.051295,0.11368314,0.13623215,0.08387477,1.0
46349573369269760,61.850371383671735,16.957468266943824,8.14453580357252,31.429799505795575,-32.20938979381566,15.712892,1.0161058,0.042686183,0.055455167,0.04196979,1.0
46556556432648192,59.80397712518621,17.208514840548887,6.138234433334716,75.16052018288191,-47.46708377739449,17.078068,1.0492188,0.085795194,0.09855248,0.059413146,1.0
46933070444863872,62.80430383220224,18.379397084192327,7.556060551865089,-29.149662853877693,-120.00831845009353,9.501188,0.97560674,0.017906437,0.020229677,0.015183698,1.0
46980516947410432,62.814066250772605,18.42487252504289,5.58338004239562,-9.757316204217105,-64.94800150812593,17.577435,1.0283396,0.11047266,0.1328438,0.11709726,1.0
47001652482541696,62.64326394226829,18.707047264186052,5.886528267772612,-3.7881015594841685,-3.5682025410626323,16.594446,0.9520444,0.06793296,0.079505615,0.054796927,1.0
47019210310333824,61.455621898230476,17.94546448190004,6.195596394689581,25.13084934634584,-23.001506286607857,16.224695,1.0410101,0.051058836,0.06275458,0.03648905,1.0
47163791791755264,62.03806945058902,18.613601766089367,5.5223908203544925,12.266877986731707,5.613785554387361,17.670462,0.9784218,0.13198185,0.16587014,0.10214731,1.0
47238356720489216,61.40552139746123,18.82093266877415,5.651955242502473,-20.2737764594072,-20.738509997261193,17.068857,1.0088711,0.09399502,0.1476477,0.06630657,1.0
47265878870867968,61.95022298424131,19.10147793797518,6.703009705460215,46.69934248547003,-61.59251889386093,10.850976,1.0114719,0.017062467,0.018184995,0.013888284,1.0
47294878489960832,64.68046478972828,17.174590395539965,7.602562444333033,10.773182254609674,-10.99816536378388,11.537539,1.0608473,0.018928658,0.020887159,0.015540429,1.0
47661977934782336,63.34077372277356,18.17332606588749,8.089616315322829,3.54417176815057,-13.58055056876067,14.410736,1.2231723,0.027828312,0.03118697,0.024904845,1.0
47731144088289024,64.57178405615129,18.532903621768572,6.770075011673001,-8.154203185601007,-125.4506527129632,15.826918,1.0137483,0.048388395,0.04681982,0.03659252,1.0
47835181080060032,64.49017438492542,19.118495118690475,5.6183988347952365,-22.89878328196631,-11.349808943011276,12.022696,0.96893364,0.015518477,0.018374698,0.013365308,1.0
48450426554549504,63.600517055183374,18.615446920468646,5.915392142939592,15.96802958887002,-33.77107211071325,9.951246,1.0077204,0.020152057,0.022637114,0.016433105,1.0
48464720205714048,63.81597741227452,18.90490969013127,8.087216768335102,3.1544978402143546,-13.390946399225182,13.219165,1.1544988,0.018562892,0.019120919,0.014576396,1.0
48475925776637952,63.677509478055015,18.909029602523972,7.674843431645103,4.365210088168169,-37.07220440090119,13.584212,1.247532,0.022930386,0.02521725,0.019224176,1.0
48477953001192704,63.71287513104699,18.975931089027803,8.498448401256557,27.885917836349343,-38.11350706813088,17.476574,0.96258163,0.10837892,0.12516023,0.09671835,1.0
48488256626721920,62.98773513069457,18.72447819146399,6.861099236705482,5.972514986365339,6.166088548645462,12.485973,0.95158815,0.015715286,0.021468695,0.013219858,1.0
48493036926401920,63.135021249238996,18.720756487076738,5.570863422923522,-27.916919432663285,-18.14376765007019,17.313152,0.9220498,0.100978225,0.1316977,0.09540758,1.0
48543202144304128,63.010227063939126,19.200460644616726,7.456361049455645,44.112151301148614,-20.25500908857098,15.215535,0.9251625,0.035214566,0.047406208,0.028775463,1.0
48620133598962560,64.40150841395622,19.664374772152723,7.7297890747413085,43.1256306876161,-27.33977651743327,12.396235,0.98759395,0.02517783,0.022203837,0.013046316,1.0
48651641478999808,63.64338579552508,19.525443520304886,6.089369954272692,15.136020303934703,-12.667974314120938,17.14543,1.0496346,0.09549758,0.1187069,0.09101479,1.0
48823401515142656,62.377017516653595,19.775362245187775,6.49087017864321,62.14174735911125,-52.23535048011674,13.42411,0.9807244,0.017172512,0.019909987,0.014454108,1.0
48841131139979904,63.21094906131941,19.615970775428114,8.187135972789685,4.087283170142619,-14.477703580852952,12.197536,1.1639831,0.016998708,0.017894156,0.013272476,1.0
49093056741577984,64.86605472376782,20.389719305087578,6.006534330370996,12.479927400398804,-11.70031547445836,17.798407,1.0184762,0.14723343,0.16181846,0.111578,1.0
49194044309227648,64.96605180595367,20.635818845250096,5.623849285873839,4.491098915161025,-22.460630509021023,16.479269,0.9229776,0.06282785,0.079046376,0.05842147,1.0
49340897830486912,63.84551996605219,20.737970762103302,8.170029603449377,2.937950336941306,-13.95078494695355,10.402189,1.2245021,0.02396371,0.028756004,0.021028006,1.0
49703461790623872,59.47169227297804,17.880358046781293,7.592392689354214,67.55028515652766,-22.471212279623543,16.126982,1.049174,0.055365138,0.06571249,0.037945822,1.0
50022457601651712,59.236030241203885,18.91977212720867,9.499600746744811,-23.241224068947204,-48.88920764187299,13.866926,1.10293,0.020491779,0.025583943,0.014675317,1.0
50262116777529472,60.97654203648151,19.072995888886297,7.423727443330983,21.15335664120909,-42.66297091401826,15.520027,1.1085427,0.041046485,0.053660564,0.026283111,1.0
50420820111308544,60.0668083828307,19.26653522209206,5.6884765377330675,-5.144247786902707,-15.230729902763365,12.425066,0.98698235,0.014768116,0.015731437,0.010813969,1.0
50503115981677056,59.819402353083426,19.74077030671544,6.1681278519960925,13.072908707872436,-39.87340754980232,16.670055,1.0412103,0.06878688,0.08500121,0.05015872,1.0
50561183940384256,60.794052860340635,19.855737200155172,8.245207440994031,18.146044366560577,23.95392144078588,14.210577,1.0957701,0.022455756,0.023922356,0.013747828,1.0
50613513821677952,60.01358018035673,20.03640661284251,8.957635217043396,19.933598975266285,-55.67434692428092,15.856179,1.0506968,0.046378426,0.05685287,0.033760224,1.0
50649832065099008,60.26729828995058,20.372644703928124,7.315291423354351,16.183480833091476,-46.605654215145094,16.110905,1.1605934,0.10453141,0.2229449,0.10515862,1.0
50664331874668288,60.50317976851562,20.68262243085881,6.6376998410108845,5.9749033346137335,-7.226658170361573,16.801474,0.9807056,0.0801931,0.10653099,0.056744456,1.0
50751502530598784,57.49508646878602,18.889698669942227,6.682326056130618,5.3277212135470595,2.5877930889401,15.122027,1.1646658,0.035648957,0.044480283,0.023527062,1.0
50894675263137280,57.820230237229815,19.376272524019978,6.722092768844002,5.912511987077476,-16.884439904598647,17.899517,1.1004719,0.1255228,0.15258777,0.09988983,1.0
50943882705517056,58.24045803341839,19.953309631333337,8.731511239627695,-11.228202519405382,-41.697722053635104,15.637472,1.0773602,0.038487915,0.049520154,0.029011177,1.0
51134682333262592,58.34357526912973,20.119250327981756,8.046207523136884,43.444949908193664,-12.305497491666735,10.990866,1.0901842,0.017209128,0.01978092,0.013157642,1.0
51247240539183232,58.84268008163244,19.699422743812775,8.119832264890372,32.14088360381906,-26.534479728496308,15.76462,1.0245304,0.040790137,0.048327558,0.033877295,1.0
51396950216032000,59.70053966035403,20.490327958215527,6.728632567609543,90.95167049832813,-38.837102115797684,10.1714115,0.8712702,0.013597796,0.016351057,0.011210205,1.0
51586272374341888,57.86359369862541,20.600895391777673,7.358417091446071,13.119862262861009,-172.26138072445895,17.929096,0.9764137,0.13159725,0.1463635,0.10724231,1.0
51619120284286976,58.370325759330775,20.907165340115196,7.312472679577789,19.218960776558564,-44.584127107508024,11.657691,1.294968,0.019746302,0.026274074,0.01551189,1.0
51804521135135104,62.12713489019213,19.841498527041026,5.58671478035007,31.84105948981534,-44.81794683704106,12.850445,0.9754451,0.017833438,0.022337673,0.014029853,1.0
52202613063892480,60.99194724715502,21.07087866115089,6.6397564948976155,15.999956258210467,-7.721158872430758,7.962823,0.99787426,0.030936752,0.036167394,0.019126657,1.0
52352082222406144,61.77166142576838,21.922206899938953,7.241428134587625,58.45275477133194,-103.09444714083749,17.143066,1.0592407,0.09457418,0.119953334,0.08620635,1.0
52467118625798784,63.31650922941853,21.60346621506965,5.510151644662059,31.914269164940432,-7.104560421045592,16.69836,0.9579053,0.083171144,0.10135895,0.06207492,1.0
52798204769096960,63.196615593821804,22.38667546423302,6.140650661039762,14.064092090780687,-38.19525158353912,12.946715,0.92631507,0.015690502,0.019388001,0.014050288,1.0
53014881576687872,60.13999258701869,21.45269913101329,6.938449693026262,17.51100838196579,-42.90280695646929,17.453327,1.0235492,0.10995071,0.11123774,0.07322205,1.0
53102425891932416,61.69944072791438,21.914417795747582,6.098345347184831,7.1342788336142675,-15.94512038932711,11.956171,0.988651,0.01572637,0.018444322,0.013148104,1.0
53288178935373568,59.16672863016026,21.939671276468207,7.261851993342544,-9.36043331808861,-1.9343058520739607,10.780324,1.099997,0.017671619,0.019401513,0.012994487,1.0
53440461295822464,60.168442624068675,22.876409859560297,6.62493559206502,-21.65357323209616,-21.152259381581946,16.810616,1.0009644,0.0714055,0.075088315,0.04725726,1.0
53558693154712832,61.45869784229338,22.5982058146755,5.509594687450106,11.068957595924774,-35.467213531338295,16.333422,0.99704015,0.057172563,0.07114642,0.03649705,1.0
53806358150720128,61.75029441333849,23.228751935108267,7.246146312048276,20.828156802428126,-34.75129921619004,14.192956,1.0821867,0.020102758,0.026711086,0.016946936,1.0
54078212397591424,50.59784052480209,15.064000438425026,5.866180227026157,33.29332244096215,-28.74540774126869,16.594473,0.9774227,0.0622547,0.06607206,0.055989113,1.0
54106387383090304,50.93614498604279,15.202254472623425,8.6099343840563,-30.174807753073278,-126.3310911832228,16.82381,1.0797336,0.07819249,0.10281613,0.080969855,1.0
54322750654782976,51.30674141637625,16.20758693911642,5.804055952144195,-2.912669187936082,-14.03258783436115,14.813182,1.3231326,0.07959278,0.10406033,0.09799072,1.0
54482695237840896,50.822489035753385,16.144859722480774,5.558046790466163,35.897792881943616,-23.294595774210936,15.190341,1.1583097,0.035550978,0.041350335,0.034737542,1.0
54486711031438080,50.48980522275304,16.027525162748006,7.082237074870327,32.40612606702246,-22.698339873189912,15.9543915,0.98491013,0.049921878,0.05427534,0.04020401,1.0
54646762989063296,52.33173073606229,16.198187718116856,7.102909797994508,24.597325883287148,-38.98726414226784,8.234209,0.9337267,0.026838046,0.03028359,0.024916971,1.0
54710878260746240,51.60912682338773,16.555327572300236,6.227647614327817,53.58543767953559,7.113317687558643,12.04801,1.0158309,0.017020311,0.01828602,0.013844804,1.0
54932910889650944,51.823493048312464,16.88463369919626,6.24107444173645,22.595334783108164,-69.29276529879378,17.110815,1.0270675,0.084791526,0.098609105,0.07862496,1.0
55753730679528320,50.55809752464143,17.31658577854725,5.908068356860473,-44.25050963060036,-3.79328068213215,17.060839,1.0744234,0.096554875,0.112589814,0.09157203,1.0
55780840513308160,51.061114980667014,17.548578766680873,7.425987769055548,12.476852536961795,-52.085091051327524,9.320808,0.98891455,0.027270345,0.032153334,0.024420202,1.0
55876463666107904,51.35122565403231,17.74345268637696,9.452318196476018,59.584677020091114,-81.28808323217072,8.53638,1.0306598,0.02206526,0.025839876,0.01912288,1.0
55933638270617728,51.44615164074682,18.297106041148098,7.609005272871788,34.52691042670246,-43.10439584260136,17.461493,1.1203319,0.11866002,0.12582813,0.09938794,1.0
56559329106786560,53.97431279386523,18.423646737316556,9.408152770507083,-39.677285221984704,-17.16262254616513,17.585888,0.9696115,0.16146287,0.20744605,0.1202288,1.0
56615404199965312,53.14012777360298,18.076480137081113,7.084547998067755,-3.798817166467781,15.135450951623032,11.616466,1.0721395,0.017874654,0.019033223,0.015018886,1.0
56789539353638912,53.06427249495247,18.642428486160608,6.376599951603377,4.244014196375574,-12.873191775186225,15.923773,0.9553555,0.046568576,0.056181997,0.04365817,1.0
59384867830404736,50.030894899627874,19.917977133973768,5.718539721706232,38.11494942289097,-51.531315240550576,15.419663,1.1318417,0.039320767,0.04456887,0.038874213,1.0
60936725415574144,50.562948230644004,20.61267353460534,6.595483123106592,-1.1056456918707607,-22.98245234073676,9.943031,1.0219657,0.018134983,0.024462175,0.01652528,1.0
61200603908569216,50.03588302331259,21.094216633787063,5.852084742672137,59.94922122719558,-54.42972527849747,10.266628,1.0305041,0.019926013,0.021415817,0.018266372,1.0
61235758218620032,50.70323281129811,21.092717372975816,6.038967171787746,58.71235786910615,-4.972987463769082,13.019619,1.1125823,0.016014516,0.017381433,0.015665134,1.0
61270839511535232,51.072067665262544,21.391245047945237,6.192152171728803,57.80142889333084,-69.89918498891987,17.65453,0.97423637,0.13123281,0.22174437,0.12286352,1.0
61409236240546304,52.59953765254798,21.39755505385312,6.650487217267053,-7.7351001353658955,-23.889074095981094,16.968847,1.1009216,0.08206483,0.1095222,0.0761193,1.0
61464422276693632,51.584266826114884,21.56595276577592,7.058068357870533,24.03799064851289,-17.885930543724644,15.553728,1.0571792,0.039628234,0.044181097,0.042101912,1.0
61484174830107776,52.21831610177789,21.807369006853758,7.390580670371623,21.051664181608064,-44.80851021054603,17.484613,1.1648324,0.12539253,0.1696906,0.11309522,1.0
61499297411099648,51.892428268703,21.867129136476425,6.656485145463528,42.334656344332586,-17.135786134936605,17.521715,0.9801424,0.11778076,0.15152,0.12885934,1.0
61729438938929792,51.1949041368621,22.099542739954064,6.6385673154796105,44.620285712027666,2.310261579523649,13.056746,1.1173731,0.014443632,0.01629252,0.014218247,1.0
62505453629908224,50.448842539216386,22.226138407996743,9.911402454761609,127.95455782022043,-64.72801310835297,12.926927,1.0250851,0.016051343,0.017194415,0.014509911,1.0
62616332505484672,50.34037911579356,23.00763211542707,7.715554962668784,-56.587149612282,-29.0149129412724,9.678701,1.141334,0.024034794,0.030717622,0.01935212,1.0
62634096490187392,51.19416390348738,22.84256051935724,6.55122932358663,5.65868600540151,3.4677089503658696,14.509275,1.103854,0.024665715,0.026962066,0.024000473,1.0
62887362121997824,50.2026589883314,23.697985579180006,5.51252414978354,5.034584002666076,-9.560876228361414,17.330181,1.0545684,0.0968556,0.11428643,0.09568431,1.0
63077199674424320,56.245584035451515,19.835056134721196,5.802324451258571,19.55892036844058,-23.06244177203263,17.553038,1.0564903,0.13349964,0.16223864,0.11204327,1.0
63130319831295232,56.13288078174642,20.023747575899446,7.161769403616381,-0.3715343178574988,6.862553877439551,16.176697,1.0790476,0.054214753,0.06273732,0.046296302,1.0
63149080248353024,55.87181103756874,20.215991852804073,9.991994425389109,94.7555496331206,-134.87015199744457,16.5071,0.95740557,0.059523247,0.069345415,0.051920854,1.0
63248586050714880,57.01052839096774,20.69042295516881,6.467869611321984,69.95719525322544,-54.36249789101113,13.436338,1.0084667,0.017160518,0.019745965,0.013448912,1.0
63346575728011392,55.58929151544827,20.429485030446024,5.804754141179307,-3.0566597999505913,-4.651450484045512,17.552256,1.0546983,0.14234412,0.17145678,0.12758665,1.0
63547378335443200,55.81130298910235,21.15257986214585,7.693350581828351,21.818435967983056,-47.00678751030196,12.29592,1.1094531,0.016745262,0.01962678,0.012326772,1.0
63561740706077056,55.67150136326923,21.28167015664145,7.511955700669591,2.940319735957493,3.3044002773160726,7.755738,0.92858595,0.028389886,0.032926142,0.02148089,1.0
63585036608738048,56.22036355889966,21.57101441962209,7.786119609386528,21.318435514140948,-47.12835262252343,16.548655,1.0417204,0.062630914,0.07828262,0.061432075,1.0
63627264728628224,57.81933478424535,21.059534771691627,7.287873038911874,19.478693528215878,-44.728922308426654,16.346361,0.9920918,0.066088505,0.082989104,0.042277094,1.0
63677326867342464,58.10251694951161,21.506109143477744,7.419674106187213,19.852902320182725,-44.94200921290559,15.199719,1.0695143,0.03233742,0.035327725,0.022733541,1.0
63750719268324096,57.610461237050984,21.88350523983648,7.565912502830434,38.21129976411065,-25.5716113318405,13.987761,1.2457657,0.019511048,0.023164613,0.016211389,1.0
63778756815082112,58.1757229850344,21.757819143109096,9.572921158026391,-31.735102634115197,22.516535567411673,16.228907,1.0893486,0.06527811,0.08126628,0.047045097,1.0
63795593086958848,58.60906405416162,21.8923364567423,7.354076784121969,25.159106010057794,-36.87629068332017,10.016211,1.1432645,0.019178258,0.026487289,0.0139803365,1.0
63826448131945984,57.9663345193002,21.822564566552924,7.463877991507574,20.386327802554828,-45.64281530094115,15.841362,1.0005019,0.042945378,0.052010972,0.033992,1.0
63889085934846208,58.472251631731964,22.510271900178736,7.639202700746432,20.753872670227032,-47.266162612764404,17.923689,1.0111068,0.1408627,0.14959809,0.102627546,1.0
64019618579817472,56.77042346306362,22.27560154914052,7.590758110528654,57.72676969950956,-112.47689608417222,16.266638,1.018609,0.054838464,0.062029473,0.04622333,1.0
64232271000313472,55.15764956916067,21.40611667943829,7.171304722852725,19.849417449339732,-44.282608494962744,17.184954,1.034359,0.10699352,0.11429753,0.070760004,1.0
64272128296706432,54.301389030023266,21.46795287013027,7.404830067593029,21.395581424316624,-45.155416096028816,12.039249,1.117163,0.015107123,0.017841293,0.013475882,1.0
64311676355580672,54.9156434147338,21.849176951229467,8.17052916192914,51.79282481933243,-12.17411863167659,16.707644,1.058818,0.07151881,0.089596026,0.07413819,1.0
64597446299465600,54.110888403943605,22.56703976361845,6.082425521025303,3.1416192271808496,-40.81467126034133,13.668219,1.0885749,0.017952904,0.023183279,0.016989825,1.0
64835971603517312,55.72502307841837,22.827964169111993,7.814728080607202,90.02668685061448,-41.45867992387527,12.823282,1.1698394,0.016806817,0.02234569,0.015931666,1.0
64912009705490304,56.849467055307045,23.149004829363466,7.346863076857361,19.44531824588345,-45.5403292607655,15.890427,1.099646,0.051714923,0.06531846,0.045195494,1.0
64933759417767424,57.18418961094356,23.260465412980825,7.471546737251657,17.13655076339148,-42.40674599011606,17.388992,1.0067897,0.16829574,0.22963034,0.1681986,1.0
64933759417769984,57.18299036630866,23.2596150203104,7.318904571155356,19.293731697883047,-44.88499205938077,8.33693,1.3925788,0.031011451,0.03854353,0.023564722,1.0
64982344089813248,56.46988426929079,23.46487435939193,7.216786495064386,20.003641467123558,-46.246385433920125,16.27454,1.0719284,0.058647167,0.07758923,0.050357424,1.0
64994782315158528,57.140108315825096,23.54245541795641,5.79554969924242,-4.772637980581677,-17.909969058421087,13.8162365,1.0499614,0.02281158,0.025243592,0.019864537,1.0
65010239900405504,56.77834370556732,23.71495241087836,7.3503939491290735,19.425567035566697,-44.40913844613404,11.99486,1.1385349,0.015928173,0.017522084,0.012399845,1.0
65020414679879296,56.96895425474899,23.94102406851244,7.376293478669214,19.684597110725647,-46.393807800230576,9.761056,1.3117672,0.020493563,0.025270917,0.017065316,1.0
65136791113382912,55.70385233585675,23.580003136612984,7.410691983881695,21.679338642754335,-46.49129154083005,16.743004,1.0497593,0.09458024,0.102118306,0.070989124,1.0
65165653294149760,56.30591985851103,23.51671671299534,7.172780984631883,20.675289820301945,-44.85616584762688,16.157358,1.0579132,0.056789428,0.067311436,0.04661371,1.0
65171941126264704,56.435429458101844,23.57713980980712,7.037399454572125,-0.5254896371227353,-75.88276940181446,13.513168,1.0866346,0.017597808,0.022961834,0.015137717,1.0
65200283613608704,56.61546284551448,23.812491723079685,7.3976813023598815,19.371365646455065,-43.87192840251005,17.136478,0.8381101,0.10949784,0.10971089,0.08346944,1.0
65226092073881856,56.724915748846826,24.132370680376567,7.1171559330370835,19.309047531519298,-44.32380590885371,17.303078,0.9730997,0.110612564,0.1350046,0.09332753,1.0
65241863193865856,56.05066499276738,23.876887924642986,7.423976552521405,19.99343255069661,-45.11111429836059,16.52288,1.0594523,0.06346344,0.07469429,0.057549708,1.0
65247704349267584,56.05452292932521,24.030615863047565,7.594803806906587,21.404856037527303,-45.88621865204381,11.167223,0.95421356,0.019991616,0.022041071,0.015385619,1.0
65249250535404928,56.06105910286945,24.101914672074734,7.1375867450273605,20.708631306878623,-43.43679844036549,10.878019,1.1756079,0.017789356,0.019033784,0.014365265,1.0
65257187636977536,55.6716335456923,24.028395789556246,7.165841660739484,21.017719353305196,-44.67677495515933,17.168375,1.1185441,0.09170266,0.11441664,0.08028251,1.0
65283094877491200,56.48651262988783,24.368679378469434,7.309588337637114,20.47253405385219,-44.49840350420613,17.706953,0.9898644,0.14476661,0.20200992,0.12024269,1.0
65310410872281856,59.026795506346716,22.296428939358293,6.317292921602047,20.4845752307243,0.39555290372630514,16.601337,1.0153141,0.07371035,0.072063684,0.05131171,1.0
65507326533383936,60.23135033811928,23.4604093043573,7.697976468378001,-1.4499287627017772,-73.2744040982577,16.967943,0.99954754,0.08918957,0.11467766,0.058775935,1.0
65651603074560640,58.60274771871889,23.52226029178975,5.685798862650768,-0.8607332523829161,-24.545337217257917,14.971568,1.0008806,0.029831043,0.033505168,0.022657583,1.0
65667855230892288,58.125029786744214,23.297472823716625,7.073632353409959,13.906660534160801,-14.655362505608032,13.399497,1.065091,0.016166884,0.020684652,0.012746524,1.0
65701527774387840,58.59373152659763,23.63651277018731,7.4050316715605184,18.36910938785275,-45.979828036328726,16.473394,1.0372041,0.060840942,0.06575589,0.04639091,1.0
65864427293364864,58.99343210356197,24.54973327420377,7.504791433754841,18.608912286604085,-46.92634401642668,12.307622,1.0008076,0.01609771,0.017696148,0.011434095,1.0
66070894962674176,61.58798464894906,24.773142802894263,6.206714795912177,-10.281103079516889,6.078193111780945,17.586245,0.9869612,0.10414981,0.1454345,0.07946829,1.0
66241319263819136,59.259026112440786,24.661859765703714,8.89478036209787,192.60125158137012,-110.14456930887681,17.911423,1.0563498,0.14860237,0.16784896,0.11588478,1.0
66349999116455040,60.85704890717921,25.398736070536753,5.9002943219148305,39.027200884171314,-68.63180561803436,14.368647,1.0631471,0.026138304,0.03120369,0.016948324,1.0
66380751082238464,59.88394113120279,25.300627069095036,5.925258806047442,22.64175622496436,-11.308550626808701,17.144402,1.0209745,0.09630932,0.10885947,0.0731788,1.0
66517468482370176,57.07512164513408,23.891273678457935,7.295109846533388,19.104444028563226,-45.3486188239001,13.975899,1.109031,0.02168634,0.02612894,0.018848723,1.0
66555573432261376,57.553681045693764,24.3516155481885,7.243086363411307,17.833343166460896,-44.351060633719605,14.462538,1.071376,0.02929124,0.031035457,0.026031284,1.0
66558249192653952,57.48590927641627,24.348794070150266,7.315576014582632,19.505374073802887,-44.599599471397354,7.546007,0.8341919,0.031920027,0.034020554,0.02340281,1.0
66639720430624640,58.009555879988575,24.36313812012763,6.613685161635862,25.056974463110237,-46.82158724085947,14.482751,1.030627,0.022835111,0.028319469,0.018585984,1.0
66656041306010368,58.10905554848317,24.712769701697805,5.543708400414692,37.564596179610646,47.96900950808171,15.2162695,1.0206878,0.031934943,0.046450064,0.024631385,1.0
66710845088732160,56.94337881610533,24.050481718343995,7.555830848391911,20.172732693758086,-46.513945005186066,14.752962,1.0793425,0.02870886,0.03497097,0.022096828,1.0
66728265476081408,56.73055847874693,24.187798191519004,7.225399757694413,20.392590515354556,-44.02063830180597,17.19236,1.0476388,0.14798135,0.17107093,0.1155257,1.0
66729261908482048,56.791988143840086,24.276453622807093,7.357064223916837,19.959460137901697,-44.498036812412536,9.376594,1.0107602,0.02060636,0.025991986,0.017977556,1.0
66732423004453376,56.723447112517924,24.287294176897756,7.368695724018906,19.249077626062416,-47.50404014517325,14.973033,1.0109967,0.03657004,0.065386504,0.03363414,1.0
66783928252047744,56.708524167110795,24.4958586342095,7.035263896954224,20.351311257258416,-23.501343563834737,15.969955,1.0567524,0.048016753,0.0659275,0.042465936,1.0
66800592725851776,56.54907922003248,24.622119094596144,7.550076412992421,21.195216191185757,-44.69592411866067,11.405896,1.2001574,0.02076642,0.027433112,0.018441977,1.0
66801623517295104,56.536336992339514,24.675721556933823,7.373604115597466,20.873189844183816,-45.69153438245064,16.6805,0.99294305,0.08579178,0.10285207,0.0658847,1.0
66813065310153472,56.629622754702844,24.820405609547713,8.43763595912417,54.803438463919434,-77.01054329297966,15.612148,1.1639205,0.050484445,0.051234502,0.040681113,1.0
66951466337428480,57.21790500711882,25.375515207081115,6.659725300304907,17.51634670364892,-40.92145648568612,17.001446,1.0323986,0.07898875,0.10728352,0.057786826,1.0
66953940238584192,57.283862275866674,25.481681901787855,6.169736375762654,-11.133039291132325,-60.078084741612855,13.426919,1.1448592,0.01513473,0.02076784,0.011321594,1.0
66969676998824576,57.77650195986893,25.594492433140854,7.309821489243173,20.12835332681689,-45.270036288204764,9.013485,0.89512056,0.01884424,0.019902049,0.014017098,1.0
67001047438765824,59.197714548929504,24.860374320585745,6.5526594899211075,-26.865609590548942,-44.158887737920644,15.95694,1.1811217,0.056166455,0.06454675,0.042439498,1.0
67079147123956352,58.560077684066584,25.147761398233197,9.038314621602568,3.1792326438672402,13.186521036949188,10.542112,1.0682805,0.017359182,0.020314245,0.014365138,1.0
67088664771417600,58.74707533783821,25.37152242626173,7.379799277980277,-70.24194494854875,-122.87033426337885,15.65812,1.0316348,0.03820555,0.049135745,0.029889015,1.0
67211844433677568,59.60031377683604,25.856742573141926,5.545405323895995,47.30585630975478,-53.362573124487156,16.63202,1.0619464,0.06500104,0.07680925,0.048826534,1.0
67278158729741696,58.24497934067102,25.43848141011749,7.570511532362098,18.051648108880084,-46.658336671843564,17.481783,1.0004035,0.11671855,0.14007759,0.10375216,1.0
67317638066205568,58.862372529514346,25.842181253032702,7.911479114879513,63.321505476685054,-57.04490999143741,16.664461,1.191556,0.0806606,0.09227215,0.058811627,1.0
67580249547310464,53.26370421977347,22.485723516130538,6.707375809242396,21.936635716402066,-37.95026285156016,17.825441,0.8439793,0.17750773,0.17000856,0.114125684,1.0
67690544307335680,53.36528839084986,23.118200252126012,9.405930654798258,-29.183181403855606,-36.804029514380126,14.907171,1.0524995,0.029659363,0.041023478,0.027962642,1.0
67899520235887616,53.15763413329577,23.432917294381728,7.2748694971298065,21.09767049728122,-44.375770540667794,17.188633,1.0421113,0.09032407,0.14286757,0.09103066,1.0
67931818389909376,52.228934598641395,23.439353694306785,6.683859216144542,27.129174937149898,-24.098880891932975,16.42217,1.0247471,0.05716717,0.065271065,0.054409657,1.0
67988615037924096,53.64827525953711,23.64528208335387,7.505259297500794,20.42959099455326,-45.12786062673306,17.900988,1.0742822,0.1862803,0.2306156,0.17158681,1.0
68053314425190912,53.11313098202863,23.833853512943836,6.480599933376481,0.3367551721816193,-16.877697838953953,13.471885,1.0166142,0.017125953,0.019781917,0.014559054,1.0
68119628720079360,54.91858037993675,23.452150850063198,7.0773321448939255,49.75657218603502,-17.972642614017754,16.481218,0.92381924,0.05491108,0.0733597,0.057247315,1.0
68223017172733056,54.84202762101422,24.044107991649803,8.039909407999385,12.213828517013226,-31.675123622139612,17.33999,1.0052847,0.11966017,0.12901832,0.093607195,1.0
68268303308484224,55.75532685027968,24.24773108224273,7.468803484431587,19.281719350539277,-45.75332459094989,17.534178,1.0231262,0.10686129,0.11238578,0.08737816,1.0
68319529381881344,55.874637647335454,24.656396620900924,7.578873356565054,20.777348312640164,-48.2465613696604,17.55076,1.0597987,0.12604854,0.14881586,0.101354726,1.0
68323485048225152,55.96738194580432,24.841417159243488,7.374984049012138,21.07795817540528,-44.25781713802527,13.734854,1.1107836,0.020608423,0.030238,0.017782511,1.0
68356367317952128,55.16567231201829,24.735582879413812,7.6624858858062375,20.52210330743714,-46.58775662675574,17.243416,1.0419772,0.10175311,0.1179278,0.0933223,1.0
68356367317952256,55.166905206554425,24.73568048752452,7.546891212349643,21.054175573782974,-47.18961144353148,15.603813,1.0915166,0.04470205,0.052771624,0.038368635,1.0
68363411064150272,55.58985581891144,24.664471459088475,7.367549758589729,20.382744156700035,-45.1690359507745,13.830462,1.1203123,0.01871885,0.022074126,0.015126495,1.0
68461473757131392,54.41770658159563,24.715973211372,8.277937768136034,28.101418389723396,-46.27236575506635,15.948536,1.0050571,0.04507434,0.05839715,0.042222176,1.0
39389802203960576,60.30935420599794,15.327963526689976,7.184172168235022,35.107161409113985,-26.415844413686123,14.68547,1.0514868,0.024929011,0.029549839,0.017823834,1.0
39874343234749824,58.18978582091125,15.02964921219681,5.650358645280461,41.795170749448054,-38.226231590357,16.654367,1.1017568,0.070371,0.095186554,0.061937984,1.0
39898738648843648,58.01518134915291,15.359693232607817,8.310787756445276,13.147226895081692,-66.03775672414226,15.8397255,1.2169518,0.049396634,0.05788818,0.04165358,1.0
40203921844925312,59.08753448206624,15.70010239291402,5.870397607445878,74.39774112836298,-6.808925441242597,10.269174,1.054734,0.017661465,0.022389324,0.014929584,1.0
40393347082748416,59.070715276952455,15.817331389156815,7.115131657973422,74.75890693827604,-65.8105178312971,10.026514,1.0948966,0.01649471,0.01840517,0.01273261,1.0
40445161568136192,59.31987628504678,16.255305279795913,6.491064991069829,-26.98027200001342,-8.441144634227008,16.78135,0.97799444,0.06965877,0.08349393,0.053935565,1.0
40453407905321088,59.450392811679166,16.373044750628786,5.6190081220371955,25.983822805907828,-23.932869338024137,9.634789,0.96122926,0.021166848,0.024238985,0.015088503,1.0
41579720128828800,55.2471230541175,15.147290034948554,5.646661899366688,4.311145237733262,-8.568684566216882,15.673094,1.1422173,0.042922378,0.061321065,0.037132613,1.0
42167168574177280,51.86635469111295,15.172718210784948,9.806533035367725,-118.63850029215266,-0.07443278588088217,17.261806,1.0233155,0.114279486,0.1137396,0.086624,1.0
42288733330374016,53.662919313061444,15.262935636679524,6.357678890177536,31.737238875103913,-68.04194525000489,16.534868,1.0667144,0.07425769,0.079656705,0.07082861,1.0
42358071282308608,53.33302760042322,15.536863673603062,6.271703989493723,29.041181410547914,-20.68332249292749,8.9844675,0.937998,0.017731942,0.0201093,0.015525932,1.0
42709330887726848,53.889692765771414,16.54615114014694,8.78270981041497,12.711839986133764,1.0459672610171036,16.756065,1.0495484,0.07916768,0.0772687,0.06469756,1.0
42720566522145408,53.10519659539543,16.203710614349244,6.947873277012908,3.816350310548345,-5.458412525525206,15.826545,1.0266615,0.04607009,0.056489702,0.042907868,1.0
42758121716117888,53.60743266962293,16.529364360221106,7.866136230714103,-36.34550621509098,-32.30651147540753,16.557085,1.0447593,0.07668969,0.074131005,0.058638718,1.0
42938682140541952,57.07962415496579,15.370327973410937,8.120914254101011,114.66495743147249,-81.70844171278507,14.115699,1.1576627,0.024627175,0.0269,0.016941085,1.0
43016850545262336,56.51258208785548,15.75110088839936,7.447305338004765,-4.836005573314354,-24.344980969466373,16.543655,0.8546076,0.09461379,0.11953262,0.075737834,1.0
43183563995799680,55.79566613565322,16.03229309624118,8.97146528680555,130.72276399465224,-0.14316265800293562,16.267258,1.0481707,0.05323565,0.066175014,0.04397099,1.0
43199919231262464,55.6273719174014,16.129499595717405,6.993560909967387,66.3227020977632,-85.25066042835599,17.135517,1.0200135,0.07843998,0.0988912,0.06589032,1.0
43359245339013248,57.869492879007595,15.996842361836315,7.3066255220986385,-17.18064278803696,-25.664708365933887,16.026129,1.0271355,0.051931385,0.064400874,0.037515115,1.0
43375738013424128,57.74329148374978,16.115253148358633,6.2432177545523055,33.87166038995147,-1.8197674706993068,15.421722,0.961161,0.046285134,0.04852721,0.034809146,1.0
43513658003551360,58.11913607401287,16.74274244074212,5.639963318878741,7.68712314362314,-4.879370379772402,17.4926,0.96931857,0.09672768,0.10917114,0.07194863,1.0
43592582322433280,57.98567622657695,17.208793664336085,5.632454493402918,-16.865293069745306,-12.530157592571578,16.690031,1.0523895,0.076427884,0.09511553,0.058712296,1.0
43684151024191232,57.26052012804503,16.919201947717205,6.538806507117762,56.718497884335946,-64.52237918591909,14.899517,0.932213,0.0598183,0.08747208,0.050822426,1.0
43750426662823552,57.1648920846772,17.348657116167374,5.515646197778295,29.769447306313133,-31.102115246155314,17.838127,0.9950251,0.115483254,0.13341129,0.093888,1.0
43823582843768192,57.74660059361186,17.503915998950795,7.466433024878911,48.650736746641115,-24.36383825897309,15.817062,1.0528237,0.05082009,0.060749054,0.036156666,1.0
43887869914183424,57.90506446409991,17.932839266447928,5.650319541693495,5.86060237600056,-23.967739512976337,16.320292,1.0095323,0.050164424,0.058263667,0.040527444,1.0
44095574531649664,56.127525292793464,16.88210372467742,6.456478027211366,-16.82707330771054,-26.351416017329143,15.179468,0.94432455,0.0314513,0.037249368,0.027352957,1.0
44138661643504000,55.37231682469305,17.078838892852225,8.906703405290926,44.522273224460555,-50.95061013932574,16.225088,1.0152371,0.06183999,0.08619679,0.067918025,1.0
44586781351079808,56.18848496467402,17.8369011852485,8.132336827056639,47.15261904860829,12.801632257727116,17.076443,0.9619478,0.072681084,0.096839234,0.06529818,1.0
44656325461726080,57.36202416580675,18.13238103765436,5.819710727228757,-4.744996141976873,-34.5421091739831,13.767205,1.1628735,0.020580957,0.025741693,0.018364672,1.0
44821973760327040,55.73957628049155,18.379573394344526,7.5289603289144935,-1.3527389061431423,-17.65118366830339,14.414169,1.054635,0.023069018,0.029161178,0.020879036,1.0
44832281681788544,55.258992824031395,18.133660451849515,7.6352597388787,5.933352605146601,2.0841566921427863,16.884726,0.9962128,0.07028769,0.08205251,0.06478856,1.0
44995971475339776,55.97954041060868,19.030296417197192,5.642226401162768,15.544577937870539,-11.99875892767371,16.733885,1.009038,0.067487665,0.08188737,0.060578145,1.0
45190035277098880,62.66005728185356,15.354630999288768,6.872079546155362,134.8032183788313,-121.42107046376401,17.87824,1.004467,0.15662509,0.23864342,0.15091512,1.0
45203710452854016,62.62219386764077,15.462153719513818,7.3045671750478425,88.16430976863892,-15.201838379678597,16.188183,1.0228255,0.06404934,0.077896595,0.049251437,1.0
45327405512805760,61.31773531853121,15.304570216219656,5.675415214588499,-5.678056017040359,-2.1089851600995426,10.845798,1.0726868,0.018926838,0.022788651,0.012864301,1.0
45587886687800320,61.59928598247843,16.703022795649154,5.550076875994458,-0.9771181352699507,-38.202405531397545,16.386303,0.9550003,0.052888263,0.062296137,0.046941824,1.0
45620631518268032,63.22061205071972,16.070158213760944,9.831327532760573,-34.179169835441606,-48.56958864435273,14.218383,1.0730666,0.024987075,0.029140506,0.021023292,1.0
45633928736994048,63.24824185006012,16.292567120093782,5.509117673692986,12.102665203419757,-34.00425284283659,14.1912775,1.0638068,0.022391444,0.02698786,0.020213036,1.0
45678184079929984,63.09487274544278,16.196444785163443,7.208642404354478,100.90075941219894,-23.22818733213611,16.666166,1.0825166,0.08363915,0.11604768,0.07755429,1.0
45714193085793152,63.468740676616235,16.56627462968657,5.884810462374429,-14.358549839562258,-6.342446763610143,16.987608,0.907858,0.08153413,0.10023074,0.08018153,1.0
45813905046732544,63.71771710373207,16.813082277550492,6.319493237965712,-3.2907156180589343,-46.3756676053908,12.606464,1.1334164,0.015242565,0.01824264,0.013003907,1.0
46517523769932288,59.44955213669028,16.81659192613883,7.824109710030225,25.359928850125744,-42.31346940593972,9.894962,1.1312672,0.022802955,0.023357935,0.015896173,1.0
46582463675347072,59.81230922719152,17.47230405540785,6.695034626341188,99.45587231660275,-41.70727834176536,16.6325,1.0073994,0.073516086,0.10100071,0.050038893,1.0
46598921990622336,60.513063576955425,17.297334504987532,5.826670949577456,44.39316473646547,-9.686947057629734,9.256066,1.098674,0.015795019,0.018526101,0.010948141,1.0
46780891163777024,62.17712220453756,17.61234696255533,5.915922416202931,-4.615561180229826,4.6467555005944545,15.626524,0.95108604,0.037393462,0.043948922,0.036591057,1.0
46888952540781824,62.249437268138834,17.894735006285945,7.173645181415246,15.319111358506628,-43.295723163791756,17.052155,0.9815325,0.09019328,0.10021618,0.07536177,1.0
47191867994524928,62.41889557515884,18.752410135672214,8.284987563194472,4.177530024129677,-13.200861460988861,16.620401,1.2174742,0.08553997,0.09741207,0.07264513,1.0
47206848840464000,62.05351770483937,18.89070609803739,8.959916079053322,80.45966528555185,-80.55094763406998,16.946014,1.0307685,0.07543632,0.08610459,0.06747625,1.0
47275808835269504,61.564819330942186,19.148214910503608,9.02926428960303,-61.39525411229601,-37.87259352686789,14.793145,1.1443586,0.028198255,0.034272697,0.021481486,1.0
47372462779061632,64.38025642803684,17.556981565780227,8.09983655074402,-27.700155550612237,0.6975156320197694,11.455519,0.9603654,0.01946444,0.023161456,0.015915968,1.0
47626999721183616,64.12034126350224,18.1746226781986,7.464932370015459,36.969084711764694,-36.6650241592334,16.12471,0.9859317,0.057229377,0.06470033,0.043789893,1.0
48596528458771200,64.33468721076363,19.352600177675843,9.69070475435484,66.87986256057486,-108.15485439360783,8.836104,0.83745253,0.018357657,0.02040683,0.013691586,1.0
48620271037914624,64.41958471571792,19.683331631857072,7.006264865988969,-35.66166531088747,-27.829171589493093,15.582826,1.2452866,0.055582587,0.059143998,0.042860214,1.0
48889239069560960,63.50416423517642,19.992403176927464,7.4769486698377055,56.083820054082494,10.95740470482847,14.343643,1.0924052,0.025524305,0.028724194,0.019282047,1.0
49285028896001536,63.98903874596607,20.496947302950886,8.391910791877327,-4.857555132978347,0.279207104949263,15.793591,1.058515,0.043852802,0.054169975,0.041247893,1.0
49366530195371392,64.11628565779623,20.891228076069748,7.252768945156936,4.836813432260758,-12.321613056296085,14.347489,1.1088616,0.027347045,0.033431932,0.02332465,1.0
49486548761844352,64.49405920384666,21.49219480562754,7.085024874284174,-14.930770567326626,0.803509326207728,17.571564,0.98633015,0.10572584,0.14924416,0.10656083,1.0
49577945666313600,59.54626043088844,17.43984826691819,6.964293606887389,-6.514210568945333,-71.95638797660243,16.718222,1.0165551,0.071053654,0.0788779,0.050678603,1.0
49909998177900928,57.87496920246192,18.13749524727385,5.574491448841298,-0.8635099183097399,-55.19652477936605,16.086807,1.1025181,0.054206047,0.062571675,0.04345741,1.0
49970196439652224,59.08400862204254,18.469868949149536,5.826211737687015,-19.604243470534463,43.58813884168924,16.756113,0.9868374,0.06214939,0.0716427,0.051204327,1.0
50086916470748160,58.885013422691344,19.116669650524006,6.009843752681309,-19.95980425745366,23.723067011251594,15.957774,1.0659996,0.045914788,0.054863635,0.03287781,1.0
50267236378530432,60.90219134710737,19.199233504609523,5.769459628275679,88.54358590051768,-55.36433916641845,15.958713,1.0561912,0.05400257,0.08141702,0.037041303,1.0
50513045946086400,59.43506030352677,19.804803537950537,6.722561674278964,38.36764253503461,-89.71093972031818,11.497381,0.97658557,0.021898389,0.022843989,0.016113432,1.0
50561458818290560,60.766628730766605,19.87758402282721,6.446037199672854,15.883169176909298,-38.38865685636403,17.528316,1.0229775,0.121982284,0.14317898,0.08137135,1.0
50612242511468288,60.27923233410171,20.198806605517944,6.464808571116906,31.511358059823937,-79.26085586858535,6.4513,0.9588884,0.021888904,0.024230568,0.014938747,1.0
50857467963691904,58.93784872950875,19.53905784393023,6.325911644731578,40.316572806442515,27.830699608529628,14.606775,1.0497096,0.025169393,0.028669216,0.019799063,1.0
50914195892078080,58.457748977394466,19.581791402483866,9.235811014607048,27.64039350467737,7.555127508674518,11.850785,1.2240603,0.019158373,0.025805485,0.014629954,1.0
50951098249897344,57.02114244736403,19.02306927728334,8.382581116748336,94.5399327384478,-84.09999027213235,17.245113,1.0210795,0.1341995,0.14453362,0.079735294,1.0
51126470355503104,58.022527933871984,19.93680858981008,5.66704346735893,45.17682280153231,-41.62669998422801,11.105137,1.3198874,0.023961008,0.028340027,0.021022566,1.0
51365476695288064,59.047279469582435,20.574821548169723,8.126477928333248,20.968668383078526,-48.89133294733804,15.5751095,1.1038644,0.042290814,0.051979326,0.031007016,1.0
51391418298186368,59.53209112589058,20.393801589985014,7.329226312355386,18.335675710578695,-44.40621533918134,16.838625,1.1058738,0.088110715,0.10076802,0.07003908,1.0
51474495848610432,59.40462608487907,21.0298658464983,7.827978800511403,19.945399868390094,-48.903473936696884,17.91893,1.0333143,0.1503759,0.15612023,0.10888637,1.0
51497864767442176,59.4681481337614,21.037611616353228,7.044820199675307,17.177154945783474,-43.90851366833168,16.86807,0.9890601,0.07226962,0.08093571,0.054807074,1.0
51506763937318272,59.65443265873714,21.204056417807095,5.918184759578907,-2.1803433490403723,-54.31364571460834,17.510088,1.1387224,0.15751569,0.20708051,0.14273806,1.0
51764736855531008,59.04139556585578,21.64515518621115,5.709139660761241,19.68992704517428,-65.17556463964908,17.482271,1.0666224,0.119077,0.16004257,0.08375382,1.0
51838679011752448,62.44007718306705,20.077702630270075,6.888272097633676,16.398943136759705,-42.3640484174692,16.458685,1.0817537,0.07047807,0.07564035,0.058992192,1.0
51867231954295040,61.48147356957489,19.980660362219798,5.954054008175736,30.365114407998995,-16.74477451456962,14.856217,1.003215,0.02894487,0.044365786,0.023957727,1.0
52035251073077120,62.132261705996655,20.937907262755104,6.576903778352289,16.45001787301847,-40.960279122407634,11.102681,1.1633604,0.026281277,0.033808872,0.02132444,1.0
52086618885296768,61.30514230369863,20.393429871036616,8.342886241257315,4.893911956964674,-13.897995935508614,16.222654,1.1295717,0.06936664,0.09268105,0.040932134,1.0
52130564990469760,61.25749492984425,20.731112212086142,8.627395847085634,-54.27997616100329,-28.187774074910095,15.350873,1.060028,0.034585446,0.03759297,0.024872316,1.0
52288825942388352,61.446576349759155,21.20628666861525,8.401607253114335,4.279938844887147,-14.970497369373447,8.648124,1.0857801,0.023724888,0.0395932,0.020575624,1.0
52750861345590656,62.81973219055865,22.256199136543117,5.641411957334852,66.79629546020436,-26.396177597141808,14.05787,1.0119408,0.022868905,0.026064109,0.019708836,1.0
52787557546948224,63.543596850681055,22.270541438933954,9.638776092875421,152.97605939883536,-202.9205918230453,15.018771,0.93796474,0.030424623,0.039767485,0.027513534,1.0
52868577810083712,62.85230003967828,22.706083466658225,9.60192933634169,38.61108161774041,-18.088060343839707,15.134316,0.9338492,0.03353679,0.046304643,0.028506694,1.0
53069169964000128,61.463863905408196,21.65146021118914,9.39540249449191,24.157312466223352,-106.61084104381861,10.660439,1.0679985,0.017602488,0.020833407,0.011308041,1.0
53085696998052480,61.16076295562972,21.779862414423693,7.6554592038699525,33.08587435684607,-28.903054307436914,15.871633,1.0484152,0.05462739,0.05434826,0.03413262,1.0
53331850162739328,59.734236076594904,22.41015974837727,5.995848033297774,59.93061844298456,-46.73306564689537,13.512017,1.0563049,0.016741022,0.02171537,0.012160207,1.0
53515017631040384,61.89591713591606,22.627563932829442,7.917160253100115,4.131323336834434,-15.363908901463581,15.692731,1.1686568,0.06329938,0.07261364,0.05064366,1.0
53600234078313984,61.94054835439016,22.983870084033228,9.408417721794642,60.823122930224216,-13.439318821666749,14.926,1.0740584,0.03278447,0.037627123,0.02792829,1.0
53806907906380544,61.652163424871894,23.221194414820364,6.461507653432889,-44.69189617415132,9.168011635774292,13.504304,1.1992899,0.028684985,0.03220271,0.021573734,1.0
54443422056702848,50.010341234529875,15.957954415663938,7.528135788917396,-10.497948930072038,-7.682640076075837,16.59718,1.041574,0.0680158,0.081271514,0.077650964,1.0
54806260895978240,52.913128144864565,16.97243727886579,7.952659259038215,-6.31014282564032,-17.866949483781607,14.497784,1.017365,0.027093373,0.027374672,0.020827895,1.0
54974589252243456,51.10138051310847,17.028752689398832,6.924986699195384,23.900444020916684,17.36766332406815,17.102032,0.9651934,0.08179555,0.09185472,0.071674466,1.0
55006200211566592,51.56012287690564,17.31807389896425,5.7426837456798205,81.06866753901106,-46.75043415246698,15.790123,0.9613823,0.043327853,0.05962374,0.041071463,1.0
55137454413745536,52.09541029198448,17.75549610788578,5.738907744629149,-37.832798604835716,-16.9276343910961,16.756456,1.0351746,0.07492484,0.08090403,0.07144644,1.0
55830249816799232,50.19635641128984,17.656958198831116,6.053451062719244,48.75069152981045,-63.144564282748746,16.168285,1.0918484,0.050368853,0.056567993,0.046511665,1.0
55941987687105152,51.704014341563784,18.46565537968102,7.8936784768049275,-3.2460828644844852,-44.04654074495869,17.063643,1.0274823,0.082112,0.11239645,0.080613464,1.0
56067709968687232,50.03724296206603,18.136133673742417,6.250125294433222,-20.881435564032653,-7.114348427604443,16.168856,1.0494196,0.053970084,0.064522676,0.050236896,1.0
56991059219237120,54.791748487180264,19.207547887914377,6.056342971199637,72.06995848895355,-20.6676588311187,17.857506,1.0283012,0.20190173,0.21306881,0.15134183,1.0
57067131679623296,55.875794765759046,19.661995452483232,7.1245485473750065,30.787554830085142,-27.604578251640604,8.619902,0.99448234,0.01842964,0.020322807,0.014731366,1.0
57180896773738752,54.427173580078886,19.36440490989422,6.218105693055012,12.362749601922193,-2.9997623756929643,10.582277,1.0093788,0.018918188,0.021094859,0.018345125,1.0
57276416846270848,54.099388237601424,19.940239237939398,5.960322969453509,0.8623836097886038,-5.381891429417895,17.228971,1.2428813,0.11968282,0.12622927,0.101294346,1.0
57373723624954240,54.18524458288965,20.096814641742867,5.992489658868957,19.84824231290643,19.136216985758747,16.501774,1.0354185,0.06337635,0.0721222,0.05861014,1.0
57390285017151744,54.79016069234222,20.22861019724162,6.9725864820718035,76.98047346184418,-184.01642022052988,15.554695,1.0702376,0.040536713,0.046310954,0.03401704,1.0
57483056313549056,52.439795358440215,18.905679824653944,6.155273987783717,65.43893509523669,-55.87185349985765,14.945698,0.99152,0.029993061,0.033972066,0.029663382,1.0
57695227697418752,52.73064330488449,19.88228257247376,6.965004177823967,67.17105822675099,-81.51329251930663,14.304666,0.9688992,0.020928925,0.023614546,0.019870106,1.0
57888191988566784,52.51157818116183,20.002987384895764,7.682623050783261,10.64951819168672,-29.81707766656656,16.901531,0.9441786,0.07127004,0.084766045,0.06847477,1.0
58167708459425792,54.468185184252484,20.675465400287575,6.008558634117371,52.01477345994758,1.6331769026411602,15.672273,0.99464875,0.047725897,0.0530647,0.037622064,1.0
58259414601023744,54.2953225979299,21.20261253435869,7.4466370369517705,21.389948908626973,-44.706537060160585,17.220085,1.0088705,0.09406903,0.10902173,0.09140507,1.0
58323907830036864,52.76500543544874,20.742836133065726,5.832030961503096,63.60426801304659,-42.161072931163545,15.262635,1.0312374,0.032611456,0.033339906,0.026080022,1.0
58334559348982528,53.13024633921843,21.005208637982786,6.188394405321108,68.11354302548682,-65.30623679426746,13.686736,1.061015,0.016445722,0.019305421,0.016014902,1.0
58409326139612672,53.564673163410674,20.932238050094995,6.359894150747219,24.30227940558553,-57.536855638891204,16.707933,1.0989275,0.075153634,0.0995531,0.06365383,1.0
60963182414574720,51.081215123554585,20.459074144861866,9.054041213666869,300.25332341320154,-67.19331843414663,13.074271,1.051499,0.016288169,0.020278575,0.015325476,1.0
61006097727719040,51.657914987881455,20.913230069965692,6.458366219934231,15.996142503404812,-9.676484670014089,14.654802,1.0284939,0.029315595,0.03309875,0.023245588,1.0
61353092428079488,50.584406385869464,21.744751763678757,5.553865822278513,5.298299381048838,-25.754807875621413,17.841135,1.0110458,0.16035242,0.23008367,0.16576748,1.0
61431711805816576,52.35760798410313,21.664045524970387,6.380096240437885,-24.288829769874248,-17.233431224716032,15.620009,1.0798801,0.04368724,0.062093787,0.04841027,1.0
61458615480918912,51.67228878522197,21.42516381893058,7.433761641711719,26.924130526035853,-36.46443258956593,17.249916,1.0608729,0.11066859,0.12272352,0.10881902,1.0
61553272263339776,53.256223790202,22.076754425117997,5.937433346908184,-33.78923606632414,-49.187352249904485,17.890312,1.0716202,0.13403647,0.175925,0.13057539,1.0
61855779696693376,51.670574123819236,22.437568339520727,5.966085231008004,20.77349234844774,-75.90513933578697,9.856473,0.9323791,0.016325464,0.018614918,0.014942528,1.0
62104028807382784,50.31235070619188,21.85964129587002,8.159981537545592,24.542875955577827,-49.67946055553374,16.054735,1.0666001,0.055153515,0.061248012,0.04416203,1.0
62600183428519040,50.672371538743825,22.891985840909555,8.512208230876285,36.19620209907041,-43.27638739991738,15.91658,1.0515345,0.050878838,0.09409794,0.054652385,1.0
63052048347383168,56.257022996186365,19.55917548871466,7.392478723407379,20.768730353749167,-43.31698258802733,9.302901,1.1237687,0.022814885,0.023328843,0.015300792,1.0
63077199675790336,56.245265271356516,19.83540840558522,5.776789401599689,19.78416031294953,-21.483757917162393,16.248045,0.9880648,0.053247645,0.06452835,0.04550376,1.0
63119015477320448,56.618221016889024,20.325467448091942,6.308619916827907,-27.02816553533993,-63.56546222792163,13.655222,0.9633901,0.01749111,0.018922841,0.0134550845,1.0
63328953478621184,56.80193052321562,21.230671512331124,6.398833300377293,4.5940328579574565,-31.180083445181744,15.554928,0.95440394,0.035140745,0.041843746,0.034105532,1.0
63331697961210240,56.92144281047824,21.351250885246557,6.370264682949857,-7.988544389096305,-19.62153527319835,12.629957,1.0242852,0.01604645,0.016718121,0.012696092,1.0
63391178965446656,55.62382697122327,20.810895062445955,7.478133274099747,19.635252923015344,-46.74624082918962,16.40713,1.055023,0.08032191,0.0961645,0.072673716,1.0
63403101794266624,55.22804494978107,20.495162376685446,5.745910822375611,33.61495312594986,-32.00830657357978,14.488635,1.0471492,0.025072744,0.0299757,0.02279213,1.0
63576446674056320,55.882857272538615,21.60538705423644,8.455519888101604,24.245616610434602,-49.677755192111036,17.367844,0.97203016,0.09849453,0.11853215,0.09101221,1.0
63775767517959680,58.29362023515577,21.754830877435502,7.155058722884015,-15.755126686618624,17.14824256646016,11.405314,1.2074807,0.02122837,0.02460486,0.016150506,1.0
63911969519658752,57.12901287152747,21.80379629213098,8.496234303616175,91.08328257502981,-48.51842003435579,16.05546,1.0553657,0.052899025,0.06551332,0.04586161,1.0
64023020193909632,56.73595357735044,22.340426796954127,6.971239143353499,10.778951547118659,-25.704884046266574,12.543985,0.9996675,0.013372904,0.01581351,0.011719267,1.0
64057895330132224,57.356540141478256,22.312209187153343,7.124079011263999,19.556734054911658,-44.42785716407235,17.548912,0.94495887,0.14594857,0.1556048,0.11286611,1.0
64128294135554688,57.023886074906926,22.635778085249903,7.267997117214958,19.48222424687009,-45.44550891815411,16.372732,1.0750756,0.07013673,0.0777619,0.054179914,1.0
64136063734692224,57.361046520859134,22.848352698939507,7.470198853658967,19.037363240164904,-45.87916701288922,16.388481,1.0277227,0.061192833,0.0788235,0.047597684,1.0
64138400196912896,57.230139689484915,22.84494855031058,6.4786339050455926,10.752585983558484,-28.55311025229382,16.992111,1.0474881,0.09459225,0.12438441,0.06981535,1.0
64148605039162368,57.66227703224486,22.91248837355305,5.703546654557521,0.6312185010439639,-11.12825461107904,12.885052,0.93522155,0.013919988,0.017663337,0.010851578,1.0
64319196846180608,55.54108752915313,21.527811631092,6.157435084708364,13.05782584323437,14.971543035827366,11.519369,1.0592878,0.01921227,0.021837194,0.015407026,1.0
64368816600698240,56.0350448463894,22.097535299945857,5.544673845037463,92.7136167625256,-38.33293421564114,16.090778,1.135226,0.06662657,0.07366802,0.05685786,1.0
64430939007563520,55.544263544796216,22.301387062127162,7.592745502178547,21.559654491600334,-49.0451983136885,17.520615,1.0153431,0.13938503,0.14114702,0.10373444,1.0
64677435770486016,54.48290485557624,22.623980310654854,8.33760254246662,88.87100899690127,-71.19834084436614,16.170502,0.9532345,0.048563942,0.064797714,0.0451906,1.0
64804841680675200,56.72201785398287,22.880748393557024,6.817244229838197,18.982563936845033,-41.60050050840914,11.554062,1.0778025,0.019931689,0.023557339,0.017826315,1.0
64896101146708224,57.21119391554984,23.07486184165542,7.768417354430479,20.950793364025692,-48.333507032465604,17.194057,1.023129,0.08480659,0.10218906,0.068479516,1.0
64942001460286080,57.315180555656895,23.38016998746235,7.436806910305677,20.16036278151955,-46.2237778208242,17.678764,1.0598555,0.12998131,0.15636723,0.107248604,1.0
64950488315122560,56.62930786525851,23.026152243084212,6.911630589111497,18.402867864698102,-44.55559632569532,17.966248,0.87160563,0.18380377,0.2447669,0.1725596,1.0
64981931772948480,56.575062291586306,23.486457610450035,7.179336279416077,19.818583154771783,-43.24129115752879,10.363573,1.3110294,0.019664617,0.023772229,0.015966,1.0
65004437401569664,56.74245105010891,23.56061715976777,7.355182666949437,20.16316093085053,-46.009191586085336,16.694729,1.0239232,0.061603993,0.0765661,0.055921752,1.0
65175480179315840,56.36469576574965,23.632340550413826,7.566883576477941,20.970122285631863,-45.66117693144511,17.297462,1.0161119,0.09540024,0.11163846,0.08091703,1.0
65202830531043968,56.52724342554522,23.838809459032934,7.1765118083800425,19.691236808686746,-45.97218248922506,14.606908,1.0041559,0.029876087,0.028782118,0.020700531,1.0
65223618172733952,56.664208814994886,24.029479832481186,7.316839029051112,20.265107296934566,-46.22769834800418,11.957084,0.92620397,0.01424549,0.015368688,0.011555679,1.0
65244435877629824,56.11636811943141,23.999769098826523,7.233113577210932,19.08858362212825,-45.099395076699054,17.847445,0.989104,0.13837585,0.14387506,0.113236986,1.0
65265674492422784,55.9314251981591,24.213757929647073,7.427304424110286,20.931081673152953,-45.14194402105124,17.757893,0.9560146,0.12562232,0.13848646,0.10446699,1.0
65277975278721408,56.4177969686723,24.28890740696102,7.476717798256291,21.796597384732486,-45.31177658951856,16.776691,0.88658035,0.08458555,0.10991395,0.07439361,1.0
65284228751087872,56.455770517407075,24.418506109786513,7.260957615101932,19.208686755382555,-42.78245942405292,15.503866,1.1006508,0.04586537,0.05929773,0.035948936,1.0
65289623229979136,56.02026285603311,24.275319181164605,7.285423899385576,20.133680883909427,-45.35637699913802,11.209136,0.9129053,0.020213522,0.020558178,0.0150993755,1.0
65299381395665664,56.11065422848616,24.4863483154422,7.065712191934261,20.990279699134792,-41.94665970999995,16.308125,1.2607634,0.0658039,0.07832975,0.057436787,1.0
65322574219659520,59.02387310749747,22.326366577253268,7.784729697263766,38.479696650394786,-41.294974372794314,17.464134,1.0477736,0.11306579,0.14037128,0.096153736,1.0
65387548484734336,58.82132868719135,22.69362501661868,5.8392238819852675,0.08417366793312864,-15.947893377984709,15.249384,1.0123723,0.0312994,0.035870366,0.023569446,1.0
65393698877913728,58.60168673714938,22.688898820464534,7.218516929270328,19.38080260263068,-45.07821393358127,17.043106,0.92976254,0.082055576,0.09124236,0.062401734,1.0
65398131284165632,58.46538593937267,22.739381056613777,7.430600332489095,53.91679315290728,-5.41540961501287,16.14575,1.0016042,0.05562107,0.060867626,0.04102312,1.0
65468877986111488,59.58650955510292,23.10685922270161,8.656750607688352,-20.08201780218468,-14.536570386274002,8.437199,0.8833029,0.020335572,0.022965617,0.014682464,1.0
65505947846771072,60.03567953491513,23.399085336628712,7.260693191862928,5.054071604430856,-45.0335913755628,16.263653,1.1012503,0.09740866,0.15240723,0.09289807,1.0
65530347558005504,59.58916661403193,23.41360638053363,8.166856706377187,154.22699099029745,-4.844459962985471,16.229801,1.0279701,0.053807024,0.06338723,0.04041826,1.0
65609100078323840,58.16154681704111,23.063566491550986,6.124343959573825,81.7545326457994,-21.55407350184864,14.499158,1.0193522,0.024321236,0.027314814,0.018595697,1.0
65995269177456000,60.270776214915855,24.34739334883617,8.227529113185383,9.66466736792556,-27.851567284463634,15.615366,1.0112832,0.04004962,0.047143217,0.029754646,1.0
65998529055470080,60.38795022830001,24.382753278511878,7.451841060965516,32.95413346184873,-20.295647228878913,17.952755,0.9973018,0.13611698,0.1878269,0.09998642,1.0
66225170186990080,59.3568565191498,24.557286479897318,6.436676365593969,-9.79089018903681,-88.72983229595548,11.269977,1.0596402,0.024241228,0.025937874,0.01962849,1.0
66339381957477504,60.91948901842839,25.359477669151147,6.715572865203201,13.759835447394812,-41.83846103024312,14.900044,1.0727077,0.034461908,0.042444784,0.022726044,1.0
66384427574214016,60.11424749844189,25.321440805360425,6.942627381139818,-20.011991200192185,-21.99434244805613,16.09575,1.0610474,0.04667255,0.054329313,0.035373975,1.0
66406520885888384,60.55335923589802,25.5880404392581,7.585529872327706,6.057895429141906,-26.71382700947162,13.977294,1.0780883,0.023585245,0.025776366,0.015390924,1.0
66443869923093120,57.818092616750874,23.693341302380546,6.473853090252945,20.990794480220988,-3.5746367334788074,16.215954,1.0881634,0.056425657,0.07614033,0.041299623,1.0
66470567439742208,58.07804391540805,23.87669033680424,7.524097803760037,18.479408209856437,-45.773577704994594,17.230505,1.0682292,0.096038185,0.10962397,0.07201011,1.0
66482868226100096,57.800396950236845,23.93243025022529,7.523942582220989,19.626753173263534,-46.632699110412986,14.081378,1.0512938,0.019901518,0.02450403,0.01573791,1.0
66553443128503552,57.56367778980366,24.22654240156528,7.416513000247243,19.30252252790308,-44.28117503899102,16.20243,0.97568065,0.055680756,0.05836341,0.042320553,1.0
66555985749157760,57.35836849831732,24.24749646235856,7.454869915597753,21.248523208475092,-46.07484917184325,7.9557376,1.0117768,0.03234104,0.04150034,0.024979444,1.0
66556535504958848,57.40235505704586,24.295859565672455,7.462035109288245,18.182616410101808,-45.94347227111504,11.475932,1.1675231,0.022498393,0.026032448,0.018445078,1.0
66565778274538624,57.54494597991424,24.47802874104996,7.400733451814482,18.486871543537866,-45.289806255718666,16.925774,1.0290276,0.10213797,0.09908556,0.085701756,1.0
66597767189992832,58.4207475084373,24.41920320712948,7.247984898455807,17.974962243229875,-43.57887427774815,15.093363,1.079778,0.032701615,0.04153214,0.027586179,1.0
66710948167949696,56.89387479189458,24.039553949276844,7.493789781759396,19.01304665662284,-44.97089053166092,16.773333,1.0432895,0.07348523,0.09467606,0.059380207,1.0
66715827250786432,56.88340577218757,24.173392342814555,7.490687523590323,20.5733425299048,-45.742144344088786,16.851921,0.8414757,0.107790254,0.15835992,0.08988094,1.0
66739982146803456,57.07214182983378,24.504220723934463,7.443940703770764,19.948050725702974,-46.219669158617926,13.717735,1.2109858,0.01958719,0.022291059,0.018083746,1.0
66767843597097856,56.99745157519385,24.593481650943612,7.360473013880846,19.789732135352605,-45.6850455441756,17.77927,1.0213176,0.13720988,0.14472686,0.1400369,1.0
67072618773599104,58.98998948688949,25.242794847921953,6.134675590409389,-27.206633615349745,-72.69642828014469,15.420908,0.9822599,0.03353723,0.04536371,0.027261414,1.0
67247131885052288,59.99558674144326,26.213033828666756,5.547254553887024,113.91928252946872,-85.627868436428,17.75083,0.9612419,0.15076095,0.18106675,0.09245533,1.0
67576332537157888,53.13743027013416,22.30325801554452,7.206185200664611,20.763835505842955,-43.596542979457524,17.068302,0.9001049,0.08295757,0.13640994,0.08143884,1.0
67736070960579072,54.40459134186731,23.182603561563457,6.921899154979081,19.37972594450255,-42.141886994150795,16.76218,1.0305912,0.09305618,0.10257733,0.062148903,1.0
67883714756349440,53.34893014898836,23.36809995951476,8.734268307333252,6.916802784800934,-27.168821157963862,7.1449013,1.2188224,0.03758154,0.052489955,0.03331866,1.0
68045652203555584,53.78041915558794,24.21823814087838,7.36738980172445,-4.009528709590814,-51.21002047397542,11.585226,0.97975427,0.01838099,0.02353251,0.017274076,1.0
68067745515302784,52.93100650665812,23.95586736412794,5.579829812905778,3.0111551895215154,-52.92099311267552,13.764678,1.0856676,0.019489897,0.022640863,0.015567112,1.0
68142374866825216,54.64259896949574,23.71853047856418,7.484155963925398,21.01251130526328,-46.68696199242911,17.183352,0.9777166,0.087118775,0.110573165,0.087427184,1.0
68162921990400256,55.3454099178269,23.929907412099855,7.4679281450793535,20.87002088439918,-43.94528385521718,16.227856,1.125092,0.06323023,0.079402454,0.05231791,1.0
68282837477714816,55.4117869503773,24.385746127461942,7.2460414350558295,20.66941639207741,-44.699524208194816,17.633608,0.9705496,0.10501178,0.11814708,0.08972404,1.0
68308882159427840,56.10672868467131,24.681159703039956,7.775523482076141,20.977456146011534,-46.97992302418597,15.432,1.0681502,0.040982436,0.06423393,0.038628113,1.0
68603345117276416,55.28239828227736,25.409111802877124,5.786377733383981,-19.96975189946131,-63.523563489765486,16.926586,0.975788,0.08925367,0.14312348,0.094596244,1.0
68688351109519360,52.04754377079423,23.60104052177142,6.362574444351381,10.311679395361047,-13.397252489158525,16.748072,1.0340136,0.07444197,0.07591706,0.061244726,1.0
68769508811429760,51.507427700762214,23.896496610578627,7.300245774597996,44.66533962809764,-19.202654869048448,15.083491,1.0420692,0.029621452,0.033748034,0.026724128,1.0
68806028917761280,52.01357300449711,24.311222803722778,7.866518072098972,41.450601107314384,-12.363828473110026,17.870176,1.0729446,0.17277656,0.22179265,0.17229447,1.0
69543839875555328,52.54229561938127,25.565037844250952,7.640840002478023,21.44161767429483,-17.260341300122306,17.578043,1.0247334,0.13154556,0.13411568,0.1062284,1.0
69573694192024832,53.227219591908636,25.96111037876896,7.18783341896254,37.406366508206105,-11.721512214291678,17.492456,1.0522693,0.14452966,0.13162054,0.10852841,1.0
69587923419778432,53.06619503859383,26.074406692288928,9.227055747035548,-22.49652130239032,-79.81843042969564,16.765886,1.0332271,0.09056875,0.091933526,0.07326188,1.0
69595035885590144,52.35599208117992,25.65214527664648,7.318097384583253,31.052714910439533,-26.596051548526212,9.328495,0.99103034,0.017140953,0.018904107,0.015626708,1.0
69651759518208000,52.65622522456369,26.34587768378552,7.1268985902932735,21.253673587430907,-44.37021219654732,17.323578,0.9401269,0.12794773,0.13923812,0.097393505,1.0
69707907626540928,53.832130282791454,26.552864180213096,6.3393513311283165,17.876332982787748,-38.29383782232079,16.477827,0.96799195,0.0703427,0.069848634,0.06096553,1.0
69877988331531904,55.930098933897625,25.08049424832434,8.126112789370953,22.197434403671693,-52.654042306816265,7.512999,0.947698,0.02809445,0.035435993,0.025331816,1.0
69904617128601984,55.89680277271759,25.408460504484726,7.602327314027255,20.19817904330972,-47.36809058359031,15.61384,1.0605189,0.03953252,0.0444697,0.033629693,1.0
69905854079181568,55.94448192878049,25.41324785839158,7.307026176510221,1.4893402382111574,-23.050848549750814,9.722104,1.2243245,0.024624495,0.023335995,0.016892826,1.0
69906472554465792,55.97455348593456,25.47487895307199,7.26266420477807,19.00230019109934,-45.790530423392774,15.019618,1.1150742,0.032461815,0.03491542,0.023943262,1.0
69906713072633856,55.970030289721734,25.491626639175383,7.232947154619978,20.38386716875307,-45.44393680977453,16.485218,1.0233552,0.06266377,0.06609456,0.044606123,1.0
69930764889482752,56.10458705678782,25.56760995826113,7.320168724172881,20.873708971453578,-46.7635571412532,17.323833,1.1231356,0.11696887,0.13037333,0.090819865,1.0
69990001079112320,57.31200331145015,25.88273495975086,6.048395671932161,14.559726920594912,-38.02662340711617,17.706488,1.0329525,0.14181103,0.14474511,0.1056446,1.0
70123248144369152,55.95833343196762,25.702721725878234,6.1921126360986145,35.395782049002705,14.125524063132115,16.224361,0.95356166,0.05728928,0.066680156,0.04676727,1.0
70158977974956672,55.17747786165172,25.70526832583363,7.396323568957691,20.785015570847214,-45.87098952659123,12.313311,1.1459452,0.015220846,0.017531838,0.014633431,1.0
70165476262750976,55.168079441605656,25.846594275332414,7.256145998522227,20.865652578504715,-45.70745967540279,16.019033,1.014686,0.049516518,0.052784935,0.04256391,1.0
70282986567389440,56.51365730301843,26.545330283066285,7.269836655949673,42.6411017717662,-4.573272973748811,10.315188,0.80235666,0.018470135,0.019210823,0.014948958,1.0
70298895126197504,55.905978959548854,26.35162040109698,6.880815035007037,-4.395621141154014,-5.560668099903426,17.110159,1.1271186,0.09637074,0.12085807,0.08174953,1.0
70356580830628864,56.02056349331565,26.96946450921715,7.474264263220654,20.58947399635434,-45.55254574314508,17.315113,0.95486456,0.09915172,0.13269654,0.08265476,1.0
70388848923371008,57.559059418654485,26.23888181823845,6.792677223070671,-3.8113461127068606,-19.956184156877608,16.0112,1.1520419,0.057543356,0.07339099,0.044239983,1.0
70427709787366272,57.76022703607848,26.641651712718236,5.860270496795738,-15.198333386370077,-60.97329753097342,11.985881,1.0815668,0.01693693,0.017199006,0.012306049,1.0
70493268167993984,57.409403943429396,26.851435079305364,7.310328046118832,19.59946001609844,-45.50857523991807,16.096619,1.0729588,0.05131594,0.05616553,0.0400625,1.0
70595935066060416,58.25213412952858,27.360437933797144,8.113603923308581,-18.934927318038934,-15.814308036283835,15.265082,1.0145924,0.04181587,0.043260027,0.0271149,1.0
70612255941645312,57.87704980930955,27.484449370931486,6.079173047159414,0.4306963478184067,-19.14290878243638,16.576754,0.9480522,0.07034578,0.077153645,0.04791751,1.0
70618784292038912,58.41900434339136,27.46778074958558,6.763768001708428,-29.714038262579066,-14.961582859412678,15.266662,1.026792,0.03765275,0.04124292,0.030259356,1.0
70640121689435904,58.19726061058617,27.70613723577358,8.658015398134495,-7.0730238657261975,52.91459974957371,14.706517,1.0639685,0.02412198,0.026648438,0.017356802,1.0
71042783462021888,54.725105701883145,26.753423975424788,5.963995408036988,37.086900391052986,-38.15656163005991,13.88235,1.0633861,0.0200006,0.02643399,0.016523473,1.0
71202831123254272,55.411707788725614,27.68522168606013,7.467684852008185,20.869626967712644,-46.25582975115407,14.819542,1.0926106,0.03375415,0.046356555,0.027821152,1.0
71351883668034048,54.1695397555478,27.832176380231715,7.215441805135176,20.552926798386167,-44.26645874659062,13.412615,1.0521535,0.0170575,0.019251214,0.01395213,1.0
71352051171267712,54.11469422815512,27.823535408450606,5.844237326521283,67.84405261139486,-45.86724480959387,15.023786,1.1292351,0.033322826,0.035485223,0.026955457,1.0
71635660748662144,56.92698836432363,27.98310508509096,5.672841067525316,2.911698935044501,-21.948785529487594,14.361103,1.0070792,0.023711814,0.032117028,0.01657887,1.0
71761967146581632,56.8389636416424,28.962493030299914,7.141889964747671,-59.953573110283045,-91.53391537179117,16.743195,1.1316606,0.08056382,0.10816538,0.06820805,1.0
71848484967727744,55.164407208850804,28.424430968279914,6.688192006808875,9.420172603308211,-25.497079586655683,16.684181,1.0226274,0.07732933,0.074788325,0.05715381,1.0
71917685480203136,56.27610473519979,28.705187736051442,7.263388407643078,20.28307911103538,-45.40566396107964,16.71431,1.0685627,0.079931766,0.07764528,0.062461197,1.0
71957748935049728,56.474322189410856,29.143291810479884,5.535648490777644,40.72240864110903,-15.087849756442328,15.573214,1.1240423,0.040406477,0.047773298,0.03175431,1.0
111096170996160768,50.05066963183334,24.553331280743336,6.214677236458362,34.39630091875766,-11.762622049718138,15.461318,1.1751993,0.048458707,0.05695605,0.04288864,1.0
117535976239437440,50.517120726945315,26.250069737870394,6.096892645605115,1.0798469700484041,-37.55110961684089,17.338976,0.8633167,0.105617605,0.11584583,0.093088515,1.0
117586549478519936,50.248149780953696,26.331685382441854,9.999996974593909,62.07931158327378,-50.92875300853661,17.842798,0.90431297,0.15056013,0.18601489,0.13180834,1.0
117916235464382336,52.83308549739124,27.57163839457418,9.687299747514656,38.24551113582744,-31.988101514735725,6.989968,0.84676677,0.030999374,0.03854896,0.03162217,1.0
118026427144825472,50.80656022720565,27.177587249625653,9.774461369766016,62.95981493292443,-42.89377477465273,16.816788,1.0985771,0.08670247,0.08418955,0.0654189,1.0
118175926366509184,51.67955345993106,28.016389461916663,7.134173329463303,1.3796809595926611,2.1693049254084698,15.18238,1.0680326,0.040061153,0.04565496,0.04303172,1.0
118870371038696832,50.458595233462255,28.112163923464767,5.5001744983074285,63.2196463572031,-84.49836172105677,13.040591,1.1364998,0.017040575,0.018389508,0.016365342,1.0
119131814287832704,50.16518203994095,28.826216796065413,7.050551250591806,-8.509689610846161,-64.08454550212848,8.298793,1.0194196,0.026264967,0.030270088,0.026275745,1.0
119367831331551232,53.18142227850119,27.595544659679575,5.844617407828477,25.20310510423429,-29.48332689048432,17.956224,1.1146786,0.23992077,0.27770275,0.16360097,1.0
119386037696180608,53.74820345019405,27.821000641725956,6.433350519166272,10.038448506817721,-15.020096483775482,16.109129,1.1379111,0.06297364,0.06905285,0.06333782,1.0
119417000116772736,53.05914625408706,27.688775216484764,9.15225731202215,152.76746290664684,-102.65786513435957,14.892644,1.0790201,0.034698654,0.043096177,0.02913162,1.0
119418133988235776,53.20582229269372,27.73278358418612,7.514245801675166,40.38635769920866,8.208750274372017,16.275627,1.0629154,0.065839276,0.08396647,0.06779405,1.0
119443869432136192,53.082068308120775,28.06193552575411,7.690850677431029,21.112930434406877,-45.44244473302831,17.46759,0.94954413,0.12201529,0.1325056,0.11686192,1.0
119540763894197248,54.33672109384491,28.589367770160443,6.088374212196292,9.343053580750878,-8.02618917429709,16.767578,1.034928,0.120261714,0.12401082,0.10984643,1.0
119655491061017344,52.836832979421686,28.404642694987437,6.660095540305747,9.089599234216722,-24.67403581032903,16.0348,0.976372,0.0517597,0.057191934,0.04652246,1.0
119814748446922496,54.095585242827966,29.319274725183842,6.201732520108203,26.796802423439075,-17.24417187485748,17.12635,1.0220876,0.15524194,0.15619503,0.10528966,1.0
120128177981629824,55.18104055760988,29.979056608214904,6.754300568209275,102.68620089532968,-39.64036255143553,16.322346,1.0126308,0.05739836,0.07036864,0.05189762,1.0
120472183385765760,52.03897135452406,28.722823432451317,6.076903907492642,18.343959672859647,-39.039474633224195,17.680208,1.0442709,0.12722442,0.13702336,0.12596081,1.0
120649896248631168,53.173221841508976,29.806950344569763,6.269726753664487,13.671318877101678,-26.969211089717586,10.899819,0.8228617,0.020518789,0.023509864,0.01922241,1.0
120808324706057216,51.64183191272651,29.980484327539653,7.115656750749051,62.19610535473723,13.64100184188951,17.273722,0.96935374,0.087686524,0.100032784,0.08515474,1.0
122329881296222464,50.01283761005851,29.797602094720418,6.7442084159534765,7.82028032468434,-20.44567388924227,17.413483,0.9781696,0.09086475,0.10796915,0.102083206,1.0
148620230812418560,64.60423546034163,22.105106203091296,9.887189202501867,-60.229575311290674,21.267744221350743,17.907904,1.0039904,0.1494553,0.17049395,0.11739553,1.0
148635834431336576,64.8639753125418,22.441745110407926,9.433963557749694,56.45903608949833,-60.11459388130881,17.558966,1.144824,0.1506409,0.20440741,0.15223145,1.0
148914182670993408,64.14870081337688,22.986762901894796,8.44969570182206,-53.376071460457624,-83.38873678055438,13.786586,1.0322709,0.017688433,0.02326606,0.016238257,1.0
149860930902135424,63.47442129449042,24.262751274639403,5.684933585011118,-0.9916537436128658,-46.6705397526343,15.866597,1.0758352,0.04486327,0.05297239,0.04225616,1.0
150316884629983104,64.87645258037516,24.853251731482263,7.964388214441894,152.64493904104125,-68.7511075294083,14.880946,1.0953864,0.031046946,0.041614108,0.032474533,1.0
150620178041276928,63.88126335623082,25.72827310640974,6.611275158969554,-25.79369103536512,25.23604790021785,16.630829,1.0055996,0.06026947,0.081286676,0.0554269,1.0
162322589532835328,63.12167080865628,26.045712850850766,9.853562927354256,69.62279440040169,1.0352074851686632,8.590061,1.071533,0.02294452,0.02874953,0.019850472,1.0
162380932368483584,62.53152414753494,26.096707936700792,9.311361131206379,102.77233798638979,-103.61551902883227,11.72272,1.2817527,0.021027897,0.024777407,0.017547946,1.0
162482946433767040,60.78351462693004,25.703605916626245,6.885608893761668,36.05651470482078,-46.260800173564164,17.434502,1.02399,0.1352117,0.14401662,0.078672364,1.0
162758236656524416,63.699466563772084,26.802959555085618,7.890485143155648,8.744641221565779,-22.529935720175366,12.6005945,1.178589,0.019559138,0.026442057,0.017453076,1.0
162775004208766080,63.14464976899275,26.581950232916128,8.359344738425925,31.85153462365929,-76.87723809685522,13.277858,1.1160823,0.016980043,0.019579228,0.013966731,1.0
163091629197480448,62.88315400157614,27.63952599925476,9.649884049348051,46.522239377720105,-19.171791648990858,10.560803,0.983324,0.015194283,0.017756546,0.013193003,1.0
163158076634460544,63.60911037076607,27.889651835092746,5.781117843146204,100.95839020964549,-3.4945452809226056,17.18058,1.003383,0.109357044,0.13315873,0.08655123,1.0
163279199010089984,60.19907683942737,26.29249613331675,7.846400580386335,-25.350849236466477,-21.44418445052608,17.714642,0.9697944,0.11686114,0.12782766,0.083329484,1.0
163766179582156800,59.938345218479455,27.859634114748623,5.937634228675976,4.9046717933227155,-18.570764190576355,15.483726,1.0626721,0.036160324,0.042363714,0.026585,1.0
163844691585080320,61.69452755509973,27.74880087061095,5.843369449741388,-4.807288146639872,30.938724482153336,16.092821,1.0437855,0.054157022,0.061575904,0.034881666,1.0
163941242449674496,62.064040104511044,28.423858713221097,6.2489697966324025,15.683958538642578,-121.72259486355772,17.86747,0.9916646,0.13269997,0.1448673,0.09670658,1.0
163943441472815744,61.70973911808649,28.251265145953877,7.565134146820293,51.85784435050843,-76.54038992557918,14.867625,1.0225343,0.029468562,0.04155738,0.022189287,1.0
164036517705037312,62.20618986420205,28.5141468587403,5.735444356578431,5.555401965435915,-31.52622444645249,12.484268,1.0647264,0.016417377,0.018268926,0.010929467,1.0
164088748804295168,62.29073244819009,29.02492857050188,9.204301998839519,23.764798083645275,-35.00373078699814,10.4198475,1.0107474,0.016855424,0.02454973,0.013437255,1.0
164668466309836416,63.850366668278525,28.118488181445084,6.2505357688574295,11.771684037488688,-41.64592663625345,13.843929,1.1317737,0.018817091,0.025969308,0.017912032,1.0
165740833746054528,63.38022839000845,29.97815470149999,9.354827393008367,-22.465345898388478,-14.277392044508453,16.871239,1.009325,0.079387836,0.0953932,0.07894117,1.0
165824293550200960,62.89758456609725,29.69964586159022,7.703356298357544,26.15862438629188,-30.567007803261525,17.26971,0.97143275,0.10867211,0.15590611,0.100422144,1.0
166710637360979840,58.70016985479947,27.838321364627117,9.995643806188303,37.32936664084487,-43.034020361159136,14.294159,1.1229823,0.024565173,0.031109937,0.018624237,1.0
166787293937522688,59.883761982432524,28.246167768941902,6.643289783605701,40.16102752482097,-20.61503572287437,15.756863,1.031336,0.040860064,0.05179606,0.03098357,1.0
166805848196223360,59.64455621404689,28.443670957285878,9.679731036718463,-20.604333110907294,-37.75245341173073,16.928118,1.0231242,0.08293686,0.08957983,0.062329024,1.0
166959298788086912,58.92427471907982,28.53658431076268,7.979627271436119,-14.327891330284524,-17.701817830385984,12.899697,0.97389764,0.015764212,0.01797484,0.011845665,1.0
167082237931274624,59.06343465124708,29.03563694716894,5.553330284376725,50.413296705575526,-55.39843889370816,13.4589815,1.143224,0.019079922,0.018289821,0.0115838265,1.0
3312136632437688320,63.967036227706274,15.410750282454092,7.922000474773759,-33.88755200243217,-33.90833535518684,17.454643,1.1049992,0.1318184,0.1674802,0.12428634,1.0
3312226487449504000,63.8817478999739,15.845200665444734,6.861164325932464,29.270873332226248,-10.547519704642353,15.049434,0.96353245,0.02891382,0.034665287,0.024747362,1.0
39345993537563776,60.33379992953332,15.044150721901053,6.923721358893418,24.27296529344911,20.551868518150567,11.926288,1.0104752,0.014811161,0.016167872,0.011265767,1.0
40159838300711808,60.19186414322561,15.71967393144343,8.185959239618901,27.437175486243675,-26.954978957939076,16.710253,1.0243082,0.06823374,0.08019581,0.04945787,1.0
42362503688266880,54.13504332794082,15.163578246022249,6.28123617965458,63.61620838323053,-24.106807539673238,10.0651045,1.2625744,0.023856737,0.020453164,0.017809628,1.0
42406793391035776,54.68371572119846,15.628180441797335,8.071936453294603,89.01579230876278,8.424054768136807,17.41748,1.1053996,0.10352977,0.11535018,0.09245534,1.0
42686138064346112,53.797305371790586,16.256324426341592,5.666484192519392,11.273371144781347,-8.618764013516799,16.594028,0.95929897,0.06577829,0.073271096,0.05898903,1.0
43268295111148416,56.58578337184523,16.37414431206374,8.976533984779481,35.042590024211904,2.308677577188028,8.024783,0.96475625,0.027624073,0.03270886,0.022217812,1.0
43270769012300416,56.74397481524454,16.471114185168517,7.555811416069708,89.69466438901016,-9.487770742508046,16.540459,1.0515549,0.060299303,0.07339323,0.05148906,1.0
43283928792004480,55.93886344376543,16.22719412510639,6.17998040150084,-3.664311882079534,-7.34819285395632,14.632706,1.0356519,0.027827356,0.029579652,0.020120755,1.0
43347391229308416,57.67748997346487,15.755587369138123,5.5461023700546965,35.35793617927523,42.76172587638573,15.365033,1.0326965,0.033815876,0.040090445,0.025625374,1.0
43416763540959744,57.92182631575332,16.567841500947313,7.896732163604807,-74.8915463341483,-91.35755662857369,16.475729,1.0842935,0.060398817,0.07489921,0.045713738,1.0
43447545569641216,57.31110112478084,16.4886223701583,6.763794602418785,-24.60947596144871,-94.46938983148034,17.842411,0.9744858,0.14534317,0.17784706,0.09781795,1.0
43592376164005632,57.97047617687226,17.176822581916845,5.969698408794187,-2.2330590617020625,-30.663809131862195,14.303768,1.0712365,0.024540972,0.029736532,0.018162813,1.0
43624296360931584,58.25635418946662,17.364062593855994,7.7153245254662135,29.10560801652975,-14.702350110100046,17.683308,1.0401353,0.12514786,0.13715245,0.09461564,1.0
43652059028511872,56.612360910642195,16.65113326429251,5.937523112623151,48.09835484790716,-35.371745074225025,10.167908,1.1699371,0.018875776,0.021117592,0.015123094,1.0
43815332208545152,58.144355469238896,17.542455556194355,6.842290498431042,19.16992493748764,-30.109580529650042,17.712257,0.9737797,0.1198611,0.13776255,0.095365524,1.0
43839422683083776,58.029251410093444,17.868115570496787,9.755200261227417,2.288745703396309,-32.88313456042576,15.445576,1.1826141,0.036197726,0.04730155,0.029168429,1.0
43955210703613440,55.33912664243066,16.244101121942183,6.275749358805987,-5.664740225812458,9.730806697040663,17.862007,0.9867078,0.15162662,0.18471323,0.13172942,1.0
44582933060466560,56.3212214239453,17.801623604138392,5.507606344162298,234.2635175040708,-178.56775064059238,16.631237,1.0798466,0.060691282,0.07636391,0.055280373,1.0
44656325460275328,57.36220697537338,18.132141658889505,5.84162898600813,-6.190534886293525,-35.24352304871003,16.828516,1.0283015,0.14515463,0.19784354,0.18176582,1.0
44665804452529792,57.4064393978036,18.288567596179277,6.911704654514162,0.416050956610583,-46.3268417320438,10.179435,1.3645365,0.022424685,0.025500445,0.017647153,1.0
44666770822199296,57.13691088799317,18.095865355168865,6.785811425596898,-17.021080584126768,-18.34907806437894,17.010015,0.9497298,0.09449165,0.10407101,0.06914276,1.0
44752086052430592,56.84958872834852,18.721576248591443,5.956274350041321,20.95613854960763,-23.218949801691835,11.674893,1.0930759,0.015936736,0.018794514,0.014309032,1.0
44771121347593728,55.67126342102433,17.96576280682173,8.26839263422568,72.15869800494485,-163.24740123434862,15.94474,0.97447526,0.04166507,0.05021013,0.03733317,1.0
44940583577217152,56.755903161186644,18.7797414636936,6.7060778667597845,-33.691950952348705,-34.614389743241425,16.7945,0.9794487,0.067472525,0.08439063,0.062954456,1.0
45220581084458112,62.92730963373869,15.684928715438419,7.3078232093699445,69.0827705952425,-54.25661383334124,16.871317,1.161421,0.08783156,0.10922253,0.08526509,1.0
45377330212536320,61.338216287341766,15.773894506478928,6.5090040583213105,104.05182272622736,-9.080541064013614,16.196415,1.0604424,0.046985563,0.055641506,0.033557855,1.0
45737866945401344,63.25592753728689,16.854793347286545,5.679435324700841,46.05444451245016,-29.69090476726955,11.163717,1.1251817,0.019619655,0.022598187,0.017159902,1.0
45850906188583680,63.886952729159,17.121012761442337,9.309574794391605,13.569930980442532,-32.9024313300596,10.180008,1.1557168,0.0208162,0.024068728,0.017884364,1.0
46149153013823488,63.02502896843988,17.873859588279174,5.842019064087318,62.53365897495554,-71.24104707179768,17.099783,1.0272975,0.10153489,0.1251164,0.08565627,1.0
46260959603526528,60.20543037293519,16.444029284358372,9.911347973221815,-38.06394439511145,-4.345842037765227,11.961939,1.2757243,0.016531529,0.019567376,0.012704308,1.0
46387747038458752,60.871428315772405,16.975579449414962,7.253070649710498,20.774504968237935,-57.3024233659283,15.87449,0.95756537,0.051533073,0.06626818,0.03813698,1.0
46411352178670080,61.30946440339248,17.12701812541215,5.710655760367443,-28.85021359024566,-49.85961575110909,17.612017,0.9761321,0.10711695,0.13310531,0.0862433,1.0
46538929886821248,59.295449944633646,17.05157749561111,7.716748009471237,48.31134737629132,-50.13857729170835,17.235125,0.98938555,0.07986686,0.092320584,0.06754166,1.0
