population,ra,dec,parallax,pmra,pmdec,phot_g_mean_mag
signal,242.17307791520327,2.1871426406151397,480.7736513762789,108.84412112426297,-23.599587113817144,3.463189493441823
field_control,163.41586622747653,-20.176024687843693,480.7736513762789,3.972550521387355,26.571131478502387,3.9480785700082204
projection_control,127.76316605515946,-65.8562132772557,343.6997865213966,-45.67180478931911,-76.14822149794955,4.1667886573121695
signal,286.805302988894,-2.386270901368825,92.5588164285804,8.423174228550863,-3.9029750585997736,7.021164184678673
field_control,146.8567335795467,57.81017399081163,92.5588164285804,-1.4145207119265872,-4.499387797545814,6.809009067470875
projection_control,42.735274383280114,-2.0583858966253454,410.2679221663288,65.6538881175623,-45.932557374642364,3.722661459361051
signal,90.16844356529963,-71.57095335085104,240.4159155257086,-30.887847988064514,-54.46961605452671,4.933790368539362
field_control,179.0083728682428,-27.47013247675024,240.4159155257086,-36.24403990392149,32.320503766833724,4.400250470107701
projection_control,229.09474135201478,61.01849210713636,470.6260993434899,-122.11997265391446,-32.86067464965526,3.664500655695848
signal,224.95467585851958,-18.51206518718694,319.30406776134885,82.03638224401932,-11.708685476044387,4.618911122793084
field_control,14.557979236558083,78.00036658242794,319.30406776134885,-88.77561924833364,-83.22402341039141,4.665836189229454
projection_control,314.2293917636392,10.968153387199106,329.49871941441825,-27.31218622140328,14.680938244432527,4.078711448368389
signal,205.8285539317495,-13.863450362992458,782.7040395086849,196.78340151864495,-44.36497652582577,2.5557264646221696
field_control,321.40560831143756,19.90900777129343,782.7040395086849,98.93504899683424,128.86241471347893,2.4408530951327467
projection_control,192.93662838676252,-8.087565718259528,347.40317911305476,27.38754323658252,-72.94713667222402,4.162103820104572
signal,299.8189356437776,-11.674674044230759,782.7608392612128,14.196927329628203,10.28960635216573,2.4454077397836347
field_control,359.389136064225,-4.1849966094598985,782.7608392612128,175.81051150512306,147.2989369092748,2.4665580125955353
projection_control,349.5384898576627,7.4794521846222874,417.4584433988516,23.74296629053081,-73.41324589863662,3.8000110302045966
signal,326.1913417732538,9.226906633171195,1190.3275703899108,-118.29910666958433,-95.1569164635009,1.6765714142358836
field_control,65.33536494913152,13.107621038246563,1190.3275703899108,201.99785394309515,106.77325276170805,1.527317417737379
projection_control,63.775268360145205,32.90541652270697,292.2014594616571,21.495652432562142,39.005440438632725,5.0722592327668075
signal,4.376437731859251,3.85347265465149,158.52027860206354,-35.80208496670656,-7.157497715204736,5.702117752955109
field_control,43.33786731886311,-27.060923359230348,158.52027860206354,-12.208988001737392,-28.984834263330818,6.069076846992116
projection_control,179.32677967729526,71.51178265619211,270.44063827496007,5.41835772618191,65.14064665809931,4.709443100052418
signal,242.64717086116534,12.463063442471427,317.7979903953361,72.07512270341613,-23.971642749186675,4.520827854140451
field_control,51.68788684149428,-26.84974235311671,317.7979903953361,-54.40443718302353,36.87383924677602,4.263428494396628
projection_control,85.2959969663935,-23.085679078825965,277.3927999921517,50.174684376765406,-13.341286404347175,4.593459361640978
signal,18.660887683102448,31.989681091352903,254.34971896461346,-60.74777845743768,-16.753714102150067,5.018024437312473
field_control,237.96974096437216,-50.614204785568184,254.3497189646135,-18.284375803623192,-39.16434635100638,5.415678151828812
projection_control,325.5275849067234,47.72616158632434,600.1377344414456,-86.80428855644097,31.801194149671453,3.4302494398890797
signal,197.58911942784812,38.753526889068496,1754.5610600602647,427.92027557056446,-5.746545522643041,0.32824350922814105
field_control,238.11870184227888,-50.52476145791932,1754.5610600602645,-305.7628256565505,-1.4559447586751948,0.3362884229425661
projection_control,262.8897082306456,-4.117935951578194,305.76682195911667,-50.1163968625392,-6.222653725229747,4.3440086122227735
signal,103.54778245572416,25.864615033219895,71.7233290393672,-6.764181549538976,5.499495849809581,8.020405930597578
field_control,305.25269842022794,-17.737500350033923,71.7233290393672,1.939155174342029,11.348526987964762,7.855160279289606
projection_control,97.02427042521815,-42.09565646079733,130.89604185085977,-10.6508116727578,26.82200643341267,6.262348244108925
signal,110.43957582797084,65.65049697671759,180.311257860734,-12.080303087567309,37.03609291319081,5.455455673173733
field_control,270.6574998334512,31.716116787433233,180.31125786073403,-13.492671621750956,-29.763848080623976,5.912522085904807
projection_control,229.59869106441295,-85.7830354165344,262.73762206747307,-61.10442245161883,7.301871641894675,4.828313176908651
signal,127.06506124284837,-74.47951263374883,672.6094854588742,10.545310261311174,-174.3909424484694,2.8882780015161864
field_control,161.8882824129623,12.470817901861738,672.6094854588742,55.46140403024535,98.70490177983476,2.6332895335042426
projection_control,209.9708612325204,7.9757938101829575,467.87531258681895,-4.740568213874074,-113.50324136008088,3.356265626814986
signal,223.66528165785962,-37.477080941148564,727.2830128722554,184.34262109163078,-2.243958381361952,3.0408063027277135
field_control,220.62793016351475,-52.63928469299153,727.2830128722554,-38.45494375792771,-201.44685294295235,2.3843624469837867
projection_control,106.5355305971818,-88.67005127271476,29.194417786462186,-7.381865999273234,0.8222385788200441,9.767347577537437
signal,120.25798764075692,-80.02196478895135,724.197349239764,-20.065141270784366,-184.3576161070651,2.9784183730771763
field_control,247.78248133248283,44.78698826342355,724.197349239764,130.83899655782977,-125.56318710670772,3.005867610014062
projection_control,347.5089805069439,-64.99842684054332,461.9642670782376,-41.42332196661707,96.08007146471705,4.096311371156855
signal,263.77165821250094,17.15450489749191,550.1480952547804,91.39047843229412,-56.00541112551626,3.307901948241448
field_control,184.58512930268105,11.696954998609725,550.1480952547804,-61.214360986532945,193.30607211915702,3.000343705465783
projection_control,292.9404037400019,0.06916417639875468,318.46860731907094,16.09768155701446,11.088617845700776,4.34999434032428
signal,145.6298588065931,52.755594194695924,366.42671634231533,33.14900841867965,62.09810197969735,4.0713146453209905
field_control,171.2343544025892,67.17753693992648,366.42671634231533,86.57812326845233,8.74015788458793,3.9980651639604416
projection_control,69.63672346433373,1.1955619376658875,1381.3531326494897,226.20647686239076,-109.47843082786044,1.188354021569832
signal,24.6071521115851,-30.86622902754552,433.0239130598701,-112.54560512129697,-10.182905265352243,4.10169417136952
field_control,232.2350804313552,19.899475028249913,433.0239130598701,90.21371622666818,-24.921167650740525,4.083633287534774
projection_control,4.925669313845198,-27.205367051673917,659.5394988774425,73.38289406505692,-76.53148673842234,2.7490016535116664
signal,282.1535432942786,58.657043484386165,564.8060965501558,58.12241737968485,-133.4095375795152,3.442911613996711
field_control,200.69083763123533,-40.51523911374314,564.8060965501558,42.18008295160695,-38.03415490560449,3.2509254907158325
projection_control,142.2559070900298,68.13052167706225,429.7775082256153,8.771263320348128,-32.984801837299734,3.9227533850754854
signal,102.87299685337416,-61.57792030698839,311.2504780168499,-29.351872497258988,-69.3463613291543,4.348940358529311
field_control,231.8192299209277,-3.0055836425046554,311.25047801684997,-36.13481448995329,-30.109160590407413,3.9953067642538187
projection_control,357.3294463755948,-76.25660044564154,879.9799997382253,-55.65869931585865,-151.8116216946686,2.1564073985518957
signal,155.79607665573454,60.32782825502649,824.3013070762678,120.17047625184998,138.98245581236955,2.1811019634226967
field_control,220.627718626811,17.27721664228206,824.3013070762678,2.105020023264804,18.82935744760505,2.9436878008892577
projection_control,55.61719344177329,40.03637362583907,141.739237152369,-32.72154789117841,-3.1988960398794983,5.822528174493157
signal,246.7597979598845,-17.2627822670575,563.7522121350366,116.12539523617279,-1.1322207708659855,2.622852150296994
field_control,258.9107617849156,-70.64281356411487,563.7522121350366,-68.37520184659846,-123.38348864256199,3.085555477171804
projection_control,345.5506089768439,-37.64411271179672,1651.8477275091493,152.25476680299948,-114.47058918210917,0.33827896294517734
signal,119.68421657353633,-52.85959452624884,488.1365402974949,-9.781229450030716,-111.21895769381918,3.603502958848629
field_control,231.40926316183538,-75.97249322680342,488.1365402974949,5.909805316400229,26.332342834246507,3.4364662193716278
projection_control,7.943813525624703,27.240266738690995,726.7083590215618,44.49681431431025,-165.91905488138335,2.5732680679204494
signal,20.370836212817622,-1.6191926582290308,414.65841707173036,-102.48258865149835,-20.814087477461033,3.886738249153172
field_control,187.1072951174162,-47.8332255091766,414.65841707173036,-29.665833648585746,67.68715278147116,3.9882828483566013
projection_control,226.83352567019884,-42.58296825392666,199.20414049992357,7.49501308877119,-17.022506817797645,5.5962222450893675
signal,134.61157692461288,-29.10731059779586,209.13935675327312,9.751418227203805,-34.72372770104217,5.738678572732709
field_control,245.44685206237915,-29.7800070264008,209.13935675327312,-2.8273338117226676,3.683031729963298,5.5853441994411686
projection_control,67.58006604921074,0.9580927553058689,1678.4016811739725,-122.96044334480831,313.1438307120843,0.715619246144469
signal,340.0014897699492,-25.483693143303032,694.1184376823788,-105.20735991376945,31.256057121347826,2.900548625025497
field_control,161.8135074667541,-8.100030153127175,694.1184376823788,68.68503373559895,-8.029688345742871,3.3811633843688265
projection_control,214.27662028567488,-23.58829232710071,765.2287877026582,-80.29093330798865,41.89486179619315,2.867824248174108
signal,231.02438302748092,-22.66982120395011,373.4871123123163,86.73532636687688,-10.224998878475722,4.538890655850963
field_control,87.00164135013637,-1.4393670850381972,373.48711231231624,-48.45401085653023,-54.3080213346202,3.6406014527774477
projection_control,319.72254801625286,36.88006383967976,483.02733543920203,-19.501461481671022,-70.07683829340868,3.636563462092762
signal,241.7324935201945,37.30456633589587,323.14668753020214,78.50326574405537,-36.13359073197562,4.243792189262959
field_control,0.5105592482095657,-46.381136790602255,323.14668753020214,-73.15749354680229,67.66922212608804,4.700787120315595
projection_control,99.4748790477073,-49.13276934038121,195.15850311470209,-29.41558583653626,30.908382554599836,5.467921362363688
signal,227.6215753095503,4.492152549121991,1297.95992447025,331.2137003157783,-64.6396091843722,1.7751386818457178
field_control,201.58709297250357,20.29068443835895,1297.9599244702501,191.44060389890174,-245.92802553280322,1.6565964907704551
projection_control,267.21770121082324,69.07850102570798,488.0458221718972,-97.0525634750581,3.67600824681615,3.863258231169236
signal,71.63717002539724,-22.171772667884397,313.8705287186982,-67.4653925743212,-32.43403583558333,4.357572391421221
field_control,212.63588157911073,11.085646047868249,313.8705287186982,-22.71069339134727,-39.89956123753356,4.475097831890383
projection_control,337.66748331620187,-10.242154237691592,1603.7647935363498,-78.72242123873914,-103.50524758985767,1.1325408726845165
signal,150.60019107682083,12.748245408533338,750.3235859648034,95.23732982205976,-5.507374331453796,2.8570358263017335
field_control,349.93762731925716,-24.27218154679683,750.3235859648034,-9.275976154649193,-233.9404189483013,2.8599391162089187
projection_control,207.67723247203503,-61.00012404608291,787.7434847850071,-164.78542169154588,67.94312063360536,2.4874740163230085
signal,270.3383274107946,25.613698394096545,1138.2509461019013,161.06113217093466,-139.05626065949528,1.2811823824344746
field_control,130.1322002739392,-76.57637380570728,1138.250946101901,0.5605486061927167,265.4057223007516,1.9990921054846469
projection_control,338.5814230365849,21.05357001901705,564.3067033668615,18.779247307587205,-67.74213749786941,3.1205908465937484
signal,36.49424311913729,-27.048978514827485,94.33583046414317,-22.387216555184608,-4.354490114486166,7.197157204738435
field_control,141.88796741819223,-57.640253907558595,94.33583046414317,-7.397240812188349,-18.652155776965923,6.712027779432478
projection_control,280.08908753207515,4.845802135814886,534.3322278477348,44.613701707720494,39.97393589393808,3.0892039903938353
signal,100.02699939229642,-9.956578721166531,76.79335135788448,-7.5263396635827435,-5.923891030262781,6.977975511782069
field_control,72.64784928318848,-12.510025972284653,76.79335135788446,-6.26120963005709,1.423248529501381,8.098311845980092
projection_control,340.53287185155114,21.964900770750987,451.80548106987476,-17.2639783232499,-84.85776864009192,3.5878014267884173
signal,99.4748790477073,-49.13276934038121,195.15850311470209,-19.381147399233623,-40.11643157204709,5.467921362363688
field_control,25.392346285435888,-43.7927069999851,195.15850311470209,-2.006427505357861,9.153884088924196,5.080433932204771
projection_control,180.45923206526254,13.996175928079586,47.6762036591444,3.384281144201534,4.374899777951401,8.509979090729397
signal,155.52681393402216,-39.62062407996907,549.7394475701487,72.03908429290068,-101.80584431215047,3.431321689727652
field_control,278.20961743022656,-14.262266315830255,549.7394475701487,-47.713530280692986,60.00283737820877,2.9586206071926466
projection_control,300.111843771062,-45.7027088160283,1133.7082928072,156.66362894237201,-64.50084365465997,1.481394844613268
signal,352.9327467391866,21.23756213706726,963.7232097825463,-192.34508028912643,-98.5361871708285,1.9239478425279477
field_control,89.885183162157,14.854495262820446,963.7232097825461,-113.50193846704722,-176.54039139008998,2.001702105810048
projection_control,17.53014542397472,-10.438257599881707,848.4405405943206,-43.81739088564522,102.95957583130655,2.3256901716410328
signal,24.300916806175902,-39.577644498545794,268.2564689506567,-71.8582673369299,-2.6974762409254756,4.542117692932582
field_control,219.20574997081366,5.421095322556767,268.25646895065665,47.77353873137022,-38.163633544459586,5.43473113551549
projection_control,311.60245794199324,-11.201114635010251,441.3712988591892,2.68383498889775,-9.145017943292721,4.259873007234868
signal,186.73235797701417,2.8847299725442723,426.67770970358947,99.84674039039339,-21.194953726877053,4.10333576457038
field_control,247.59829279637336,-32.52368697744428,426.67770970358947,-37.81466362153153,115.12108744356122,3.7570232348555836
projection_control,287.92201120048196,35.1065075102553,507.26146367790295,-99.00263326018218,-13.403473981772498,3.313942531660092
signal,64.57128552439576,24.71421896995081,875.279778645164,-209.25968423001635,19.47018357799012,2.2582266870758048
field_control,169.64520742499315,-18.20121223584653,875.279778645164,-112.56930667996677,146.4776694107411,2.2796853570146385
projection_control,224.86105732123136,-2.180872790093842,143.74400643106216,8.749600379245846,5.6368619901895,5.807738504209546
signal,349.44355634750787,-51.83607958808092,386.55273180924263,-67.13318307691287,38.17113015355294,3.9170850717773167
field_control,315.486760689789,13.183023745145404,386.55273180924263,0.10098233777257545,-14.244757348929197,4.493579847057887
projection_control,81.63814511507245,-7.283076156356592,239.76342440340144,-38.29820953996022,-21.872621621961187,5.621297922523048
signal,40.789261701887106,7.73690359854169,1453.991689055942,-379.32289462373086,-82.17186173846247,1.1997591557238263
field_control,159.76614275270236,46.19584690569941,1453.991689055942,-273.1226269274137,231.71749292313888,1.0970949366079015
projection_control,36.92446653009233,67.85459932043076,144.18038208957802,14.801274224149878,-9.111508530145633,6.082666966912997
signal,145.29636085017285,-29.135353287872015,127.88954131182356,11.738593143894608,-19.587106030208307,7.256825593931
field_control,102.56710429503545,30.42611755621231,127.88954131182355,-9.667583258428206,8.904397208755212,6.11229383746812
projection_control,85.29263780282045,37.83481296760038,2892.9210696071696,274.0083631925195,415.6247158931411,-0.27049249437614603
signal,265.6385945404582,67.79744738068413,604.6732098509037,91.08955497520842,-121.44143791047499,3.4384472172268916
field_control,322.565588266184,6.130885285717132,604.6732098509037,-80.62729804881425,2.770099141367593,2.9672259117209343
projection_control,127.77287791572361,27.12148005608152,1308.8510991112,-18.467138657213614,38.42249039282459,1.515173228255734
signal,253.6395940898803,-1.885870493908259,280.9936227478473,57.789684150490466,-12.95258807887938,5.105289782725401
field_control,310.16314232998434,-15.986687572581337,280.99362274784727,-12.314612445026441,48.768395626317194,5.167755232410782
projection_control,348.95585242230436,15.777919773269957,308.34303855204047,-46.31452204745126,18.621021326398512,4.8088812445180125
signal,152.1823092818156,37.73317740551564,542.0324190410677,68.30197664177558,50.587598454478936,3.4605375830280063
field_control,59.0543809475087,-15.658164319586124,542.0324190410677,6.612824433918649,25.015183204419657,3.3511331864468388
projection_control,227.3108116386155,-46.53382238386343,167.1903827959494,-6.258506688424082,39.42956832953162,5.73995414653903
signal,124.74870046297856,5.765261674871112,369.5599205643138,2.139724697599991,-3.411407776404271,4.211521256337901
field_control,9.345966607411544,49.36156804368336,369.5599205643138,4.356265964643575,51.14749674450936,4.740773152281635
projection_control,334.49209819620745,47.937028707479804,336.1118039311044,77.47535603760225,-28.565868090804983,4.811017544070296
signal,143.1404562790334,-65.94785875940867,352.01027790501723,29.22866186272787,-82.90849930876725,3.5483985930950235
field_control,32.394800285863454,-67.14826172006066,352.01027790501723,31.161754800687124,62.508375665882845,4.488603757472795
projection_control,265.1526822005253,-32.4189356903507,160.5654981420132,-16.182948498989827,15.682315892893728,6.056096450357153
signal,95.13945473711014,15.444376861159054,721.3922068582036,-84.950962928634,9.819421528435605,2.5054486642638394
field_control,103.15706347937414,77.41275204115115,721.3922068582036,26.25291262180712,-89.8461667941941,2.515700087284734
projection_control,38.896041375506556,32.705181762953366,391.1209817682474,-45.95266101564046,-70.49753586993813,3.7876833513299824
signal,73.91985793444793,64.52948155312383,72.11995217301099,-15.091266043420127,9.138936412671784,7.565550525818239
field_control,350.01352862701583,19.192972988093658,72.119952173011,15.82789755393138,1.0324160040288575,7.725045741118504
projection_control,95.57870667446603,-13.839263748679453,396.42685212294145,10.310044780170415,62.345698000599576,4.171361542989894
signal,173.8942911212004,11.725532368578024,215.10713016146138,42.2538974277556,-2.18161806085063,4.774258349804823
field_control,201.065815137897,21.240001932677437,215.10713016146133,68.86151408068613,-42.796836003571116,5.0807605335765205
projection_control,66.03919070523644,53.4679480939373,515.0031819066362,19.694718969765344,102.21689838673845,3.654694967811321
signal,96.67215218433863,39.67095617540815,103.05747430517097,-12.60599581903955,11.088824345391533,6.587377789308356
field_control,134.37422353053677,-67.5186914864313,103.05747430517097,-14.149243046514965,3.8814584399783856,6.734072617178355
projection_control,240.91885077295197,-13.373026796463941,526.0022497009093,46.885270090317256,93.24433797214623,3.0383796564521686
signal,103.48619936301003,50.21158418851644,138.650795694662,-11.56478733779508,20.06615335923269,5.696137227386428
field_control,319.93779406058866,12.184393172083391,138.650795694662,-23.550960119285673,-17.566675100432768,7.6341134439709455
projection_control,121.48354042712242,10.222024046090771,621.3518806618158,-3.675451431914362,1.5956598713382275,3.098318643426857
signal,236.43218285084055,-32.94546002681017,319.7697431817415,75.42620805458726,4.564494703891417,4.464316008632221
field_control,163.1290793322599,-1.7445753838542633,319.7697431817415,12.87703054291462,-13.101446265552873,4.781400512351576
projection_control,187.06020328908266,-18.018020073847,287.65991881992744,-33.67006247503745,-7.05180119577597,4.630706570757782
signal,348.67343941196117,-35.163407428294725,118.03434418170214,-21.175736710225177,8.390028829407383,6.8855878344517505
field_control,113.48590622436761,-52.04016877161312,118.03434418170214,19.37208191361517,8.045746774469936,6.898287439899107
projection_control,320.3688154906305,-57.80889134925725,397.32754107016103,64.77914564928267,4.381374409557836,4.558689383424694
signal,217.309392201375,12.82429556607766,1004.456196098504,257.2659526146385,-58.25204362321739,2.322377345076408
field_control,338.83903034843667,-26.36935114990864,1004.456196098504,234.07963608988473,159.9315119572185,1.80339089489669
projection_control,233.36404877082458,3.4007504242527484,465.1417074966931,50.82148218487672,-88.55130215243261,3.5229172571472196
signal,27.712608143387857,-10.249971755791185,700.6851929573921,-177.34534129600104,-28.652245558740034,2.896820638731491
field_control,305.82635982936404,51.31819414967791,700.685192957392,24.225029127590236,190.39249200725524,3.243260519992043
projection_control,244.84027876091014,-46.64553503926255,527.895685350028,-69.46297811691731,-5.578366474214536,3.568491674650523
signal,27.21010098746411,42.821970278562084,1311.2688016274149,-338.1662047422372,-65.51801758727967,1.122522455752485
field_control,303.72061515099875,5.7378363474297815,1311.2688016274149,46.76661550362515,4.572918112485276,1.7413660386499368
projection_control,207.61286358879227,34.58189198364114,227.23691724612274,31.0116825269956,47.02377784490159,5.3537771243540755
signal,342.5123595044038,53.13451882482728,527.7448052936887,-75.60802717845863,-95.20606062782674,2.808260616713134
field_control,184.4225074980767,-9.97199770556422,527.7448052936887,140.51537174495002,54.55103363367495,3.952366551076453
projection_control,82.73762128714263,8.927626239714103,278.0307364626811,40.493846766405234,18.22040146559686,4.853607768602653
signal,107.02468451064011,-17.04707034416694,468.4063209254457,-33.830371595898676,-58.84623751187237,3.119825654969987
field_control,284.19782357356377,-58.71951047800635,468.4063209254457,106.32224343299723,-126.52450513654237,4.196820509309973
projection_control,275.1986621071816,-50.10911642743534,1363.926057199679,236.9524932232,99.37092205085254,0.8303730644754248
signal,33.14411498969115,-31.75302929608608,588.6161122431142,-156.7295515986252,-16.11323696332522,2.77014449727766
field_control,64.56720933523867,25.356111560224193,588.6161122431142,-100.31426071317127,185.70413970724576,2.7071124840247522
projection_control,253.8500924054028,10.110009898821849,480.4794479735368,-3.7268114582473055,77.54110021203401,3.97815600729609
signal,215.65605137413735,34.12851470780843,182.629579000103,47.46110093788343,-6.889524492805825,5.425486500715395
field_control,206.3602647202477,23.93510341240435,182.629579000103,33.429088462651244,-1.011618672469104,5.359192563345125
projection_control,358.98564740506214,28.360438600674577,362.05077681014774,-81.04635250196937,0.3604613354733897,4.437291660543025
signal,224.51356018449576,-26.76857578917785,496.99662413400574,125.66463127898328,-11.67724922417993,3.4703082566838743
field_control,354.18453222511647,13.184484148195306,496.99662413400574,52.64030536996012,32.615034094550346,3.2170964614422592
projection_control,16.41065686152077,18.017133081461424,369.7571221518429,60.63008287494941,-73.06500240122534,3.638589686726367
signal,233.46173524272768,40.18282005218035,576.908060115648,131.8522878492718,-47.75665524553173,2.890217701417095
field_control,104.74503498646621,1.1760952190785512,576.908060115648,42.30932656121449,72.49055755409613,2.9112847738554546
projection_control,24.204304832602013,-26.016729921948738,326.9743176667096,64.1676886628742,-44.8180429937359,4.341298937742233
signal,96.26473002871487,-8.773195085132354,354.6164024147529,-41.00105514481886,-23.240899564483435,4.352898670243694
field_control,285.96683852916306,-7.610104487897482,354.61640241475294,-37.35699127650176,-24.153404195294804,4.348241611421332
projection_control,237.11808777831607,64.29802932322627,201.87866032706054,25.642662143648305,-45.06952983637401,5.150123915379216
signal,5.439846317211013,19.578606757072468,820.4709613667766,-195.14843638492653,-79.94987206530296,2.360001874995477
field_control,176.5722265949042,10.751058494503043,820.4709613667766,220.17281543564465,14.631184746400063,2.2596428902065737
projection_control,301.8570601834889,-5.696451771519715,375.8503116686848,-2.2065552792589127,4.100958341124994,4.214073433567618
signal,347.4055330036099,-53.99145970676204,198.9205766091035,-33.8409404888505,24.88227453164,5.509765166286701
field_control,14.330045959951438,-32.22253808209946,198.9205766091035,9.557743497715409,27.46304735270593,6.128381014993148
projection_control,31.007570062924923,-8.198091121403317,283.24223870910197,-20.84934706641805,56.179850115486545,4.738538473386575
signal,90.32149644879689,14.342554571084241,1077.6660588866157,-141.38758445120968,-7.385966373648674,2.179654141004421
field_control,274.68698321364025,61.94763180986942,1077.6660588866157,87.79261386687526,2.8948509062906376,2.408982939827551
projection_control,322.44291994276034,5.504214927482607,965.7986233178973,87.90109196498675,-6.941114867454194,2.885065740747678
signal,243.36946369891706,-5.535624858871817,47.00717614991397,10.641004764297604,-1.5707441932397883,8.285109666188056
field_control,60.684891981160604,10.22936065602844,47.00717614991397,5.3701727841901175,2.9257754063908057,8.637240708224455
projection_control,177.31273705714412,1.292182330079226,493.07606308542324,-28.420262125287955,-61.67953283271351,3.9189146855169064
signal,254.38675315633543,9.974910913157,216.8162452211684,39.31436752410408,-16.054787965045282,5.445152277846138
field_control,227.33048416779005,-22.18603518400299,216.8162452211684,-18.902794483579733,41.96334632595461,5.906138769203365
projection_control,354.08419434491867,-24.394836268312005,314.3762278437659,-11.316507483635379,31.46261459641598,4.313802129932616
signal,219.60267014861483,-41.60347645444865,695.8094225684935,177.8561700954941,-12.580998985714366,2.7833565033789616
field_control,30.839109856910245,-5.776042877667873,695.8094225684935,-104.55298064742486,-49.70851517482496,3.2339888600938442
projection_control,171.86982821292733,-4.6270932840512256,1378.8248056668608,-134.44429605418227,247.93689684186825,1.4110288414410734
signal,112.64666191691336,28.277830506568627,2784.2558808377926,-176.66430668244894,205.15257174895737,-0.323591612491528
field_control,340.87226309854736,37.68859836856298,2784.2558808377926,-596.2898413694219,414.3919670860141,-0.35875769595379714
projection_control,274.4809051229526,18.27391681759504,854.3002888106823,-69.66089764530972,30.32991054420751,2.1571258694811415
signal,97.59465135506368,46.5182969935826,190.84206597920397,-20.124240619103606,24.287710839920784,5.86220634921396
field_control,105.02059938492992,-42.59158704963251,190.84206597920397,-7.316712658316836,8.165262349664083,4.993864849746504
projection_control,326.1913417732538,9.226906633171195,1190.3275703899108,-57.951857514377885,-55.67179417804802,1.6765714142358836
signal,215.16058177297307,-34.507937332288016,255.0575596298455,64.90463177725836,-7.591771721813957,5.230513245986714
field_control,81.52728900386217,-24.477052106132476,255.0575596298455,-41.21266137654385,34.208382216219086,4.901418484131392
projection_control,24.300916806175902,-39.577644498545794,268.2564689506567,22.777015435722443,-16.994477615543936,4.542117692932582
signal,311.7944281002089,-53.95653748782376,242.15687505243525,-7.7879713350531485,45.14204301354402,4.795568743352207
field_control,46.48910546388035,21.039780304148227,242.15687505243525,-32.18876540629327,-41.113235144145634,4.8861293428251935
projection_control,243.48998443418068,68.1492978838102,349.33111806390747,22.130269426050916,65.7229544736628,4.123777896889475
signal,340.82414241242236,-72.31156458514577,217.3922548688126,-34.21119892239972,36.705470501329756,5.259131488732805
field_control,340.5607896020572,-21.6552886755145,217.3922548688126,-48.82693753542379,-15.620254547641581,5.375731351433931
projection_control,152.94630343251131,39.18998804092796,164.92159065034542,12.77837850597989,7.492600822982053,5.862830094143439
signal,38.126089585352744,16.49567702984708,1080.6417710758765,-272.6318785112918,-38.83784597074322,1.915954751145314
field_control,256.28534727886984,35.80322764355564,1080.6417710758765,-41.22552556386707,-149.78313311485454,1.8583597324325192
projection_control,129.7708218509594,84.64877166482921,182.51850605638614,-36.69144369367362,24.68281203650946,6.1751688607032085
signal,55.73830053517914,12.367897653732433,495.4004178379101,-118.59408082130648,-18.648245058901015,3.443316132848149
field_control,266.9979199385119,-47.65421248088206,495.4004178379101,-57.06103832926637,-2.239929046461417,3.544123454924693
projection_control,77.29051948680795,12.800684185908628,789.0495915824143,3.6640360331000026,128.2844581004605,2.4934114169581503
signal,340.10505316190864,5.358939307453196,895.4714266076662,-132.60803289959046,-56.0949588209616,2.415247736670635
field_control,179.78564209688804,31.693312442595666,895.4714266076662,44.05036649770834,49.53546944743486,2.396846759398045
projection_control,243.877705642186,-7.986589816741705,181.70354419895486,-8.680704393667927,-4.494223476477516,5.406782162224132
signal,265.1526822005253,-32.4189356903507,160.5654981420132,25.340997735063414,10.230880498336008,6.056096450357153
field_control,170.90200269737403,-59.68876136409405,160.5654981420132,-23.46697193277598,-15.051412069429535,5.607982260858966
projection_control,45.65664811815077,-6.252873145629942,816.3169911385799,-64.25789187207224,-194.49536070177854,2.8639135152895276
signal,317.8777769387183,-12.602628258391888,304.3311290843513,-17.315572023756076,0.9324417651666176,5.133036485798732
field_control,39.6076474769316,-77.1137583141402,304.3311290843513,-12.33243908120405,-61.8994422340736,4.706676196962841
projection_control,191.70146390975341,4.049613834744237,561.1152619176032,-12.255807732155127,30.541263032340964,3.0382688685436987
signal,72.94774828872353,10.89166955410369,522.0816985697874,-106.8607494998146,-10.096098526709314,2.95222391220083
field_control,201.542794410237,52.79214642232733,522.0816985697872,-53.5655648192798,-55.83108739005341,3.2794228070746647
projection_control,30.620298776126795,49.49184102404821,854.3295226565544,-89.16377492967715,-207.65884791336248,2.5017404444236373
signal,211.53091359938463,-0.37049326580388,1148.7949781212585,295.1091869381103,-57.757540374089096,1.6620565610071536
field_control,88.88993823916456,9.362396435021754,1148.7949781212585,190.90117596658388,203.6848700014571,1.758782017890479
projection_control,128.37462335503403,-63.5456985154641,270.6504914137457,-25.95494525059502,39.164598101348574,4.326523176901112
signal,252.4102539902905,77.30951513023355,542.8152256886825,106.77246346023618,-88.91821069329487,3.054189142066214
field_control,351.7723198081461,-17.238279331399898,542.8152256886825,-72.38331067485129,61.91771453627518,3.6139628490895284
projection_control,223.66528165785962,-37.477080941148564,727.2830128722554,-45.70086291435977,-51.81653934372196,3.0408063027277135
signal,244.84027876091014,-46.64553503926255,527.895685350028,115.92157515998892,28.114478286065467,3.568491674650523
field_control,286.7691384054531,-32.33107623330221,527.895685350028,62.85370093767371,75.9916989487417,3.0199395060525007
projection_control,105.60723171876354,35.30051383345363,143.00474318704985,-11.952390104481534,-13.22884964904123,6.412615095087907
signal,146.9346087120113,22.972489744780816,241.80777294231476,25.580326758704672,11.233365902230407,4.597497146977584
field_control,148.67714166943955,13.519221891458894,241.80777294231476,-5.734448244672788,37.721405945980386,4.998260618190376
projection_control,135.16881424794013,-59.03553284104034,304.57659782120265,-12.294555126441697,68.76058936805966,4.129349597813798
signal,5.542161008871051,-11.032306709113795,295.78648135458917,-68.33775726491994,-6.844472712940544,4.749002207617537
field_control,54.482853128951895,1.0316299862880793,295.78648135458917,30.642504860636464,39.45774666415244,4.609548124341412
projection_control,27.712608143387857,-10.249971755791185,700.6851929573921,-109.18662795557204,-124.98756930280976,2.896820638731491
signal,209.85338044953468,-8.256261277635799,144.0912189990069,37.116045573298514,-8.123707965186378,6.017797893259561
field_control,282.7194088099622,79.48135438125632,144.0912189990069,26.81944202669111,-18.85757595375677,6.052531731192872
projection_control,54.170017562159096,29.10334538965847,763.8754514572065,-70.65170364483401,65.55295821735268,2.939951963775121
signal,91.11655410465914,25.79773649056466,402.8257025710224,-55.10922809183186,24.643383772104006,3.7541655740447313
field_control,43.939356149273756,75.11245970497356,402.82570257102236,36.93830460366163,-54.76893232476628,4.244362982720924
projection_control,134.1119785534383,18.828783644887984,372.09263041003493,-12.978835934875338,21.495086483853452,3.977457701385821
signal,162.09152861144054,22.635812885282053,883.1258628036741,136.37600372117237,21.659294193788497,1.8359375214703555
field_control,68.16015125894538,15.66719052840456,883.1258628036741,125.2863596713041,22.322220047599068,2.05377047489242
projection_control,176.79446257793947,44.656102684252794,178.5131646362508,-5.455648266355927,21.650122741574954,5.127417598664699
signal,344.72916543017425,79.26893537591545,251.3375547613963,-43.027249822528155,-50.323508320080485,4.859190288356307
field_control,76.14738638792187,-6.560886456041784,251.33755476139626,35.221723033697934,52.158903382990964,4.832092952383906
projection_control,144.52624047205558,-65.81118398839878,627.446205388473,-88.60849084545033,129.25309839135406,3.0796984308146245
signal,143.6527143512765,-48.00570271111509,223.5719512652129,19.170805299117433,-46.76467360807096,5.578263573007164
field_control,200.48062977831395,-1.015223281170729,223.57195126521285,40.610141277624344,13.285541494689953,5.039937674034267
projection_control,180.10027267479367,-82.9130919769932,653.393243450937,22.64721486764516,-96.34386958159166,3.244526137167693
signal,302.3285783991936,-52.35223355766278,342.6564920316442,-0.045423690317888454,60.94285112565849,4.318148572676784
field_control,283.3403954365319,21.405006128091962,342.65649203164423,-83.64523351257944,-31.90660706989757,4.653321801167268
projection_control,114.31789209273184,-8.91117893159022,516.3783634708901,1.109960040540361,36.63032193345356,3.238330645173518
signal,67.87461806973042,26.658873943548972,217.57140145971906,-46.58694114682698,5.621340176984906,5.500295079341943
field_control,113.1533563408892,-52.8304300983865,217.57140145971906,30.06264380209121,-18.976178396190498,5.164257720255936
projection_control,33.75954945252594,26.021427323567355,926.3003299512654,-25.48228896169609,-55.955801291936545,1.8299007024298848
signal,242.08577928901036,9.019687322942987,387.5145787014958,88.18821234359177,-28.136521689741688,4.557952317790965
field_control,30.481133139104188,-20.07780292477381,387.5145787014958,-99.04911481134769,-30.423285552661955,4.196573388466149
projection_control,168.00952351838703,39.97075834291338,506.86562987936793,37.308047141129364,-26.884246045992604,3.645498080684215
signal,351.7225035980196,-26.851436584364343,367.7765889856427,-67.8803706696512,16.294320056897604,4.251206272768261
field_control,167.2338468687909,-58.15249781925463,367.77658898564266,-58.47637818129268,86.33756084619294,4.764791127690511
projection_control,66.83281376444748,-22.99443509708217,742.2923886682298,-96.17817685213325,131.6304064394176,3.3028441480241613
signal,36.681516314257244,-57.26294993814804,436.4734031780679,-110.14093665736311,-16.159624332358433,3.6325712043809606
field_control,269.3196868175768,-58.570066001361944,436.4734031780679,18.651768613920222,-116.8809228921085,3.777765549894487
projection_control,97.91949792396818,-45.96324771083006,592.7331436397692,94.88879351300325,17.799685656497683,3.067162175848316
signal,2.995179201789124,-55.963738264559154,1625.3574102004002,-332.30707847702877,139.8540950046326,1.0854312865641844
field_control,79.79898351145978,-37.46823636233058,1625.3574102004002,138.5139203811584,-210.14022954516886,1.2788738260192947
projection_control,346.8527810907579,-75.03964256264898,529.5146474406827,117.11676371527855,18.252406461577866,3.237992436990843
signal,156.08980534774116,52.034539588681426,923.634813209141,130.53436521089242,133.6962526322072,2.0092096872203657
field_control,79.17283729417471,-1.6900976335522386,923.634813209141,214.88665993744104,11.582006796577474,2.6739047563425915
projection_control,58.81203302343126,-25.785794535807,731.517895843895,111.04641875406162,133.38161633498873,2.7665198768075703
signal,33.34517389849219,-38.04392055514134,1503.414604806178,-383.4253698066193,-56.682498114377445,0.9632793707553858
field_control,341.0017298448159,34.7187572058322,1503.4146048061777,7.912357129278162,-23.856408927647532,1.4227636437566613
projection_control,340.83224808920664,-42.839745920202276,156.98545966026572,19.57463413734159,16.20283769533637,5.822995707209032
signal,269.4183658834433,-20.6866500859341,296.47098720066793,41.07302291576156,10.107332342803868,4.184121162593679
field_control,343.49534176290405,-1.6622816277349777,296.47098720066793,-14.615791840017074,52.17037531433074,4.635048607686053
projection_control,48.44745615747878,-52.117358612568566,505.46025160023913,-1.4044445256850289,-116.73246599396923,3.58552305946323
signal,329.2375189854812,-33.14003624318659,539.20738003247,-62.18914413248525,46.23392203230858,3.6190981089411887
field_control,356.56766354216745,-19.210929068685193,539.20738003247,-27.845458099023286,42.31773284873107,3.533853189315455
projection_control,315.8892167956135,19.814371481267543,154.96876318227763,-5.943853291835554,20.530736423745502,6.265581612896126
signal,156.24755017515318,-16.858398351845864,377.33145979222274,51.693503063552285,-36.362824957618365,4.000584148496272
field_control,290.75745656692084,-56.64646591638518,377.33145979222274,-26.004140470228773,47.352673793620966,3.7301713432505004
projection_control,265.6385945404582,67.79744738068413,604.6732098509037,-86.25617091521569,-122.74613908512067,3.4384472172268916
signal,93.13619117595874,-59.44621192907829,129.22379911302028,-16.855281423668448,-28.16766007700743,6.497916949117097
field_control,67.7463009004604,5.773206560492199,129.22379911302028,-9.791866604170277,-22.547645015201372,6.209274527927353
projection_control,36.08840294023559,-6.841162168781189,682.469680065574,150.92668226567113,41.243448442509106,3.1797485108244836
signal,156.38519484237952,2.1846204524628914,617.3753458276648,77.43067315350793,-17.94429923629064,2.7364650092022633
field_control,76.31334748773409,-27.223509162108385,617.3753458276648,0.12487807154174506,16.630594596505777,2.865851033294679
projection_control,304.07972727248074,15.890790875321779,1018.8488292205964,-22.998267764684226,77.80788282704758,1.5962284583464126
signal,260.44121442600033,-59.85700860739155,450.22601901256905,79.69286194323806,62.2399095290069,3.863631340400439
field_control,122.48108694806112,13.289321431567739,450.22601901256905,-109.79719012616953,-3.838048054063051,4.405030687538082
projection_control,67.87461806973042,26.658873943548972,217.57140145971906,4.6504139438958525,46.530695391395156,5.500295079341943
signal,3.2594981689335523,36.92098071557903,226.6455508710088,-52.123944121938436,-27.96007287551319,4.9946816379070365
field_control,114.5277112800567,72.62591319445532,226.6455508710088,18.108295844130645,34.384292768291374,4.979488655070981
projection_control,336.93740936948143,-32.86397590364753,774.5118545751815,-11.646198851271848,68.29825555911809,2.654171323847502
signal,212.20343621449098,-32.17965947390366,646.7613862181635,163.81612381863326,-24.607925333448385,2.9037669674921225
field_control,344.34998966808325,-51.0205254327199,646.7613862181635,-30.629695719035848,137.28422231401885,2.698036558624121
projection_control,325.5695189977886,36.097177776080564,409.7724089989058,28.785136994389582,73.67195222624991,3.956256079373855
signal,220.78500655945643,4.58993544029161,1063.7261490827796,278.9142917911975,-58.86524708237115,2.129198632218099
field_control,284.0666338374097,-35.15211620629764,1063.7261490827796,-5.826112284358908,-70.16921303960639,1.5526745287716661
projection_control,139.21454053583204,63.241610227068236,728.9526527893669,-54.09232434708762,-49.479309159093894,2.7209569232169986
signal,229.56776888253677,49.478144242367335,566.5146486744135,141.08677798234555,-44.86573808641959,3.471172073015013
field_control,260.6431651781594,-3.0846286984463993,566.5146486744135,22.234076503135054,57.987402594865344,3.401887807924482
projection_control,161.65395645484531,-20.474591549270745,571.9602923045258,-45.47565031997566,-74.39076668380308,3.2707718739053875
signal,87.1279487931158,17.563027285552923,770.6920668021074,-119.40857450231279,-1.139389750347811,2.5589865354739576
field_control,66.94676066092745,69.59106676187905,770.6920668021074,-18.65566302774215,76.0274478707931,2.6083819750297046
projection_control,53.019202878752736,-28.664792891769675,405.3778020824022,28.608757374203964,38.58862589733979,3.6646173607804435
signal,257.0589804161256,3.779424366402416,111.57670304895002,21.57617607354864,-7.088095752435989,6.231693068143108
field_control,327.42920137043865,32.93037907589541,111.57670304895002,4.134541730428934,26.355979402888423,7.0881600710630925
projection_control,8.073320098339842,83.0578411697106,92.66372465808527,-1.037941857444052,-18.638224374994074,7.462033873696644
signal,32.900935079439506,-20.56883805944489,195.32706398821898,-47.988851490466836,-9.885737344501427,6.444031060405317
field_control,298.0333366222226,52.79322171506702,195.32706398821898,-18.89155402862925,27.12735866630496,5.747565789210331
projection_control,106.68874086478382,37.241173758398396,254.8354618767445,-0.008345996963475417,29.208793239922564,4.469163098408885
signal,71.7373211280483,-19.511507361335546,298.2674758101175,-62.02794947277813,-31.75057651326471,5.150728196753888
field_control,58.911062878052526,-19.424856880132,298.2674758101175,15.359787452662983,-13.8649994132133,4.212853551654727
projection_control,317.84933394674,-46.82705893272759,715.1657255457643,-17.563856609606166,83.69317446036304,3.3058522932543597
signal,315.8892167956135,19.814371481267543,154.96876318227763,-8.061859010383037,-20.49529378502247,6.265581612896126
field_control,313.6213195059501,79.76167863744679,154.96876318227763,-26.692262358303626,34.99545060855252,5.806595834426525
projection_control,247.9073865508352,-12.183742127262176,562.0934709009415,55.25053537517915,-102.30745354743473,2.853771971256111
signal,265.94033426156386,81.21887363352299,198.02767851798114,30.959020566798134,-42.10084159473165,5.290409384227174
field_control,98.00911309336966,-52.59243015381111,198.02767851798114,-19.022545679703256,-16.219220617827048,5.925969143187212
projection_control,203.68135974275864,61.23605180505339,345.53845063070025,67.70930536185587,-48.439844477414475,4.235736147989333
signal,4.94839944408429,18.885524239601374,718.106261429087,-167.31329860649703,-57.86652310893514,2.684978783915071
field_control,29.113108499558173,-63.38720047591681,718.106261429087,-164.1858756778346,38.08730395619769,2.6580669590526194
projection_control,191.6250753425236,-34.184691948536646,109.52073621149901,6.874671033737571,-13.543526024497394,6.652682869558234
signal,89.41545373312807,6.636320278344871,140.28538050825284,-21.278532073334016,-2.9691584319774367,6.101911798726874
field_control,236.45603034511558,45.333062911633924,140.28538050825287,34.21805479308335,2.204716307532346,6.6212154730652335
projection_control,51.86836296475184,44.42305223532564,151.43357497074734,13.878302786043724,18.547875847692872,5.672484140982057
signal,77.18633387753924,27.471091886776676,356.80372973463443,-69.23413878822386,13.767140314378352,4.617009854291664
field_control,235.369677378359,58.70782130222541,356.80372973463443,29.913471845483983,25.594490513412683,4.192948788188153
projection_control,257.436058062132,-44.837215151082496,227.91975404793715,23.033361813568796,-0.10599070652878574,5.530341372816563
signal,97.49027809331012,-3.9903681883355855,195.74083504802087,-20.503817851614087,-11.903007356500298,5.62034368362486
field_control,34.17552344362252,-54.96777181668388,195.74083504802087,36.96193068717987,-31.389973583387462,5.251295887882753
projection_control,150.62023201620005,42.68713639464803,195.4940360805049,-13.570607211117174,-25.496774991926824,5.5970135001907
signal,89.1215173007591,-61.608041069598016,137.73460242556644,-20.854078806566264,-29.473586950969505,6.069535543725101
field_control,114.78665121716965,-50.63716650232418,137.73460242556644,10.36433944404965,24.176235795789932,6.213806467933038
projection_control,87.1279487931158,17.563027285552923,770.6920668021074,-106.41107136738833,-7.143748629257147,2.5589865354739576
signal,22.509466467424463,7.157289141268213,535.3520025768005,-132.62129707151448,-25.032276144832867,3.2155763124223755
field_control,357.4132064119939,-69.01139566238915,535.3520025768005,-101.97556206599675,101.21313787605375,3.0663879034949013
projection_control,89.98450070314364,40.16276098826426,150.96320293122747,23.140838755004307,-6.74804773535168,6.3421319893794
signal,165.21858597485533,66.24133625997123,915.7600691070719,144.1959714026297,143.09771561968637,2.5274479298467383
field_control,244.2336001231453,-52.27764504348791,915.7600691070719,-251.90841231678908,141.62982840679283,2.0214256583550396
projection_control,156.08980534774116,52.034539588681426,923.634813209141,74.68577251635841,-165.74263606239876,2.0092096872203657
signal,263.78405092301944,-40.49593632554721,648.0633433353919,107.57535447439652,63.36088471483542,3.421942069164237
field_control,262.8270599771985,-35.532198080489174,648.063343335392,-18.404617990066367,-26.949134344827797,3.0021904270876667
projection_control,150.9377980197679,-53.497878785478974,822.7152091215283,-38.38477101790302,-100.13935019711253,2.6829294351704145
signal,218.4234208982771,22.334288556367774,436.8144496089471,115.82773258041759,-26.74150025549038,4.25701448812615
field_control,76.65022281755004,70.07730663978137,436.8144496089471,67.60138398407322,3.174163312338239,3.951996546190982
projection_control,282.385970356607,18.255933054387295,157.94841237691614,10.627607376700343,-17.125216041125295,5.531267254399327
signal,242.23380069530867,-36.73627333948224,189.2732535402638,44.12520882684096,5.616257755846367,5.841663381724686
field_control,28.36154556140916,19.616353748138224,189.2732535402638,15.887019802814985,-23.07829909221632,5.137496365232203
projection_control,220.90964507617815,34.49934576774036,794.6128014414089,-121.53546838240504,106.51632997168444,2.809179172383627
signal,29.213704273046094,4.109071681620506,162.1354115150098,-41.37859270734973,-8.525513703723849,5.874823148460292
field_control,99.68460830673754,33.85589720756653,162.13541151500976,14.905173767265932,-10.14290496788022,5.945400206848354
projection_control,193.79949957205682,14.310191694797584,553.8723759610342,-43.160810649908306,-98.78104304535289,3.582416769188236
signal,342.5366556636434,-53.769625761636114,2571.618607441723,-415.8744489124893,322.02700676191455,-1.0234869452096877
field_control,89.6034186695491,33.523489570905824,2571.6186074417233,186.57416700750514,-165.83489339597784,-0.2270175182788783
projection_control,337.79366231447375,8.285008565007976,791.0085868373576,35.20450317860521,89.87196438781696,1.908571959602241
signal,301.8570601834889,-5.696451771519715,375.8503116686848,1.5593627221830486,-7.411105352841951,4.214073433567618
field_control,84.43587626929911,4.022459145821,375.8503116686848,21.430177099586395,-20.712877995703614,3.9304009837375076
projection_control,94.07988643873814,-24.828838378023033,476.13298926662344,89.00243997873051,-6.723013975643792,3.719585361558479
signal,289.8325146584386,30.818931894813883,444.5307191019775,27.61271366480597,-73.24940325921493,3.759942481974207
field_control,69.39155587933423,36.51106060754279,444.5307191019775,-11.125609946079809,83.32149887212537,3.80029649536736
projection_control,76.00533932089346,-36.40960557472141,262.14588015706164,-43.00197543096081,-26.90549728718883,4.359587417298597
signal,296.27416981503626,-17.749557977300338,657.0039650941451,27.650364090047336,21.337079173408934,2.954154675973369
field_control,206.91204863594555,11.047052554437844,657.0039650941452,157.35898666200447,27.535954639354944,2.747024485270199
projection_control,26.677952126952142,-58.851698018450676,666.9545034669642,49.37495784564779,-115.61586578604621,3.2647503616632614
signal,335.77578292779407,19.25805991696164,882.2458148656738,-112.64473690788255,-102.84911068293465,2.2882211698003387
field_control,118.11725130305582,-21.771614848637494,882.2458148656738,36.13713517650731,41.165158332223754,2.686693364144379
projection_control,89.1215173007591,-61.608041069598016,137.73460242556644,-29.807183716563976,19.62261565020985,6.069535543725101
signal,195.93142780093115,36.22089540270769,515.3783051388847,131.87052016040064,1.5948488926936186,3.041490686595907
field_control,295.32420541711093,7.020255021483619,515.3783051388846,-65.49635431793878,-27.017104290928938,3.7957878980559725
projection_control,264.6090670283364,-47.440041218273784,316.37018525048967,3.0489633724112326,-56.44389797487806,4.700403296960856
signal,72.10152643234532,58.68862129763051,99.95985313067575,-21.842629743766615,10.699815625156356,7.168094520288692
field_control,66.22107042505824,3.842681234683623,99.95985313067575,-12.02180687112229,13.380559263556549,7.355420441415949
projection_control,324.6386502766423,-60.07692483501636,570.2588722112292,-85.32723183726073,72.98312860125914,3.2458571744310283
signal,222.0420988269148,-32.053833769231154,529.9351362508351,134.49370555638924,-14.453024834982253,3.56855131688732
field_control,167.26574551267603,40.30873975594,529.935136250835,125.20579280769186,46.77189556353956,3.2304133640306754
projection_control,103.54778245572416,25.864615033219895,71.7233290393672,-4.736684678292208,-3.006203876184834,8.020405930597578
signal,267.437337720458,-11.616977202736063,370.41711684176386,59.62293153054203,-5.851183344380548,4.361246399290774
field_control,4.916821113388793,74.4623064359707,370.41711684176386,-49.43737150677408,91.54330927193588,3.8677951141970794
projection_control,314.6658383898666,-9.466914185912417,394.02652332773937,3.048362515490751,-17.064183480874803,4.29300010989201
signal,265.6502616074491,-44.04060402482105,257.293773991495,40.131231767176004,24.253240836208278,5.231826714790056
field_control,173.40563608386913,-10.248330325628949,257.293773991495,7.508388760837729,-36.1550031403269,4.972462592534475
projection_control,184.21468096129226,34.1063667656728,620.2059236292893,99.41644771660283,89.29719056102223,2.743938799846797
signal,187.7216487000768,80.05268285412313,490.6323557067813,115.53491592644787,52.04189711073034,3.7274345674230336
field_control,20.101759515530777,31.788240914828286,490.6323557067813,96.24899109758516,-33.65753739174913,3.5011145640606665
projection_control,294.6169529206327,2.587967620327787,219.80195339710153,-10.409034463370189,13.112748869252282,5.749556376208526
signal,24.645138960088104,58.64964725726707,69.40046250458029,-17.762919292722938,-4.595226182007181,7.6701793529011
field_control,351.9804642741517,-53.175389116657485,69.40046250458029,-3.0501390531107857,13.514216230231355,7.610541227635765
projection_control,27.25190183152349,52.2075230436047,1430.1956317620848,-311.7265812115788,-90.4310415899828,0.8171629970915246
signal,133.60065783484603,4.58363744891844,80.38294106041374,2.823565480159943,-2.2915075434254293,7.452929484806054
field_control,284.61316631414866,33.618656870605996,80.38294106041374,-13.817368754339466,12.396034713865408,7.121460205180792
projection_control,303.1795355941372,48.743601205975146,182.5385477841734,-19.885117973223096,34.11238425168174,5.527419158336118
signal,331.4759790468086,43.162243790368265,613.990334868493,-73.44567262411913,-118.62902364317041,3.086529786443446
field_control,176.44013158912395,-14.901979256059107,613.9903348684932,27.91361451445014,197.99417846437092,3.0467369354870115
projection_control,144.72979807976665,0.04596791725999338,283.393248082388,-9.255617856842083,23.739181845063726,4.600585596942703
signal,210.40160751267334,2.402311095779959,385.11411369616985,104.1431324549068,-16.599066217842957,4.104362659846749
field_control,31.171448944566087,-67.10504634580299,385.11411369616985,15.055844449344661,94.27423168441594,3.9508319900390214
projection_control,331.4759790468086,43.162243790368265,613.990334868493,-16.469315412471914,81.6855292372533,3.086529786443446
signal,193.79949957205682,14.310191694797584,553.8723759610342,134.87411943761757,-18.017133199963293,3.582416769188236
field_control,213.28035868454913,-15.873099149377087,553.8723759610343,-17.689665744183106,162.01329013639184,3.489455583508123
projection_control,2.2964556263726448,-1.6515274697866567,303.8190516317286,5.831114200997506,41.51711529387387,4.78704462303415
signal,96.78726517758966,-55.260475291929716,572.2608982599804,-64.5707878159665,-117.01888235686039,3.4051302647911195
field_control,273.1549502526759,12.784547919254587,572.2608982599804,-111.25171392937393,29.73032238169929,3.411561454340816
projection_control,171.66199598392478,30.97208632329117,250.84715829522494,30.108993220979517,-42.04704774417325,4.884440016766742
signal,132.6416111699684,30.6998616058202,1416.368325687266,56.336804095006926,137.59680096495904,1.8673220016391863
field_control,68.6582110817083,-49.596583969252045,1416.368325687266,-57.04493684104842,129.01537974010256,1.5743589113950154
projection_control,80.87666315103598,-24.009002392604568,275.06831292552874,19.771599446333617,-10.280127781524081,4.524948201943803
signal,322.32459209514093,-48.122438773631224,312.6412193859353,-25.833427930009556,47.06122981598833,5.186709514421471
field_control,204.5550026834967,58.002258593746106,312.6412193859353,20.96620646287772,44.80575437026735,4.1469801548920575
projection_control,61.10223428769233,-71.3709523133793,79.52226742666633,-6.129592812724958,-18.9335129471243,7.558155929979962
signal,239.92669710966084,40.70278549058993,381.3646562413195,85.9206558463186,-42.367623634590444,4.1171926676084
field_control,293.1159234178325,-57.63500936997343,381.3646562413195,74.59521926422973,19.263540439056616,4.213615285132311
projection_control,333.5269672642265,-6.425574674449541,370.33176919729834,44.150920848052735,8.422098507613047,4.248590401084236
signal,283.4593296308398,34.33677608207387,1247.625543475898,119.11744154911571,-212.25370704693017,0.36858204656812266
field_control,276.5691999526739,59.31809192934235,1247.625543475898,-140.71688852250776,197.84538669813136,1.3013389992358317
projection_control,358.7494711675029,-19.194688063885245,928.4616352451924,36.32842936882498,-156.80684631505576,2.223442873157863
signal,163.56435230435585,24.67618369737322,579.662869769042,95.60003195294821,24.742919061518755,3.555172326917069
field_control,289.0771264321751,24.473670334603643,579.662869769042,122.69357113799748,-94.8257692864748,2.817998323835564
projection_control,297.8287739054085,-8.055822831749259,451.5750894256252,-6.653006520538178,-1.3533690819962283,3.9192067651769094
signal,226.88899900421683,-68.07589307454896,128.69288262896825,31.417075082359826,4.391530709523048,6.2901144539310625
field_control,316.55643295309915,-19.9119495999133,128.69288262896825,-2.729318700152848,-44.53368219931778,6.323646684542566
projection_control,214.58950388579012,10.56753240340501,222.5876655729334,1.5144728809418544,-29.69476843723428,5.407871939849469
signal,89.41809914755471,-23.18761918374935,630.9747217473814,-87.30594475606972,-84.55744845697899,2.7594950195083716
field_control,337.56555677740926,-12.620905215441173,630.9747217473814,-73.10477741314114,-84.20138165592297,3.320551690098059
projection_control,175.00697467737268,51.30785390076784,421.1500474717374,-82.83630512910318,34.41051831322411,4.291857411755913
signal,253.96589890205507,-28.279611232289877,810.0796802109621,153.88743509917134,22.38649736983964,2.337827724504957
field_control,145.98761587327292,28.79117725440173,810.0796802109621,-31.218574027008312,-235.9804327244369,2.3456658009306217
projection_control,176.26480633808814,-25.196504166456187,137.22760178849936,30.974631663067434,8.219423043408886,5.651918626003885
signal,153.93648013320143,-16.24392294030892,390.552357270163,47.998362588251204,-45.00428359156231,3.9076107687776713
field_control,204.7568769082358,11.709063952151366,390.55235727016293,-32.937204364712585,24.972753244037474,4.511240080809787
projection_control,182.13539555504101,-18.036065272468523,865.4538312162003,-54.930346882663756,-120.1344380222517,2.594990700208356
signal,159.3163853333084,-55.5595573349572,49.199178455741226,7.032642138165149,-9.59667952856824,8.72389168886119
field_control,284.6374293764199,20.07719231732952,49.199178455741226,7.795126454952727,-2.5921924719655567,8.704874300485672
projection_control,205.91851618209338,40.92251956561307,720.8564132672641,-89.82690531105357,32.896412247499626,2.689484558184854
signal,233.75603684767736,60.91690132511297,627.4317165075163,157.29658621299492,-61.09414167142867,2.5443369243224048
field_control,250.97033302048192,-12.807184148455086,627.4317165075163,135.47899113549008,-53.395287383057,2.8939405143660992
projection_control,291.57279130904374,-4.81901113880121,99.30878511114099,4.104505152601385,-4.1541393342098365,6.455051478937616
signal,337.06102372881355,6.1772427497728275,275.34209211699516,-40.3558794438248,-16.640601011303534,4.477320736426416
field_control,358.3872821751764,-1.3966104169316653,275.34209211699516,-39.04371403449902,25.516898302901485,5.148651488835818
projection_control,297.5583867089271,-65.32665921479371,507.49186080351535,-6.415774311730253,-85.92188015510904,3.4671179390926703
signal,23.042284779103532,-22.889266845833923,223.0812250104216,-56.14231428322479,-6.019077440116962,5.360632462878713
field_control,4.92395439767189,78.44559908929877,223.0812250104216,-56.62458180990859,-1.7500034966761104,5.391303928253774
projection_control,206.13860383752802,37.249469624845446,261.5320937139384,-40.86920889011591,49.680289605330856,5.327333401629582
signal,296.90756544492274,-11.890208774909063,633.7376037385548,13.637151017530341,7.8820169204850785,3.1773358222146233
field_control,127.84795751368465,-34.90058581665269,633.7376037385548,-51.99366403956675,159.17227975999353,2.7106847965566194
projection_control,277.00160186953696,-19.2435221881442,1011.9623958174533,-7.612591419204936,-46.33268617037132,1.5412178890311576
signal,105.25791974838953,-6.061443461131112,242.61772480552142,-16.987569075920806,-15.343587552922768,5.267849864825617
field_control,101.17005345727289,-9.455853780077009,242.61772480552142,23.232079113614326,8.874498036670929,5.633028162018968
projection_control,299.8189356437776,-11.674674044230759,782.7608392612128,-15.234678454474212,0.45878252903847294,2.4454077397836347
signal,159.811003622296,11.606477631715418,486.8454712040103,73.81268283073068,2.7674777477259536,3.326933444261846
field_control,94.43370605959245,-24.60458965124625,486.8454712040103,124.16840805756321,-51.55043192806808,3.6408879748677787
projection_control,159.1585324846992,-0.8794697465709947,990.1801719481326,23.32966567664865,70.95684171466132,2.0031740166502074
signal,7.888798359003223,1.797024672181296,298.9243286261213,-67.53522386281969,-14.467366251596784,4.328713992685067
field_control,80.11072169959888,32.0205246876794,298.9243286261213,-18.84984263083045,-18.488490883141992,4.627832545060587
projection_control,119.28679874507414,-58.080297203763934,720.1026643134542,-99.75052707484042,54.93113591346876,2.8139778477792263
signal,108.3765880203527,57.01192927743865,298.1921505152714,-22.46915328613301,51.84530538113308,4.4755285144526455
field_control,255.28458269348243,31.87212586334391,298.1921505152714,39.212637754704915,-9.142615085657988,4.370859163617337
projection_control,111.04858133621424,-34.34778972085138,511.25359193509814,10.683018919228259,61.352941608843814,3.366854896318646
signal,180.94724734684695,-0.34796136675655776,359.1405997462141,76.15185440583457,-16.147953966629775,4.295639307865214
field_control,30.513410379115868,-24.526185831770235,359.14059974621404,6.270346412104293,-9.619505700587892,4.5775389624621186
projection_control,113.4861964738023,-13.993505029214207,109.5978588374242,9.476186560278844,0.2964017678947757,6.407249460859401
signal,20.223387845078044,79.8390363518371,996.0772216462913,-254.3595771924953,-87.47618503774908,2.4541781670827194
field_control,266.97918021960174,-56.847646026840856,996.0772216462913,-25.062265729990187,169.414957715193,2.1637175845093464
projection_control,3.2594981689335523,36.92098071557903,226.6455508710088,0.6058904963779066,30.090707120576955,4.9946816379070365
signal,176.79446257793947,44.656102684252794,178.5131646362508,37.080207402868346,15.300353818251216,5.127417598664699
field_control,249.6333031258584,-77.72397951447849,178.5131646362508,2.2101523829251777,1.6098481457502491,5.930420208484496
projection_control,22.1206644470835,-31.078595656886076,397.28246818626434,25.10618073310596,96.57533886389257,3.675047083123096
signal,333.75982638903383,-35.66034154688436,532.447954409827,-70.44732228615075,53.872720767389076,3.3023955585303058
field_control,90.2894877003227,-8.34300825000461,532.447954409827,8.645023498981232,-149.13583626375944,3.216354782560085
projection_control,270.4237693034554,-39.001419229753886,190.1434428037632,32.061810267079636,0.8738878450162413,5.391552252283221
signal,37.941558518809885,59.450508117824086,718.2044768506091,-188.12156718257566,0.2935916755529915,2.3189559280595153
field_control,91.02016193945805,-10.330434454102512,718.2044768506091,88.09861538135225,-87.7680524104793,2.968989631940097
projection_control,36.681516314257244,-57.26294993814804,436.4734031780679,21.666809456847854,-100.10187671738149,3.6325712043809606
signal,275.1986621071816,-50.10911642743534,1363.926057199679,177.99277123194258,185.3198678695226,0.8303730644754248
field_control,226.38981072402075,77.62871029986744,1363.926057199679,-167.72849340429283,-366.02585728699427,1.5995899457527125
projection_control,342.1918155435872,44.1136753606412,516.089660288845,104.87199164097892,55.093068322912416,3.802915614546289
signal,147.48157921535733,39.412524812007945,324.0863755812839,31.38296901254751,40.425693289635234,4.736783124067816
field_control,274.381597974124,-3.4625344286676842,324.08637558128396,-19.439478705552222,30.500445111196026,4.246062658830034
projection_control,206.59170588375466,-35.86294691493426,72.32929297665743,-17.130598155498067,5.678253896483048,8.166193064100925
signal,235.86253722876165,-13.812977474848129,272.1591519900508,62.23680535521,-5.104146581539538,4.989272657001882
field_control,315.5348207114516,-29.154300851175584,272.1591519900508,-69.80038290953718,-7.12718087042032,4.400788242747783
projection_control,82.39516649405964,-27.41024712680099,1088.2953223073575,-200.49129214976932,113.719352071807,1.9876085601165259
signal,93.68517527468256,49.10832909072873,1895.699821383538,-218.21097630842945,245.61635152373452,0.745982208966199
field_control,306.77024298761125,51.4862629306684,1895.699821383538,-401.6381121674914,165.118512577572,0.7855640719836976
projection_control,326.96225593211625,-48.05686055715672,165.59417270967157,12.146126995988826,26.415980252078132,5.727998631698409
signal,57.41721451488898,47.40137918592021,374.9368950492711,-82.38882722851665,11.34427891813525,4.40651685912192
field_control,347.3578778989871,-1.023592021907306,374.9368950492711,0.11092002658713558,-32.38450883971122,3.6582050223209
projection_control,10.837393996074816,-6.0783830118015425,311.9993642482039,72.39098015634234,-15.291249774967744,4.447503384368559
signal,57.76654113764151,37.72344851786992,650.2473528718687,-157.13312005962723,23.298210267363853,2.790691366580476
field_control,209.29856232114398,11.440562351518883,650.2473528718687,-100.20496165195215,-29.606578429455723,2.9802117689616505
projection_control,153.5034084485841,-63.04160228498734,72.70419012845586,-15.003160638205177,-11.447604716007964,7.864871372337866
signal,25.377100431532075,35.45482420820419,291.2536296927052,-75.13053984084694,-19.189914436841264,4.5488520132009755
field_control,327.11600208252946,-53.965466845632584,291.2536296927052,-11.613378065988643,0.2702010133501526,4.544469736664841
projection_control,200.4762395419545,-9.889030548122124,736.6833819945107,72.23852901342708,-171.3069388291027,3.3268025517628654
signal,66.83281376444748,-22.99443509708217,742.2923886682298,-163.67550006930634,-72.46707528296064,3.3028441480241613
field_control,291.06477837374786,-13.542536295631246,742.2923886682298,-32.755009383156285,-39.21198730393791,3.0127245262440656
projection_control,226.73543559649477,24.27846202871626,956.4197824609425,-184.56350650585838,4.476467599807481,2.5213186058777386
signal,239.11897859602857,-56.946477815651704,264.3394021577514,58.69122371183639,16.643564067256925,4.815219166507309
field_control,322.08034475304487,62.67878526323273,264.3394021577514,31.87839013834765,-1.4671161003824993,4.771337315555019
projection_control,96.5427723881688,-51.39550998741998,283.1976419419996,-10.353270122213669,-60.015792701605555,4.705066556251945
signal,317.4086202636629,-11.188627644779096,470.0792912983054,-31.46358172380038,5.181064533500593,3.859684037121662
field_control,4.185576462731988,10.312145169332,470.0792912983054,-58.53214943904608,42.59413158760094,3.9713262948065755
projection_control,142.53740143054193,-33.31471552827612,214.2396080393501,15.734134519917772,-3.0240745518207923,5.467628289479251
signal,293.08524681281824,-40.76446364525002,105.51863922110671,6.102671274202809,13.879649736216276,6.885268552941607
field_control,347.72507707169194,-18.119281786276428,105.51863922110671,14.686879303249976,-2.769224202435329,6.729091257343704
projection_control,54.73748427281704,-77.10610078036427,138.376129570702,-16.80026986746013,23.617616343129978,6.544057435624657
signal,246.64835155481427,22.94841275671596,829.6632961218783,172.80789607266306,-85.82451255840778,1.8510130532191014
field_control,170.4708586247322,14.556486860617118,829.6632961218783,201.49050738168432,186.5457540981088,2.7054879137605092
projection_control,148.02894647805093,-22.879328173661047,533.9784221848681,-61.46300192174963,-1.6470233280938686,3.4998981642430476
signal,39.75547082799697,-17.926731118458335,511.9869517736914,-128.78464008584075,-29.346828829423433,2.8403168342626337
field_control,287.3458762469434,55.16718192499652,511.9869517736913,-22.959129859411558,88.1199876848694,4.071807998554064
projection_control,327.0364386765751,4.679821697126236,531.0981835907431,-60.92054178314657,-5.5798877946970356,3.3382582925579514
signal,104.10748066654195,72.03041133525961,903.6711064531872,-78.15378712939084,194.80898345792744,2.04625275112271
field_control,45.79348296160111,-26.873281956959726,903.6711064531872,-84.92072432751769,-116.4785031696563,1.8995338755948095
projection_control,207.12930232647548,16.317036287475897,436.29080504987735,100.80589015145516,-5.074620089501547,3.5567988526709846
signal,111.53047511608882,16.376272262698073,115.73827742865576,-6.950378086809341,3.4011320925059314,6.999445303870208
field_control,142.53879449303065,0.5863429809115297,115.73827742865576,-15.10033772172491,-25.181623202763458,6.770225644888483
projection_control,320.5383555078958,24.453397618009312,261.37348792959074,4.084977880413616,38.32343609916435,4.751250431056644
signal,89.98450070314364,40.16276098826426,150.96320293122747,-21.346183391101736,14.283580771513435,6.3421319893794
field_control,97.72583868755673,66.54620049468963,150.96320293122747,28.862737524565294,-29.54218797968019,6.930279217161619
projection_control,20.529689041302973,-24.417513553296413,21.918059208707533,-2.441178157124862,-4.814053621020426,10.744102448773445
signal,185.4020374955003,-47.30304664096807,605.7746304222843,142.5696736728658,-69.33608314512465,3.3626677426976728
field_control,104.99715738033733,-40.935401761221904,605.7746304222843,39.44281084198176,79.65947424704004,3.108421241501339
projection_control,237.48849825497075,-47.008115850212576,2150.097296861329,158.05381116085394,186.7845377752421,0.2522726112094753
signal,192.79937335668208,46.38812896415635,282.48947430640845,65.23715160879004,10.082925521901068,4.44887479414018
field_control,44.37202318231742,26.06100326480837,282.48947430640845,-72.08731687077875,7.341812170363825,4.76352512888997
projection_control,288.9505124470547,-30.400573796360913,358.92945115935754,15.018119336733015,-7.407266678123438,4.227222579793455
signal,128.47895106159967,57.72708949803451,189.76073128286504,4.301989095490295,37.879363038182326,6.093730020374361
field_control,290.0749797154825,13.23596902493286,189.76073128286504,30.16213795716735,14.678700029828452,5.845517957542972
projection_control,248.07155534936265,-51.07816705186734,363.6495988515801,-50.44461097391576,-32.18318520452555,4.610027240001009
signal,127.36409714511696,-1.482760394822179,346.53913528249785,7.08044495352066,-21.153818744915178,4.011770573105495
field_control,3.327233249188137,21.06029877404305,346.53913528249785,22.315251316841245,87.54690307845935,4.313562822389836
projection_control,285.33413275528846,49.80528089731033,1419.31157521866,211.37336530394327,-257.43868557300226,0.9023747189498237
signal,298.2800152461893,12.269243505880414,363.1772277915902,7.028694449043268,-40.70178195705037,4.263254273363832
field_control,112.50196451467289,-17.311154185784453,363.1772277915902,-6.057370082045653,20.101793803916358,3.687239155391675
projection_control,235.86253722876165,-13.812977474848129,272.1591519900508,36.09004063440568,-27.906679902373547,4.989272657001882
signal,284.1454253950868,31.979756457561955,627.718609712741,55.176504743851865,-109.28432338514975,3.008069292079775
field_control,62.78779555790941,-21.853907727303845,627.7186097127411,-18.909765584761026,-156.51479492852548,3.350861191503777
projection_control,313.44784396467816,-14.438471129368615,188.6035761248281,-4.382874028833281,-1.643885171456487,5.710950049616334
signal,110.80649940506844,-40.565939920309035,983.3725561281265,-60.1823747584667,-200.89927481873235,1.984247434543841
field_control,212.05401861900256,21.618166943591053,983.3725561281265,120.8033972326607,87.26857850452676,1.4355250564786592
projection_control,242.17307791520327,2.1871426406151397,480.7736513762789,-45.69994696841117,-100.38437496896472,3.463189493441823
signal,328.9638397943733,0.2940519933747799,136.91619387101127,-14.356556768002667,-8.105324966686513,6.71930355301402
field_control,91.53086494123578,-34.67449061555475,136.9161938710113,-4.648824747502809,-23.967695820398138,6.1926884161838345
projection_control,134.83736761664926,-39.16459528863389,301.5646149513214,-19.29344256426445,-57.79416941116526,4.505640717775066
signal,343.0134061209022,-11.693367750074806,134.5677393333869,-21.251462202426154,-2.015485571641615,6.143762061181341
field_control,93.23944363011589,-9.246978167766628,134.5677393333869,-34.27641883613509,18.257541889795164,6.717522941978124
projection_control,127.67983379462983,53.601237545927106,1421.252075771781,-213.6282664781709,54.16300747472394,1.4060773193269098
signal,117.6273151308147,-45.01176933708087,298.44828617903624,-7.7271032930261985,-65.09046918603566,4.220772976659173
field_control,175.80173183831474,-38.58322138571032,298.44828617903624,66.26853326471465,-6.195849087949803,4.518691824779916
projection_control,64.57128552439576,24.71421896995081,875.279778645164,-164.9876486404715,71.59569965720824,2.2582266870758048
signal,127.59298156549976,-15.362862082866581,513.9839603815066,16.61139584401757,-60.86351208640113,3.4512508137891778
field_control,234.9680541627332,-79.54265934452941,513.9839603815066,-60.21931818221962,47.69467766195965,3.23714322018793
projection_control,216.328322037271,-21.559035494250764,322.8225456390506,15.368812976591311,36.25548127893481,4.078973915026397
signal,182.02829523190516,-59.72952021639354,504.1208016445524,115.61654368074272,-70.0835327142317,3.3673788887437386
field_control,43.669693643458906,70.07083107845314,504.1208016445524,-45.81828971851881,-28.845145260009467,3.7511060805796643
projection_control,185.4020374955003,-47.30304664096807,605.7746304222843,-99.85449179316487,89.25124161347435,3.3626677426976728
signal,338.80349251212243,-71.50948786440482,243.93491099312462,-33.751642858302674,46.27596278707484,6.0768450794312034
field_control,63.18412288757862,-7.850805764605302,243.93491099312462,32.76854883610328,25.257499413092916,4.808295767656094
projection_control,205.77875381385977,-68.11938021770024,581.8701150493159,130.42175338457707,-7.582881996621079,3.165387288233445
signal,315.4749959312321,-46.85852008488962,136.99311292366718,-7.885879278143137,19.568851381854003,6.5194585711802695
field_control,88.98290805402634,69.83424385835993,136.99311292366718,-22.60504269608204,8.223017574837618,5.949838612370691
projection_control,202.82232625655044,10.160403666614325,425.62242132545407,-13.443906052711924,107.16899081263585,4.519176492518136
signal,36.92446653009233,67.85459932043076,144.18038208957802,-37.33676722508721,0.6966463107567872,6.082666966912997
field_control,350.54935708246575,-46.001085464580385,144.18038208957802,-3.3399194056904378,-13.596455180346025,6.287823335726571
projection_control,281.67329239660364,9.645143337633048,256.3255238362957,2.665073008691483,-34.024465986422214,5.036695967984845
signal,141.38306757770985,5.684990233804526,212.29389520777485,16.866727405004564,-5.940083417604877,5.048479001082196
field_control,142.97489997945132,10.063153260994499,212.29389520777485,35.911460848236764,13.402164402560278,5.310435482314545
projection_control,318.5478423705615,56.736098904905546,41.078221383104726,6.98176776596371,2.7312186456440575,9.020166456026553
signal,199.21362830991785,68.69260283400445,293.1209465297754,74.54242426997502,14.251578071984417,4.100679204881939
field_control,215.6364326271695,-36.73050475967895,293.1209465297753,33.591118686761,41.559409648746815,4.291663793795923
projection_control,288.52047944026333,22.84883303416004,72.25875250755577,-6.701712154959599,1.3892281529373924,7.570182054254011
signal,181.1276901185544,-7.758865260347281,1025.6619478942216,232.37293873405395,-64.1700181379739,1.6374130569300813
field_control,86.95541257775204,35.460970705645266,1025.6619478942216,-79.85511782283015,139.22423098489315,2.1360645446497726
projection_control,122.74508571680097,-52.77018773352523,330.798710547274,5.119163688590137,1.9678975425819902,4.10250004710248
signal,69.79070445728136,-22.108872390162293,769.7709890705964,-157.44900511690454,-89.49181849400632,2.602674834081795
field_control,176.56542905669565,34.56953404729164,769.7709890705964,-11.900068443429069,279.1869963040384,2.7075385842272257
projection_control,78.36026384899297,-56.68427668245813,178.0859710534665,-34.981155013111184,5.360382035452969,5.917444841222592
signal,309.17403762053567,0.7038233389193601,135.93787634280218,-5.498403079746088,-9.17053674996963,6.761496190594391
field_control,26.682902778944896,-50.78560761070762,135.9378763428022,23.572981870981593,-11.96566426656595,6.225371090134271
projection_control,293.2815616955961,-77.57720752359923,214.87326865822686,47.67103464921938,8.336120357280983,5.272180343717139
signal,243.69868187886144,-6.948469590544363,314.550591993358,70.4503323054534,-9.0662168151668,4.848054208333206
field_control,12.507172532037698,55.50027485691056,314.550591993358,-1.3129210710725234,-37.845541608235905,4.424147863779346
projection_control,117.6273151308147,-45.01176933708087,298.44828617903624,-42.60997649257603,-36.76193266173402,4.220772976659173
signal,301.6470149466493,-52.06145291732042,2333.491334674638,43.74225736835684,430.7905358952553,0.22869748704772747
field_control,168.74406965572567,-37.64308009165826,2333.4913346746384,-349.5517834320615,77.55891113361147,0.3010868601565604
projection_control,34.792140343590816,-21.638258249447908,569.6763908905904,-117.61342143371861,-71.07016801169364,3.1652804444796403
signal,309.15514056581,16.35886358227202,948.2358233778683,-28.630143499843708,-100.66579892917598,2.0184679078221137
field_control,143.51734350662835,13.05902330903386,948.2358233778683,-179.6656336394793,-9.260919694207232,2.472526633458479
projection_control,154.7946770835815,-16.523194389181523,271.2584361260716,13.598507686866002,-43.865818277074005,4.478945586395749
signal,269.4081073196663,-34.60556105781695,280.41681585058336,40.408960486043775,20.764903911302465,4.841623439121354
field_control,49.276915089057965,76.23197340223773,280.41681585058336,32.120239612914524,13.472441198501937,4.67614176916491
projection_control,107.97914511972816,15.22529004936778,337.1978369937394,-22.206780634578166,-12.812324042901382,4.384963526941039
signal,158.11581644989823,13.837907007462448,2868.8652658162073,389.65810168626393,28.475077053517104,-0.444142161237713
field_control,247.53651441146417,49.88858607748602,2868.8652658162073,558.7554160937176,-199.76382910819555,-0.09214421408989687
projection_control,349.17354912426873,75.24932635966782,264.6563663935054,56.646725485994565,-28.416421319656788,4.466785622517615
signal,219.7968318055528,17.481760868695456,771.6291180825694,199.95285764813315,-43.07037002963473,3.0784661599612964
field_control,357.44525672373516,65.94124151958718,771.6291180825696,-133.57988041290986,-96.16517140831566,2.732517026357513
projection_control,195.91151850133278,68.13404129109958,105.43076597603215,5.646273235171057,-26.752614617014007,7.149480858779727
signal,57.73154620310753,-44.1029917896432,350.7013641316844,-80.03597522877646,-37.25233180768982,4.218555669764127
field_control,142.4328556308165,-18.348888752975974,350.70136413168444,52.78699552051749,29.329739563461096,4.5391049119593445
projection_control,359.14618706477637,-15.314580357031723,2203.3730450030685,86.75245240667122,95.52826307521116,0.7614167499280158
signal,242.51235029096676,-61.318448713647946,263.78049806119947,60.25872097286321,22.86754524934857,4.867885222817851
field_control,224.84110893026198,-52.07805197128465,263.78049806119947,65.2595494927229,8.006458536044837,4.905579339914908
projection_control,232.40598531387408,32.836639961126366,751.950777907651,-15.91806280320231,163.2146753227971,3.049306046180975
signal,64.53117206614107,34.16120082786238,287.2287973428396,-62.59671411931302,4.997809777712208,4.044113373540114
field_control,346.6713392512148,-38.557978656873374,287.2287973428396,-8.632238900073023,-3.840078379578312,4.435162446826407
projection_control,156.0500037920284,65.92367112606088,1245.72726877916,254.45033948201652,42.320270763169376,1.6515135217032073
signal,249.82185258365644,-4.611509392871315,653.6568720117601,136.7411685221404,-20.74031698306039,2.864620389266214
field_control,299.3525900808751,0.05671080764333237,653.6568720117602,34.54102244810151,33.70885371033021,2.7845010972630515
projection_control,126.43897944556112,3.1413389732684944,361.5499543006528,-8.114682982218833,7.051937533898058,4.307309610984546
signal,82.65533787142873,-62.08858766639342,251.95806548677535,-40.42575583644924,-45.34070195923117,5.244303915322183
field_control,166.87880038896685,35.90615390064763,251.95806548677533,-3.2497608245305276,-62.45854510871315,5.0962147136671945
projection_control,281.5055917768653,16.726799934113014,88.41510836717805,-7.182366098457887,-0.43086912288703977,6.858026326097674
signal,42.31846805407919,81.78250526232799,634.2983846121101,-166.5664136614798,17.375046920533453,2.668215200051993
field_control,265.496214405571,-44.40235540850516,634.2983846121101,-53.990729944206095,-178.61784799196775,3.534071286678035
projection_control,14.502786760079447,-77.3677356159034,240.65168967292914,52.08640350682715,-18.403185635270756,5.203834556748691
signal,59.502416451464676,-62.1825483436277,527.6736356629824,-126.47972612656505,-63.58247094146002,3.162956920069534
field_control,46.128614490188646,18.630456418647075,527.6736356629824,-90.55528722173325,51.43390465504076,3.2429671334584946
projection_control,290.0335699308031,48.95387286731917,217.60388464705514,-44.97716970349924,-6.334158206266895,4.9577337547600315
signal,0.7171686788652966,22.958883556595808,231.95183580489206,-48.683570828014005,-23.354895951618523,5.410824234653032
field_control,184.35738796696768,-20.66141434302562,231.95183580489206,-19.72536710140557,63.493591626761734,5.414447162391153
projection_control,334.94343126095714,74.14889626466314,386.3340932432502,20.391066807262998,-103.26526118881392,4.469267195858561
signal,258.7462624272709,75.3203568757708,288.60767214449254,53.769274831674956,-51.24530675874545,4.255463473486215
field_control,100.46169978477715,-18.5175945419188,288.60767214449254,48.13976801782932,-69.72593221791077,4.600043705338602
projection_control,214.14505662068743,-35.87471642242295,379.16306358815984,-10.199464105875428,89.67756255474595,4.2364333402246945
signal,263.6643776610165,-31.442309883973774,169.64118556565032,27.030430915585185,8.96268896914343,6.169683807574962
field_control,58.018927642617996,18.895036630596465,169.64118556565032,43.38369747444908,-4.625876792795819,5.8854841320782265
projection_control,220.12690004123792,72.47785523752883,361.2360958505303,40.815507603683116,58.58833183335855,4.396769251392704
signal,185.37600596877337,-45.68429452434612,283.8883601856262,66.33887179445273,-35.942293553776,4.574618901857788
field_control,153.46112625163255,-3.7843388898763703,283.8883601856262,56.35356086563136,-22.509747375661746,5.188881093688796
projection_control,348.5036923382732,-66.44174831153795,859.7437867425812,65.91958552741667,-163.97142542645227,2.2152280040475114
signal,58.09060837993813,-49.22061622975241,338.1961496117148,-76.52281522979096,-39.08077775341418,4.237586239777976
field_control,47.165239596101195,38.61371009971921,338.1961496117148,-33.98525105452479,-41.607025526188394,4.583444480351467
projection_control,154.46245294895974,73.32788397617851,472.1655676484834,1.855580469407829,114.68571267494832,3.8006742594790284
signal,30.079561503848314,-23.169321145662526,980.8477198964733,-247.25296708145268,-48.318313414193625,1.7048285442241538
field_control,251.6346389428148,-43.48486821271998,980.8477198964736,69.60992275544285,-24.328056925123914,1.6696022839395446
projection_control,75.78249827952347,44.52594059101629,89.24070418138305,6.760636344374188,-7.079388810651558,7.827943364902783
signal,6.8864279174233225,-52.930828807887586,486.9065213525324,-108.9238584247818,34.2707281560331,3.6761859217220305
field_control,164.24641585920077,35.44326611058258,486.9065213525324,36.04422458194268,74.87820350685067,3.3910295364501883
projection_control,175.41552747601827,-4.673043713475444,322.4201659598756,30.870153501078416,56.027351486842754,4.426745268740822
signal,59.669343707479456,22.601698057393797,596.3640090174147,-133.8928517697213,6.6308492848879,3.860404467519413
field_control,191.21206772327895,-60.63686710018722,596.3640090174147,6.405573426435498,-124.29855032423106,3.4993092753430064
projection_control,296.90756544492274,-11.890208774909063,633.7376037385548,9.203306911682406,-12.405306035311344,3.1773358222146233
signal,320.7079925939328,-61.09429523779798,624.7111296926258,-54.67218265566089,119.8641885285036,3.2560529553701616
field_control,52.695337920536524,-37.726450318187595,624.7111296926258,79.62362870783116,53.475715219387745,3.0641671963205206
projection_control,311.91234607429203,57.35075744186319,1522.2763326855775,40.83766083543683,-282.51597420906023,1.051226214111047
signal,86.95326301260545,1.0797602653502218,67.8373089197241,-9.423037396273406,-2.547088369989555,7.583371364951618
field_control,50.31779799365801,18.19785953027294,67.8373089197241,2.6944836122245936,7.231450084015667,7.49800490764902
projection_control,347.4055330036099,-53.99145970676204,198.9205766091035,-31.5946289231093,-26.548126304420723,5.509765166286701
signal,127.53767779819763,83.4104478014443,464.62763955269406,8.059928266513852,115.10020836009213,4.005160968944367
field_control,210.02955669364465,45.22281903570781,464.62763955269406,25.515277830623145,42.249605435612594,3.418789059804807
projection_control,95.73424222756276,-4.758381112144504,200.3354665756724,13.942953590183782,-19.13497859174908,5.217173216971725
signal,37.92437441327995,38.89834215332477,140.65297007004537,-36.3755631449543,-2.2597458645364643,6.164251599770766
field_control,354.60350921860066,-29.646063415937686,140.65297007004537,10.603419177383541,-7.099262610663357,6.470303520364392
projection_control,302.3285783991936,-52.35223355766278,342.6564920316442,-29.388134743369626,52.896384454120515,4.318148572676784
signal,80.0500697093413,13.322911607629068,299.6231301193524,-52.08542548319646,-1.283487240718463,5.029468810848936
field_control,34.650209965581226,-20.21945135956563,299.6231301193524,22.444949117162647,-12.893149513077464,4.9154464007859575
projection_control,286.5334993716608,-56.41559456363609,196.49367447411151,14.897181864758227,25.567473379118773,5.869538083096097
signal,186.92084548087382,-22.798581196464685,203.37277466821772,44.89683201781697,-17.39975923324781,5.700538851332869
field_control,102.86331428368126,4.257641755313612,203.3727746682177,2.2084582412579628,-8.49357475925023,5.463892521128213
projection_control,287.10505630673487,-12.33396825280309,157.35432389144034,5.995848338133017,9.070650061038657,5.885032134604833
signal,218.7909659144349,14.346873135246463,381.39348772276304,94.13543594734116,-20.72963177326989,3.2101911642890735
field_control,313.0052819536395,-35.22959975258938,381.3934877227631,89.3308951753598,-30.254526828026066,4.835727774211423
projection_control,24.856526273255902,-20.526963750131323,235.29623994920425,-7.040560234545789,54.73874552895766,5.394107077962553
signal,88.32683309983598,3.100236108411782,332.7887631212617,-50.36642810473593,-10.581171898053963,4.087932842284776
field_control,26.017924411885296,38.48520452512802,332.7887631212617,-65.04746325947988,20.376062789933844,4.636402441207975
projection_control,342.5123595044038,53.13451882482728,527.7448052936887,-100.4164390220184,35.27995168559485,2.808260616713134
signal,20.783577321042195,-8.501380008559332,388.4062842038361,-95.45059618562215,-16.22226140336304,4.336884327136144
field_control,315.3188596921025,33.18014962874994,388.40628420383615,77.23861726819578,80.12115908358533,3.9805244393956563
projection_control,95.13945473711014,15.444376861159054,721.3922068582036,50.36582864202307,-49.72256659749924,2.5054486642638394
signal,140.77183288586352,-47.610529399567575,702.0188558507388,56.57455918516046,-149.95852519375623,2.813753295624461
field_control,188.7429540149104,-45.18746616136133,702.0188558507388,-50.78716239200644,-131.6233519542539,2.5235442995511526
projection_control,80.0500697093413,13.322911607629068,299.6231301193524,33.05985506178333,20.84537037813143,5.029468810848936
signal,84.3132135334803,50.64288387630564,245.97575112044413,-38.231478739799094,27.325488708150772,4.738411738578466
field_control,146.9760386135133,-4.148431030038365,245.97575112044413,-15.16514871345044,56.50557765223009,4.753073231499108
projection_control,18.125829708967167,-50.56297219452061,418.5676603067655,69.64217824026898,-41.04344210694367,3.9799516195639737
signal,79.0394123627287,-5.763972765191076,577.1024837282234,-105.18359979958124,-42.50754842244471,3.0036584282259677
field_control,111.48500316652411,33.34338432509685,577.1024837282234,155.25899629269088,118.59520554642481,3.294361679018222
projection_control,189.1693106481215,51.60468910374061,87.61168460995569,15.79138765072305,-7.984382865113839,6.941821847294472
signal,345.5506089768439,-37.64411271179672,1651.8477275091493,-268.43546778981033,144.4528125855554,0.33827896294517734
field_control,106.96217692602308,-18.98623187552652,1651.8477275091493,308.5039787106572,137.14127947694212,0.7635168354979694
projection_control,51.480404159661504,-36.581716748127604,200.6039018062068,-6.883427211279981,-47.79781679096937,5.987499004318405
signal,221.86817493326063,-15.336133741273445,291.07575118855533,72.25125112253517,-11.490036301191129,4.6534578790875685
field_control,110.08892968181236,15.439080280270028,291.0757511885553,-45.36109654906123,30.41539952931287,5.182092991540516
projection_control,167.86778865833477,-21.795800039854537,525.528855094051,87.72808661096695,-63.49964161766515,3.668732446509829
signal,200.4762395419545,-9.889030548122124,736.6833819945107,180.87350647461562,-43.956433799971734,3.3268025517628654
field_control,318.5291091456705,-64.10209594810506,736.6833819945107,129.73448489196815,-109.46385630377075,3.103489174833494
projection_control,24.64216292376604,-78.44636111988852,321.3159767865306,2.5910481900357185,-20.524123916287547,4.529589079827479
signal,149.6790372683959,40.92539708952131,102.19354864964244,12.325100957433497,12.721296031306245,7.194362616225047
field_control,260.5662828629228,12.555048726187296,102.19354864964244,-19.71895736105259,12.809280762088028,7.142802563254517
projection_control,291.2485105050035,7.033264857968216,314.7057472467859,-26.782069989640565,-4.813232041629419,4.551233399488568
signal,154.41996003485195,27.854559266527627,89.36430137283932,12.299754556695355,5.1683123115799585,7.901304777799389
field_control,241.1002828192142,-44.002841164941856,89.36430137283932,-17.997734250233485,-11.22187134036113,6.890480825555793
projection_control,121.71038737185411,-41.9514333114919,47.4120670499935,-6.7295575174643085,-4.937943337496944,8.802584195525064
signal,194.72580138170906,32.589051100610405,123.6065748620902,28.84751414203018,0.6244968245395175,6.804511265471512
field_control,287.54969362272027,41.38890897289823,123.6065748620902,15.885948978010148,13.148572286258425,6.338126476768797
projection_control,269.4183658834433,-20.6866500859341,296.47098720066793,-28.291050390722187,-29.461271581970625,4.184121162593679
signal,250.7147305329986,-77.94223002518953,484.69844768207287,98.34512405955881,70.28565727479479,3.8808856588400147
field_control,92.5612786814922,-16.80414622260962,484.69844768207287,-18.627159879606516,-106.56486757760241,3.949345113556537
projection_control,356.22192001835606,2.5803489017016004,280.23857228317206,41.934634834617434,42.944389353878464,4.996767877252745
signal,252.7725946254586,-9.653654295251505,1943.9645104261608,384.37713901373814,-17.247249435215306,1.1487819460336839
field_control,222.49541234943203,-25.905763501505312,1943.9645104261608,8.040901190195312,4.192574246795022,0.38763847977164617
projection_control,81.54778537299805,-0.7395279534075,867.0657927535167,33.13879413607389,88.6313237054556,2.451157114368276
signal,61.809806773961846,-2.138299088282575,112.73518691781531,-25.35396896193747,-4.566134107768186,6.852881531593208
field_control,165.62384602486233,42.98273530795539,112.73518691781531,-15.437185570874044,-9.245653105518299,7.076345073966397
projection_control,142.04603351481256,46.98324983934122,831.5945848610523,-125.01837595725853,-18.48951447317805,2.669480936359835
signal,180.04059074758567,-74.07369818699317,435.96768987617264,90.88422142782682,-62.508742007487825,3.746560281843122
field_control,281.67898867206964,-64.12023065027759,435.9676898761726,-19.900374326701268,24.873396390076437,3.945109655205615
projection_control,75.8855165580103,19.121918932089653,796.1857885716896,82.31656835671512,72.78195100477522,2.6183351822106475
signal,148.3049142122767,-28.709804117155226,75.60874702708034,8.233414850943829,-10.767849891363362,7.916937049580533
field_control,111.33219977038277,-11.933859063243965,75.60874702708034,-3.421370786698524,-5.617783294901955,7.622655160037887
projection_control,349.44355634750787,-51.83607958808092,386.55273180924263,55.145972590132885,-12.334117710502934,3.9170850717773167
signal,313.3897078569783,31.37114105639602,79.0778539594123,-4.063818670789553,-13.824766018068445,7.945877697255131
field_control,231.5443020731625,-15.069641975054742,79.0778539594123,-2.2637600043343595,1.766730055630189,7.298875782237933
projection_control,262.3162623251769,-39.5515394348214,801.330273469209,-27.36789127516874,-1.2264091606507606,2.490428840827372
signal,227.3108116386155,-46.53382238386343,167.1903827959494,40.5123997419122,2.266798010327012,5.73995414653903
field_control,317.59646825423283,-25.492900311106265,167.1903827959494,-11.830834942633327,26.048374904596166,5.855670386295267
projection_control,58.12482026312644,-7.162123175480661,189.38434404576964,-26.502721947323916,24.860731289097373,5.1555809069284715
signal,191.70146390975341,4.049613834744237,561.1152619176032,129.05742134507236,-32.37077199803682,3.0382688685436987
field_control,144.77417143017433,55.43758270968872,561.1152619176032,59.24845280952573,35.945162558030944,3.311633979708177
projection_control,84.17261991350308,-18.367094846720686,320.0688166391283,32.99658560769124,50.26004959320488,4.795806989850145
signal,41.542071184410254,-34.72207625206251,471.4963413639522,-118.71436067102539,-22.238628428591298,3.674265174114507
field_control,23.98395145228612,30.122920261684758,471.49634136395207,-3.8505668016980232,30.45036963730105,3.9423700338755796
projection_control,224.16823474192708,67.76214025930815,449.03719464917,-81.310712706788,47.035246122220535,3.6020368849435593
signal,218.02964015642812,-77.35848650265648,168.4048700122939,42.63594159800215,2.221169177709644,6.117676427679273
field_control,185.77829604304537,-60.709882782539225,168.4048700122939,-33.0309080686011,-1.2618413490802023,5.6025060874096475
projection_control,110.32684849541532,-61.09872688622463,256.6756751218404,-19.816905139392727,57.96815741954296,5.018691914843603
signal,42.193406044884036,-31.171206282845684,536.4902725228134,-134.29099190469375,-30.514069301647293,3.59161805520385
field_control,124.55009561052934,25.427896196836993,536.4902725228134,80.29687434579745,24.45284093907046,3.273345687847547
projection_control,65.82160075277416,-21.49848630097073,411.1716000963827,61.92993697334911,38.179730722256515,4.424247731703844
signal,121.39436720367074,72.12856323615065,752.5159151599458,-7.527048146562117,171.68422054310295,2.1901712730790854
field_control,242.00113699698298,3.1298065175635936,752.5159151599458,-37.215419546047045,14.63601731810916,2.6308684927150505
projection_control,347.6689955351091,0.6251228681822858,348.5648932323765,60.88329890602285,-12.805813724070042,4.179588179012849
signal,51.42310733315947,37.09039144943789,345.5138932955403,-81.89781749826864,7.3737469314301585,4.881154243763624
field_control,342.3718529094982,53.29617913268317,345.5138932955403,-36.53104642103572,-1.7179524589781692,4.506475930950477
projection_control,51.58132513295079,43.2689460764903,595.8568054871932,-8.26130555583234,87.52405047840247,2.7946866682839318
signal,249.14651292877284,66.80261073715734,106.02424474156761,22.806828012658876,-16.914557206176433,6.680624583842787
field_control,174.81899447886494,-21.96923980302717,106.02424474156761,17.17248719948531,-23.35525669941899,6.600434761405009
projection_control,209.03228132746824,58.472374214117565,620.3823531549814,-53.841143715075894,-137.16992205091518,2.8597282023128487
signal,74.25076098101493,-1.3919609639008748,261.3681345155505,-52.852401291896825,-15.901792597582292,4.834217310182055
field_control,167.8284828559922,8.529812336238374,261.36813451555054,63.80958966437438,-46.349417428192936,4.518765871382465
projection_control,155.26861428276524,-18.589865752494823,679.9986900181459,98.30791806412108,63.540091747715636,2.555919487970306
signal,141.06937434768935,-51.30890761564773,337.0896595323951,27.819123649475188,-72.57738044197582,4.090476539854146
field_control,235.65052806892567,0.08654814297636476,337.0896595323951,-79.1672551403115,-21.64642366255443,4.563462393363507
projection_control,139.43610647111305,32.1494533842877,578.055413833106,52.34949238898562,-31.777899688101282,2.745433599061664
signal,322.44291994276034,5.504214927482607,965.7986233178973,-71.12820301201657,-77.58692393178815,2.885065740747678
field_control,37.25910129368437,-1.1963189532512382,965.7986233178973,101.6958180787869,-52.341998765517445,1.6201823554825405
projection_control,233.39448268275441,25.635648849271618,218.14653234862573,-37.86611807007714,-24.282114332075714,5.4814233374633154
signal,73.5538980236293,-5.235254105042806,309.3376332261745,-59.56893206412623,-21.279145479446708,4.620457409213968
field_control,91.26222801300527,-5.036434137348562,309.3376332261745,-33.66261087922624,-6.99671744584399,4.933330122556228
projection_control,262.36009960223305,68.76377988505463,168.3593962521624,-20.979422293151327,-31.665123992888482,5.8420522123411
signal,182.80982302516045,43.52840991789063,40.884641960742805,8.94276412538696,1.8772607178982323,8.68690648151665
field_control,330.83255718014345,-36.067720023507114,40.884641960742805,-5.0958351080886155,4.859687585441048,8.895421176476246
projection_control,242.58200337720163,37.37040983134643,498.99387603921554,24.69291191763281,-121.99751329411414,2.851930324485019
signal,150.9377980197679,-53.497878785478974,822.7152091215283,103.52227534084307,-175.19424835463573,2.6829294351704145
field_control,241.1793408109558,30.758451262455228,822.7152091215283,202.72943423008346,-89.21818265744646,1.9594930454993469
projection_control,290.05722924055846,12.463077677558903,519.4694874559283,-37.27647944495794,-29.259517702098062,3.5611902375763007
signal,6.524654776462706,-1.3475906822018189,370.7268253338693,-84.70720382996079,-16.190570636327458,4.385470672906437
field_control,4.839855834029851,-5.585321697602866,370.7268253338692,-88.27781337964419,-6.909155562566633,4.0106038732923786
projection_control,338.71686104131356,16.333650585411913,138.65853101441678,20.852352999893487,9.957986129788528,6.3320629149430445
signal,285.3929208862126,-44.41919577197412,150.94005263538335,11.322726943764929,20.1162415280441,6.049659407419361
field_control,73.66517012124716,66.49604536845537,150.94005263538335,-13.859439625649888,-28.01589429423014,6.219714604414096
projection_control,23.963302049120227,-56.14149170069052,368.1037251616333,-57.5175996115964,27.250281679373533,4.264969298557217
signal,24.856526273255902,-20.526963750131323,235.29623994920425,-59.85752592834445,-9.638647599062466,5.394107077962553
field_control,245.82141577040366,-28.57985585243788,235.29623994920425,58.391690508143135,-32.88969627785439,4.982114737861044
projection_control,78.73700000635411,9.888395556836183,98.2727213952139,-1.3679870685813431,18.063625358273036,6.979910463694416
signal,170.7318075517033,28.34074030767221,260.79313018026915,49.406399706882866,10.427066453729685,4.670931676683239
field_control,275.1837129225267,21.43759839484977,260.79313018026915,66.53964247404498,26.610932125473838,4.924528189579802
projection_control,82.79775142676658,26.449823992651115,1461.0249949334504,-225.43208606146126,18.858237134464858,1.0205225889114398
signal,201.84418617802197,-2.7491747206698953,257.60545412609093,62.91276609616635,-13.76364648524606,4.797349248304045
field_control,302.34944616265506,61.81585206274748,257.60545412609093,-38.81877461925894,54.49951198653331,5.167248240500407
projection_control,233.82321469468098,1.9792817416456994,95.90326289174841,-19.475033743098642,13.356284111506328,7.4535361431196385
signal,226.23352438125136,-14.372408778577546,494.4482001040763,122.18258311621723,-8.98645802856948,2.9263310020968265
field_control,105.18364921753616,19.08173491724576,494.4482001040763,88.44061704582833,0.4692891022600482,3.4687388978503595
projection_control,162.62621135331977,51.28642748521102,389.0515698626104,15.721056919330573,-30.133166266243684,4.359680959051809
signal,247.9073865508352,-12.183742127262176,562.0934709009415,121.96454063273318,-0.9269206004230979,2.853771971256111
field_control,335.17029465992255,47.94873389641838,562.0934709009415,-90.53809878520359,11.739432547802851,2.96983999358214
projection_control,286.805302988894,-2.386270901368825,92.5588164285804,0.10400486944676275,5.605853658156915,7.021164184678673
signal,91.17805806817742,-4.6521680980407485,194.57155139580186,-26.78036198703501,-13.68018137966089,6.096892533134198
field_control,199.06088168804123,40.91676255401897,194.57155139580186,26.96837953625225,-21.177580851172543,5.46490809222144
projection_control,28.540902467229028,74.2146251410609,843.1228320106287,58.73710224636009,185.93244700535914,2.5040362432069734
signal,3.592359597041775,34.75253308990823,194.11302192207782,-42.782822686870354,-21.30851631047293,6.052155234939909
field_control,250.75404805964143,-16.246153959202648,194.11302192207785,29.44751798885983,32.92194205162632,5.984178687560993
projection_control,83.70215719481924,12.5360909389998,218.74054876175995,27.534259291516488,-7.423608364952522,5.859568072578375
signal,260.4397184477683,51.64392100484958,157.92109126507248,26.962707994434044,-27.17429353143446,6.027535912623613
field_control,214.82599060076686,11.55145474342652,157.92109126507245,-4.6456582694432145,13.046853963016437,6.51331862162888
projection_control,159.2257699624087,11.945157672401422,949.627641715385,123.44600297235203,-40.5249617795677,2.339386308564313
signal,192.83637576512825,65.59801842033788,124.87175166836248,30.156527657305457,8.635983674292238,7.016558414507451
field_control,44.18641968286337,-43.43074716725371,124.87175166836248,11.332360046277646,-21.765978459730878,5.911701128167818
projection_control,78.73762067925382,39.46232209187772,951.0085998418234,179.02349931431684,-7.354988568524735,1.9295939786342167
signal,301.00237315460953,35.01611250260848,375.4461767501455,1.110260359150748,-72.77017441852345,4.079239223159951
field_control,346.72127737855675,4.074399368132088,375.4461767501456,-35.41019441937777,40.75867898959704,4.4545699418998845
projection_control,97.78794525877308,49.28449136584715,824.8994853030949,-140.1215653313223,-64.20298335143386,2.1579294614076625
signal,295.6998106442499,-21.665437412066694,382.16483687474687,15.070136874717658,18.969075225832206,4.0157232844074775
field_control,44.23520876189495,-32.62620640998522,382.16483687474687,-79.60142506517177,60.11804835686121,4.163790689988457
projection_control,132.26066233094537,17.97398300359216,153.53250276423753,6.583736505236391,5.669272448112278,5.774392503337536
signal,303.59742040363795,22.102792007272477,201.2763644427197,1.86905767301061,-28.625015482709287,5.497989297611767
field_control,91.7575043080261,29.174665420196778,201.27636444271965,-45.94747298890196,36.30580735766002,5.758230906808146
projection_control,7.888798359003223,1.797024672181296,298.9243286261213,49.31894559665506,-46.215852274634535,4.328713992685067
signal,174.63407759263444,-7.168845373428349,288.41153325419515,60.89360915566338,-20.430351029601464,4.662460404680099
field_control,292.90603688027284,3.216948232719761,288.41153325419515,62.144110444710805,40.34847130996052,4.534790405196879
projection_control,233.92369683514778,-16.254180877461252,150.07560221583992,14.86425467577347,19.191495550285374,6.542682643449559
signal,120.10622250127163,-29.38388888852887,257.90685622994124,-3.3163326042571306,-42.6542974639474,4.878126664765503
field_control,222.69490614039654,-10.226811530209183,257.90685622994124,-46.979834648491945,0.5163182699258895,4.412206508983112
projection_control,294.26682503019936,-68.53784816471304,553.3165144966134,42.1792277495627,62.56614776350507,3.202379849395886
signal,284.9609529328932,42.98001025443845,202.78288986723354,15.86268224218927,-41.499345544004285,5.80786289258913
field_control,301.73369953548854,-27.542459160122792,202.7828898672335,-2.6118832710523843,30.74821554973085,5.640190097038503
projection_control,231.0550260485167,69.01768551107774,1198.4267003562798,102.14961208333376,275.01170871478604,1.2320731447717532
signal,162.46588069053178,-67.39062164609444,142.1112109185163,22.255738115188755,-30.108524258109956,6.281898995923324
field_control,185.66502781465613,85.86503349473168,142.1112109185163,-11.916311252995234,-22.092344032289606,5.9545651213516475
projection_control,18.465785633237605,-13.11574716768174,324.4957752552213,-31.902141687544027,-45.95382574573661,3.998623044973879
signal,66.03919070523644,53.4679480939373,515.0031819066362,-105.00833903853068,40.96549621700127,3.654694967811321
field_control,135.71756473198855,-58.93461150395006,515.0031819066362,13.214714574973254,3.8585964716889736,3.0244627090357246
projection_control,40.789261701887106,7.73690359854169,1453.991689055942,302.3798105159884,241.31456904746705,1.1997591557238263
signal,307.7906470421308,-4.418736322224784,479.84609123096243,-13.026474980371637,-11.90821453077424,3.903904350367514
field_control,331.86437983720253,-65.90623948902969,479.84609123096243,43.57359765982571,-4.487871689722761,3.198969778042275
projection_control,113.67833444981856,34.77666482514369,486.17230374948844,8.255351166492472,-45.966989903843675,3.6835975406356587
signal,317.721555638045,15.92643726539142,979.4997670508524,-65.31525546120699,-119.4624740922337,2.1614340534721563
field_control,13.050834305326147,-34.435991180155256,979.4997670508524,-107.57062480856348,-155.9153058161441,2.2252524495003363
projection_control,301.6470149466493,-52.06145291732042,2333.491334674638,300.5276770769303,115.18471674086436,0.22869748704772747
signal,167.87151221046125,18.584798782572676,331.92735219642475,59.87764300922268,7.603217762383898,4.103703394439917
field_control,308.2068793270965,70.41494457466733,331.92735219642475,15.101785359651172,-19.546019886191033,4.436620532021148
projection_control,159.4073291557455,48.20272326867083,868.1968615067383,107.74293942509898,89.64309784723304,2.1943762437660723
signal,27.25190183152349,52.2075230436047,1430.1956317620848,-373.3762690020422,-84.83506448424265,0.8171629970915246
field_control,83.09440266760137,73.43086541930866,1430.1956317620848,59.75169097382148,-275.7316309802315,1.4577625703431383
projection_control,246.3531296131241,-62.9652683758012,401.08396439512285,-61.640953729852974,26.910579720307055,3.9995353358923658
signal,139.61739237009525,15.863075536890573,407.63385328702805,31.263698573255226,6.864064837599803,3.9932829692507
field_control,305.54507799142834,18.050520633280378,407.63385328702805,8.613790849777931,-125.94976655363004,4.149371355157418
projection_control,24.6071521115851,-30.86622902754552,433.0239130598701,-79.55518498234548,75.49045825646395,4.10169417136952
signal,289.2735574065372,13.171535549015925,354.6498875119709,22.540483144638642,-36.59280617211475,4.199623976378369
field_control,50.11078083007882,49.48300858950377,354.6498875119709,-58.9177367840781,1.6698292444893181,4.12472079845072
projection_control,70.64845801421963,72.18093981694403,1645.1983340399017,393.24994853547264,-25.46495577882243,0.5244450953674239
signal,324.6386502766423,-60.07692483501636,570.2588722112292,-57.198525834015776,103.94876279493343,3.2458571744310283
field_control,208.87882692859458,-34.89515639341879,570.2588722112292,29.458152405627086,82.17726289980475,3.198497673591755
projection_control,313.888702060982,67.11009494492414,1007.4247673694924,234.35671475698973,-49.51050103584684,1.9937689727158492
signal,73.2501872991345,2.1098807459352305,324.1232594407981,-62.214911929537,-14.724917307221746,4.441632800229807
field_control,319.7188508441299,70.74916027443771,324.1232594407981,32.077640120154605,-57.99120217484859,4.293017753369621
projection_control,112.60007611572746,50.56913736758398,562.5293970463371,23.679970849419647,59.46118323980522,2.886616225439805
signal,24.110500329097746,-44.39989236913356,1520.1873309440907,-405.4253846379572,9.842620961912504,1.8655865537789031
field_control,170.47427288360058,-45.59652959522269,1520.1873309440907,-299.6408329230149,180.95814894138638,1.0274161238692858
projection_control,292.4905755759018,-62.106179920537826,927.0131128325521,162.08703961528448,-56.445959905971925,2.170434366478879
signal,315.8461631278219,28.350725755787046,1409.7822260531402,-89.72670233217885,-231.2851526636224,0.8551719689950428
field_control,268.7640025692215,-52.91574139995434,1409.7822260531402,309.6001268686221,-122.31323192428313,0.9640634242931244
projection_control,24.73692398062595,-39.021271143116465,530.1898508028235,-46.541340911979205,-122.61302711948748,3.200032103295705
signal,140.1857780323951,1.4006684673995717,186.44331121992383,12.542482362228961,-4.4329660249393985,5.050282082213178
field_control,289.681782428001,-50.85736758160399,186.44331121992383,-47.69002267284361,-14.634602088407888,5.764411251321816
projection_control,113.37064005200246,28.502357270474704,2648.240109387538,-117.2995782733385,75.64212324028529,-0.02887077161580999
signal,195.03394713632272,21.128176055917283,493.8001921058139,115.023146140287,-4.243224316260282,3.631956777296256
field_control,265.1379151380405,8.410009244645211,493.8001921058139,80.52734818510237,57.913774797202095,3.8547799519349
projection_control,53.7298091069306,-36.80195849706119,196.27508908233924,-2.6753817190649323,-41.0063476703457,5.480611987682205
signal,348.5036923382732,-66.44174831153795,859.7437867425812,-155.67064667007602,133.56780248668395,2.2152280040475114
field_control,333.11870527485536,34.19067777111288,859.7437867425812,223.80147552543468,75.34829003540982,2.083170861477674
projection_control,296.76616100976577,-26.262238571802698,401.3838299141874,23.297129640115354,-16.894848888674815,3.6358103354577658
signal,23.963302049120227,-56.14149170069052,368.1037251616333,-97.79074072668004,1.3502540182903167,4.264969298557217
field_control,160.86032298717433,-15.465949172357252,368.10372516163335,-87.15218182129344,9.597753795703582,4.554529831258633
projection_control,209.9486895397551,-47.141861750851106,328.16429892724824,33.07763199707412,70.45613410454176,4.61110633374981
signal,233.39448268275441,25.635648849271618,218.14653234862573,54.31572097433113,-15.080584203935366,5.4814233374633154
field_control,62.325158099456075,72.89979750081523,218.14653234862573,8.072112381649605,-13.350898154484984,5.340314879721498
projection_control,237.39226634951913,30.45462512955078,1136.1367923448356,93.03348060259779,263.5123400466933,1.9320182932041738
signal,26.677952126952142,-58.851698018450676,666.9545034669642,-166.51912358660692,-6.061621184170359,3.2647503616632614
field_control,17.21198293289272,-7.536613446151866,666.9545034669642,77.78723145001466,-16.68245000123654,2.951842646031336
projection_control,238.30882012579264,42.95361516565128,268.9735655782089,-45.57096144259233,29.436660463706584,4.841700831469062
signal,135.16881424794013,-59.03553284104034,304.57659782120265,15.398136422005978,-72.80210639253173,4.129349597813798
field_control,88.72555306950184,-44.355073657448635,304.57659782120265,-40.15181757182948,-14.716320169466576,4.071688488046724
projection_control,122.14989623144429,-28.697814658959867,890.6450175316612,39.28959300274744,70.6365672589852,2.5500270860191074
signal,289.37323626964087,-77.3649281749239,1019.6435411437586,68.92352161477896,234.04592256094753,1.7907427677692906
field_control,51.55110139688716,-3.902941102515228,1019.6435411437586,21.00753628968527,-231.53314445954294,1.415579444256719
projection_control,269.3462083375847,29.4370861127127,533.2094066569723,-68.91186925844607,82.87783137393912,3.6677022949884144
signal,156.0500037920284,65.92367112606088,1245.72726877916,164.92667024971635,231.36492040419543,1.6515135217032073
field_control,200.86154691641295,20.98198109479482,1245.7272687791599,-243.67362389693838,-19.48486904667026,1.5661200528728834
projection_control,326.5351057494078,-13.825437118556565,339.01339676189184,-6.638366916085389,-8.635346360199883,4.635043774152685
signal,358.98564740506214,28.360438600674577,362.05077681014774,-73.36825112526172,-42.737344903882594,4.437291660543025
field_control,66.58032139622352,41.640264397003435,362.05077681014774,-22.2494646573709,-43.79512190733922,4.443072219226459
projection_control,307.7906470421308,-4.418736322224784,479.84609123096243,3.3572644734519983,-8.059550338568817,3.903904350367514
signal,201.26134258077676,-17.067443746394474,355.9594475178667,90.05951363372975,-21.44331918124654,4.901032244918524
field_control,14.016134624173622,-4.730177338371867,355.95944751786664,-70.44453547647792,-4.143230506784288,4.041583246738523
projection_control,46.68443216072473,-17.516909639630583,98.24129299331229,-7.9294821363635215,23.431254450605405,6.396100387105652
signal,115.61837494894327,-24.012054617326747,295.8625851222684,-11.177741366108707,-39.3712676227394,4.931260953268884
field_control,12.956338392720431,10.790220583069779,295.8625851222684,-31.907157303977428,59.28954593347038,5.14557793210965
projection_control,124.49019542775301,-67.22142224468043,94.75178198525691,-4.820723244792388,23.85858989619722,7.564948854623673
signal,79.24007732571113,-17.493256020728566,243.85587965189748,-41.932364579303965,-25.162056202563548,5.047297264212751
field_control,299.36501941135015,-27.730323824030936,243.85587965189748,-30.358110850622303,17.73780017025245,5.284814635254929
projection_control,224.63945479043363,19.757789781220087,455.90575980845307,21.232765354126997,-112.29101709456191,4.231312177670793
signal,126.18739234301825,33.319487531439734,64.0891596540964,0.7419434862669555,6.637252499337588,7.698946388656027
field_control,212.92197531948892,16.967730134462247,64.08915965409642,13.147679001440574,-6.853604562374102,7.693574739026429
projection_control,344.72916543017425,79.26893537591545,251.3375547613963,-48.406780476111294,44.87315015394116,4.859190288356307
signal,134.1119785534383,18.828783644887984,372.09263041003493,21.960208061176225,12.715160197357887,3.977457701385821
field_control,128.91070868161614,76.39583087531463,372.09263041003493,-8.459902416486038,77.80081981455058,4.155999257317579
projection_control,180.94724734684695,-0.34796136675655776,359.1405997462141,31.918471225879166,-69.55192962391637,4.295639307865214
signal,24.73692398062595,-39.021271143116465,530.1898508028235,-134.9068038180526,-4.270047228850525,3.200032103295705
field_control,321.9220953864889,-64.40800088320627,530.1898508028235,-93.07781264721781,-21.700645676467428,4.120921690299861
projection_control,225.23428419381952,-67.24097889056331,441.0812712747228,108.56477995150509,-4.5181051720470915,4.184148513739075
signal,133.04671179363834,-40.67604149589113,203.14749200705822,8.990334228582192,-41.44474118061984,5.657512763369437
field_control,25.270780106776897,50.629596222780954,203.14749200705822,-65.20008735117314,0.4197054658534878,5.088173473975397
projection_control,61.157162178264706,9.488248705372252,1993.746504817461,427.9696620313017,-54.97053382231946,0.5386790592504443
signal,167.12586710612098,-53.43761244625887,589.2600807815556,104.14085502238203,-97.46979550549375,3.2255641288576755
field_control,352.9159461820173,7.155636101882186,589.2600807815556,-35.628841678124914,35.87236689150341,3.3069458768564575
projection_control,338.2446920490596,54.666302040147386,105.97381282264621,-6.325245804284594,-10.349131289033652,6.924476362054344
signal,260.18559080596964,18.69954323729094,427.5844885865258,75.41332702543448,-39.06552251804632,3.447795418788934
field_control,221.86504449160594,-29.722693959453654,427.5844885865258,-83.99812046218877,-101.66700946804188,3.748066924224585
projection_control,295.22430074003375,-23.603120815366747,659.0948376200407,-26.78831214919567,26.716634386921047,2.327467104321364
signal,236.42261449977886,31.920720591659972,1055.5216818161477,252.0951218903277,-99.66737959791543,1.7518937656712714
field_control,66.04713142878545,65.47488678905852,1055.5216818161477,-122.13533605870242,112.96708090568485,2.094733093673955
projection_control,249.6319661002712,-0.8176861486012466,553.7774417003674,100.28582560905953,43.76451137561108,3.5179064574031607
signal,255.1556358824955,-28.028269178384193,1626.9556690920158,308.97523549532616,63.110308953491206,1.20638566831797
field_control,244.46487563170865,-1.907808883759052,1626.9556690920158,-158.38556835846163,-151.03074922951518,1.3233034961780583
projection_control,74.99354040306646,34.918545099170636,150.15441914764293,-0.9048939848620582,-12.019631191455384,5.84060400974216
signal,3.0109254756685555,-73.35743612391045,80.16043568936063,-18.50566040090949,8.686455506869505,7.585698361420594
field_control,274.8172535220825,-19.671048826624347,80.16043568936063,3.107288347728542,18.894055563393344,7.364328528314966
projection_control,246.7597979598845,-17.2627822670575,563.7522121350366,81.47520084525584,-11.351702740411747,2.622852150296994
signal,78.36026384899297,-56.68427668245813,178.0859710534665,-32.51818075185485,-29.217581240064128,5.917444841222592
field_control,154.5634020134788,-39.56883163194544,178.0859710534665,-5.511065101242805,-42.505231824095745,6.082525137930913
projection_control,37.974033885972844,33.11243419110771,437.54483921134073,64.33285549523298,29.283473592166743,3.9782084427504882
signal,238.20634382394832,69.3447902884926,261.4005577433367,63.88559215234127,-29.85469245051438,5.028343963577355
field_control,310.18773824839707,-30.73683332997414,261.4005577433367,-15.573393113214918,-66.85077887940544,5.5798284688417645
projection_control,350.5681488085738,-32.99053805624834,280.31708415305104,47.19545042829051,1.8298752140779813,4.451070948196972
signal,174.23617254470898,-24.14896659199321,451.39579197596396,90.87464674205918,-51.40133103707013,4.215141689586401
field_control,54.26366662672931,41.73590273845119,451.39579197596396,-120.21898231090127,-94.77298149559955,3.747094890407014
projection_control,238.23998368978982,26.61198472791421,684.6480694044461,82.42256730708748,-146.0414009875422,3.0428949614669145
signal,1.9128512406045406,32.57793396946711,744.5120876740698,-154.03473504320093,-92.75295078633228,2.7114541530479626
field_control,100.381530087939,13.227611270704514,744.5120876740697,-14.240230980936438,-332.0821974942458,2.876107840148908
projection_control,148.4207020193996,14.171626931921953,223.4314714081831,8.3570313259189,6.254867520566402,5.026337632524644
signal,289.61807127545603,14.437699244779035,781.7204255975186,39.13224455184526,-83.1297251981297,2.418935861641232
field_control,33.65725017023632,55.73997256363981,781.7204255975186,-143.96712197595485,-32.1166086654641,2.357610469941459
projection_control,93.09297280852225,-25.5597312495791,212.46679649365925,29.668892246391568,16.70683385811545,5.561134236876894
signal,278.2114463845214,-13.657694624248208,616.0785759069691,67.92591714876087,9.302419576445189,2.777092955193943
field_control,75.91602261864676,-32.416036702603016,616.0785759069691,-107.76551431732072,35.66775199657779,3.057597260243375
projection_control,238.21872575182437,-28.772315913177938,831.4098259523571,150.27684728530355,-94.92406230811052,2.19542808187648
signal,197.4308986776825,-36.059528335639186,350.383026655864,88.02522396626739,-28.933986375536687,4.352167538456431
field_control,85.94237228801222,-49.263858751594974,350.383026655864,-59.99753682559027,-0.0014065051448471516,4.224282173181044
projection_control,72.81150498883257,-37.233089049173465,1310.4204680756707,106.13808579959077,57.96907533334774,1.4016405241784555
signal,23.926797279457965,-49.22035679347692,250.5507664409013,-62.34925119013041,-1.8972420051222365,4.273310117577811
field_control,330.3479487318156,-81.05016894755259,250.5507664409013,-37.90979763395266,-32.796338601801274,5.244602099707915
projection_control,149.55948021315226,28.933400624580177,1382.4545337925304,132.09411379682,115.0154242924645,1.0913020814720933
signal,275.9454178317305,13.29859871677424,282.3636898005797,32.3142245460346,-30.162931056218095,4.690669057330381
field_control,28.11948795041623,0.9009602766923829,282.3636898005797,-35.61922596962662,-8.306253966641313,5.107358538607272
projection_control,327.30309505929085,55.01014978471412,102.75818137867866,-18.268699847919656,-8.536900841733553,7.131447956034966
signal,210.13689158329097,33.31677911274532,578.1097953694057,147.7612568757243,-17.777178586679728,3.1281964018696873
field_control,153.86944326757538,85.28357795221038,578.1097953694057,28.187535894105565,76.1146270385909,3.1570519051108525
projection_control,115.61837494894327,-24.012054617326747,295.8625851222684,1.2113624628894113,-28.275845766597307,4.931260953268884
signal,281.5055917768653,16.726799934113014,88.41510836717805,9.466960209144155,-9.301494532056868,6.858026326097674
field_control,191.66352740168864,22.950177320121128,88.41510836717805,35.55530471558694,-4.542990704757913,7.727454435902735
projection_control,163.56435230435585,24.67618369737322,579.662869769042,-50.12449002435307,36.62380074001037,3.555172326917069
signal,270.62891726250257,3.4744978089669196,236.97272567253586,33.511802290176284,-15.762479678708154,4.848028429144733
field_control,323.52949936877786,-22.532710363462275,236.97272567253586,-64.4205156699719,22.834673598872325,5.585522413210021
projection_control,202.38797198322905,-16.03115560749259,22.85429485110978,-5.060375379011599,2.7576202768162474,10.392163559887187
signal,289.08074590482136,-66.36207811193287,347.08232928894313,19.360646201470015,69.55504207851776,4.54073474222382
field_control,359.17063871803686,48.91340447277507,347.08232928894313,-3.797787632576511,-22.25159971021495,4.5518936061333175
projection_control,37.92437441327995,38.89834215332477,140.65297007004537,-23.978769184508295,-26.394266764645486,6.164251599770766
signal,186.48290390566493,69.5500178819398,311.33071626267423,72.16418537531439,27.243865072123416,4.603103670662676
field_control,271.21972137114085,34.29434641045077,311.3307162626743,-15.2784941773066,-55.98968422386118,4.379082186423667
projection_control,267.2111473916714,11.757106318819188,225.2986453143134,-37.93586480284601,-1.2936639143843702,5.609065866924695
signal,50.516826549665396,36.68594033516004,442.774683405174,-110.5653567263232,3.762815487374167,3.7996225941347213
field_control,349.48475660485065,-75.73575203666068,442.774683405174,3.184282868963291,122.76755054572563,3.585537449000552
projection_control,34.18749908221553,17.654685670249535,378.08381317798785,93.78955049915048,11.028004959168118,3.9880249669429397
signal,241.6166904166879,-24.47876266237701,619.5169792268406,142.31374178773152,4.760049813124775,3.1316381918211906
field_control,283.3564077129146,39.32518496628922,619.5169792268406,176.8183947628104,82.18659505912976,2.7960195252345725
projection_control,93.13619117595874,-59.44621192907829,129.22379911302028,21.217770755725557,18.372894356881492,6.497916949117097
signal,223.3705626187094,73.72765682497572,497.72683400815146,123.64708028214008,-34.6060264520266,3.542832998648951
field_control,346.75295074970995,-23.51233470705601,497.72683400815146,61.90716543682025,33.283744102971546,3.799794543335722
projection_control,337.87072205032695,11.881355092507391,824.6727918289088,-108.75856438987202,-61.222308781782246,2.388975400374818
signal,267.2111473916714,11.757106318819188,225.2986453143134,32.785190221308426,-19.68130368934648,5.609065866924695
field_control,254.61746134000384,-44.47942347598717,225.2986453143134,-46.900479634757716,-33.105773610109715,4.872676635820391
projection_control,4.94839944408429,18.885524239601374,718.106261429087,40.536721046987594,-144.03540169551488,2.684978783915071
signal,61.157162178264706,9.488248705372252,1993.746504817461,-446.9809628376199,-53.48606578546716,0.5386790592504443
field_control,28.71483316238558,-33.18460156853318,1993.746504817461,163.72513532238222,-108.64060926096292,0.7047016009726519
projection_control,223.02943201306917,-54.49045042031643,350.18792335432425,6.647659235702403,-80.56205348574015,3.81303294948146
signal,70.19107196410413,29.745370980623278,894.7842161654153,-187.56655062254032,25.73120452389702,1.8039444927810462
field_control,144.69126731736353,-3.6028630932498933,894.7842161654153,137.27468713328955,-53.290471976839925,1.9170756225794374
projection_control,291.48301305572016,-20.895217561233746,64.07131211047175,-0.14112589086203178,-2.255924508358378,7.3472223268977235
signal,320.54742619895825,38.575076328031685,1302.7793621107844,-100.1223778405248,-243.53648814129167,1.9146846389557632
field_control,232.77502216888928,-8.642234502914,1302.7793621107844,-32.523684658225484,-234.5427166629552,1.6727094854460318
projection_control,287.3855509953072,7.507762268754835,6.860431888587074,0.09243024739731089,-0.6874107070561752,13.007164569574549
signal,269.9920074427455,18.23753666854266,1364.5126037415607,192.5225500927983,-140.47601599156422,1.4362143226017223
field_control,126.25866340353035,-24.975166301634072,1364.5126037415607,-160.47520731883347,-200.6305447384314,1.3302781172222367
projection_control,204.38183445517964,-36.33227595673916,727.1748107414422,148.29898341551944,42.523072952354944,2.7674643234726317
signal,326.96225593211625,-48.05686055715672,165.59417270967157,-17.9956899696579,24.00433934032158,5.727998631698409
field_control,98.4182105209603,-40.962380372028306,165.59417270967157,4.4091126267015905,20.701138793603114,6.304866319494877
projection_control,145.1558279461762,22.136228433042437,625.8578716143662,53.62570612667184,-41.541577053457374,3.570166088503585
signal,273.1375156190114,-18.872602662937975,256.9214995933533,34.81541964200772,7.969165875432305,4.57497724336521
field_control,207.86373616791272,31.632004105122373,256.9214995933533,-49.07666338466138,-4.11640930628595,5.2934341323500975
projection_control,84.39321600414529,6.942965426556323,626.9313671961352,60.02968348568239,-50.118030136765974,2.8057586776487318
signal,214.97591015650866,58.888931150767014,401.41290788417325,105.65782330417473,-9.911015816715468,4.100817598266281
field_control,336.06067561287654,78.58505008668901,401.41290788417325,64.86796889561964,43.07074474134542,4.412562955579501
projection_control,338.06465260210496,75.7752930855835,101.28137070087075,-26.07396071951804,-5.3013174922564845,6.952920470671118
signal,235.4877853300345,-33.4197702346362,963.047477799574,231.91250432971356,30.815551676360958,2.046609907650864
field_control,12.593474465815282,33.75089084838259,963.047477799574,-62.47928311478993,-2.434689519112366,2.5200071246299105
projection_control,210.13689158329097,33.31677911274532,578.1097953694057,0.5472082051136975,61.955342841876174,3.1281964018696873
signal,320.0860526184036,-14.813049528009667,389.03665050161305,-29.356017235752397,2.825333872600441,4.522291448707874
field_control,276.9232332749176,-24.08717135453927,389.03665050161305,36.01182033769622,47.97923584115512,4.09313666309461
projection_control,81.45807480114703,17.195612170511005,93.2940328713181,-9.37965040300405,-6.134189482040037,7.7547969535814065
signal,208.3704316242986,-7.807556342788148,401.9186944988169,99.63353459859148,-18.27611203374815,3.8755367804996803
field_control,260.18182009606574,-30.689283061764556,401.91869449881693,25.49942276747131,-65.20493235306367,3.6316710447723466
projection_control,56.232542855015744,28.407479572203403,1063.8763823527497,-173.17750822140636,-65.91865670057406,2.4762035978833654
signal,227.66087675821944,-6.9607870156118326,744.7042572077324,188.7736004344364,-32.33590919721402,2.3888665803122673
field_control,347.0232331397834,-34.37925702152565,744.7042572077326,-54.99423599384725,40.13059111043365,2.3243239007177934
projection_control,356.6444965436757,7.063493331218604,223.14531784329256,7.055143330851378,41.121271900049166,4.859607372377311
signal,56.33161776129621,13.054581602137882,431.540223203869,-103.30328583392114,-12.766486069018363,4.093632456160831
field_control,335.0560400397157,-46.60293372093536,431.540223203869,38.56480666678342,67.91519552230463,3.1988390318952717
projection_control,173.94511079292064,-71.02581341349652,412.38480634916385,-42.950414119958936,-32.5148112743123,4.378110864460168
signal,170.61163924179698,62.39358175647813,460.05994220819616,84.6361287627695,64.06235530363327,3.963512465121755
field_control,274.4037223359094,5.892429138715749,460.05994220819605,15.44881497854071,56.24544053996082,3.360828147278278
projection_control,147.04400930705373,-6.9902457442193855,169.65909062675314,5.118094707833583,-16.713526980475066,6.197614000653609
signal,257.9029603049156,-31.239365819687354,308.8272735935178,57.93887734620617,13.01731003587472,4.6020171733356
field_control,187.34715528573548,12.169282000876441,308.8272735935178,7.852759396332941,45.62294446894453,4.572068860363936
projection_control,38.126089585352744,16.49567702984708,1080.6417710758765,82.67501064222321,-224.7226006790427,1.915954751145314
signal,97.53937139389156,-49.200192185649094,297.257347925455,-33.963419523946975,-64.1431211511099,4.837244120404976
field_control,73.53631916406715,24.268003173395137,297.257347925455,-45.633292492509675,-1.8608342028383555,4.466440751854955
projection_control,143.23165308627378,-40.7286043595207,358.2669479101838,34.961833482820275,13.765641169951296,4.4204223798167
signal,72.81150498883257,-37.233089049173465,1310.4204680756707,-263.1674834600713,-186.3498600603585,1.4016405241784555
field_control,196.28485859720675,21.126406010250445,1310.4204680756707,-210.02082247627217,-308.3293463298732,1.3589059790781715
projection_control,51.32035981192161,-33.21274471584473,196.8161362575361,16.113920442090663,46.74201184959856,5.4692705208742085
signal,112.97765096078959,50.70086758423388,480.7090880306247,-19.573586994448227,83.64541369841983,3.6607478665677715
field_control,275.52671781107534,-24.540312600444103,480.7090880306247,85.76045468914901,-59.15315657602933,3.7384029621034176
projection_control,116.75857584654649,-10.940798174658344,559.0036095997378,-23.484451716054707,-41.61093312556139,3.4674172059851553
signal,86.94022607742005,16.9550653312977,302.7901182698874,-46.21342197593926,4.776118550046908,4.943788776726886
field_control,322.44091654964154,-19.83898235162305,302.7901182698874,21.943997724997647,-49.08333110105095,4.5030719345379815
projection_control,199.21362830991785,68.69260283400445,293.1209465297754,45.429650069088964,-55.03322714478908,4.100679204881939
signal,77.36854933310251,-25.352520843565834,381.05037621862186,-74.75103528986998,-43.15013501732277,4.282683526454069
field_control,284.2963233157976,21.286338590609997,381.05037621862186,-8.875033821312217,-94.78374257534719,3.7585393861238425
projection_control,323.2672728652039,4.784578298663801,347.19533172799896,-35.81212129978167,-4.802628909405909,3.7531425725661283
signal,152.94630343251131,39.18998804092796,164.92159065034542,21.071801501080675,16.17414943334935,5.862830094143439
field_control,70.29609666877943,-17.523967151884424,164.92159065034542,-14.275186855642344,14.18148872160801,5.897642325374196
projection_control,94.01847570390969,-39.902923580517474,633.872361826077,-20.553962675981236,-75.18027001764702,3.2249376166639125
signal,326.8218649980723,46.281165129497005,283.250583383875,-28.18418002170921,-60.7024538130191,5.1448546987240285
field_control,215.88707312210138,-35.082379933054106,283.250583383875,93.41747823885927,-54.402329029323916,4.46959878891433
projection_control,75.63858944844665,5.328198693637643,528.5096388381604,107.2506331223351,14.283472697595347,3.145273615696026
signal,182.54147282593857,43.870335695469436,766.8376896637807,168.14554030095684,44.186409474107926,1.867026137797857
field_control,119.58244543128852,-14.556092103501788,766.8376896637807,-56.58066335092385,68.30338603353913,2.4952468005415915
projection_control,329.9113960315438,-14.930972595816732,286.7643647413729,-23.396418077504876,-18.96734772673277,4.8553031399619
signal,67.65133709351629,56.91409842742796,1101.8023931221571,-248.46017806339867,104.71437132651731,2.405103436782368
field_control,3.3140402606314767,-27.118459071248296,1101.8023931221571,169.7916762772601,34.330905717647866,2.1923145326826887
projection_control,98.5105504298778,-4.324715818930109,839.4252525439465,87.33421755578875,-21.310309991915908,1.6274026963919264
signal,27.709800977114668,-29.70391098273368,292.8903337964526,-71.19933896775244,-9.564220573352422,4.154687076629965
field_control,72.07953688391979,-55.42404072980148,292.8903337964526,-82.62250523597099,15.756443206118295,4.585323213868333
projection_control,299.1417015798246,-7.516290552120565,207.09679580911933,-2.647511519846312,-4.231192961183065,5.5183682441427715
signal,250.61621224965307,30.669415608779314,1600.565335520039,335.106345704106,-199.42463277515728,0.7905051182535203
field_control,40.75943397604174,41.32106318704019,1600.565335520039,121.21513791144291,219.20363405743868,1.5099202316895326
projection_control,129.753657770935,-15.270770100964016,334.9634810866018,21.345069871301035,-11.340173904034408,4.260671384576396
signal,137.80755519709962,-4.526547799202139,327.2563166431182,19.687645737299516,-23.71443541888511,4.413284549549437
field_control,303.37888447420863,44.9284153010615,327.2563166431182,78.44251499887251,-36.47570502957987,4.855050606189348
projection_control,355.83155782685316,41.93516090451891,261.21708865612413,-46.02310065711337,-20.263502548138806,5.512620398240614
signal,295.8591407707293,43.15678615875074,102.39964338320613,2.48247580663297,-22.379968020848313,6.904563577934807
field_control,93.06225077321231,-34.09034159499309,102.39964338320613,-23.36513538976325,9.26742219867853,6.774716186579543
projection_control,75.17913677805238,74.23519355119973,343.6944582186531,38.90476496855647,-58.520151900652536,4.471991421359557
signal,237.4238767106773,27.19249069273556,333.68489428372754,79.42061743495287,-27.329322788793785,4.68524057777073
field_control,102.49126879951997,-60.51162649923256,333.68489428372754,27.437588796915477,35.654897243425516,4.049980135838031
projection_control,242.23380069530867,-36.73627333948224,189.2732535402638,31.58111525689065,31.2504457749605,5.841663381724686
signal,286.6469221948927,33.5658423000685,468.84263956070953,37.72469110485972,-85.8494476909719,3.327513502738956
field_control,345.5771658475983,28.532349874060408,468.84263956070953,-72.72339483728423,-29.914852551066904,3.6290982397459683
projection_control,167.03341134007945,-19.712824907789784,458.09565191078343,66.07377704026987,64.85071752725055,3.872853321989988
signal,97.90057419064155,18.199321891844914,292.373560452513,-31.12244626920986,9.571760376242077,4.74853956272055
field_control,136.47122029758677,-35.235797878088015,292.37356045251306,-16.430842258214398,31.31940725997874,5.016307846494698
projection_control,236.42261449977886,31.920720591659972,1055.5216818161477,189.7890878417674,178.62666734848543,1.7518937656712714
signal,249.2492120859809,-40.17635754997107,413.0382300062408,82.76828868087266,29.430867475552215,3.7465851157344474
field_control,3.450830451982041,-12.305784195791693,413.0382300062408,-71.1985682780548,-16.697328163020117,3.772991473331767
projection_control,294.1106066178612,-46.179228540823125,158.59524703118976,-21.84295156594115,1.5328331786477565,6.0040248996117604
signal,95.06231448973877,5.1667043461383235,352.718936604144,-43.23981627712991,-12.863700867613613,4.3513984113708215
field_control,102.18461340460915,-60.660244270894054,352.71893660414395,17.51348580158963,-20.398450037791648,4.53528320704824
projection_control,244.69099806000432,43.942626633370494,616.8621021172881,-65.14655065680861,118.03769280216767,3.0184286347997724
signal,338.06465260210496,75.7752930855835,101.28137070087075,-14.93974544359486,-22.190237801509184,6.952920470671118
field_control,42.94784901665248,-33.19298912209529,101.28137070087075,30.9149739305316,8.62917369040167,7.334884145351308
projection_control,78.73552811648997,35.91063484035408,879.7580590132379,-12.154836882235449,-61.993280225908876,2.1714032554994676
signal,229.09474135201478,61.01849210713636,470.6260993434899,122.04112864827705,-38.01647294558601,3.664500655695848
field_control,37.011082224907426,35.85984860575721,470.6260993434899,-121.31713776426042,59.057531143870975,3.404412264782173
projection_control,254.66292001185397,20.666991816145405,1025.828743457435,75.31621957758236,-52.84698192854453,2.069754278727695
signal,116.82424806312316,-66.01508720122595,81.76131636494436,-2.8489376828216875,-20.674309106109625,7.272283175114422
field_control,27.895424448869825,37.50227241611938,81.76131636494435,-15.764738727574565,2.8609456042174464,7.234445298367151
projection_control,317.4086202636629,-11.188627644779096,470.0792912983054,-21.76698557889722,-20.28024921772885,3.859684037121662
signal,97.02427042521815,-42.09565646079733,130.89604185085977,-14.871764571709596,-25.456020395769148,6.262348244108925
field_control,213.5734092631358,-35.86167212989034,130.89604185085977,0.037331711569179804,-39.68753696634565,6.629166038775852
projection_control,99.74492989682386,-30.35255504048525,1046.5345326831257,42.499206677183764,180.56961030311118,1.8924803732211959
signal,68.73357062579166,-47.43771256395531,701.0302288898117,-155.70626147361614,-95.03494615744177,2.857498027021254
field_control,68.16518050674911,-19.157879622813276,701.0302288898117,85.9649700488812,102.68098634297495,2.8168705377054972
projection_control,345.52476734574606,0.7930490972805982,216.08967194274317,33.4022230507648,-15.493691861408667,5.574881538356558
signal,250.070745201742,26.869493656359968,1109.4636138131025,233.86859988005858,-131.3264203673672,2.0575493337551425
field_control,130.04740585476375,-47.014238520873555,1109.4636138131025,86.9062728153189,191.14794204174677,1.5686162240652253
projection_control,222.15813999431626,33.082287664268854,850.7415173185304,-205.98519941677316,-36.426929580795836,2.854172015635285
signal,78.73762067925382,39.46232209187772,951.0085998418234,-168.74293149200574,73.50688499710525,1.9295939786342167
field_control,310.326377806806,-58.39210667839388,951.0085998418234,-85.0936384131159,5.455628523969252,2.003423644457695
projection_control,268.94817616645037,-5.814064879762281,149.73896886379205,-2.270495241746752,-11.880270661636331,5.963902388894148
signal,214.30917573389607,-34.95810171039539,1833.1169285294006,459.08746547049634,-65.64590371246197,0.42341889628111584
field_control,152.76173032665923,79.84793893793432,1833.1169285294006,288.0362255258061,-258.3439277965315,0.662893293834763
projection_control,165.03531268731768,-63.64837462857604,502.808021938578,98.28282389625753,-80.78183914647023,3.043819292035953
signal,95.26860969312864,0.6706845262045994,977.4869563812712,-117.3466039154583,-57.867132871328764,2.23348319536936
field_control,329.6488860185895,18.130833592884112,977.4869563812712,160.93516684339846,13.492584852533568,1.5799888181811708
projection_control,80.75468118726944,62.633485321303894,928.4420738801409,213.7834879633235,-13.676781492795634,2.1524204243712033
signal,238.30882012579264,42.95361516565128,268.9735655782089,61.4845898941822,-30.259945573506606,4.841700831469062
field_control,179.25769922241827,4.8296218870804255,268.9735655782089,14.552514803553562,59.116812312531394,5.081144931331178
projection_control,315.04810270361475,-42.42313537716137,189.71427120830108,-24.085054596198383,-0.9181069483649518,5.159259386368351
signal,293.3783022745941,27.749259951303248,1097.9332579526247,60.25532796132268,-173.02959156497934,2.046269736819734
field_control,143.58118134231208,32.07284293405229,1097.9332579526247,350.61787323097116,-78.12631320773703,1.6535126399421909
projection_control,20.223387845078044,79.8390363518371,996.0772216462913,34.68108299906559,-90.80851495442248,2.4541781670827194
signal,280.08908753207515,4.845802135814886,534.3322278477348,56.56347196413513,-40.15815528922388,3.0892039903938353
field_control,270.1400137526526,42.85570328094683,534.3322278477348,-120.63174491910499,-14.530049894916672,2.5258282872657496
projection_control,200.3272694455759,-3.0025466786375263,645.0254436439207,-97.9230225440137,-43.745961895937626,3.162724866433845
signal,273.90647913508144,10.410266387658702,172.43488567188473,20.45254479021107,-15.206610253517358,5.28304265523945
field_control,26.34303555648075,37.837896009506665,172.4348856718847,5.672859300381492,-29.72365224981033,5.8097130423736445
projection_control,58.68688097335903,-62.215220130915135,153.32066065509093,-34.26231287453775,2.923208662367904,6.301617237049154
signal,67.58006604921074,0.9580927553058689,1678.4016811739725,-367.17859181903265,-88.05067349474544,0.715619246144469
field_control,32.212217873670255,-75.22193260408217,1678.4016811739725,56.93215520584958,13.143196895674835,0.6530490930243171
projection_control,240.06506087003692,79.61538326498503,196.10885436372573,-47.950111786877265,-11.579543195478053,5.9573393649225395
signal,31.818580914426743,-23.885054866349364,191.45087340453037,-50.33360564836704,-8.508067864594604,5.3598074574581975
field_control,234.71053701226577,-38.78385659028185,191.4508734045304,-47.859248648251004,8.521573160453066,6.0963598979285045
projection_control,335.35976915141316,11.613114562063215,797.4170452009125,-114.38459351968929,11.338293820731941,2.5923266059445322
signal,251.6215782554588,7.4721340892490735,575.8069073274361,123.17302595441554,-35.4572376085264,3.174979128323276
field_control,175.29865676612937,18.04781699716897,575.8069073274361,3.9756197717869606,38.48225372610416,3.0229821420713754
projection_control,226.88899900421683,-68.07589307454896,128.69288262896825,-24.792515285614463,13.421975547114998,6.2901144539310625
signal,132.60499696596648,22.195656940150766,887.8065099544638,30.69179825558034,48.67168571824371,2.0673548096153773
field_control,284.54949011491567,-14.387661790175141,887.8065099544638,89.39404612702968,-185.8322151767916,1.9291153648229111
projection_control,311.1959688726111,16.537991410578606,502.4968248301359,-9.978110361924296,-59.880074539042006,3.3978075793662526
signal,155.64464150520502,48.30065884431839,260.9555868371439,35.409857540839276,35.3003546959623,5.139472089568661
field_control,329.8575014436713,74.78881703480808,260.9555868371439,-32.40863879521128,86.61471924002211,5.069546805156332
projection_control,177.32486547118714,32.95805746278077,605.3764106478097,0.24176731605895513,118.6931002167527,3.0033126595526625
signal,11.213673405620781,15.81801099674059,300.9391606156452,-69.87492230887668,-20.068701023745984,4.521161394791593
field_control,139.8120759617571,19.317921379109677,300.9391606156452,-63.05475602859582,75.82541672767812,4.409472263116074
projection_control,334.49022720556655,-57.76671324938543,1039.9983153167655,-139.87416922685702,-125.49013893356278,1.62351821231813
signal,93.44752173901772,31.482833096691326,150.87210991082,-19.85822173973257,12.147743635888997,6.15209753018815
field_control,214.70760957047264,65.93701999228048,150.87210991082,-31.793036300940816,-13.378142617081348,5.87311832018031
projection_control,123.38313315404659,-23.82193716999321,185.15398859569885,-5.64869195630772,-23.83184689553735,5.847755187789795
signal,12.123505394807049,-42.832448441933785,238.62149719879812,-57.434713528894946,10.188472941374359,5.1587425360270425
field_control,180.25078600631153,-36.66298417381337,238.62149719879812,34.83180897916513,-23.910887053861064,5.264302583342081
projection_control,51.42310733315947,37.09039144943789,345.5138932955403,27.30448403430853,-21.99050599290261,4.881154243763624
signal,316.50687813644913,-4.409540598619222,198.1434549761329,-11.351454192084523,-6.395687740889194,5.57358787070859
field_control,353.37983603127583,46.71180589159811,198.1434549761329,-27.19116445003791,-6.621725465843667,5.202961150618065
projection_control,162.0211101934411,46.64341104821281,430.7832014812922,-37.98467441287146,67.20397067299109,3.826461963407739
signal,87.62280595867097,-78.9131310289058,575.5922227914675,-85.3927904862779,-121.33038671844078,3.192186680547347
field_control,299.1903866483742,-20.93418917572467,575.5922227914674,-68.84859307629961,-98.88501688956016,2.7622433162240037
projection_control,245.58900813183556,-76.07539350723088,298.7351922365253,43.15638673530169,-51.76909428730007,4.976668254550668
signal,200.64138104628287,-30.440430773667188,736.018101408703,182.69658976293076,-55.56425132803563,2.8187377302369323
field_control,328.22557497984724,78.27369795878815,736.018101408703,181.68928057855953,107.36415144743482,3.1833569237421395
projection_control,261.0021874676827,34.92868429391418,324.6893368291921,58.38293765322103,-20.898575226675103,4.66061335604823
signal,14.03255543800695,26.931403474312567,229.53878121228203,-56.52268213035641,-19.455795032213338,4.957023103217343
field_control,91.5624315279375,-43.20593839344258,229.53878121228203,70.13787950558348,-19.363800674179053,5.369569264645278
projection_control,43.16079365017635,33.21342776508908,793.106296020574,-84.93953617616525,-114.89223525869073,2.528802649965099
signal,240.06506087003692,79.61538326498503,196.10885436372573,46.97200840254326,-23.31390309328831,5.9573393649225395
field_control,278.10951233853393,1.8727387504202127,196.10885436372573,-48.20511893655504,-16.194011334614483,5.458251201428065
projection_control,155.24419312496084,-55.67115279210302,107.58374692994516,1.734759784181406,-12.803827819034739,6.360301616863809
signal,116.28984447147378,-53.287361720060794,39.938754298630975,-1.059848598681731,-9.164597356896822,8.922066210116167
field_control,95.57036099915362,35.851684411215004,39.938754298630975,-9.3904239965013,-6.452141320263802,8.991984262216148
projection_control,293.08524681281824,-40.76446364525002,105.51863922110671,-9.460830792158678,6.3683245402725905,6.885268552941607
signal,323.25090730475966,-11.362246141501775,448.40541447268276,-44.432396238919104,2.5039297030159777,3.3481810184379803
field_control,75.14731203422035,-7.742142291137552,448.40541447268276,32.70657638173713,-62.932444537686564,3.8934050672424316
projection_control,280.87655347282805,25.906758449698255,468.5087708466397,77.49280352158537,-24.03435173468126,3.7450045795985285
signal,319.72254801625286,36.88006383967976,483.02733543920203,-33.13721438746574,-93.01987263178736,3.636563462092762
field_control,339.9358174759983,-3.659785480778485,483.02733543920203,-72.2619501845453,-114.83611025035665,3.872142689879256
projection_control,350.4177428993356,-5.769133311856899,126.6587005941039,-9.001471580260493,-16.58563626279173,6.458653788195698
signal,117.10462261022921,-36.293996573675734,214.34861756874548,-7.387766123442585,-39.72750810833361,5.08904242079577
field_control,6.949590018431993,76.58411531186113,214.34861756874548,5.9880418348617885,45.290063245391,5.117603978135512
projection_control,85.73279531965068,39.6522980349324,1770.5912325763752,-111.94916559377008,281.93941747892757,0.9185192097190124
signal,324.34592244856844,6.325109568500795,512.2439765073207,-49.180286585059164,-44.82029100746806,3.6522160592472415
field_control,347.53993331883464,-8.591212736258187,512.2439765073207,31.58617135391411,-2.6730954254110486,3.5624596566842834
projection_control,47.945565240308426,-22.3599661073667,409.17456968874444,-72.96743602379922,50.08524349476867,3.324410863612269
signal,358.6167624595604,27.784193736691996,110.68027215558054,-21.824292019891757,-11.758664612692565,7.442530580952352
field_control,53.73428291597023,12.01361982605578,110.68027215558055,-19.25867883970407,-2.2264137875823002,6.627637655276566
projection_control,287.6968695977215,1.0188363178237143,176.7369474696435,-9.65337147750938,-8.812263463426804,6.262905965960918
signal,297.1496390846213,13.413134718640157,163.66127039089307,4.659338928760681,-17.5217052932281,5.694298782606562
field_control,294.9977094455765,-62.989167890621275,163.66127039089307,-44.371803280993376,-18.402137136693465,5.873576036720129
projection_control,295.6998106442499,-21.665437412066694,382.16483687474687,1.7791867448717593,17.78952292289951,4.0157232844074775
signal,304.1536851918824,-38.605200592495954,435.3318224872759,-6.6246102918278655,56.071527899665625,3.9056096250866683
field_control,99.3321191045171,43.19002309977958,435.3318224872759,-105.86944352248138,35.29715526422133,3.854105785358944
projection_control,69.79070445728136,-22.108872390162293,769.7709890705964,1.8782221253316593,-76.35083964203699,2.602674834081795
signal,89.64314499927237,-16.811914498455565,229.38867616682367,-33.771418258020645,-26.790778490294194,4.670488448231213
field_control,126.25283787506187,17.23767295619654,229.38867616682361,11.59689980218852,23.737573385213555,5.1951365529268
projection_control,339.009115196891,85.34047604620677,911.661659233403,30.917530298816168,192.78641321183648,2.5152927376465573
signal,207.61286358879227,34.58189198364114,227.23691724612274,57.148043516045675,-4.440910491127769,5.3537771243540755
field_control,78.03277607591458,-11.067177692885355,227.23691724612274,-8.994791640188202,-7.928845141189683,5.438275625012443
projection_control,128.47895106159967,57.72708949803451,189.76073128286504,-14.49547350802689,-9.429344549351416,6.093730020374361
signal,24.212129028252424,6.226147103448129,941.723491637151,-233.73102882025955,-60.39700771017671,1.8646688391119637
field_control,210.78505529318866,-75.38903663353585,941.723491637151,103.86770489158918,123.34853118395614,2.276508946786549
projection_control,350.8886145774785,6.627715183601116,740.2265418108918,-35.51336573842866,-102.68597792346567,2.606550004008013
signal,34.17045725580109,-81.70594928879243,132.986954848349,-35.263992986356136,-1.4241581833426658,6.19350440644775
field_control,125.31439710283466,10.564228666554733,132.98695484834903,-8.990429579104804,29.405351750460238,5.928504029166441
projection_control,180.5464657260599,44.79140420858213,367.5544700593264,50.864217280900284,-61.68295416015768,4.240968460375052
signal,359.6013403319846,31.46526204415576,379.5986826289351,-77.97527764912121,-45.291247044443914,3.7729905702040325
field_control,236.66149421807876,-77.0802914187273,379.59868262893514,-35.27730552287309,-55.71947747497049,3.696029555036348
projection_control,323.25090730475966,-11.362246141501775,448.40541447268276,-4.491176271731924,-44.24668049264319,3.3481810184379803
signal,117.59012979332793,-68.33795306440815,184.05018460566473,-5.153331888513079,-45.8211044980025,5.894964080875791
field_control,5.633034459143751,-86.02366115415613,184.05018460566473,11.495148172479588,-10.09857195483857,5.564403707631583
projection_control,311.79655633602044,18.48648956288988,356.70632623206234,8.811889200216099,-27.817277691664277,3.8914793765071676
signal,269.3462083375847,29.4370861127127,533.2094066569723,76.79767560695666,-78.34753092712134,3.6677022949884144
field_control,23.17495806541426,13.42646022955534,533.2094066569722,-92.06397301818687,-88.91632417844333,3.914098566478984
projection_control,240.19644138990515,-28.865708411417774,428.73651879001795,80.8106200965176,-49.21973266662187,4.314395926093603
signal,290.39941908965386,-36.51540379215357,138.1468627785574,7.826766703532019,16.776554245698716,6.305310430238825
field_control,35.878014983249514,-38.45983492088855,138.1468627785574,7.747605763772515,-35.35470588011039,6.042817316090791
projection_control,289.8325146584386,30.818931894813883,444.5307191019775,-41.45976465736457,-29.244221536953933,3.759942481974207
signal,308.8883775626025,66.36913928801816,467.955931119925,-10.142325653547445,-119.39363259394325,3.3896472077786184
field_control,150.8377267116832,-38.04097775628846,467.955931119925,-4.1301747985339015,22.008018557329535,3.5865084064955086
projection_control,301.4521487172542,-19.32811178976369,654.69579031109,22.878700894478133,-33.0893828335908,2.849720169601205
signal,359.14618706477637,-15.314580357031723,2203.3730450030685,-468.44841188252514,-13.886813445333313,0.7614167499280158
field_control,293.3266221575914,17.851026514345435,2203.373045003068,-268.6772316068558,-161.10723313922287,0.12365603100990122
projection_control,254.38675315633543,9.974910913157,216.8162452211684,3.861867278579959,33.75898210146297,5.445152277846138
signal,86.93873469247242,-20.25120371854037,130.87249607461666,-19.398210520405147,-14.1754518761808,6.1906350336595395
field_control,319.74404773621774,-63.20251693751451,130.87249607461666,-2.181213138703065,-2.4641105002707278,6.249544756759514
projection_control,189.96388783981016,-19.361263503576378,47.453416946058475,3.9055600744229877,-9.066892080284873,8.45208062440651
signal,14.526297669491896,-44.60570118953682,991.5189279995329,-238.95966143440685,36.17980452324686,1.369885263723192
field_control,88.13186642192427,-21.912418534760732,991.5189279995329,-31.60778941494612,247.53668259243878,2.0719668768729402
projection_control,358.6167624595604,27.784193736691996,110.68027215558054,4.380814929392016,24.365178672437647,7.442530580952352
signal,148.02894647805093,-22.879328173661047,533.9784221848681,52.81092664170692,-69.28158873369969,3.4998981642430476
field_control,206.77310072604502,-44.51823236969374,533.9784221848681,-64.41242702389381,109.56606952923258,3.7826146441146222
projection_control,204.47074703378894,-18.800787193264558,117.52810068761062,26.631384834399277,-11.598164888621561,6.423001971243752
signal,46.8290411384209,48.87718115416151,93.19592597931721,-23.978857313164056,1.046528778623947,6.821582959065417
field_control,276.61139736933615,9.227371074304044,93.19592597931721,-3.293801427211733,-24.586902276068756,7.2898058811220485
projection_control,299.7402383974072,25.38212368830353,156.691863408042,-7.9601323106366175,14.485174487051538,6.579179831050924
signal,8.073320098339842,83.0578411697106,92.66372465808527,-22.649105613538563,-10.136879305631092,7.462033873696644
field_control,103.97859477105914,18.87655798785886,92.66372465808527,-4.528565317261864,-18.506065928491715,6.924391947218764
projection_control,137.95753174101063,31.467567920268124,1091.7211223789218,59.4456789448781,111.1528757559019,1.7735437641540124
signal,129.753657770935,-15.270770100964016,334.9634810866018,8.438917183182236,-36.73120498713334,4.260671384576396
field_control,147.24278522505836,26.248915062490415,334.9634810866018,57.35489388775019,16.54860098130577,5.200981546819383
projection_control,263.77165821250094,17.15450489749191,550.1480952547804,62.19616560522358,83.56654124950076,3.307901948241448
signal,282.1457703870851,-5.899205183214184,299.2048264364604,28.948028669669334,-8.047889120047355,4.801270998162772
field_control,188.63071296685698,-29.310191673056355,299.20482643646034,51.44556559264781,-0.35457470706927624,4.64372899228785
projection_control,72.94774828872353,10.89166955410369,522.0816985697874,38.82144363852849,93.34516508214071,2.95222391220083
signal,203.82504884102548,26.36844932994221,420.36973505683034,103.21724832827397,-12.021900307608822,4.302292898903897
field_control,48.55494470689718,-55.23528252942886,420.36973505683034,-118.93228100019604,26.69354045865805,3.7086765080236153
projection_control,123.15874351089386,-7.998384491194396,360.66179379784063,-28.660912760369733,9.80471470501376,4.444691516895137
signal,112.60007611572746,50.56913736758398,562.5293970463371,-34.680950963690606,95.55409617749922,2.886616225439805
field_control,9.353625741280911,-57.419177931425914,562.529397046337,4.716270515768623,74.2605188499927,3.672902797229299
projection_control,81.38846556380257,-44.62052379224729,1074.2449051483418,-251.777055466308,-35.26747327330857,1.963075662694212
signal,235.56312197737907,10.724610749154829,524.3415697015585,128.45903001137972,-30.136699494856764,3.232147411412722
field_control,55.010091354581974,-8.493482227335495,524.3415697015585,74.37698542665586,130.75594522708258,3.261207365297298
projection_control,239.11897859602857,-56.946477815651704,264.3394021577514,49.89312248192628,-30.022800361532767,4.815219166507309
signal,83.52654491117187,-12.529872752335702,275.11740180126293,-44.38649991735499,-25.84115090238242,4.779708371342724
field_control,225.66730365127202,63.086236169360554,275.11740180126293,22.30385917597355,-56.14662911275858,5.301283789636076
projection_control,352.9327467391866,21.23756213706726,963.7232097825463,-57.98362871108991,53.758639709019796,1.9239478425279477
signal,5.177320585950608,-10.064477655341522,228.50795032454116,-50.699836951819584,-6.162862684344596,5.666758821776982
field_control,26.5025741521254,-34.37048826119706,228.50795032454116,6.647752974352395,44.64002150585806,4.944300588776679
projection_control,50.395455619834635,46.334399240689095,272.77490773612413,12.119587021221244,58.490529690064655,5.069722622768416
signal,275.1672191171138,23.03144705580434,205.3121755911486,25.591364702079467,-24.712704763113873,5.24041165950733
field_control,68.29069134604619,-29.111896719531554,205.3121755911486,23.411050043870045,29.17743972257763,5.866935591565873
projection_control,219.60267014861483,-41.60347645444865,695.8094225684935,-6.639983181020803,-170.94582771101443,2.7833565033789616
signal,224.54751055104325,-83.49575853070185,206.48624424367,52.60399813633883,9.414270779733632,5.247193266169773
field_control,121.62739885030935,-52.9606873651558,206.48624424367,-12.52811560047114,-25.365113509929312,5.485858674238983
projection_control,269.9920074427455,18.23753666854266,1364.5126037415607,153.86606846094267,173.76470638781,1.4362143226017223
signal,274.4289448203456,13.838070173133453,991.8850324375989,126.70778790882518,-89.80980640463032,2.161135488667377
field_control,28.03322315029188,12.189199627264907,991.8850324375989,124.01881001434519,-78.9482923473001,2.4050089858113646
projection_control,218.7909659144349,14.346873135246463,381.39348772276304,73.58632725857754,-59.1183904340837,3.2101911642890735
signal,14.017686007559618,-16.798933602175435,387.0793184187618,-89.20402683916338,-7.3833003569254165,3.8878315439890714
field_control,69.01173761818839,21.084582356772007,387.0793184187618,-49.25448430338599,-65.56654954141136,4.631529874312706
projection_control,242.05818358501327,-23.65376963172637,115.98208411761188,-15.44686110694137,9.884808604503819,7.294399924556693
signal,301.36306601903476,36.04317115639826,1194.5699641299034,15.296604472270454,-225.73804339836968,1.6596998109080798
field_control,328.057124034064,16.610406243831886,1194.5699641299034,44.99105931765867,-66.4741656571767,1.2741598588824183
projection_control,182.80982302516045,43.52840991789063,40.884641960742805,-6.6996547353512135,-5.820418442503533,8.68690648151665
signal,223.02943201306917,-54.49045042031643,350.18792335432425,91.08636708820258,1.5503343443277942,3.81303294948146
field_control,6.947687601714514,46.241427098810256,350.18792335432425,-74.01714366901938,19.27667158578899,4.6612257219993944
projection_control,122.54816020113348,-45.72981084559666,573.5206381562938,45.93203281273928,108.3476707134434,3.6317069457595292
signal,202.82232625655044,10.160403666614325,425.62242132545407,109.17636542460049,-11.403046618661646,4.519176492518136
field_control,235.23549270277036,-1.555675863863853,425.62242132545407,-52.882898788251545,-43.133441266046184,3.4322063384235353
projection_control,164.85443799625003,48.455862206170714,176.2412244052243,21.03692344571291,27.30762812070832,5.272319417767821
signal,224.86105732123136,-2.180872790093842,143.74400643106216,34.601854766166674,-8.532048329800592,5.807738504209546
field_control,138.38721512946657,-46.977507840149336,143.74400643106216,26.26161088443674,17.288490825815778,5.897895966727899
projection_control,33.14411498969115,-31.75302929608608,588.6161122431142,33.77781021232914,-106.59620006525901,2.77014449727766
signal,311.1959688726111,16.537991410578606,502.4968248301359,-8.553211656062862,-63.11134025368521,3.3978075793662526
field_control,242.15354619565358,-24.909723467620342,502.49682483013595,25.38263917250784,85.38279185412645,3.253310552625584
projection_control,296.27416981503626,-17.749557977300338,657.0039650941451,-21.22040905749184,10.034092708451897,2.954154675973369
signal,211.2971423612065,-60.49268387327884,891.4487477012948,231.31205504200616,-34.055508520881986,2.2397737931395216
field_control,211.9290193308256,18.95709012922804,891.4487477012948,-39.649907160203725,-90.1952374656094,2.4006090947455085
projection_control,18.660887683102448,31.989681091352903,254.34971896461346,60.480459765269515,-5.049546973300069,5.018024437312473
signal,209.14213675974457,9.205014155781427,815.016873761293,216.77296998046037,-34.48202343628565,3.0179734389043444
field_control,80.45955156767194,13.076037528807083,815.016873761293,-141.7644515210972,29.77839643333738,2.454071761677764
projection_control,283.4593296308398,34.33677608207387,1247.625543475898,-225.8733671831906,-34.75417878685854,0.36858204656812266
signal,356.6444965436757,7.063493331218604,223.14531784329256,-45.708634267654034,-15.574617911696068,4.859607372377311
field_control,304.9954155264199,3.554977473889235,223.14531784329256,-27.392544808500595,-45.37957706810522,5.206920281408283
projection_control,322.4026253274619,-54.319828938625946,892.0130879954255,84.28462936435982,-122.933215208927,2.3971342516128327
signal,272.4228601446845,6.968300544815249,307.395176406724,41.214857740027675,-25.992393732470973,5.156625998936554
field_control,177.0985377393684,21.464756122118636,307.3951764067239,-98.68774042716142,-39.87172276549521,4.605385341999637
projection_control,102.43489884369616,-22.102969612627167,72.97520887521324,11.01499273114362,-1.3940711445982112,7.181449131449532
signal,159.2257699624087,11.945157672401422,949.627641715385,141.78686916603831,-9.792614066756885,2.339386308564313
field_control,296.1129668088498,15.949005379249725,949.6276417153853,138.34219310127335,-54.67208877018003,2.2896201390217477
projection_control,148.06942994384326,22.647767100187696,260.5572354989871,-1.7728852667334,8.942209024184368,4.441198392571618
signal,254.66292001185397,20.666991816145405,1025.828743457435,202.20425300964706,-115.2251313843858,2.069754278727695
field_control,146.16451302775891,49.698356710870485,1025.828743457435,18.42183228033174,67.07817782612065,2.1451001185831267
projection_control,110.59791012765753,67.26037343645095,747.8867178284194,46.36229249756083,-140.0438105561217,2.427320509228762
signal,140.12296980904384,37.587912192505385,258.4883434566281,18.78945681097548,31.328903328250078,4.642405077182073
field_control,354.486799409486,9.90602880301266,258.4883434566281,-44.72538183236991,-15.389413850842057,5.266045233971999
projection_control,97.59465135506368,46.5182969935826,190.84206597920397,29.6094723347875,4.120357824152742,5.86220634921396
signal,82.39516649405964,-27.41024712680099,1088.2953223073575,-199.6155926955492,-144.06393514239508,1.9876085601165259
field_control,277.3761690604666,33.862566903041234,1088.2953223073575,-105.39500906179799,-164.47255445722135,2.3622766313353356
projection_control,199.7034491816475,-23.08616351873776,157.11750705672483,-15.882544562070587,-33.61721830235029,6.006695232205735
signal,214.86667567959336,40.54905291918736,186.90139215381754,47.73840580539582,-8.169460264921018,5.424891331889017
field_control,347.7420738405264,-30.17121569797977,186.90139215381754,-14.105754688810023,3.8079976623374683,5.635528606882514
projection_control,91.17805806817742,-4.6521680980407485,194.57155139580186,-0.9029321465499448,-29.93650519886605,6.096892533134198
signal,334.1455553210225,-0.19988449432086328,255.41587207880625,-35.201204864431496,-10.851356482520005,5.3437589672728185
field_control,185.15753240754916,20.877135662199343,255.41587207880625,27.445027012991424,-47.16088956911707,4.8074339026740205
projection_control,238.8684938088428,-60.77606277434709,472.5440456557417,-77.1353990563654,11.045391699880195,4.004647756023948
signal,334.49022720556655,-57.76671324938543,1039.9983153167655,-131.21151998797575,165.81877912600717,1.62351821231813
field_control,170.5288076246522,53.551215279017384,1039.9983153167655,-211.66383897000904,4.385054073433863,2.0988976598060063
projection_control,29.242668530402156,-24.25266162714925,644.9442794478236,82.2014750066635,133.39673760095687,3.3650681143603625
signal,123.08590011797652,-61.9939654004565,1022.1711338275863,10.769845086737728,-246.00414871960643,1.9184343902086702
field_control,271.9633713570928,-13.210856666756538,1022.1711338275863,-177.47173013298365,119.83622031529993,1.6091054936661093
projection_control,153.93648013320143,-16.24392294030892,390.552357270163,-44.647347569128954,-40.22803021029521,3.9076107687776713
signal,189.96388783981016,-19.361263503576378,47.453416946058475,10.489524032616268,-3.526465748691579,8.45208062440651
field_control,316.90485468483485,33.931985249599,47.453416946058475,6.281996447441318,-8.280934155899999,8.415051311176978
projection_control,18.206317376722392,-48.621430724760934,385.72622977331775,28.69583722605214,-21.53736479905578,4.0649969296573625
signal,76.18892348515003,34.7358588053753,481.0136118679146,-83.713530586222,27.105055878852912,3.292956279553685
field_control,347.0924865116009,26.71665073244315,481.0136118679146,39.89284560504999,44.86204215570203,3.88902745219962
projection_control,206.74352703247592,-36.674798992089954,465.3542277970461,46.705780746143645,-21.507041531090106,3.869193514348564
signal,358.427199419598,24.542107193112507,484.26316449724334,-105.762808607578,-51.678690258166306,3.7969887667196436
field_control,116.8386861716999,-61.75688469951865,484.26316449724334,-86.91397806593037,63.75221113241542,3.537354309201958
projection_control,142.9171783946907,-35.35143681698467,161.26832327992238,-0.8147749550707518,-33.263859408422285,5.64254983776823
signal,353.20244683245687,35.255945549428276,192.47257385794347,-38.041304652951816,-23.4674350583273,5.738793354240239
field_control,287.53364658335,9.382035183092981,192.4725738579435,51.5982472990121,-9.593505148335408,5.215697992509937
projection_control,41.452624222272405,-44.86137634836211,591.5624459092719,-13.756847808713106,159.26553200569106,3.463434639072011
signal,233.82321469468098,1.9792817416456994,95.90326289174841,23.17127574879,-5.212130052677216,7.4535361431196385
field_control,75.83241514879322,-47.69916626384268,95.90326289174841,0.03467277874945899,-7.218564941851173,6.643892163839786
projection_control,295.45061787604055,-8.99473144924171,1218.042372552014,10.81396284255894,-11.468400997351392,1.8890762314299236
signal,289.5890614838904,-6.8691336694126095,48.587212378765344,3.3156009082800315,-0.7353224343025179,8.033427553746371
field_control,196.40676482836025,69.16979533424451,48.587212378765344,-0.11871110744957795,1.052128736653543,8.582005090026962
projection_control,150.8758102501507,47.972884102354385,160.41274555154277,18.952975729158783,-15.91679697319386,5.9954921437859445
signal,257.436058062132,-44.837215151082496,227.91975404793715,42.22012331338332,19.41239893926575,5.530341372816563
field_control,64.74533342731169,38.521993753258606,227.91975404793715,50.26857632765475,-0.8944271989971067,5.553659123204653
projection_control,213.53695885420856,-20.0972421833107,479.24559010325277,-76.36672553938884,84.1995160543474,4.348844045104711
signal,213.53695885420856,-20.0972421833107,479.24559010325277,119.24563065721651,-18.547278874177664,4.348844045104711
field_control,125.06305023012199,-51.31118025619994,479.24559010325277,81.75392507998116,85.51375771770833,3.935773106756999
projection_control,208.20951472195438,23.229728782157324,307.6192777982342,31.603613776083844,70.56293988136794,4.2525070338448065
signal,19.205278916003167,-7.582941203603712,1028.8921006819821,-251.64373410775667,-52.39221992325096,1.8026585085476037
field_control,335.2890121943253,-49.15625960241673,1028.8921006819821,94.53431622231967,-56.814465872071125,1.971414986168539
projection_control,141.44223920154445,49.51972683180732,316.55143497040837,30.080752411561864,-30.209764574852162,4.542421195616403
signal,163.715163318958,-55.365988131868676,213.9134611344116,35.02171823562487,-39.66386413276182,5.9173540101801505
field_control,52.59265191831099,10.891380122056168,213.91346113441162,-13.987204461982005,7.721114449372385,5.951482252276298
projection_control,149.3372359876867,15.17948184869959,543.483121179259,38.98178305535219,-34.32472602264015,3.2851677801136763
signal,242.92306878026778,-33.97119871968197,344.4889013472521,79.64353970250333,11.47319536348608,4.235175445963396
field_control,227.66432224867074,-18.072588751847274,344.4889013472522,42.7811733610282,6.037966440522275,4.2826777177992055
projection_control,22.509466467424463,7.157289141268213,535.3520025768005,88.77430348082666,65.27370612492871,3.2155763124223755
signal,243.91138099812645,11.329475382849074,439.0941462106894,94.10581739364156,-30.01040257519044,3.375488842029321
field_control,213.46353825386518,-68.46418371427546,439.0941462106894,-96.06075484033406,-3.298252629560634,3.74564147627849
projection_control,74.25076098101493,-1.3919609639008748,261.3681345155505,53.39664682006683,-11.238476452403104,4.834217310182055
signal,134.3241426320581,28.120419381987496,130.14035613409553,5.220537931747875,10.566892270004125,6.336250312962787
field_control,43.465806975235125,4.777298800515947,130.14035613409553,-15.41102926587684,-50.41980285054757,5.6577092727631255
projection_control,238.26045064103937,-82.42513346560254,1041.5894332442858,-175.3417840330199,-36.97907324199465,1.8601633620638451
signal,339.009115196891,85.34047604620677,911.661659233403,-147.76961961878516,-178.86536888947506,2.5152927376465573
field_control,117.35245575677237,-12.962295287292578,911.661659233403,150.09675553595187,-62.215464828215275,2.0666226625956097
projection_control,175.85842775756592,48.19866773282117,72.46239408720268,15.134170026306819,-0.5965093548945444,7.434848377700267
signal,60.248531605241155,60.02307061705582,388.3312650042452,-91.01382267734255,37.23428142242555,3.802535267749203
field_control,202.67334162549565,-52.9249965051421,388.3312650042452,41.64599726937852,62.66523954636229,4.309592722921211
projection_control,152.4006518951511,27.323659482843947,141.927101668809,-13.983308112068585,5.033481893855624,5.8310603186668
signal,180.12940063760178,16.566643321009604,2167.7151185882162,466.5981429278102,6.853919692417175,0.13988736941138835
field_control,67.3842992358565,37.14547166850958,2167.7151185882167,224.7536393437674,-75.90641334866712,0.7891773681712455
projection_control,356.2024071474203,49.08308624700571,305.0607996663991,-75.82738932772108,-16.092715661752763,4.641430797981863
signal,248.71823155829617,-9.0620428494779,405.4014401178624,86.96028753284506,-5.516445947680151,4.138635394112553
field_control,288.2245163086135,56.11451253330558,405.4014401178624,62.95826835643328,-54.10971430099428,3.711503174324411
projection_control,284.1454253950868,31.979756457561955,627.718609712741,-11.173994907627518,110.20068498329702,3.008069292079775
signal,250.9688901210513,15.804435141057978,1204.9213476621233,245.6097119890557,-103.20152460724258,1.596124540679421
field_control,349.97634343250996,30.87640630770455,1204.9213476621235,-157.3646585178618,-61.45999255437034,1.7338822044457634
projection_control,90.32149644879689,14.342554571084241,1077.6660588866157,108.47798545770354,-79.91527953363666,2.179654141004421
signal,233.5100244367736,34.84115446108492,885.6593918330544,203.76986632739147,-79.17663736414309,2.4390532237611646
field_control,77.31338398648994,40.15402661344209,885.6593918330544,-47.106335017296914,110.57929359078766,2.5777300477121288
projection_control,156.38519484237952,2.1846204524628914,617.3753458276648,-63.96131396495837,23.613872510967443,2.7364650092022633
signal,99.10375684266965,-49.75843812410248,889.9200645277746,-89.4120525839137,-178.260158846236,2.324593868854507
field_control,67.28830732460733,-34.54260270432156,889.9200645277746,-62.99178067253758,142.50690293771777,2.2566074525857758
projection_control,267.437337720458,-11.616977202736063,370.41711684176386,9.391446568010036,-21.847555733944446,4.361246399290774
signal,56.23436472718391,-10.380839810407963,288.8581125025823,-68.44209259615168,-16.985764280650983,4.840464750401957
field_control,163.77662584708006,-28.219722289572932,288.8581125025823,-22.998227914188423,-21.608011006807327,4.011593017278315
projection_control,348.67343941196117,-35.163407428294725,118.03434418170214,17.35845697399301,9.505186259424438,6.8855878344517505
signal,228.93851765761588,42.812750570856394,232.21297075882742,56.04369553741794,-18.13753117662317,5.04087727155839
field_control,269.1954997704116,-35.657940278550775,232.21297075882742,-26.364633689620277,70.4894256265684,5.244754627173528
projection_control,275.94983383978575,5.104047869437231,402.10750720818487,3.1687278236195877,-12.931155808024078,4.245799267788481
signal,215.74876181019755,-13.434528793512262,328.7525056437349,86.32208433728012,-12.796802412640792,4.485173924806727
field_control,101.3762196846905,32.01402683149748,328.7525056437349,86.32102899465549,-0.3010210617725928,4.644083829415877
projection_control,219.7968318055528,17.481760868695456,771.6291180825694,-158.36855263149832,9.720829406939929,3.0784661599612964
signal,64.56816370412675,8.264585182258644,80.6860350816394,-17.380785112613037,-2.299592754022272,7.187796224668538
field_control,7.156767131020945,63.61577655919894,80.6860350816394,-22.478700302385125,-13.956419708080636,7.18178125787178
projection_control,167.40342630951392,33.60203374645141,186.4824972451633,34.24722405788819,1.1641245599745147,5.995709909291379
signal,253.8500924054028,10.110009898821849,480.4794479735368,95.83317151006177,-38.76417712133901,3.97815600729609
field_control,194.8394260918418,25.700974704401762,480.4794479735368,-50.87501922644273,34.87010513240172,3.5153795612827574
projection_control,127.36409714511696,-1.482760394822179,346.53913528249785,3.1852812930680563,21.1984449542773,4.011770573105495
signal,163.8619170241163,-39.12744707423663,571.2333097135901,99.89517409537643,-87.16708556160572,3.025649964687211
field_control,344.3762043962308,49.723498392036255,571.2333097135901,12.738630252663945,106.02481551326724,2.8692835670937757
projection_control,123.82476716076678,-1.4133931779608682,858.4541444659208,9.851877910441953,26.694461958919764,2.596496527464969
signal,240.39381297713507,-15.99354853650346,156.8973792364399,36.6779028521298,-1.6949779729640824,6.360575799606692
field_control,140.8596679465004,16.104981734736384,156.8973792364399,-17.196244141982408,30.722668425327115,5.25087728876777
projection_control,220.25916723715972,-8.97082300913703,416.73219458325553,0.9623242981678246,-86.79248290922695,3.9853255975962742
signal,301.4521487172542,-19.32811178976369,654.69579031109,13.360082635998651,37.951042746469355,2.849720169601205
field_control,151.24843950591614,-12.984073425880963,654.6957903110899,-23.23954296148219,226.3767379813962,3.2279035814323622
projection_control,121.39436720367074,72.12856323615065,752.5159151599458,-97.86103707391595,14.114564394968589,2.1901712730790854
signal,61.10223428769233,-71.3709523133793,79.52226742666633,-17.574699908023835,-11.071380901608425,7.558155929979962
field_control,348.8046181610536,-8.538663470622383,79.52226742666635,0.9110148293744214,-16.980123840845426,7.49643166661221
projection_control,96.68238028331133,60.8850062737772,71.71777148052668,8.15109200842848,12.793972924997018,7.678406043123327
signal,6.892152478861204,-72.10411431906267,2116.398848810819,-469.72767777097965,174.3557302612413,0.22352305157814115
field_control,250.05874018562218,-58.14181661553279,2116.398848810819,155.18852792648283,173.93203894472535,0.8513149158568462
projection_control,180.12940063760178,16.566643321009604,2167.7151185882162,-13.61469808815454,318.32044359370644,0.13988736941138835
signal,280.4769311024832,41.55924179008428,71.76125072457222,7.587839140682129,-14.0029677870386,7.415751373615558
field_control,258.901892223165,-69.56774487448341,71.7612507245722,-6.126138356701543,-2.3117329234980337,7.9777466605378216
projection_control,55.73830053517914,12.367897653732433,495.4004178379101,-105.78214111117015,-2.710236528273718,3.443316132848149
signal,219.49107305494172,-26.991504423110374,1334.8501946101605,342.65269352268194,-26.46437435009147,0.8494092380047068
field_control,202.57272193358435,23.01369931812734,1334.8501946101605,333.7357471491597,-136.42307125873887,1.2665744257866627
projection_control,211.6801668346662,8.873021343501545,234.16427781661454,58.00074936168517,7.193281056449961,5.3434692067912914
signal,251.87024506396378,2.072125680777306,141.29955705822164,28.36386474533335,-7.127167762138522,5.932698750237915
field_control,350.85931591076695,-7.073483725610152,141.29955705822164,20.632481958213596,5.480489914957907,6.224341799784329
projection_control,194.50675144451057,16.956451843101352,2066.724823034201,-322.149034945467,166.37882828173318,0.49487951823699944
signal,301.7357909959113,-23.737616577971476,364.4690323819634,2.989725028318698,21.09285937582755,4.094524175099606
field_control,247.99193439320015,5.994335266069357,364.4690323819634,-19.48087025475864,4.982709568240384,4.361550048295434
projection_control,165.4502605969043,5.213299287672916,306.13234656068255,-20.383968681406618,-41.983052619653755,4.744970907231032
signal,289.01193653682014,61.8066739859779,34.343142352293505,2.1721164044378525,-8.385356737499144,9.384363603568303
field_control,322.211790577861,6.622226423722587,34.343142352293505,7.220682503122922,2.768585449922233,9.61086487494636
projection_control,21.451355047131738,47.18405133349445,125.55144872609247,-22.961527855280178,-2.5721599558318045,6.673499943075975
signal,345.9312528943769,-28.777301940355578,1082.1101486224416,-184.85206918553624,52.015988128352625,2.131756443440183
field_control,251.77639166395963,-26.439230713285227,1082.1101486224416,-75.26480954024404,-16.929780188079032,1.9254438386778074
projection_control,150.69861897059877,-4.675954806195644,1986.378012264917,-234.69310103389438,-166.26937577359095,0.21628359667078584
signal,192.93662838676252,-8.087565718259528,347.40317911305476,83.99649130733611,-20.219295580174368,4.162103820104572
field_control,264.6416969425425,-2.7635862185295346,347.4031791130547,17.36463675143537,75.52431271219156,4.627509001630472
projection_control,333.7645614712018,-26.499565425888015,380.8573304745594,-23.98955335932933,45.92189663481117,4.787972380764376
signal,175.85842775756592,48.19866773282117,72.46239408720268,13.977051686625195,6.030598333620924,7.434848377700267
field_control,104.54793197120874,-3.35254451083063,72.46239408720268,10.493197532962428,-10.305222533848855,7.610435985978078
projection_control,150.60019107682083,12.748245408533338,750.3235859648034,35.9900064172474,80.48402818352638,2.8570358263017335
signal,144.67939196066283,43.146578629793495,367.5328246551318,37.48929857803919,45.14671127628477,3.7407049024724435
field_control,109.25233128497484,-12.893854202123148,367.5328246551318,-33.91470058248939,-18.209550630863202,3.874376274237551
projection_control,60.29679207387878,-9.34700422612689,176.60185927541548,15.291752381866596,-38.80673977856743,5.769935914854009
signal,55.328775423913626,-38.88778765847951,300.6658293906743,-68.02837652452747,-27.532656088629693,4.75359871823627
field_control,281.8744738473705,39.89261667615556,300.6658293906743,28.262058534793123,38.1610739728821,4.5901368567967
projection_control,76.04345933025516,18.295042891920172,500.18971186740043,57.904393857185525,-39.01503505869188,3.857979259621595
signal,206.13860383752802,37.249469624845446,261.5320937139384,63.79271073168667,-8.753892250667349,5.327333401629582
field_control,106.81426410116386,-5.605129146963947,261.5320937139384,-14.215262884143348,-22.6919869415964,4.973930514251634
projection_control,127.70228042287656,24.547198536244263,1144.1628189769856,-30.0857485334557,-2.0334243863299455,2.284614892738326
signal,99.72450875735237,-4.79703217258594,415.7971267364445,-40.86168523328344,-23.063391309321485,4.285491660782634
field_control,202.59722548855137,11.96353072187425,415.7971267364445,134.30154897467605,21.627647922562332,3.545131961973962
projection_control,144.8662533477522,11.417516273605733,130.05152814338703,-2.480987345592,6.885612529460375,6.184649841211917
signal,331.67070439667117,-1.9520010879420582,301.7700882418379,-30.60102503838973,-9.370143254736375,4.814598875134138
field_control,89.7668319264127,52.282830138755926,301.7700882418379,49.20002634042144,-1.4189455265829256,4.20060242544598
projection_control,248.15174835696848,43.95726564562179,285.72051561334354,-36.62235928837443,-2.5825562543443508,5.1689643950235915
signal,209.9486895397551,-47.141861750851106,328.16429892724824,86.69208883618982,-16.964634839483473,4.61110633374981
field_control,294.11401709126494,47.09363271698332,328.16429892724824,-45.04353967681061,-50.784467212983294,4.553759227511559
projection_control,252.75868348096532,67.74942447310995,73.79495436592073,7.383848679527874,-7.02300032525016,7.458148582114616
signal,213.42246498291968,-57.01330007749296,134.02123458780585,34.52504863259778,-3.773839718707401,6.873419062473466
field_control,39.78048644196841,51.33795370851963,134.02123458780588,-15.0712497643473,33.40330020331143,6.242224873149536
projection_control,260.18559080596964,18.69954323729094,427.5844885865258,-30.414855905027018,-78.84769269367767,3.447795418788934
signal,127.77287791572361,27.12148005608152,1308.8510991112,31.081349139768427,82.50571126472992,1.515173228255734
field_control,298.6007903141992,-27.386462679082015,1308.8510991112,320.1263552667229,-316.0409917223989,1.3657965181320908
projection_control,100.02699939229642,-9.956578721166531,76.79335135788448,6.021796686279925,-7.4093459167521925,6.977975511782069
signal,18.716166711974697,-0.40552545452684724,576.8736839555481,-138.26971095163748,-30.295534031691798,3.3884352648164295
field_control,216.98272818273665,-68.4402751454613,576.8736839555482,-23.082923737101098,-49.46836942798889,3.086688562298931
projection_control,14.136989126994834,22.120050210910946,324.456031058408,-38.219747082258934,71.2299888405036,4.52125572055276
signal,11.427755534275903,-7.255754169698935,92.85502190591409,-20.965232839171065,-2.6808274329840525,7.064737857497898
field_control,67.28743253774782,-28.546145726185014,92.85502190591409,-5.33682394587578,-17.227625949477545,7.617153286582461
projection_control,276.68927912875273,-16.521303618485053,663.0650055943189,-16.915814311035124,-69.45723779156208,3.258384641817824
signal,152.4006518951511,27.323659482843947,141.927101668809,15.62832219144492,8.256507804295362,5.8310603186668
field_control,195.13273878220252,-26.268950711842503,141.92710166880903,31.310930928743893,0.3078637687522807,6.618201678041727
projection_control,174.63407759263444,-7.168845373428349,288.41153325419515,-36.62168435831743,-52.49132565565784,4.662460404680099
signal,30.443536115005628,32.07479009616932,414.96586356957766,-100.68877736191276,-17.5048282769833,3.7047834712671888
field_control,101.69958126504257,54.95693055894349,414.96586356957766,40.60395090813104,-115.02243442586717,3.538732034405311
projection_control,217.83222667459384,0.6827420932412701,153.63812987408232,-35.11305793712347,-16.96065244340415,5.939533563288545
signal,218.46490399445005,-43.01451886563068,306.23911647595975,78.9839674056414,-8.746061691399877,4.56694897281624
field_control,116.44824050297876,17.36665937365221,306.23911647595975,-68.57688636241402,5.4356217689545385,4.409858720452503
projection_control,165.21858597485533,66.24133625997123,915.7600691070719,-171.92279469364846,-30.81284506698626,2.5274479298467383
signal,317.1502820302766,12.735482586462489,581.196828836522,-33.170403144371356,-56.452486015511575,3.1966194317154213
field_control,126.55009497487691,-56.78198229191652,581.196828836522,-78.24128803678211,-22.930394170259234,3.433385100355908
projection_control,302.0927789054709,-36.2024222178528,373.0932305662261,-37.49833027504823,-12.439180633128947,4.748958288622303
signal,317.84933394674,-46.82705893272759,715.1657255457643,-52.5689855899856,107.54682095522664,3.3058522932543597
field_control,22.79492891003554,-46.82295348355025,715.1657255457643,42.34782066612943,59.966427699631545,2.9085474079287144
projection_control,35.432708076492744,-20.45121594135679,537.2988535638929,75.72018030037235,-104.67411034534652,2.791432983960972
signal,237.25634764760363,30.182117330222443,409.0246628212762,94.63122481455702,-34.750901026634864,3.9656356737581504
field_control,354.9462063845102,-43.52316157277271,409.02466282127625,7.854312859583964,58.06539963416789,3.928815134781894
projection_control,31.32619858900394,-44.09031783051621,118.84231653389712,25.556305815020906,-14.899203336542872,6.419124737832412
signal,76.04345933025516,18.295042891920172,500.18971186740043,-104.08191235168518,3.0276463885958815,3.857979259621595
field_control,11.352466127240673,15.120118110160483,500.1897118674004,141.0843164520809,-0.48373567879649,3.1630461649246318
projection_control,207.71338047036548,-37.311538992477836,502.77058877801795,94.70877868977098,81.26063051044677,3.4995174738979475
signal,310.67885928919395,65.9554944865057,328.57369614329366,-11.183971507971094,-84.56635752070648,4.2863128615672705
field_control,238.4988743463402,28.08806055062396,328.57369614329366,-35.25646289282701,52.99887353057796,4.212074020194102
projection_control,34.32993165828128,-1.9017169342089044,265.81991089454675,-58.47988784957023,-26.96921164815612,5.109269291780489
signal,318.99363671275495,-59.55138206198968,1059.507760276773,-62.19927951500725,192.28325756031344,1.7809765242084346
field_control,133.641953192675,45.99571289429788,1059.5077602767728,-205.16733769282723,-6.3270502054041655,1.7194490196741183
projection_control,224.54751055104325,-83.49575853070185,206.48624424367,45.24743674166507,-25.467502204574743,5.247193266169773
signal,70.79529058306514,-62.361313634416426,66.03569915628427,-13.325332908922553,-10.77269552027495,7.502403807253886
field_control,232.5637047408116,61.79632029227395,66.03569915628427,3.1618691437310193,11.093073688008124,7.984204397756651
projection_control,106.67728868392803,10.784867296124887,693.2810153319034,32.108947295251795,36.30072581513878,3.020383449903127
signal,265.47339087744376,-25.82512441040687,48.21769305204656,7.698574870080901,2.2340459477489243,8.361269456300382
field_control,128.24937111153017,-36.62612598260883,48.21769305204656,-2.8736233059741103,-4.836439275825758,9.095086006572524
projection_control,270.27707371598,-22.915842505707314,189.8530178238103,-21.31808265622388,12.99761639012742,5.695761128609447
signal,103.14703761376425,-28.462836222092303,260.1249069916936,-24.1589468225096,-39.13654777263569,5.082184727725922
field_control,242.55023265318908,-22.361871141173637,260.1249069916936,-29.647260227963823,8.67704497081217,4.718026239880357
projection_control,128.930297950492,-9.605787546089626,237.84504495503626,16.546781383854096,10.367249421273367,4.89883959428752
signal,288.9505124470547,-30.400573796360913,358.92945115935754,24.41254781861009,30.375502975668407,4.227222579793455
field_control,262.5247834086099,-31.28894505637196,358.9294511593576,55.225097612696,53.47324585735831,3.9171439514086437
projection_control,15.863710165337302,42.19468419343609,416.3580419672627,76.77545576353579,66.3913264794459,3.827329862180107
signal,359.00564396529694,54.341812697923984,544.383608316197,-115.08207851545627,-76.0495543135691,3.6033563865327385
field_control,248.59895054387212,-16.408087530449432,544.3836083161968,-116.60532673680932,-131.78620809905158,3.2878988575151853
projection_control,316.50687813644913,-4.409540598619222,198.1434549761329,9.242103122335088,-6.356698140354163,5.57358787070859
signal,10.809361918581413,-30.060064540607236,191.8633978217096,-47.31667129010323,-0.3771887943722171,5.639415527611697
field_control,41.02631328893482,56.0299962294515,191.8633978217096,-25.54097908195211,54.59642070243609,5.8945610372624
projection_control,274.92921696611535,64.27904286791747,304.5307639312573,-70.90949357833941,24.93688879455131,4.21452795825956
signal,323.0517116847355,-27.13576778928453,267.9652245367089,-20.98660885618798,18.775432876171482,4.753871697151315
field_control,236.48156447568647,8.639973617154443,267.96522453670883,-8.701798688284994,18.65007086480224,4.425542926614426
projection_control,286.6476994042994,-11.94031464565928,1085.6911763413837,-32.34700047141386,-79.84599687722361,1.7837445695893899
signal,224.14699209551688,31.251559334193185,767.5483446841847,191.11365606225067,-46.78266501298681,3.218960362049011
field_control,100.79551780347504,28.449487055733492,767.5483446841847,100.05494641344282,171.5001834647234,3.0105615481754073
projection_control,278.1977110794285,-69.00653435737507,749.5547386516253,96.82648958672324,115.43092194484673,2.1551663509011423
signal,350.4177428993356,-5.769133311856899,126.6587005941039,-23.52527612958844,-1.8998858303671928,6.458653788195698
field_control,10.368493404960066,-1.1323258436909547,126.65870059410392,8.728824706775727,17.910515352467304,6.43521545017491
projection_control,80.16338848431059,-25.036094609798628,365.8050967600904,63.198239305223055,8.770709945936654,4.683750216744199
signal,167.40342630951392,33.60203374645141,186.4824972451633,32.10488589509753,12.226871830682107,5.995709909291379
field_control,149.33904188002342,-70.43876113186751,186.4824972451633,-21.316744333252178,-32.654531052177575,5.426513617685775
projection_control,99.10375684266965,-49.75843812410248,889.9200645277746,29.874170474276802,-24.561435635983422,2.324593868854507
signal,305.05965500569454,-60.37365096622178,93.45084287306297,-0.5638496204985474,19.878595101040574,7.0267211239369605
field_control,156.07551700936838,-60.64616070219734,93.45084287306298,0.2930759012426212,-16.81523185118251,6.667027099871715
projection_control,209.05167043954256,-41.947618336896696,348.6552162493465,-79.80801671848774,-40.377642737616945,4.471998827935719
signal,22.461864695379802,-1.4243830074155648,244.07249951135648,-61.60490616817291,-10.216307302930433,5.275285600217231
field_control,168.18268800688074,4.349836590293175,244.07249951135643,27.720176141741835,-14.84326058471608,5.274361988428349
projection_control,281.98727386417715,30.825641846871633,138.84970659811933,19.966370198341057,2.5207785444136745,6.5325153060891985
signal,120.70045802818646,-68.87125353318542,310.3024947275453,-1.6415857339618702,-80.08019847059613,4.819478361847695
field_control,253.73669954065784,25.949454265009575,310.3024947275453,77.27331586903406,-10.48538260262519,4.489722305529729
projection_control,120.73377823828646,-8.901810559322023,417.5477729859648,32.10739172745878,-1.5466023160265725,4.020175932259457
signal,24.12595359043559,-61.00873319145078,443.86228741757765,-110.47496372109862,8.16478422290855,3.826306356496566
field_control,111.18377129128528,-34.70414122935124,443.86228741757765,11.524771705025332,125.91230742773467,3.8149704101502437
projection_control,359.00564396529694,54.341812697923984,544.383608316197,-125.19001638132023,6.146340923390753,3.6033563865327385
signal,351.1235280524654,54.377776177935175,108.9977645760703,-20.675658216767427,-17.648386683687086,6.106567167535271
field_control,113.50098471741212,26.34781291856618,108.9977645760703,1.1210179270489746,15.386126698019886,6.5426685220408425
projection_control,237.4238767106773,27.19249069273556,333.68489428372754,-69.09345001121987,10.55360211793208,4.68524057777073
signal,294.1106066178612,-46.179228540823125,158.59524703118976,6.433007045384632,22.266163431190513,6.0040248996117604
field_control,21.798812246853814,38.41343641992422,158.59524703118976,15.649515624094583,24.952687377489468,5.902820351079619
projection_control,44.764502915113326,19.463176211900148,351.439299335349,-59.13098553485504,-56.17032706384718,4.604021721394978
signal,306.9170716485494,3.7177447859915085,1311.3642187456112,-11.422116333472765,-86.91932551625534,1.7805213666206745
field_control,247.2556377572265,-10.14879180337,1311.3642187456112,20.977251409028575,-149.0589246057101,1.2654089783862605
projection_control,270.8632376293636,-14.530434170239541,246.08360712335238,33.769038011563005,1.6785416951086065,5.000981752759982
signal,337.66748331620187,-10.242154237691592,1603.7647935363498,-221.20726208736477,-16.471789994344668,1.1325408726845165
field_control,204.4173929038502,29.527317045869022,1603.7647935363498,-1.9543640573453118,55.58123641166769,0.9441186911627351
projection_control,211.18461058211852,66.96576306376186,355.52818627464814,-80.4908411236261,-37.34521398613534,4.390389926459998
signal,30.637255003122725,-17.777016629057133,479.064942722754,-119.78347020690642,-15.33957249336972,3.7317797076635952
field_control,125.7930405697637,-11.066027875259957,479.064942722754,-17.16490473128288,67.9564619945091,3.3971623471820784
projection_control,324.8651793998429,-65.52987869133779,270.5992915371176,-39.89768581455483,-42.211578753556374,5.080874588771352
signal,138.8151333048,53.09828550211649,193.84468457194296,13.046370665424758,32.72422719183305,5.046053436370371
field_control,253.86803241024768,20.89774668752016,193.84468457194296,63.402473159529734,-8.236554608648513,5.10247622835146
projection_control,92.32670196603576,-50.516563207062966,169.36759604894817,-6.431181116802378,21.163147779286035,5.645968140735799
signal,25.572560055840764,-73.00949736612314,46.296739733892935,-11.832747328461453,1.2396215728895892,8.456111435741606
field_control,193.44878972167578,31.870024076745672,46.296739733892935,7.347296837109805,-1.8411903021361908,9.490797880533107
projection_control,21.57958831007098,14.451933895310054,406.3177798397282,-13.930031641633654,-95.1018660428284,4.270766731686388
signal,75.8855165580103,19.121918932089653,796.1857885716896,-148.09517585150968,5.518480453498534,2.6183351822106475
field_control,168.92818051339427,79.68981449686174,796.1857885716896,-77.01553411472936,-51.45371434220217,2.0859066186639614
projection_control,242.3131671280381,37.508160291845954,98.70594374184441,-9.641731548304778,9.351500880523021,6.927547692214038
signal,82.57167973356205,67.9396657997651,322.0884205330251,-50.91402552760549,51.88648833758632,4.583239424585034
field_control,184.0768357180055,-18.011427608480986,322.08842053302504,-72.47720905480372,-2.6419801409845913,4.5145621436317285
projection_control,73.2501872991345,2.1098807459352305,324.1232594407981,-7.68743106166115,-37.44469770884517,4.441632800229807
signal,168.87859597712833,6.91151566049217,475.1632778905416,87.76056164661574,-8.100185184717741,3.980185685892931
field_control,229.0853250961403,-10.248538169991681,475.1632778905416,-12.465137152633195,107.9533073377907,3.0841773033258475
projection_control,219.63885193304446,46.936006023143804,277.6457269253587,36.24963106140891,46.0271394922895,5.00635221639123
signal,96.68238028331133,60.8850062737772,71.71777148052668,-8.065704963034218,13.249802873501535,7.678406043123327
field_control,237.6009376468558,-41.971423846395304,71.71777148052668,-13.178938988431357,4.940907959461746,7.122751838681762
projection_control,105.25791974838953,-6.061443461131112,242.61772480552142,17.61456755146464,-10.612702665796913,5.267849864825617
signal,36.35211845439399,-63.57069697358652,174.19490744525916,-46.64761406367664,-6.027051213028997,5.916569954295795
field_control,104.02481489065818,-36.28867603543238,174.19490744525916,-43.331178691105706,38.41724042780594,5.824170675849332
projection_control,241.7324935201945,37.30456633589587,323.14668753020214,45.27734641365197,-42.80969117059936,4.243792189262959
signal,60.29679207387878,-9.34700422612689,176.60185927541548,-40.5020968450138,-10.71694656321198,5.769935914854009
field_control,50.66761082081516,22.754911016055793,176.6018592754155,14.819697132244954,12.132902806690643,5.817333918605112
projection_control,84.3132135334803,50.64288387630564,245.97575112044413,25.735846810389674,35.717167532141886,4.738411738578466
signal,53.019202878752736,-28.664792891769675,405.3778020824022,-93.11469789094932,-29.609282055793777,3.6646173607804435
field_control,56.38830522858675,56.521323937453595,405.3778020824022,80.797541669005,0.12213676801325156,4.339149878971625
projection_control,14.492881083323555,-67.08462221006451,558.083997145862,121.21455887810883,-49.35962762542203,3.4662654998116245
signal,350.3076472484274,27.493109092057825,446.6204759910696,-87.64832850555095,-53.286182690494925,3.0735694502761377
field_control,230.18071892508058,-12.168657936990451,446.6204759910696,-64.20093541423526,66.13331923447271,3.870170901909274
projection_control,117.07603065943607,-5.27848953673115,476.21504852670614,-10.952527641320819,-4.160671436614451,3.5691218115668395
signal,273.34530249065045,74.27935514496514,586.064779520445,74.6416788441256,-132.38996539014144,3.289574794840568
field_control,314.23438287616534,-39.81502182776917,586.064779520445,40.00793339821867,-62.35142362523632,3.115328671577807
projection_control,243.23864479454625,-15.58326593211351,156.88123143795409,-8.923679256320836,-28.46484720938666,5.552057240329188
signal,348.3941274970423,-29.139646108117276,1204.3179382609126,-200.16592396224632,60.55500097194408,1.648478386534473
field_control,147.41866020439863,-25.45493184573608,1204.3179382609126,-353.85084284123593,-67.97499858381941,1.311414150791128
projection_control,227.66265232758306,-74.0172707770442,105.07891942678452,13.944873437006862,-21.884207015391375,6.391077860091999
signal,158.30657514284707,17.959773925905395,159.48967440985453,22.443445015609583,4.166584188786641,5.800884630089873
field_control,61.02725771860646,-5.157658041419737,159.48967440985453,-18.32815829609285,-25.828366967945588,6.436040763189988
projection_control,243.91648986615928,10.444072673425941,415.6488871035235,61.36654985544762,35.551742555250165,3.4836786658645553
signal,100.21265339855637,-37.14288044226912,192.41052703356723,-22.311572286138897,-34.35048872210074,5.093103937168253
field_control,272.3768993857877,-24.752498669332425,192.41052703356723,20.052835541640096,-2.126701870261903,5.8575112279380805
projection_control,96.78726517758966,-55.260475291929716,572.2608982599804,51.73260302143598,93.1070974182197,3.4051302647911195
signal,287.3855509953072,7.507762268754835,6.860431888587074,0.41049848086173446,-0.5685103660174263,13.007164569574549
field_control,299.6962107910015,-32.19766793913657,6.860431888587074,0.9096846871652972,1.2128803341145464,12.4443438719274
projection_control,342.5201372387131,33.45100459386123,826.1028980325954,-28.104223772951794,108.35314330754902,2.757837730543953
signal,117.45141049481283,-4.136625345998137,23.708707654738852,-0.9474353311805447,-1.6035498933247918,10.045684570084106
field_control,317.00967952354796,28.162183212955522,23.708707654738856,-0.9839320778600303,2.8634370354560916,10.136849710805961
projection_control,112.27659687494108,-22.98547808848003,111.71874578361243,-14.661148823669933,2.1143720455699793,6.815607557494446
signal,107.77801453392539,70.73638652548904,346.391109311768,-23.277087707360018,74.93934752339906,4.469228733621178
field_control,218.45931440894392,-79.8371293795286,346.39110931176805,76.20033518143367,-100.5376528309106,4.3453819863686824
projection_control,149.6790372683959,40.92539708952131,102.19354864964244,-8.795416639646593,12.759388591497398,7.194362616225047
signal,83.70215719481924,12.5360909389998,218.74054876175995,-37.47779900058074,-0.4017009017786544,5.859568072578375
field_control,309.86228137971045,4.500112586362609,218.74054876175995,-32.52994354340762,-11.694733140047568,5.196657416473146
projection_control,252.6257785958126,29.662418821580644,139.17683890295922,-29.401057890139235,-1.0805006743642822,6.0291756654988005
signal,46.68443216072473,-17.516909639630583,98.24129299331229,-25.8953565984378,-7.8097803226635065,6.396100387105652
field_control,5.549385041426763,35.98218062128743,98.24129299331227,5.269538850701823,-21.278298537012976,7.2700847969436015
projection_control,200.53458477901262,-6.151683466180563,1587.8329177002563,159.78947146446723,375.16773514335074,0.8860734910961193
signal,92.32670196603576,-50.516563207062966,169.36759604894817,-24.029084757622044,-32.622838178389415,5.645968140735799
field_control,38.60488863702847,-27.874952887356216,169.36759604894817,2.631512731313152,33.23798378498421,6.105368324850962
projection_control,359.8407731701579,41.03337242787039,384.2872546359832,-32.03282864880344,-70.5357592431246,3.90039870526705
signal,127.91510945059957,-44.227278325672835,620.0445062358727,8.885965647910101,-124.43879482018818,2.9750729965882954
field_control,33.327384138755555,11.922183322208314,620.0445062358727,-46.98771737074914,116.05090173357942,2.980739971240337
projection_control,255.1556358824955,-28.028269178384193,1626.9556690920158,220.5386507797401,80.55102722806598,1.20638566831797
signal,242.6379149324629,-33.32353839332455,418.7894670922735,91.80621480783921,12.404271560776952,4.326469100882707
field_control,256.53768633170387,19.742907599050962,418.7894670922735,-43.10532788254145,-1.4624263787336178,3.8057604748994143
projection_control,180.04059074758567,-74.07369818699317,435.96768987617264,-44.22471259219,52.47795505241518,3.746560281843122
signal,22.523343199002568,-29.872174617924692,853.4716945789852,-219.3964354645012,-1.478997005706169,1.8531334827546466
field_control,25.04944207568845,18.06220715504807,853.4716945789852,-219.12546008832453,40.58250186284245,2.7937419273168516
projection_control,311.7944281002089,-53.95653748782376,242.15687505243525,14.240538873803693,29.791611878700174,4.795568743352207
signal,75.78249827952347,44.52594059101629,89.24070418138305,-17.025778897756123,7.415497253843765,7.827943364902783
field_control,178.69117408787054,-6.217369446040628,89.24070418138307,17.723271306546266,0.5700177933056637,7.527036724907273
projection_control,186.6822079196642,32.07936809846459,756.5391377829827,-18.404490449961894,-145.1969434419079,2.6748203028768263
signal,291.2485105050035,7.033264857968216,314.7057472467859,18.155345966185028,-21.73226256680798,4.551233399488568
field_control,170.1744835090641,-17.869139274126802,314.7057472467859,-8.07671172964039,-56.09098702379092,4.532184745991197
projection_control,270.62891726250257,3.4744978089669196,236.97272567253586,13.044568279961616,-11.697975834958285,4.848028429144733
signal,52.891892490157474,2.681379659222942,646.995356249386,-158.05620211599785,-25.335582290377243,2.916693983627102
field_control,111.85326848096673,42.209866344139016,646.995356249386,-196.09995514263557,85.36336610130843,2.4567314704232435
projection_control,170.7318075517033,28.34074030767221,260.79313018026915,23.210946806311195,12.53076628776243,4.670931676683239
signal,123.35225274810774,-50.39541722478131,275.59730552893234,3.150334746343437,-66.25177682891885,4.739207234893337
field_control,313.3458611791559,31.123997198381005,275.59730552893234,39.939904210502526,17.209658987749762,4.90182519575052
projection_control,203.82504884102548,26.36844932994221,420.36973505683034,21.15489769444305,-94.5359439783679,4.302292898903897
signal,311.2772118689304,46.077551939190364,307.4494539279772,-8.838556098447022,-62.411423573692026,4.430252460269405
field_control,61.355952676798566,-20.946106839828822,307.4494539279772,-45.86722358057173,45.52608379782677,4.770556409398715
projection_control,146.7893178009836,-16.88534285058942,81.89214162175848,7.848101404985851,-6.030764069516814,8.047485220217201
signal,55.773112011639356,26.463563837340207,495.6823144430473,-116.58967502287477,0.9345334775327064,3.83841790830859
field_control,126.88660238372633,-52.557286937160676,495.6823144430473,-63.531416326820256,90.00688902231381,2.697626392008332
projection_control,242.6379149324629,-33.32353839332455,418.7894670922735,87.86252039443669,-14.499421846303434,4.326469100882707
signal,29.785260822548363,-59.844278013170005,903.3797449858235,-230.01701193418856,-11.031053183326168,1.9000920294953216
field_control,278.70174000825443,-58.91307200059973,903.3797449858235,-147.22068411736956,-39.847404544058016,2.296209090215461
projection_control,41.889054659218516,55.74838603572006,229.92188694259357,-41.30371784175935,-22.49993025793575,5.240179082176023
signal,174.4336782288039,24.56152891123415,275.67213384222634,53.81741728900661,4.218340480808581,4.90165991490009
field_control,10.952033181582328,-54.23765147364294,275.67213384222634,40.01560822906709,83.0950110349204,4.673028064368213
projection_control,227.66087675821944,-6.9607870156118326,744.7042572077324,-77.1758928526527,145.9996366069943,2.3888665803122673
signal,108.8710240602731,4.995438641217559,369.39925384279593,-20.33414084112359,-10.118304778889689,4.047265430964462
field_control,242.2621440886927,9.540151032375626,369.39925384279593,1.6592511639729364,75.9206448941647,4.096263646637689
projection_control,120.25798764075692,-80.02196478895135,724.197349239764,-72.87050103373977,150.00093498074776,2.9784183730771763
signal,202.82701121418748,-56.777509112329284,216.77271195250793,54.26173948471566,-13.522344567818514,5.091336910854349
field_control,293.9031814901654,-63.72447931395801,216.77271195250793,-6.545337127625669,14.024742524071852,5.047762659579583
projection_control,85.4922804308127,21.87941402348762,744.347400500741,-38.290180818201414,36.4260177128395,2.72437637760216
signal,289.36976057405104,-4.7839511381787565,369.495910206019,26.59357672099016,-9.388678744093475,4.937744374027778
field_control,335.6164219817402,-19.035034666761447,369.495910206019,54.83111449282925,-11.760180300677332,4.117495034201516
projection_control,110.0678246810248,1.8179451778749594,355.5475867017052,-15.64069102832401,-13.386890130561408,4.441555018639396
signal,49.373455734987544,-1.7539502437209036,167.72784155938604,-41.449776480283404,-8.610212149284198,6.002689429398896
field_control,315.46679057693456,30.424292042328325,167.72784155938604,-6.27456150572805,-7.597256814020473,6.294571681827257
projection_control,33.99080315777314,34.30843963970645,271.89451402754645,-74.10192671197882,4.554591098165351,4.525467868915297
signal,209.05167043954256,-41.947618336896696,348.6552162493465,88.11253749139006,-16.203294926957152,4.471998827935719
field_control,114.97828206012666,-24.286755466014622,348.6552162493465,48.69108348640675,18.554415918586372,4.154099614892721
projection_control,42.711755666968905,-15.182472546954427,491.76721296433766,-70.18463284615616,-101.3920313376068,3.4621750587330227
signal,181.98315374035099,63.049232339481215,342.8725491260245,74.26861220561993,33.93309304171896,4.665669452899937
field_control,211.0910908762629,31.77710582283955,342.8725491260245,22.782597582723575,6.754775989055922,4.614008486337294
projection_control,324.86869198299723,-13.354618934529807,171.42416286275633,6.138129601823707,1.5478285189417442,5.634940257370297
signal,51.86836296475184,44.42305223532564,151.43357497074734,-37.48265597046221,2.753440547035471,5.672484140982057
field_control,27.82565753416771,29.401994212464164,151.43357497074737,-6.577562886351713,-24.048858369305577,5.856989758913738
projection_control,351.1235280524654,54.377776177935175,108.9977645760703,16.757231256975004,13.147547571167783,6.106567167535271
signal,224.63945479043363,19.757789781220087,455.90575980845307,118.72065787267272,-27.534225942357562,4.231312177670793
field_control,92.8332012772831,-30.553702657035323,455.905759808453,-53.343302300548785,-88.92135953080229,3.9332514627309956
projection_control,3.0109254756685555,-73.35743612391045,80.16043568936063,15.353935794027826,-2.279809003655209,7.585698361420594
signal,98.5105504298778,-4.324715818930109,839.4252525439465,-91.17428777669879,-68.04383305143413,1.6274026963919264
field_control,33.92005634910265,27.235206523221844,839.4252525439465,2.1476208272077364,-135.38155216641707,2.3805866066270345
projection_control,213.42246498291968,-57.01330007749296,134.02123458780585,26.75949872263005,-0.7760755568307768,6.873419062473466
signal,175.6203546758445,-10.164151330427153,1553.0177670659298,312.84755303215445,-112.39022384050067,0.8134879558003999
field_control,113.467424455427,29.70624063693603,1553.0177670659298,-73.32876790339209,292.5774546727163,1.1497253274487402
projection_control,298.2379215380367,2.4598490518095733,253.7743107464654,-0.4047159840090676,-19.27553481338329,5.17586463186467
signal,29.61803673974228,17.574578103071307,226.8883283115922,-58.011564026945415,-13.651107979082525,5.083229721579944
field_control,315.0673968451424,-11.834893395677268,226.88832831159218,-42.953130350176366,-8.013827225894492,5.22308520036286
projection_control,352.159440669561,-52.652240057885564,736.604187498903,-2.8101309227056444,69.875699655315,2.88197947950014
signal,165.4502605969043,5.213299287672916,306.13234656068255,48.97603144028766,-9.014848126710103,4.744970907231032
field_control,124.98006228274534,-35.391415181736626,306.1323465606826,47.842611015299504,-71.64262167303184,4.762941467472242
projection_control,191.47383594180593,-36.98238412475257,603.33375103865,143.58793896271007,-43.30411169118586,3.1514732293237664
signal,110.32684849541532,-61.09872688622463,256.6756751218404,-18.535763004410892,-60.08127345625146,5.018691914843603
field_control,202.2833170805135,2.438190736036329,256.6756751218404,-30.636571448023787,-46.88826887046915,4.1828008996210295
projection_control,284.9609529328932,42.98001025443845,202.78288986723354,6.095463179446909,26.262215084426945,5.80786289258913
signal,296.05723602672754,1.4328473592050284,671.5865357223041,16.499541191762248,-40.53272038653155,2.81444567470791
field_control,156.0171053213787,57.43647111240843,671.5865357223041,110.23371080947499,171.49489564854778,2.4385425028801575
projection_control,154.41996003485195,27.854559266527627,89.36430137283932,-1.3760206452843844,-11.740518737102093,7.901304777799389
signal,20.51234171905258,37.7927622581834,832.8304909985768,-214.11458728647415,-60.95086631404727,2.393617712237961
field_control,165.2099487475447,16.21446083346555,832.8304909985768,48.75466412510594,-21.33179327327895,2.5223410650288716
projection_control,45.69998895179017,-67.64692510199083,255.10423354512005,19.994866546394224,17.685604285207447,5.091152488014336
signal,150.69861897059877,-4.675954806195644,1986.378012264917,265.29977044029926,-138.00395397495598,0.21628359667078584
field_control,349.04593866116096,-40.855608954361394,1986.378012264917,-372.3466227221954,-315.5034217495394,-0.10337100244131436
projection_control,349.1005078072717,-11.886282985608707,237.820411494863,-23.078730894066208,-31.30965774150931,5.158533670481199
signal,165.03531268731768,-63.64837462857604,502.808021938578,85.9629302819961,-93.90753461332,3.043819292035953
field_control,106.61560857498885,21.439209294041838,502.80802193857795,-71.09330205345123,12.511744668604004,3.333814903687042
projection_control,64.53117206614107,34.16120082786238,287.2287973428396,2.4404974190313466,-40.772908220282424,4.044113373540114
signal,261.0021874676827,34.92868429391418,324.6893368291921,52.24752242865272,-49.16099455646616,4.66061335604823
field_control,225.83680902834163,-8.371674758957012,324.6893368291921,43.25425261707198,4.40458810179672,4.426357617036417
projection_control,156.24755017515318,-16.858398351845864,377.33145979222274,39.724653004896076,-48.24052342768062,4.000584148496272
signal,206.74352703247592,-36.674798992089954,465.3542277970461,116.60103215595198,-28.08635906186976,3.869193514348564
field_control,151.22256104860094,10.547906958502034,465.3542277970461,78.62023092681777,-16.85899728777877,3.412639639303839
projection_control,224.51356018449576,-26.76857578917785,496.99662413400574,-12.237843529708309,-123.70419647031152,3.4703082566838743
signal,240.19644138990515,-28.865708411417774,428.73651879001795,95.84780560758746,8.675631242314232,4.314395926093603
field_control,22.01262517716704,27.912853967360917,428.73651879001795,-75.81768489615622,35.39526084310928,3.6315791927383536
projection_control,297.25594256184013,45.5906516979792,682.6179969001988,118.99729725813059,-62.065626509053175,2.849607968672487
signal,279.7377428346322,-42.11240856182537,131.7895906900727,13.105209145664,15.90308431770579,6.163589325143083
field_control,176.15909938472495,1.7130955416519842,131.7895906900727,-10.397597163969545,-17.213607792201273,6.482069114233723
projection_control,128.8120497608135,-77.73190088748204,222.68976742544424,-38.46622406120966,-5.0862867238214164,5.215913354455552
signal,310.39307051694794,-19.850670416322522,505.03281669469203,-19.629808371385952,19.85060815314272,3.6912465670874375
field_control,292.803598456239,38.90036012248978,505.032816694692,-10.675836916913443,-6.769733183793739,3.7861904907311033
projection_control,338.80349251212243,-71.50948786440482,243.93491099312462,-25.105958875663568,-51.18950414800944,6.0768450794312034
signal,112.99517882008938,30.89744657963722,373.65272495143665,-19.14487454826919,33.740000277495476,4.052547212492479
field_control,35.551068725407816,26.37927531519434,373.65272495143665,17.14933328731042,-70.88390191988593,3.8501244166254565
projection_control,272.5373212915052,9.532885662189516,231.29787851260096,-25.487040445070996,27.295158845262655,4.8315607739210025
signal,193.68817393100502,2.222012806296231,210.04693601599644,49.985261835587416,-9.283907533610797,5.7455607415284025
field_control,25.05306506267123,13.30570756482743,210.04693601599644,19.46054334768467,-24.712110442834113,5.215900787114147
projection_control,163.43636803189165,-52.097063442524494,1070.0635487308082,255.6558756586061,16.71266387394865,2.0057407458460506
signal,302.43890823811194,-36.17386030389797,461.7105522572242,6.459005591399121,53.25433078172892,3.984739831325118
field_control,55.307347341576,-44.29992658067046,461.7105522572242,48.149222894880154,-13.470475573491766,3.458772706323562
projection_control,296.47880158025487,-12.172042968308597,459.642211425002,0.5789437201025351,-13.758859219835209,3.2780662484502976
signal,356.2024071474203,49.08308624700571,305.0607996663991,-62.42810636776577,-46.406781218548055,4.641430797981863
field_control,275.1840401001502,42.21374005961749,305.0607996663991,-0.1666515049090042,46.15752894417683,3.8516540526513428
projection_control,328.9638397943733,0.2940519933747799,136.91619387101127,11.17296622670573,-11.918896439921644,6.71930355301402
signal,320.22695197575473,49.39052776815934,161.05577555969995,-12.109651554023309,-34.23181376921031,5.863259435482051
field_control,260.6383382921057,60.669796216754726,161.05577555969995,-8.739484846188368,-27.514519841457233,6.007632019577099
projection_control,112.99610754540983,19.779455392495638,301.68006028973974,7.060494213531386,13.6285320100452,4.72231785061087
signal,133.72821454477565,47.830054902569124,93.72189149781603,2.8832485770461274,15.107322665324482,7.42907442879916
field_control,203.40639680619978,-46.557911511417394,93.72189149781602,2.687198684654835,-1.2430788639514025,7.421210098965229
projection_control,39.75547082799697,-17.926731118458335,511.9869517736914,31.0828656201749,5.654694203357982,2.8403168342626337
signal,70.25994619871415,-31.49388601625762,804.5231470952968,-163.2648427003839,-98.79968468824562,2.666378638038865
field_control,168.56150547334764,-1.3475915520029795,804.5231470952968,-103.62945385561059,121.64443308069804,2.77730024325666
projection_control,279.08785866058173,19.966132008298406,377.9864427353973,11.423178714647678,19.17828362314324,4.7279929667417395
signal,176.18131346637193,-5.596454349322271,114.1765943679957,22.834100497346213,-6.195413427131134,6.506782455211794
field_control,319.79729329294395,-28.830658922298003,114.1765943679957,-30.270936821956276,19.348545441467724,6.450884662905427
projection_control,259.94378311336266,-0.12654762540245285,365.33131077089786,21.919423576296573,-16.93872255395053,4.479125687124807
signal,266.9909226609752,75.92525732928682,388.68674957326095,58.98966079895644,-84.04791380662418,3.653661719565753
field_control,276.01121658005366,30.600346081698596,388.68674957326095,72.0780655960416,-51.536671778952716,3.6764919070535393
projection_control,158.30657514284707,17.959773925905395,159.48967440985453,-6.371821016352293,21.67229584093187,5.800884630089873
signal,177.32486547118714,32.95805746278077,605.3764106478097,121.26147044836895,25.22965131406818,3.0033126595526625
field_control,292.29921046864985,26.31202117129585,605.3764106478097,95.84020768789927,65.81113695261524,3.096354194034707
projection_control,133.72821454477565,47.830054902569124,93.72189149781603,1.489749803814785,14.49886864155547,7.42907442879916
signal,173.94511079292064,-71.02581341349652,412.38480634916385,80.52093256130209,-72.6247509691877,4.378110864460168
field_control,292.7744284862355,-45.90851879571644,412.38480634916385,-34.1752378615614,-22.43214376590666,4.172268825825645
projection_control,65.22598045802981,40.79955461229311,178.7476577041456,39.162368704339684,3.6001269853512587,5.986724899516539
signal,301.7629515894482,-60.411124619418416,58.174565021487986,1.0138831897352896,11.770585348346387,8.520280424136667
field_control,231.37817570840087,48.94282622246839,58.174565021487986,-15.257700933408522,3.955240767738665,8.22278941100987
projection_control,213.927057831095,-20.91659700002322,1347.593620883415,-3.7374741987580826,12.270783970005192,1.5338593628868553
signal,130.1053604641871,-4.136752860621394,388.33616084994344,12.750603439336093,-26.67838892033984,3.720262595109386
field_control,164.88526475374053,-39.64685424047022,388.33616084994344,0.19179887387887504,-40.05202757470734,4.140752226772689
projection_control,221.44649059483191,-5.698750069907771,290.81154810916536,-12.537302477496523,-57.16594715847616,4.648387627087603
signal,309.52608293219237,54.92897634718995,524.2531802766432,-13.105760483977635,-120.19132390199529,3.0519674067018405
field_control,311.28399093083414,36.478282691210865,524.2531802766432,58.8871989135654,43.518439600303076,3.744843909792687
projection_control,337.85357695709564,48.365414412944105,136.30381144740167,5.523693889829332,-1.4519846830819536,6.097776652241748
signal,146.4497283426205,4.439339827939835,298.2692114991526,25.964474917196934,-10.215343833349996,5.009363024300668
field_control,333.36267033717024,-4.935790224011341,298.2692114991526,14.511927714925106,-56.101345600220455,4.405216901627611
projection_control,120.70045802818646,-68.87125353318542,310.3024947275453,-24.143723068832315,58.03912936953249,4.819478361847695
signal,118.16391804420218,-0.25066891436630584,630.1415641387897,-14.761209988742548,-33.33395705533274,2.662118595448741
field_control,8.570175573003487,-20.087536912734684,630.1415641387897,5.987898733420148,55.35905672127381,2.9368183408741806
projection_control,269.4081073196663,-34.60556105781695,280.41681585058336,1.6836688782762996,28.73509451551499,4.841623439121354
signal,163.43636803189165,-52.097063442524494,1070.0635487308082,175.9565541080607,-205.7819846892326,2.0057407458460506
field_control,18.559754375850467,-43.11944016330671,1070.0635487308084,-101.63060954117903,119.9860701690688,2.3433338022818084
projection_control,79.64593072058302,-63.861172513871686,417.5336050422356,56.13391683752789,-47.59685936043759,3.785165612490294
signal,274.4809051229526,18.27391681759504,854.3002888106823,107.0198668623492,-90.15628907197598,2.1571258694811415
field_control,345.14758688703745,-41.66479694238474,854.3002888106822,-170.81178491821322,-82.66839188334426,2.282903897152751
projection_control,79.24007732571113,-17.493256020728566,243.85587965189748,29.33725615729398,-39.07107641796347,5.047297264212751
signal,45.36073003103794,40.10619421306996,856.7837480233982,-214.43759498666597,-21.351749988781133,2.8207573776090027
field_control,99.77782098391012,18.89174522036588,856.7837480233982,95.47080422234933,-205.36548630587075,1.9554428104625265
projection_control,158.34803029698057,-49.728924754393624,647.2788197155178,-72.09598681654334,134.80992925854818,2.7275924871095962
signal,70.71091771392626,-13.836967311356092,792.551900310393,-171.99037242667973,-63.557959964701446,2.2737340021479913
field_control,314.4129982737907,5.78873992348311,792.551900310393,-19.13809289094496,-54.76957458792499,2.3040546130142663
projection_control,173.56755561114306,-85.46541293105213,506.28169774774204,109.8900678179791,50.70619730939075,3.2834981010931563
signal,342.5201372387131,33.45100459386123,826.1028980325954,-147.99945979360294,-127.38658544659299,2.757837730543953
field_control,139.96624282610495,-49.09787248321514,826.1028980325954,172.67846112977725,177.39621216996818,2.133375316115832
projection_control,103.48619936301003,50.21158418851644,138.650795694662,10.51016495514559,-0.5294429890064164,5.696137227386428
signal,63.176985857288656,68.27223827827397,293.8095201769112,-64.86939322185052,25.360464878048074,4.715128276569225
field_control,42.876020739368016,-50.76916892033284,293.8095201769112,65.2611029195692,-14.741316933972282,4.766819456061497
projection_control,258.7462624272709,75.3203568757708,288.60767214449254,-29.707317536379193,-63.86329597740099,4.255463473486215
signal,204.38183445517964,-36.33227595673916,727.1748107414422,177.15444033087178,-41.06919680412827,2.7674643234726317
field_control,28.95955207536033,-58.80161378014564,727.1748107414423,153.06922940822827,13.938133508121194,2.4230217661257116
projection_control,118.16391804420218,-0.25066891436630584,630.1415641387897,31.237562682197396,-15.5275466356636,2.662118595448741
signal,208.55320799829764,2.6743497912765597,507.51954848282793,130.58246924243062,-22.303365489299594,2.881643550946988
field_control,56.34284366896433,29.178672607158667,507.519548482828,91.53589829260915,-6.256597955068151,3.554046401210781
projection_control,12.123505394807049,-42.832448441933785,238.62149719879812,-16.66201647124147,25.584060735351876,5.1587425360270425
signal,176.26480633808814,-25.196504166456187,137.22760178849936,28.506920315931456,-14.645624267708332,5.651918626003885
field_control,89.96155015225129,25.07246447393966,137.22760178849933,3.7502912041562553,-12.841687185784417,6.091973066403406
projection_control,1.9128512406045406,32.57793396946711,744.5120876740698,-77.21250629205169,-103.08731438831963,2.7114541530479626
signal,232.10828948765467,35.85308196830956,401.5657113814683,94.71591044985803,-38.64620866956284,3.9150471055214555
field_control,175.86660741509743,-62.02324898777645,401.5657113814683,-73.4920016226266,-20.217907128635986,3.3442033260821815
projection_control,299.02419375544486,11.71875141559912,979.8556652102674,-41.81175082755133,-81.42328172708726,2.1619262659522964
signal,82.73762128714263,8.927626239714103,278.0307364626811,-45.34885104205847,-2.4177514234507465,4.853607768602653
field_control,252.53924420368207,6.923277253890358,278.03073646268103,-17.317312136200357,43.68585228025181,4.871521885672245
projection_control,97.43181911343564,41.06680875682042,320.7715631748116,6.423712882623091,-6.595054117138094,4.559717567425181
signal,198.95841639962933,15.614575727026965,746.5437296456367,180.81475140276572,-23.98989176752386,2.2971643911888733
field_control,355.10348753470794,-56.16532896833821,746.5437296456367,-103.46964373384486,-24.323588466584194,2.6792628439742567
projection_control,127.73946799553855,0.5495435119130564,261.6962790377096,4.100421922255936,-0.17896423140999768,4.820538319604239
signal,133.98237188888297,36.571703649304325,707.4028319241055,33.23812933173875,82.41892216750905,2.425058006456999
field_control,158.94242758410158,53.85156725678611,707.4028319241055,-39.40913061672356,-54.81346467113891,2.906993374312554
projection_control,62.10859570069034,-51.62353092637747,261.00593995164985,41.385116830314715,33.656555069300914,5.477467995659776
signal,238.200213466508,-12.008632094274743,1362.745495122559,326.76151488010254,-27.3467367767895,1.4963680137527748
field_control,186.54657924351955,54.511774552870364,1362.745495122559,-40.306570508063395,414.6849215298139,1.1260300590553578
projection_control,25.377100431532075,35.45482420820419,291.2536296927052,-52.22028495817386,-56.39685376846311,4.5488520132009755
signal,50.840475614333805,56.117246856284716,753.7079471328276,-185.4442453267569,24.976365538714116,2.7828408715480055
field_control,187.853652497972,23.357434867616625,753.7079471328277,-95.06551992555376,186.51509807355592,2.380121184803053
projection_control,217.56935509731758,-25.787999016263704,675.3711023790669,-88.79647431270745,147.09288292971308,2.730896072957161
signal,205.5158700622114,3.787587405340865,579.730752523468,141.59775362711167,-23.36049537986973,3.142545988577227
field_control,194.19636797565695,58.47124630903196,579.730752523468,10.21914142736404,92.92772500477504,3.304308364238069
projection_control,308.8883775626025,66.36913928801816,467.955931119925,34.01931802294605,-83.37413222922095,3.3896472077786184
signal,66.69732793799653,-43.1641106007721,736.8863627581392,-165.01160958859765,-98.834948103936,2.8970579198844333
field_control,186.38663655760638,38.52866238711925,736.8863627581392,161.91406607124517,36.35206092365151,3.118703275287905
projection_control,227.3251653298874,-16.429961961390323,1372.43902282678,8.937561338230093,-342.8496166859953,1.194529372855564
signal,100.3115027214131,23.0664372815684,1003.4660835395568,-99.5319299442942,37.2656767061363,1.640225820193543
field_control,3.1589118222904182,41.07733889497974,1003.466083539557,-102.85281338540769,101.39056791570759,1.995836911761485
projection_control,305.31932460562683,-66.34109465965089,838.297392426403,83.96008301259897,-67.24866745220976,2.7637861252588
signal,78.73552811648997,35.91063484035408,879.7580590132379,-161.35895850650175,61.74435007811061,2.1714032554994676
field_control,0.6209359595426545,8.014036811130048,879.7580590132379,-94.88180210809865,37.70483213492365,2.405559259439702
projection_control,173.98594258787708,-2.7127386089951484,155.44900950855984,-16.298166012617962,24.407570139237013,5.85833333699764
signal,65.82160075277416,-21.49848630097073,411.1716000963827,-88.04930488881921,-41.04393712842046,4.424247731703844
field_control,35.159874525404256,-22.8227506510185,411.1716000963827,105.05316661167556,-15.423772919983461,3.8334081446410306
projection_control,262.8798183926097,-23.21412826320695,295.2089103375823,18.0042676534409,41.27084289579721,4.768643941890952
signal,297.25594256184013,45.5906516979792,682.6179969001988,19.871965111207707,-144.498079206958,2.849607968672487
field_control,36.56037723450437,-34.360759442309615,682.6179969001988,-83.21609365939645,79.37614404333154,2.3660221731284357
projection_control,143.1404562790334,-65.94785875940867,352.01027790501723,77.7830047020091,10.722175230081483,3.5483985930950235
signal,102.85472435792052,54.31993495039537,490.04584545893414,-44.45272495206072,82.91787543665514,3.586710196085959
field_control,253.76288722372655,-20.21842360128442,490.04584545893414,-22.614520846850226,31.945536320387095,3.8390452674560764
projection_control,103.66032336335729,-6.502119678145715,233.43982017206568,-0.9057264179619565,26.16698489204111,5.178846598037816
signal,333.7645614712018,-26.499565425888015,380.8573304745594,-49.04973535122435,22.248008508039845,4.787972380764376
field_control,73.76977170575992,14.89158505488641,380.8573304745593,20.979788933991415,28.19572882142704,4.368712676699904
projection_control,186.92084548087382,-22.798581196464685,203.37277466821772,-28.13358660382629,31.04688582168116,5.700538851332869
signal,349.17354912426873,75.24932635966782,264.6563663935054,-49.91757897420639,-50.399441060369234,4.466785622517615
field_control,322.0970777120206,-40.89591546539303,264.6563663935054,-68.77229346491171,-2.211810745229009,5.099820479824803
projection_control,37.023333176691615,-24.168343263332403,237.15633437424222,49.040778651779085,-17.285268371460052,5.343597439705337
signal,205.653769177355,-45.93711493228187,1382.8706457437243,349.84992691929534,-75.76944448643198,1.535021320317656
field_control,334.298278647727,-28.863169741283908,1382.8706457437243,67.63917159678772,-114.06157938545537,1.2415085788222973
projection_control,86.94022607742005,16.9550653312977,302.7901182698874,-36.88207976113433,2.0012400025723016,4.943788776726886
signal,51.480404159661504,-36.581716748127604,200.6039018062068,-48.23551233692672,-20.49120279449733,5.987499004318405
field_control,351.3216016425235,-3.6624491421620653,200.60390180620678,-28.872390583675738,9.00189602362538,5.667419950297538
projection_control,289.08074590482136,-66.36207811193287,347.08232928894313,-3.516264540819406,-1.3019771746466806,4.54073474222382
signal,134.83736761664926,-39.16459528863389,301.5646149513214,16.342845600516945,-60.28036783700688,4.505640717775066
field_control,338.0692697593272,-32.269329484994984,301.5646149513214,39.43987837939263,-22.7543964691364,4.871226634940978
projection_control,197.58911942784812,38.753526889068496,1754.5610600602647,300.74316869743024,-281.95910725490546,0.32824350922814105
signal,287.183614805357,51.99708407278519,1037.852733566783,78.06625568456835,-241.19048052406413,2.177210568382024
field_control,97.87979589066886,10.211794697163477,1037.852733566783,157.96468144697704,3.2987596993744774,2.405368937812583
projection_control,236.91679850033714,-24.77090076552667,434.3040963937656,42.00106776408576,-36.99633161517404,3.9228830461736055
signal,132.26066233094537,17.97398300359216,153.53250276423753,5.596938709685614,6.818591678157107,5.774392503337536
field_control,183.51966409326448,57.81708825903869,153.53250276423753,-8.28078708217086,-17.63533774747595,6.365556183895039
projection_control,10.314873927955626,14.28893767124071,622.8135303777024,-148.32532251259585,-26.286431978397573,2.9640318657222573
signal,31.32619858900394,-44.09031783051621,118.84231653389712,-29.817351621149022,-3.1457252542035765,6.419124737832412
field_control,63.16378927089877,29.747507293661762,118.84231653389712,-13.851424161358228,-21.585198294050326,6.644290824012709
projection_control,15.089478017852711,20.238774903965552,1626.1226383795085,274.447553833661,238.01292357633253,0.5388463993361916
signal,200.44256793414763,-6.854773275328961,1167.0241642247486,307.5527797692466,-54.48603754216705,1.7800906819446827
field_control,290.2354758620759,19.442046627435726,1167.0241642247486,137.4224241511266,-63.08849504539013,1.272124780503081
projection_control,6.524654776462706,-1.3475906822018189,370.7268253338693,-7.216331922627429,55.67055243601329,4.385470672906437
signal,304.2435065385725,13.33216624003364,581.8094031518685,-0.7704452467558628,-59.6429601281017,3.415666321950265
field_control,319.8354138518746,9.522967407929038,581.8094031518685,-2.672157640117713,54.34400309855022,3.22279380931861
projection_control,79.36056152835083,-7.933841320078563,937.903628801504,-103.46426006871549,28.732558355361807,2.124579223585356
signal,286.5334993716608,-56.41559456363609,196.49367447411151,13.78693290880958,31.27608374596934,5.869538083096097
field_control,306.4639821471053,-1.3812016388030626,196.49367447411151,26.540076718670896,-18.505287721589912,5.610230348129016
projection_control,353.00456174186047,-37.430928139005424,95.870196919377,0.15029385689827793,-20.452910083846156,7.307461752177
signal,63.04433044692716,49.89211383718942,230.917380442945,-51.33198519056836,14.92353478475201,5.653605465277021
field_control,156.01210153086055,-38.819740206964184,230.917380442945,56.18536468244713,-5.4180879601607606,5.395425821790665
projection_control,187.7216487000768,80.05268285412313,490.6323557067813,-30.112628095424128,-122.64683115899986,3.7274345674230336
signal,242.19526118848802,37.38782882779388,722.034998268859,162.01115772989223,-83.99777627070603,2.6869747870598935
field_control,273.12259848724113,52.131427603343845,722.0349982688591,-67.64129634083628,-132.74934642532932,3.1133763124234752
projection_control,59.502416451464676,-62.1825483436277,527.6736356629824,-62.942944819781566,-78.77664347333301,3.162956920069534
signal,79.38153483683297,0.5966630858607429,677.5508895741325,-114.25772563787596,-28.04511033043093,3.203373927482093
field_control,35.12850104745699,-30.193904460243562,677.5508895741325,31.820705532152843,-212.5763639592935,2.816745247313283
projection_control,233.5100244367736,34.84115446108492,885.6593918330544,125.84609725792154,-117.81248763641439,2.4390532237611646
signal,78.554712438782,69.10783214694902,484.41620467173084,-88.33555865317334,79.62262364130719,3.4712152333859696
field_control,14.48811742293025,-54.82359847697239,484.41620467173095,27.129115786602746,106.99416731458071,4.204202843364648
projection_control,72.82582169695331,52.0165545891102,69.88630981887776,4.527332823469365,-13.183669948500254,7.865690102525275
signal,314.6658383898666,-9.466914185912417,394.02652332773937,-18.21467296153583,-0.9659251994349161,4.29300010989201
field_control,271.1651091511539,30.002008519699377,394.02652332773937,13.4681680594814,45.82527415554301,3.494586610403357
projection_control,154.7847431207358,-21.475714450463354,139.3258780839665,24.08049863474141,-2.717605346364414,6.323117112566316
signal,89.88082298648285,75.51671387488089,307.3729956517678,-43.82794719258955,60.02190266206193,4.623918090527686
field_control,153.12789875832615,-40.44884875230583,307.3729956517678,-34.18002272962644,-34.749625254047366,4.68747401291052
projection_control,280.6260125126629,-58.80030851129086,18.571719508041642,2.6159186747963514,-2.1874750094614446,10.883433929550842
signal,94.76904474648403,19.623625853621604,485.8220360156395,-61.67843965238097,10.256233306774977,3.701317323453881
field_control,358.3977353062449,-14.845176668745754,485.8220360156395,-75.14699618339925,82.51147366717822,3.3280578336740954
projection_control,60.248531605241155,60.02307061705582,388.3312650042452,31.66630654615619,89.10799505481418,3.802535267749203
signal,0.2352206740678397,15.625148293063639,409.87901338118513,-86.64766671713791,-36.903933367150586,4.063773951474043
field_control,35.011517707991665,-70.63582178539171,409.8790133811852,36.849687133342236,58.93991781059163,3.3645549893607902
projection_control,61.53710487150538,4.750402865768994,889.1743041325375,140.36682589846734,53.15772017971243,2.7353877732591605
signal,313.44085228518634,-41.919836823502145,231.37887164448517,-11.020478624678764,30.14991741051964,4.696970002874588
field_control,308.0259653526841,-46.54077954736598,231.37887164448517,1.7753256798705732,23.453743461056387,5.117849192924185
projection_control,110.80649940506844,-40.565939920309035,983.3725561281265,-175.11539931305697,104.29058420539526,1.984247434543841
signal,285.33413275528846,49.80528089731033,1419.31157521866,114.76438894995265,-312.8255122952788,0.9023747189498237
field_control,172.79390359043703,-40.81302987106919,1419.31157521866,82.30860085329226,94.32054121292548,0.8024594670817686
projection_control,336.3494811002965,9.462235420594395,733.7930954987717,-77.31794110083277,-70.3578658861781,3.344409861765983
signal,225.83841663264405,-8.338473489747425,613.1065845452586,153.11390706953594,-25.12876137464623,3.0930825303474485
field_control,297.77407038139575,-63.02186942636611,613.1065845452586,-79.73877968004437,49.814815011768744,3.013891728992347
projection_control,213.64609777370057,25.219809458812108,268.82618620945635,-36.45754331958172,-45.86176453484022,4.339874226106415
signal,270.09567501798324,-42.49556904506656,251.27652818837987,34.13026939566605,29.642840419555586,4.493056661524182
field_control,294.1658215812521,18.259056245153857,251.27652818837987,37.72344059408723,8.378255898073744,5.00967115984487
projection_control,38.11475455672655,8.881986751613175,458.16941467690117,-8.871444483462284,80.29750838742126,4.223763424357672
signal,54.73748427281704,-77.10610078036427,138.376129570702,-32.612905882527656,-14.374528664449237,6.544057435624657
field_control,329.75712049034786,42.377751820682654,138.376129570702,10.962434371378171,14.756424602476168,6.630256527465515
projection_control,323.0517116847355,-27.13576778928453,267.9652245367089,17.357247838517683,-21.013288046836227,4.753871697151315
signal,164.99649405152715,6.8639030453010195,375.2187996407702,65.28404769279283,-9.010241223554347,4.390043841035354
field_control,107.226004062997,-14.676973304580185,375.2187996407702,-57.81130225762115,-60.72735500798735,3.6763015107197297
projection_control,271.39250977556867,-57.35847211746354,427.4588419197483,-41.8578776765915,77.00052951692585,3.2111203961575048
signal,126.43897944556112,3.1413389732684944,361.5499543006528,5.98346903473655,-10.077100961247845,4.307309610984546
field_control,341.9277672463211,48.51705728659148,361.5499543006528,66.17803385290358,44.06648967802517,4.48169199481494
projection_control,217.2703703404035,-50.14977195178215,591.9598911955827,100.25666494718247,-55.845105636573265,3.3262139696782933
signal,33.75954945252594,26.021427323567355,926.3003299512654,-239.2098716863513,-59.21663913201705,1.8299007024298848
field_control,54.6001057287433,-34.981145953531495,926.3003299512654,72.8187007272759,-105.60068289659516,2.1956650413411998
projection_control,322.32459209514093,-48.122438773631224,312.6412193859353,-51.533492246009644,9.294157095145488,5.186709514421471
signal,175.00697467737268,51.30785390076784,421.1500474717374,85.9578395195519,42.59869899758908,4.291857411755913
field_control,29.50875993365659,-20.439562460065208,421.1500474717374,35.29039181837691,90.27941104534513,4.186470476178236
projection_control,10.966927071225646,-53.00852481896761,433.24656057981775,79.44343235540333,5.193963624516396,3.8777637448830213
signal,331.46627412334874,-57.26565902535226,361.21774710948364,-46.53035445397295,59.79058598798109,4.822317793752792
field_control,155.38158625404571,-44.30886519428256,361.2177471094837,-29.586906970013953,-41.431704793051196,4.081629249327946
projection_control,148.3049142122767,-28.709804117155226,75.60874702708034,7.1030255866156295,11.51645064006273,7.916937049580533
signal,14.42128285825001,27.58040835172972,626.8456662560866,-152.36416823743852,-58.68113729292774,3.0583199098205984
field_control,298.19626871106334,13.952558087190365,626.8456662560866,40.69431175984035,118.3013692010507,2.614523485557773
projection_control,37.6036265160545,-26.51111297625469,128.55244559777412,24.652540293927427,18.4659090526706,6.0497033832843945
signal,104.9259288577658,-38.69511475908653,591.2486360887925,-50.44253433596618,-111.1810767699197,3.2943098540220515
field_control,170.43160702804042,-9.222035364379893,591.2486360887925,141.88824173053746,9.755154341458024,2.775899442621921
projection_control,272.4228601446845,6.968300544815249,307.395176406724,46.471161224125254,13.19319960446618,5.156625998936554
signal,74.71473703405324,45.75428327453916,478.3382852383624,-94.95095504704544,45.85743659676846,3.661845884820548
field_control,298.5432039109851,13.095022503527415,478.3382852383624,-71.84818206516469,5.797918070534289,3.2137820522816
projection_control,275.9454178317305,13.29859871677424,282.3636898005797,-5.311520919942334,-23.091717592128376,4.690669057330381
signal,85.73279531965068,39.6522980349324,1770.5912325763752,-295.0206845544855,159.55704657038814,0.9185192097190124
field_control,262.68725008594987,31.557219617533804,1770.5912325763752,-60.25788220431682,152.88372169073415,0.9027526988955691
projection_control,200.22864934680416,63.55677340319164,200.982157109459,6.779960020726103,17.88005717719961,5.3812550137559265
signal,327.0364386765751,4.679821697126236,531.0981835907431,-62.263578563590286,-31.10982446418457,3.3382582925579514
field_control,75.39421901001609,5.24450024365287,531.0981835907431,-10.967598928056331,103.86437496996935,3.8172025262102802
projection_control,342.5366556636434,-53.769625761636114,2571.618607441723,249.56174310593363,-400.8889523779377,-1.0234869452096877
signal,168.50485952434445,24.8652490663294,674.0738526764297,116.04922431367062,20.40678392043188,2.846093322130256
field_control,341.5973849638069,14.789033975486447,674.0738526764297,-82.45441409592952,15.5471268880799,2.6869771360868313
projection_control,254.24861851989436,-74.5766042990632,403.28740792312277,-4.139611778948688,45.40959394679693,3.952625395833432
signal,167.86778865833477,-21.795800039854537,525.528855094051,92.370279855708,-57.15114473445466,3.668732446509829
field_control,21.881220706585232,60.5168680023116,525.5288550940511,-88.3786946691736,-36.36119836613241,3.5857577558379536
projection_control,58.09060837993813,-49.22061622975241,338.1961496117148,66.63580075101525,13.724135504676475,4.237586239777976
signal,273.8072312839016,-3.305749164510748,882.5806246707355,119.44166970324524,-27.464468259121873,2.9749153029141904
field_control,323.38069471576614,-23.695219766519983,882.5806246707355,160.32812439781588,68.40413838450868,1.8141954369045723
projection_control,250.070745201742,26.869493656359968,1109.4636138131025,75.95141567290274,-159.64309720212802,2.0575493337551425
signal,55.61719344177329,40.03637362583907,141.739237152369,-32.83218844922447,4.476245602920543,5.822528174493157
field_control,109.59964163653464,-16.360027595794914,141.739237152369,8.030603025588356,5.116550234941374,6.296645919566869
projection_control,324.09508003274533,55.0734123363295,194.47715031655372,-40.861656801197036,8.825267379430523,5.442397744716762
signal,175.41552747601827,-4.673043713475444,322.4201659598756,65.68506082216715,-14.789524006382186,4.426745268740822
field_control,180.05330993918372,25.81117714248786,322.4201659598756,-39.195094065479225,39.537077595360685,4.658457798962851
projection_control,238.97681094698103,1.2754107435951796,743.2659279107295,-138.76372688440387,-100.16042219431628,2.8164090092458425
signal,154.7946770835815,-16.523194389181523,271.2584361260716,34.38862512577131,-32.138774307885974,4.478945586395749
field_control,152.04667417226443,12.862438031252069,271.2584361260716,30.972490924144257,12.259606989109182,4.398646299382314
projection_control,55.773112011639356,26.463563837340207,495.6823144430473,-31.66315761556542,52.6093173004953,3.83841790830859
signal,214.88784859679618,-0.6632195031271099,206.7535678893143,53.23155477575507,-9.585464385597062,5.900342405625928
field_control,61.86044049008983,-40.01096432528446,206.7535678893143,-7.7932164190500925,-64.52038650437609,5.361569895359146
projection_control,171.21462905592298,-57.102121043235606,734.8152615449956,54.27318186758658,16.153284220200124,2.33215064629671
signal,359.8407731701579,41.03337242787039,384.2872546359832,-82.42608024351898,-47.68067777932453,3.90039870526705
field_control,128.93287190460953,-14.341769834626039,384.2872546359832,-22.126565237638275,17.34346851961311,4.2914952382086895
projection_control,174.4336782288039,24.56152891123415,275.67213384222634,-35.22441479291729,37.42665181857966,4.90165991490009
signal,277.00160186953696,-19.2435221881442,1011.9623958174533,109.5401904177806,36.21100278697594,1.5412178890311576
field_control,69.45639706540629,-3.6880384603595515,1011.9623958174533,36.671405820077275,72.07958100571652,1.0940469329980527
projection_control,136.71054825095428,16.60451118739349,460.6052183243465,-10.142177813342395,-1.1704573213328642,3.6133931810441036
signal,143.23165308627378,-40.7286043595207,358.2669479101838,33.43491576600658,-70.28845816557103,4.4204223798167
field_control,73.39913116578859,-9.277735282926336,358.2669479101838,35.67806871368828,-42.458440188179814,4.629602198672651
projection_control,174.16891434983302,-71.73428055735754,278.0097825515512,54.7028877870717,4.024018456963144,4.912227804631641
signal,297.9190988186569,25.089157052524822,326.59502206063786,8.273113217087692,-53.36325267910362,4.953245529603885
field_control,67.34046096949693,-40.04958972467768,326.59502206063786,-1.3662452542243748,63.652565587850205,4.536056007948266
projection_control,117.64609410879984,-16.039131847514202,354.59794516571935,-34.50048629566972,-17.385456916662516,4.534398259831147
signal,61.455010792492864,40.68927088708982,232.56696781185695,-53.49903111990636,12.24408259270765,5.366339207483312
field_control,176.04625692477393,58.08791225164625,232.56696781185695,-32.49970296467296,-26.694283526229775,5.3822781412302865
projection_control,275.53081098889464,-64.09871430572589,219.16189700233443,35.18592632407085,-27.992987118637057,5.300460909029979
signal,10.966927071225646,-53.00852481896761,433.24656057981775,-99.79893495770023,24.08328909509056,3.8777637448830213
field_control,287.2552923040736,31.64384471161156,433.24656057981775,-91.62988842023871,38.80262090214011,3.6925085979400167
projection_control,188.90482955811555,54.52709711617869,438.1330823246568,21.283267543221303,103.89191697662112,4.057422540350891
signal,73.6014140871383,-31.349141546956908,858.178798161457,-151.53789869069803,-102.06975026114512,2.4548533727571717
field_control,204.82921215404673,-2.136959672642407,858.178798161457,16.55084673549737,-256.3605568571298,1.815294351454767
projection_control,68.73357062579166,-47.43771256395531,701.0302288898117,162.01416785003244,-80.29452696492679,2.857498027021254
signal,122.54816020113348,-45.72981084559666,573.5206381562938,1.7122448047881094,-128.4196080724262,3.6317069457595292
field_control,321.5543718783031,21.10769212582535,573.5206381562938,-93.56799395713465,9.066390924447784,3.367473633806948
projection_control,185.8619877111626,-16.615123541866176,1172.5376697369682,215.2655531273487,151.51054726570902,1.6393929098424311
signal,183.80907268544152,-17.705059042114737,491.1345251579269,102.30038761405545,-36.3562873967846,3.281737895532355
field_control,229.15601588762073,52.61422057873666,491.13452515792676,-58.89254707341517,-102.06087180730904,3.5192205789116473
projection_control,131.3360892748075,-60.29754474338654,460.8248642858154,46.85147415757282,-91.33130444760253,3.54349948630743
signal,221.44649059483191,-5.698750069907771,290.81154810916536,73.3903985172325,-7.819560705350436,4.648387627087603
field_control,248.16244162773762,-46.6898886225262,290.8115481091653,75.57592622651535,46.66067362411162,4.691576394943193
projection_control,66.69966612007441,-19.610118550482206,636.035275498563,79.047431092309,-123.99951120662034,2.690945319822022
signal,327.8180581971918,29.844823289345346,336.63748310016393,-38.06547996381825,-53.93958968911841,4.228380599903326
field_control,240.3386027017211,-29.950650591857865,336.63748310016393,-43.97702862250475,12.248902508734469,4.690469740015872
projection_control,159.811003622296,11.606477631715418,486.8454712040103,-2.658091807215346,54.47430934007195,3.326933444261846
signal,183.54744343816475,17.595508617402597,497.61069495208505,107.47525349084161,-6.56499625785815,3.165191878289749
field_control,161.80530954614682,4.899170268827662,497.61069495208505,15.91933049656579,29.594999798532996,3.7441706326360413
projection_control,198.23881659870656,-60.12478588736683,402.93262308510384,38.78602609901775,-10.520757291480951,4.179183684654453
signal,180.45923206526254,13.996175928079586,47.6762036591444,10.084368898503985,-0.8589576680491113,8.509979090729397
field_control,248.1619759920298,36.72827491232636,47.6762036591444,7.845310712753284,-6.114246941180143,9.184862893681322
projection_control,340.5495203444157,-44.171614919561485,515.9833751411373,-87.07316572682066,50.32128826760255,3.1967546344298237
signal,18.087483536273567,-17.17253547050805,314.94962987571347,-76.96296771793763,-7.712726900996055,4.841110817246999
field_control,25.094788728826018,-68.04690420755823,314.94962987571347,-38.734834633067074,29.274796929554395,4.554950757114315
projection_control,145.29636085017285,-29.135353287872015,127.88954131182356,14.397726272773518,17.686225200498882,7.256825593931
signal,12.568158956240573,43.07029319390676,634.3306024340628,-154.12598044657273,-61.522868662562715,3.158402325212584
field_control,309.5465298896387,75.47454334904023,634.3306024340628,-36.43423103789884,-12.013173269085705,2.7810579493574314
projection_control,30.48780307511046,65.52208136494376,119.6582513654904,-19.0519252373068,-12.380598922062934,6.242966078092906
signal,198.4175862898939,-3.292059319886711,947.0003504934639,235.28944189412516,-53.20278124292888,2.3115424513342075
field_control,280.0123716398102,-5.174353313616017,947.0003504934639,26.481637388538534,-104.74767886489953,2.0617242472291295
projection_control,134.61157692461288,-29.10731059779586,209.13935675327312,34.60776168576718,-0.73623341600383,5.738678572732709
signal,157.74430076940402,73.37741287715389,790.2351880835351,115.83831618679473,150.75812576081572,2.5551608619431176
field_control,88.28278496340437,-16.352002023888915,790.235188083535,220.97471739365557,206.41387611734848,2.635917190208705
projection_control,66.69732793799653,-43.1641106007721,736.8863627581392,81.44635176430214,-59.72995795877363,2.8970579198844333
signal,302.1049421929075,15.562196787511379,621.9678035344531,6.93326977725566,-75.5618889280022,3.1881576157795104
field_control,276.4916835314697,-24.49105182675091,621.967803534453,91.2407108735326,7.242556769299534,3.3359174366588276
projection_control,42.31846805407919,81.78250526232799,634.2983846121101,-29.93286269709966,164.7586570976116,2.668215200051993
signal,57.844650496264265,-48.37173876460091,771.9169483430942,-177.759052729884,-101.73723638923752,2.321970014895312
field_control,4.551336504006658,-40.63867522451046,771.9169483430942,-100.02436279772078,19.041504965034566,2.122036932168128
projection_control,289.4996033941983,-4.391304669268645,336.7437337664252,-14.541608918785776,-7.63942928600893,4.660715639079428
signal,8.989798362137854,20.63143285989696,718.1120428241023,-167.54448205856974,-49.30526782544398,2.6261859844308577
field_control,78.20876609311695,35.67224932470298,718.1120428241022,4.35005139058842,29.16240490786813,2.7216002347627777
projection_control,233.46173524272768,40.18282005218035,576.908060115648,96.2147953604715,85.22057701488934,2.890217701417095
signal,161.65395645484531,-20.474591549270745,571.9602923045258,82.47779503194593,-74.87641673392746,3.2707718739053875
field_control,23.44940592152254,65.62007266621885,571.9602923045258,-72.30851255434287,-149.35039701648049,3.6960330999262956
projection_control,91.08948273129116,-58.67106179942699,444.2447479761925,-37.50898536117736,9.16858705940441,4.0351718105540195
signal,85.4922804308127,21.87941402348762,744.347400500741,-118.29846062436918,23.651149524432224,2.72437637760216
field_control,280.881689982442,-9.945450239589468,744.3474005007412,-126.86273498707381,175.81588493936218,2.5690589586368366
projection_control,0.40035391062746667,-12.985378193970462,603.3987796348312,-40.479128627897445,-5.909035820759629,2.9804338905403194
signal,17.86117440198148,-59.397262368554465,137.2443381052511,-34.766098463952154,7.284381756942882,6.40858417120713
field_control,272.11469442421935,64.80192935951324,137.2443381052511,-3.4380271602160684,27.454386138621445,6.591831371191299
projection_control,108.3765880203527,57.01192927743865,298.1921505152714,-19.796067198289126,45.527430397789864,4.4755285144526455
signal,260.8553832651464,-40.55948251694981,1045.8992244304638,172.75491334274736,93.31946982740395,1.8610502106269509
field_control,292.908968568659,40.36053700560248,1045.8992244304636,-120.78786649283012,-300.5959074998334,2.0504860533966665
projection_control,20.017987804965824,82.25388226486406,381.3362138537642,-95.34964049738603,9.504806285137821,3.5487650557165544
signal,40.17347998460909,45.355013134415394,366.58997702547026,-96.67918821711865,-5.997572720242216,4.065870046170349
field_control,1.6134095971903806,-2.1719009508332925,366.5899770254702,-12.877378327535906,19.89282249232213,4.465855248466942
projection_control,48.67823293662771,73.14684392936637,283.7511803935183,61.55672096660276,-33.872096872284224,4.331275917102642
signal,218.99502000279782,-33.068470420584376,450.21466356555067,124.1907258026624,-12.326039425217532,4.6802332052259
field_control,180.44378160422684,20.368234829131172,450.2146635655508,-56.11068851162668,-57.00799987635985,3.4899736578326297
projection_control,303.9164371030115,20.746951323330162,441.3174494873616,-55.165958222719745,-0.04770752734575322,3.4273628059983103
signal,101.1779100600801,42.382922175632615,54.59588460837145,-5.501770098448258,6.870546679655814,8.586236645941723
field_control,253.7410311062411,-7.471420770000119,54.59588460837145,-6.438931057009378,5.940385984354703,8.072579963042328
projection_control,89.64314499927237,-16.811914498455565,229.38867616682367,15.894969129266135,-28.4914570059989,4.670488448231213
signal,62.458578127807925,-26.196294485356205,908.6843737013246,-205.3922717070814,-86.50734531823363,2.331878944185123
field_control,55.94440634604556,6.744773892135979,908.6843737013246,169.94420722758176,99.31887765274702,2.2140162690360228
projection_control,93.53812965850781,58.51371522567046,115.28254670945506,-6.828395509754481,15.151022324619353,6.863216438398942
signal,136.71054825095428,16.60451118739349,460.6052183243465,26.711561549199892,14.072031756627329,3.6133931810441036
field_control,233.9246619045449,-62.11735495014893,460.6052183243465,-10.263385062218832,-27.848262888058972,3.2236891943339283
projection_control,263.3350894931217,45.65341768769092,275.48458459174617,3.9562373571389156,-0.7185764427114221,4.503515782350827
signal,288.52047944026333,22.84883303416004,72.25875250755577,4.0587703797395145,-10.519386590304522,7.570182054254011
field_control,30.279635751486854,23.11182530061394,72.25875250755577,-5.803155117307921,4.1983703403022,7.6246255203536775
projection_control,133.04671179363834,-40.67604149589113,203.14749200705822,15.03498504931403,10.006918020680137,5.657512763369437
signal,141.15368768564616,1.4502827549659472,158.9667884130734,11.231862381949782,-4.613023663574918,5.954227820264998
field_control,65.27730819755274,-63.42515209416744,158.9667884130734,24.42404989603023,-1.4828861498940238,6.0693309956377846
projection_control,223.3705626187094,73.72765682497572,497.72683400815146,-107.6514015760117,-64.20162124005124,3.542832998648951
signal,270.27707371598,-22.915842505707314,189.8530178238103,25.985646981591174,7.296304470100289,5.695761128609447
field_control,171.28685339805637,39.3584442012135,189.8530178238103,10.752177520366809,5.014009517116927,6.143303157618373
projection_control,197.4918294196878,37.889588946828596,283.13740601893784,6.860848049047558,-26.799662591886868,4.434073355247884
signal,45.17506684769425,-35.07941317254291,605.8257021610428,-154.33138028974147,-38.16780951252825,2.524130865105491
field_control,235.28345496519677,40.53359976938559,605.8257021610428,83.67344689850053,131.15471890637068,3.2090769851053613
projection_control,86.50768444213203,-46.61864253856739,180.5047408344063,15.43276577631049,-36.26093199383649,5.447508867432731
signal,278.1977110794285,-69.00653435737507,749.5547386516253,74.02665167696017,149.7366471731509,2.1551663509011423
field_control,52.512885703402596,-31.72517429387784,749.5547386516253,182.6930977918617,-46.86764573313307,2.813551770775478
projection_control,77.18633387753924,27.471091886776676,356.80372973463443,10.987693074480923,32.61386546791041,4.617009854291664
signal,85.2959969663935,-23.085679078825965,277.3927999921517,-41.89589375014278,-31.909818694939563,4.593459361640978
field_control,66.68039909913765,-20.650983201655325,277.39279999215177,-15.042200240085089,77.12334503055655,5.133866832437666
projection_control,305.8007062412648,-31.073459846638734,38.50732082728236,-2.1710135939061965,1.5432856676193416,9.071796968193562
signal,243.8615267599942,17.83793182069696,111.84772751764488,25.612361868565053,-9.375865004783172,6.819006007626385
field_control,73.60069214363867,-2.1421718994497447,111.84772751764487,-12.657552122981725,6.75888273371637,6.467466899924299
projection_control,137.80227614509462,-0.2819133155086314,422.7463265364848,-17.147431471262298,-16.975090884444096,3.2758951795795364
signal,203.68135974275864,61.23605180505339,345.53845063070025,83.72100425137438,6.479299270788714,4.235736147989333
field_control,85.93228969163225,11.146938867854496,345.53845063070025,-29.68092601566936,-114.12325878676519,4.257993293423592
projection_control,18.150038496795307,-26.593707472345216,225.0682446213234,-23.23239580652614,52.8802941255664,5.5957807947344
signal,334.49209819620745,47.937028707479804,336.1118039311044,-43.98576809179527,-69.92667469132209,4.811017544070296
field_control,81.55938546946484,-25.169190285798674,336.1118039311044,49.867325392757884,63.60843419682165,5.095204953781619
projection_control,90.83229374508734,-72.32802352401154,586.2469909879261,-42.15811166084387,-64.88448664490413,3.5431273541957076
signal,139.43610647111305,32.1494533842877,578.055413833106,40.11831192041231,48.9623626476423,2.745433599061664
field_control,142.25367905914922,10.65954712315107,578.055413833106,-32.17727999284634,-106.81641657376248,3.166415968445042
projection_control,242.51235029096676,-61.318448713647946,263.78049806119947,-44.37238291470098,42.3128181634252,4.867885222817851
signal,23.819467980398564,35.232426512867846,218.44213475478963,-53.53899193255808,-11.736141316061127,5.077914298695088
field_control,235.36427430122023,-23.85515317490576,218.44213475478963,36.61538635874153,-67.25728266280643,5.638247164210761
projection_control,36.49424311913729,-27.048978514827485,94.33583046414317,-10.425421635814564,14.186327768516648,7.197157204738435
signal,6.895974798451045,19.26694290727384,717.2052254123223,-169.70628772158958,-62.87095849791682,3.1778102968798576
field_control,157.6914419284091,-62.75017723741623,717.2052254123223,163.92453051285202,-12.826250808169883,3.0109041377344594
projection_control,3.592359597041775,34.75253308990823,194.11302192207782,26.6070216848231,21.47264253546206,6.052155234939909
signal,297.6690819501911,-28.647938478766747,529.4434474235762,12.306883185605782,39.3441441653367,3.420237908929564
field_control,279.3506071499597,-84.23650910567031,529.4434474235762,-71.35651462653385,74.31370633066749,2.937467997210713
projection_control,231.82436860114083,-24.975464693715285,24.75655033724021,5.044867429687283,1.2700886631916555,10.14153123170869
signal,188.90482955811555,54.52709711617869,438.1330823246568,106.82963511993256,26.309702299709087,4.057422540350891
field_control,258.9366621415013,-52.91082541304768,438.1330823246568,-20.992042897676647,-82.14526854898337,3.885113548612323
projection_control,289.08427734947537,81.74489104859883,1054.851820891671,101.34701012904343,-170.69756102730423,1.9073183323686025
signal,279.08785866058173,19.966132008298406,377.9864427353973,39.66032268488941,-46.769258184388114,4.7279929667417395
field_control,45.549689057667244,35.76777403735569,377.98644273539736,47.28672025941799,3.5064138957512663,4.156643125422468
projection_control,353.7076580121739,-54.01798368907491,206.43816293741654,-45.9200103538207,3.0210114236152124,5.473193806646009
signal,84.39321600414529,6.942965426556323,626.9313671961352,-94.79227876427655,-17.364578982169338,2.8057586776487318
field_control,17.582984395467815,67.34823255571173,626.9313671961352,68.31563685511739,-130.3472550139649,3.1128876393714093
projection_control,63.74961194302434,-23.212235935184577,108.00983924131219,-23.497424289405203,-9.797555327477067,7.305535159889049
signal,124.23014838476415,-51.07974107262378,898.9788467565841,2.6845494238037326,-208.59404570115777,2.2014583347958707
field_control,316.05896303985816,-8.399106506775942,898.9788467565841,-6.331178261012618,-28.831511831405088,2.005018892196162
projection_control,320.54742619895825,38.575076328031685,1302.7793621107844,-149.1170900694909,154.41759644145108,1.9146846389557632
signal,10.837393996074816,-6.0783830118015425,311.9993642482039,-74.1870620435835,-10.868794249655732,4.447503384368559
field_control,28.739183962634428,1.4536299381298827,311.9993642482039,67.37710235479092,-24.979255810841156,4.194155601074174
projection_control,75.26137453446457,40.35944954339642,358.077529995736,18.269697267603554,21.18592544428527,4.147345938003526
signal,346.13723684668037,-4.547380055154267,567.8169217202216,-97.84460229493878,-25.87822162460023,2.642580443896296
field_control,53.40210505909671,-44.93496137037468,567.8169217202216,4.8225658869468955,-38.814843038912684,3.086155345235023
projection_control,10.026806695586785,-47.0832003773136,503.247867512816,-90.0469443952448,29.525981520182167,3.5607486350733804
signal,240.4324464122928,46.813275568425574,330.0798482149292,76.58764386121867,-42.33881011762946,4.313785904265059
field_control,7.9679792009225014,5.857962641336856,330.0798482149292,65.23553826427175,13.37811693303297,4.377566446266588
projection_control,107.02468451064011,-17.04707034416694,468.4063209254457,6.1847727990717996,46.504694670613866,3.119825654969987
signal,335.9538315933502,5.353277538554897,786.6281480749618,-105.43836285148386,-51.68705428688972,2.7854712422165706
field_control,226.20109150751534,-45.29109934960682,786.6281480749618,-50.54050203899612,33.70332686097528,2.8766479202824655
projection_control,45.197924363451754,-48.495144997523994,1709.4647581700096,223.88649537696026,-364.4081306716986,0.9014207090826178
signal,95.57870667446603,-13.839263748679453,396.42685212294145,-48.14264886015092,-42.548859872020564,4.171361542989894
field_control,209.65340273700545,12.851720185660517,396.42685212294145,41.93530269982327,-17.167045278529812,4.5543779263639035
projection_control,71.63717002539724,-22.171772667884397,313.8705287186982,74.48845822904016,-6.197533241390633,4.357572391421221
signal,220.12690004123792,72.47785523752883,361.2360958505303,89.64487653527434,-11.651157420499043,4.396769251392704
field_control,355.285319916692,60.056419305683825,361.2360958505303,-70.75933269042379,-34.80139651989458,4.630023654443255
projection_control,41.542071184410254,-34.72207625206251,471.4963413639522,56.686058917736375,-47.43960140102502,3.674265174114507
signal,244.2599885853496,-51.128810452682025,1244.4065912035614,271.20719087254594,106.35819113145911,1.412535792034678
field_control,319.29566267418187,-37.48855349703796,1244.4065912035614,56.184614631564756,157.391409137879,1.7832440494610808
projection_control,236.5309793642786,15.557663928743212,247.38256844287338,-17.797810249706178,-3.19551279409499,4.9183092844079495
signal,114.31789209273184,-8.91117893159022,516.3783634708901,-22.045578821240536,-41.96451154377695,3.238330645173518
field_control,147.90354389312748,31.946518141074794,516.3783634708901,-111.84680761245282,12.153982691283055,3.133857737285334
projection_control,18.716166711974697,-0.40552545452684724,576.8736839555481,-97.41190743100744,-101.32298535446462,3.3884352648164295
signal,305.31932460562683,-66.34109465965089,838.297392426403,-4.666430383697694,193.09674232459815,2.7637861252588
field_control,133.7709027285126,-72.36299002719072,838.297392426403,-94.18091192425051,75.11855109817922,2.260340571192365
projection_control,243.69868187886144,-6.948469590544363,314.550591993358,64.49952505006672,-21.80163140074484,4.848054208333206
signal,340.97812664408923,28.672878716983217,1150.111526717071,-176.45460061916137,-157.1608291157497,1.5471050756753704
field_control,106.86673234079463,-14.418671638673754,1150.111526717071,186.4742697097981,-155.7833123044002,1.7592780353065707
projection_control,67.19037832716572,2.1814656597965256,154.91721086280535,-29.201500418958897,-7.240432495047129,5.752174312775974
signal,318.5478423705615,56.736098904905546,41.078221383104726,-2.497639975072479,-9.79011340682207,9.020166456026553
field_control,54.866491213637296,-51.123713679951095,41.078221383104726,4.0662184374004315,-5.161321785331396,8.742210132965736
projection_control,139.41878811294288,-6.007183374861508,415.2909565793888,-23.750632807517274,-28.196875894823414,3.44727842303828
signal,266.0641113381741,-26.09911769092863,530.8135145914827,82.87256274889855,23.70888102792124,3.4242905465251017
field_control,49.710116376723256,-17.160482652975478,530.8135145914827,28.98845309473911,46.29720165101222,3.5484518380802257
projection_control,330.216503967965,-16.232284691288285,990.6111977355579,-81.62549949539206,-86.0833712342071,2.1022738898932536
signal,99.88728470098346,45.78132649396368,194.25871416862796,-19.09470282127913,27.61488406358883,5.9966125561748145
field_control,47.62213488345795,-40.76258689841874,194.25871416862796,-37.608948044654255,-22.080929193319466,5.7742432837739655
projection_control,211.53091359938463,-0.37049326580388,1148.7949781212585,-61.00736575789553,-226.47443538870013,1.6620565610071536
signal,101.38177515802742,-24.554810235003124,610.150267704859,-63.64782613739967,-78.92461185060324,3.364239676524887
field_control,41.08131258724027,-14.678207183364101,610.150267704859,189.39468278225823,-6.566689841471074,3.23370298799282
projection_control,134.89990938265552,-47.6203944819086,321.5050121852133,-48.89401658714017,-59.31874480787036,4.552628688209948
signal,346.80971536057365,55.23928459444049,269.8534348102067,-46.45001980906427,-48.14239835719679,4.4557826621860395
field_control,86.58433526599329,-9.4945847733384,269.8534348102067,-26.283750545667836,27.93570298319235,5.15190062975345
projection_control,56.27410945518991,66.19096739303649,172.6434230715836,-17.002796258699494,-31.255314358414132,5.3091300379253985
signal,3.7024185368491307,30.52563427512607,223.89947865850962,-51.356141922697894,-23.747138922929366,4.893468638258046
field_control,110.40070691272192,-23.50429138090317,223.8994786585096,7.5234793731497005,-17.504011925780635,4.978357224176635
projection_control,203.76663295961552,-59.057465104753696,605.5222901236442,-17.405202943190776,-114.03647529976655,2.6633861769111324
signal,257.77799036717204,37.57602290324295,321.15982932259254,59.1698585100676,-46.5390982562133,4.640066853211836
field_control,346.16842957400974,18.254832081825928,321.15982932259254,-40.611844261840936,14.40638327625626,4.746242519018755
projection_control,216.88179910797157,-37.64392097578802,134.86212363491532,12.31332932866868,-31.621639862596382,6.590904558675174
signal,254.24861851989436,-74.5766042990632,403.28740792312277,78.3048395148107,59.371840086646216,3.952625395833432
field_control,208.25037036067883,56.89846675295909,403.28740792312277,41.06574930364759,-16.336117757232795,3.763233055011123
projection_control,11.679640576987307,-81.48936155881262,1837.1553788487488,-344.97349301023235,240.65873134359396,0.5761436008788363
signal,224.16823474192708,67.76214025930815,449.03719464917,115.03273704017134,-27.83898068808164,3.6020368849435593
field_control,355.53447882478116,-11.467335957585451,449.0371946491699,3.5515848740526157,-32.881798339234116,3.4563076343368233
projection_control,299.65087427795817,-26.64523376843687,518.7254460515121,-0.00932605392167339,-0.35620330300273906,3.5720657411372514
signal,356.43918459127167,26.95830521819928,504.4467638823515,-100.63835592004394,-54.41877359260493,3.7906116636921388
field_control,134.08810121724238,-37.97471688486471,504.4467638823515,85.0792715399867,67.91751754797122,3.645558138749712
projection_control,222.98038897194067,13.132764001429251,302.77121025692657,62.53549302260697,45.557132189413245,4.64108059695229
signal,112.27659687494108,-22.98547808848003,111.71874578361243,-4.176997950921669,-15.57005908949721,6.815607557494446
field_control,164.74558773219877,-27.293870240878665,111.71874578361243,-31.46922519134831,-9.664748170398525,7.124131811527468
projection_control,188.42449353192293,9.395274056182112,299.3706630901774,15.815166544253092,-15.580783416404826,4.351121811387591
signal,122.38987096556934,41.20760543014503,181.4536121722229,0.024285643983497553,23.688274084226546,5.721909125749634
field_control,116.8483172995005,45.07255556490429,181.45361217222288,-23.77506255765646,15.436449055075288,5.852575955595604
projection_control,144.97333955804166,-27.698226952837146,79.77905631770011,-3.3499162168685275,13.031999364196583,7.51122736560488
signal,28.418185060759992,-25.909924772245667,77.48665438166694,-20.81238241474048,-2.9090842757122615,7.787814042758885
field_control,65.83955432275897,8.237658418753574,77.48665438166694,-25.051064050832466,-10.499074448774694,7.560106657664134
projection_control,29.213704273046094,4.109071681620506,162.1354115150098,-34.08164482136062,23.64705572096914,5.874823148460292
signal,159.4073291557455,48.20272326867083,868.1968615067383,119.31753769921485,96.60454403596896,2.1943762437660723
field_control,51.5392947999285,-5.162337731499815,868.1968615067383,-68.88626872822368,-73.61768963602553,2.399955090079594
projection_control,228.74916847028751,11.662615922668888,632.9522308107821,43.72295102493711,-124.85490570538471,2.9471671597079165
signal,93.9774694445453,-50.790457904531074,241.07260392332898,-29.71908739359811,-48.731213309104255,5.559816401136398
field_control,340.2285112108195,-44.48532487283647,241.07260392332898,6.521162025316462,-24.23796436684119,5.130188780914816
projection_control,18.995492829456946,-18.032337314400365,904.4886013436433,-137.41061938297563,-159.84109072688338,2.258613159858327
signal,123.61921278395194,24.039851686796467,104.09279035491592,0.5184997488591925,6.574939166905218,6.676482460170355
field_control,355.25184544755206,-5.770576930732301,104.09279035491592,-3.3292838597337227,2.7935355881486026,6.57511147829964
projection_control,282.1535432942786,58.657043484386165,564.8060965501558,-51.70062842234667,133.94301431191363,3.442911613996711
signal,300.4458444920259,4.668867168499074,728.4474275021562,3.5530180271776834,-50.833504467891764,2.8850876502139777
field_control,16.167418743143358,-26.29647229695997,728.4474275021562,-89.37311053144124,83.6314512996291,2.315222886827877
projection_control,12.482173521383901,-61.0550147787708,658.4060332499404,17.971804184245812,115.34075923906052,3.0277234822795474
signal,336.77442486989844,-53.79716225197009,1128.3381752334649,-162.03809072232895,157.98415136015933,2.167953441895484
field_control,54.12451490343595,62.4151752330897,1128.3381752334649,-298.82865874340047,-229.01148889635152,1.7141558264554944
projection_control,359.1897800436722,-3.441159564958495,692.624452136119,142.15491817762523,-38.683383105369046,2.863567696049275
signal,66.86390592186683,-31.078524189923353,235.09065142630803,-51.14904624676083,-28.64542070828617,4.730634556268542
field_control,152.46867322836815,50.187174611957985,235.09065142630803,-6.066559774308028,-9.610629282844753,5.167780253780963
projection_control,90.16844356529963,-71.57095335085104,240.4159155257086,48.634471412670585,29.919529664845523,4.933790368539362
signal,134.1032153592477,-77.21101471557445,334.31313015389907,15.76550981756956,-84.55334643739056,4.276232277990614
field_control,67.08005148398665,-56.324873610935306,334.313130153899,-23.148577223610193,51.752588326749255,4.38263254425667
projection_control,205.653769177355,-45.93711493228187,1382.8706457437243,329.2136907108082,8.969436540910582,1.535021320317656
signal,334.30700236154183,-3.581258977511907,174.3796949065385,-23.686711549724237,-5.985686834925063,6.135182650417321
field_control,130.99694170567798,1.9087023133432923,174.3796949065385,-38.60949272144652,-21.34257794717757,5.995350916646628
projection_control,97.49027809331012,-3.9903681883355855,195.74083504802087,-10.961839634051008,-20.840824755950003,5.62034368362486
signal,22.251045848120146,-23.420078377520166,823.5517581873726,-206.63896033283388,-19.744811102003155,2.768718870841432
field_control,46.47468594946802,-33.35900784604642,823.5517581873725,-121.57013535435105,-93.99176900392129,2.356902491672823
projection_control,47.955572689186326,-18.98429103833302,944.1288057476546,-127.96632559031899,-112.06863908936907,2.285760523987019
signal,33.249790120096264,11.344924727387413,203.09873689719493,-51.514166168985334,-8.623373004249654,5.410015207543987
field_control,164.34423241984447,-10.279246345771343,203.09873689719493,57.34082389565184,-11.469752730900174,5.630357642231916
projection_control,141.38306757770985,5.684990233804526,212.29389520777485,-1.0980306864609972,-14.080699151566055,5.048479001082196
signal,58.60475611424257,-23.923991948983424,690.6995493081382,-172.530520998512,-63.58373938750128,2.5831528087842073
field_control,97.81006182093333,48.911558907637975,690.6995493081382,-36.828361153546574,221.67590872584418,2.760178106689331
projection_control,83.33107695550733,9.261182844866038,443.43914495468425,-8.647678170146966,-74.60488838574422,3.705048127260785
signal,214.27662028567488,-23.58829232710071,765.2287877026582,194.62370301499848,-22.058866810862195,2.867824248174108
field_control,126.6858200731179,3.1545251843538322,765.2287877026582,67.25192289545099,-99.4512086528666,3.128051190085819
projection_control,116.82424806312316,-66.01508720122595,81.76131636494436,13.538871376845098,-15.699726267887282,7.272283175114422
signal,54.170017562159096,29.10334538965847,763.8754514572065,-187.11574126275858,8.250669725610457,2.939951963775121
field_control,33.95255452658913,-19.364060195415544,763.8754514572065,201.99363407467217,39.597709835406434,2.609101351018573
projection_control,82.65533787142873,-62.08858766639342,251.95806548677535,35.58581884524809,-18.9539180875344,5.244303915322183
signal,348.50749732226404,-64.65067750963924,191.38576915566728,-31.523188862207217,28.206526062280513,5.24105278610364
field_control,154.12609825565102,-35.748138071814125,191.38576915566728,11.59478965351564,22.83413457890825,6.292668574115061
projection_control,176.27186737153175,19.03189107141939,105.62805513150755,3.36429019090918,-21.220073881371803,6.323204670587533
signal,160.8172298130673,53.68661806682122,279.4189326961607,44.007117123190156,38.544666276291146,4.407546758142591
field_control,353.9727399461651,36.91644451371592,279.4189326961607,32.1713164072713,-47.27700460791191,4.874324330159764
projection_control,95.26860969312864,0.6706845262045994,977.4869563812712,13.195791688019543,118.11596438318266,2.23348319536936
signal,180.5464657260599,44.79140420858213,367.5544700593264,77.3622737000153,22.35788828959742,4.240968460375052
field_control,118.37989687722852,14.420476791778452,367.5544700593264,14.221725488248888,-47.92086247526228,4.109288304603508
projection_control,195.96415954835558,-17.686513636283287,765.3002357050565,-158.437720640504,36.99024357276439,2.3009050379543328
signal,88.79710168994635,19.60959745579887,495.06139251531806,-71.00348668971583,16.534975422737922,3.7155128945793927
field_control,315.51453894327665,-3.661921214451964,495.06139251531806,-9.013351206504915,43.25685591058845,3.256870311672823
projection_control,203.12345400643298,-10.65611483468663,1649.755939819064,-192.72273524259128,-238.14132966160236,0.7629401862446266
signal,169.54569087650404,10.745282254084279,151.0584863477715,25.703205526073024,-0.9351884194559938,6.014553631333829
field_control,303.55169098452666,-34.40446432884242,151.0584863477715,29.53466314191721,11.993802529622142,5.671407784685537
projection_control,233.75603684767736,60.91690132511297,627.4317165075163,-156.0610303686201,-39.40691458202325,2.5443369243224048
signal,238.28890774932415,51.68415999451331,465.1829637081011,115.72433927785093,-52.65187860082835,3.865669139606071
field_control,342.7410305869958,-19.360285086067204,465.1829637081011,60.460508438985066,-63.72679570593211,3.3644483082925194
projection_control,247.6964005466864,-21.843124291282358,298.2229432790848,17.234451999180532,26.745817200750658,4.535120871723203
signal,270.4237693034554,-39.001419229753886,190.1434428037632,27.56007719811621,18.55433622950368,5.391552252283221
field_control,284.439424416154,66.88034490526726,190.1434428037632,23.213183021583625,2.982084693727306,5.340711341585239
projection_control,250.7147305329986,-77.94223002518953,484.69844768207287,-35.48367434250198,-22.291926224632373,3.8808856588400147
signal,271.39250977556867,-57.35847211746354,427.4588419197483,59.982170367820885,66.42331732804878,3.2111203961575048
field_control,237.45485774117338,2.3027571584242925,427.4588419197483,-101.12507847825279,29.830096700397032,3.9639744820032785
projection_control,241.65749708248768,20.710275246745958,1414.6347876223374,180.59953610770734,-156.1628452037937,1.2042795418523218
signal,208.04080056987178,-31.397988132392612,478.6388680809401,128.95858864411852,-24.762047012375955,3.4727898643757893
field_control,308.3703999218847,-11.455186813913974,478.63886808094,61.61749595402331,72.99404254716231,3.4421105747575123
projection_control,32.35566662501784,28.80355940743086,358.35354690572586,-80.19170838073106,45.063712333871315,4.209278113253242
signal,325.5695189977886,36.097177776080564,409.7724089989058,-40.880235069093615,-72.21647609955616,3.956256079373855
field_control,27.232085036645866,2.4555368582575774,409.77240899890575,61.39790772545196,-37.34669956546202,3.993364551186274
projection_control,139.61739237009525,15.863075536890573,407.63385328702805,-15.488957896684726,-27.73220084955284,3.9932829692507
signal,294.26682503019936,-68.53784816471304,553.3165144966134,22.703917581693542,118.45643109474564,3.202379849395886
field_control,166.6190365915708,33.916009763666544,553.3165144966134,-60.25593614546822,25.791154931222064,3.669725346077829
projection_control,194.8009769563841,-52.78699201982762,392.5107762319257,-75.82527463181982,-67.64418065840367,3.6713546881358288
signal,272.5373212915052,9.532885662189516,231.29787851260096,32.63906231043522,-19.11163294693701,4.8315607739210025
field_control,356.1322459014212,-18.649749364666913,231.29787851260102,-17.91105716816921,-21.67071567048982,5.1527992475283915
projection_control,3.7024185368491307,30.52563427512607,223.89947865850962,-21.247563623452844,20.708921538084933,4.893468638258046
signal,20.017987804965824,82.25388226486406,381.3362138537642,-93.84975830557445,-21.53442024940215,3.5487650557165544
field_control,277.0560544661036,-39.98505387302716,381.3362138537642,56.48837598134713,15.37002914945285,4.717206758020241
projection_control,141.53296661784546,53.50226684458507,77.38184643457505,-11.558635894120927,-5.025270523385672,8.034043280864822
signal,2.476066399073753,45.34830072548728,641.6641350644448,-126.36374044843366,-81.68449332910063,2.8092345303098454
field_control,346.3471360934003,9.780390712924266,641.6641350644448,16.58701789067323,-136.37383956480093,2.6107178775184554
projection_control,248.78009258613423,41.191177837288464,518.0657468829395,7.827094730482206,30.654005424100475,2.823856623475994
signal,76.48101979037027,2.458249063111353,135.1889213621169,-25.61064615094247,-6.400547411907513,6.61459121682628
field_control,280.66836820805247,19.29355385737367,135.18892136211693,-4.47650397163413,7.045828876401079,6.300119420818878
projection_control,225.83841663264405,-8.338473489747425,613.1065845452586,-120.18178074628577,-35.824577341694535,3.0930825303474485
signal,238.8684938088428,-60.77606277434709,472.5440456557417,105.92176715801482,33.08380339801164,4.004647756023948
field_control,314.9575082791719,25.178264283987282,472.5440456557417,-56.515432284244156,-15.202098311503986,3.4659946471165495
projection_control,218.02964015642812,-77.35848650265648,168.4048700122939,11.770835125543671,-37.15439837025642,6.117676427679273
signal,148.0310959977165,41.50971485428595,354.05908295902157,39.857227002140085,43.80986819489038,4.610935314406021
field_control,254.35066762914875,49.8159055992504,354.05908295902157,27.003014899272603,-13.0706457239663,4.535573280981587
projection_control,200.64138104628287,-30.440430773667188,736.018101408703,4.057008249949372,-72.08639842258309,2.8187377302369323
signal,144.8662533477522,11.417516273605733,130.05152814338703,12.046746821536033,-0.5820549194606559,6.184649841211917
field_control,273.7807215902063,-14.930771309160377,130.05152814338703,-33.295869836792924,13.958806315639714,5.757485212646646
projection_control,237.25634764760363,30.182117330222443,409.0246628212762,-16.084324410017576,19.959427874153924,3.9656356737581504
signal,318.45127976266093,-50.36592398872463,303.7654477495759,-22.184516730572767,46.665901356432535,4.241196238573557
field_control,188.34408354222023,-58.134552172853,303.7654477495759,12.361034685841934,-23.1509441283203,4.154373548909323
projection_control,27.632902279945686,-32.62692885674649,683.4536705601862,88.10969874018032,74.85654121903063,2.797590920006924
signal,322.4026253274619,-54.319828938625946,892.0130879954255,-79.20263693852147,146.90640470123836,2.3971342516128327
field_control,332.72557229308785,66.44790875951219,892.0130879954255,171.05741987168815,-215.3090517875158,2.2159398203835754
projection_control,317.1502820302766,12.735482586462489,581.196828836522,12.070025949723869,-37.1933850373318,3.1966194317154213
signal,327.30309505929085,55.01014978471412,102.75818137867866,-9.156656077087968,-22.193681033175864,7.131447956034966
field_control,297.0140078244102,-7.468213837133366,102.75818137867867,10.821201816996242,-18.324325236513552,7.406331268858437
projection_control,208.55320799829764,2.6743497912765597,507.51954848282793,-11.80600390835368,124.56791793386417,2.881643550946988
signal,112.99610754540983,19.779455392495638,301.68006028973974,-12.757220692397917,12.025201723606932,4.72231785061087
field_control,303.79858763962756,14.271384351132737,301.68006028973974,-8.779719577797124,81.09784436776441,4.6700195192619125
projection_control,97.53937139389156,-49.200192185649094,297.257347925455,36.78704973627731,12.735606706294789,4.837244120404976
signal,248.78009258613423,41.191177837288464,518.0657468829395,103.0118833346626,-78.29980459929361,2.823856623475994
field_control,242.28327634669887,19.427307909477708,518.0657468829395,-114.13256983112782,46.24535493867671,3.022611369468053
projection_control,116.47094849477695,31.47158059211389,386.57386597343503,-18.658278034403217,6.691851089375906,4.546925441429317
signal,97.78794525877308,49.28449136584715,824.8994853030949,-86.8924440620988,132.36689570432864,2.1579294614076625
field_control,109.64878095140963,5.337796329316007,824.8994853030949,-117.52619966331567,169.00820907443938,2.0588448590656334
projection_control,301.7357909959113,-23.737616577971476,364.4690323819634,-0.8765020284954121,-13.229159383027657,4.094524175099606
signal,68.61953990680192,8.253015300395234,203.84493826187492,-44.025923508084496,-3.192936304183142,5.44459370382198
field_control,12.826726340450158,-36.1204665334928,203.84493826187492,-0.8841539362281076,-23.397971544317056,5.955397251761259
projection_control,70.19107196410413,29.745370980623278,894.7842161654153,43.35768334031635,-112.61210137258645,1.8039444927810462
signal,66.46768464505291,1.9996105415436223,306.2752268224294,-63.276747006997965,-15.494816100126446,4.7156061075495925
field_control,336.835846587436,30.682888613176505,306.2752268224294,32.26808818558908,-33.34387802399184,4.383100209521592
projection_control,66.86390592186683,-31.078524189923353,235.09065142630803,37.54009794279592,-4.215590941823704,4.730634556268542
signal,123.15874351089386,-7.998384491194396,360.66179379784063,0.46351864249163865,-32.243949657501986,4.444691516895137
field_control,211.00332556997887,37.40924020129395,360.66179379784063,-99.28570868685938,19.480773783783604,3.9316102963794615
projection_control,352.2077233404684,-70.89608657397388,451.02014190951996,27.619897601409342,69.0084404411984,3.2655033913945775
signal,154.7847431207358,-21.475714450463354,139.3258780839665,17.440385773516113,-17.603782994768878,6.323117112566316
field_control,107.3314696133305,6.081970407205639,139.3258780839665,3.1394796086821706,-7.619660560186815,6.723052824070962
projection_control,42.558704024791886,-35.60786308718185,254.18057796753982,-11.177955986897985,39.59133262195801,4.827104515377369
signal,299.1417015798246,-7.516290552120565,207.09679580911933,2.9992180780840285,-4.3196442464224765,5.5183682441427715
field_control,53.688638825113614,-1.310908811359913,207.09679580911933,-42.60278464095722,6.762996214004886,5.722462203857398
projection_control,63.68290229663421,16.837913581725566,308.1757241033613,-30.488997414208953,-25.058723457820136,4.837695028008639
signal,43.16079365017635,33.21342776508908,793.106296020574,-201.57284938932875,-13.649050316104447,2.528802649965099
field_control,298.62833958027164,-50.544974189180294,793.106296020574,-249.60696893763642,1.0407203347719136,2.8855609054368063
projection_control,185.07435931845347,-15.712623641412312,189.62462691367728,16.42041492391809,-40.47156902343272,5.8964291528565465
signal,264.5733050621619,11.76200377798097,542.0206267866935,89.45037658502281,-55.10743829958358,3.5356067418504886
field_control,301.1472700011284,-56.314723706316755,542.0206267866936,-31.30281638880132,-58.514270928090816,3.044908365505199
projection_control,62.87298692267864,-21.39690003948586,113.20827155215058,2.650120543070616,26.396973046138427,6.591752315792204
signal,191.3237691081499,51.72498653914372,618.4751105540041,156.7839668554457,23.125233704387092,3.13724856096153
field_control,293.2228685269913,-18.715565635502788,618.4751105540041,-64.97766342097948,-36.18117925622827,2.585857173209949
projection_control,28.418185060759992,-25.909924772245667,77.48665438166694,-16.971713934789346,10.783378343377246,7.787814042758885
signal,103.66032336335729,-6.502119678145715,233.43982017206568,-22.389595227813246,-14.743550379897929,5.178846598037816
field_control,232.22976910804306,-22.228896346049364,233.4398201720657,36.676344198748936,-9.01871276728703,5.19907524683244
projection_control,133.60065783484603,4.58363744891844,80.38294106041374,-2.7385276558386216,1.7767738702291154,7.452929484806054
signal,177.41505043181687,12.367374741751526,1467.7055345036124,312.38545708121916,-32.17549042509628,1.0862947007784194
field_control,131.76553953307533,65.13661622084538,1467.7055345036124,194.66736894337498,-80.29041399598398,1.2673431804417328
projection_control,301.00237315460953,35.01611250260848,375.4461767501455,8.026335740498425,-55.307568432374374,4.079239223159951
signal,107.97914511972816,15.22529004936778,337.1978369937394,-26.112209887672922,9.42185475818494,4.384963526941039
field_control,109.46530252089251,34.55836753429408,337.1978369937394,-31.746583755552432,-22.828085000779083,4.469956640539745
projection_control,311.2772118689304,46.077551939190364,307.4494539279772,3.3852693805698317,59.352829180697945,4.430252460269405
signal,214.58950388579012,10.56753240340501,222.5876655729334,58.82733626243842,-10.153181982134031,5.407871939849469
field_control,3.079717242541267,18.65376853115458,222.5876655729334,-26.891011756466792,-28.103838064872853,5.705949706889387
projection_control,146.9346087120113,22.972489744780816,241.80777294231476,27.33482947086949,-5.435708257772412,4.597497146977584
signal,156.1838122278879,23.907894044980967,151.356786268503,21.253686950924724,4.8372695132606065,6.180233127375571
field_control,300.0987211277665,2.022742178211321,151.356786268503,-25.49082075069354,-22.463891706725896,5.579860383703678
projection_control,24.12595359043559,-61.00873319145078,443.86228741757765,-100.87048203658944,-6.641410183254162,3.826306356496566
signal,59.18599046839635,-31.677201437540162,510.99579459596043,-118.12617459135649,-48.227923907240324,3.5721612955862154
field_control,31.475771097711288,-41.7026539654776,510.99579459596043,-86.22736325517276,63.49458336795316,3.715821885471969
projection_control,296.05723602672754,1.4328473592050284,671.5865357223041,-5.780848398869286,28.30235434258849,2.81444567470791
signal,41.96990684005081,1.416928966786013,187.27394098316987,-47.151398353067215,-8.863908896523146,6.040429809131206
field_control,227.07179929467634,73.11967331761113,187.27394098316987,31.752531662036812,26.247115721103437,5.3086257374816554
projection_control,208.01053809039047,32.537097153590594,538.2153345012539,-29.463039753249546,134.65244739821378,3.240962180964039
signal,196.81044554596681,-52.33063521230044,913.6791580042686,233.38321529431457,-86.4650241595634,2.2755805853009985
field_control,181.46698086243177,-14.472695615580133,913.6791580042686,117.8267898855158,-35.67450352110873,2.4527520047352747
projection_control,23.926797279457965,-49.22035679347692,250.5507664409013,55.66985045181711,6.429401480938495,4.273310117577811
signal,324.86869198299723,-13.354618934529807,171.42416286275633,-15.440054264776736,1.407865654092016,5.634940257370297
field_control,189.60816921348638,-51.82705294495633,171.4241628627563,28.973072902407456,1.6843569092225106,5.687152802155831
projection_control,333.75982638903383,-35.66034154688436,532.447954409827,-31.23764002839634,-82.55957836748236,3.3023955585303058
signal,123.82476716076678,-1.4133931779608682,858.4541444659208,6.412399227965776,-43.22545714298552,2.596496527464969
field_control,333.6166243107984,-0.7106124255258062,858.454144465921,17.035847643550078,158.82930844369278,2.0872229528995647
projection_control,51.64900452648722,-58.63147442805808,756.8346328289281,29.333022750242044,-178.31829332777093,2.78776666322877
signal,263.88003860014436,17.724988579255378,461.08328695004855,79.64849346513446,-47.807938130468195,3.2712435963088224
field_control,11.38140405764716,48.41708414961971,461.08328695004855,26.835312501657583,-100.85752719712829,3.4981322855247368
projection_control,263.6643776610165,-31.442309883973774,169.64118556565032,26.330528529914343,5.440329817791015,6.169683807574962
signal,237.11808777831607,64.29802932322627,201.87866032706054,46.85782426646096,-22.49617963686098,5.150123915379216
field_control,278.42120086635805,50.7671509328401,201.87866032706054,-32.769877972914095,1.943475155094306,5.040864869368033
projection_control,28.867232452360785,72.67208757882436,155.30095922798986,-18.019658612582223,-10.800112065114574,6.268393146789979
signal,335.35976915141316,11.613114562063215,797.4170452009125,-105.0303734505022,-70.70479890520066,2.5923266059445322
field_control,18.738863412230565,-77.97812973312823,797.4170452009125,-25.26599960653481,-129.74115592932446,2.5037011084785514
projection_control,214.28270377898457,-31.067379307281467,371.1423573907063,15.938721589298936,-79.03187064585916,4.088624097372352
signal,295.55316622769067,29.155912939716877,646.0798564838525,30.806688059952933,-113.46849931652638,3.1034879963755237
field_control,13.735298136735793,50.587176125673196,646.0798564838525,159.09739611445633,-8.200903109604354,2.716766978841413
projection_control,23.042284779103532,-22.889266845833923,223.0812250104216,-33.32019381490949,32.8049722109302,5.360632462878713
signal,203.97789320596664,0.7180563229461507,246.0919727564551,59.72520757963962,-12.356284344027609,4.6709973942688725
field_control,154.73437133089752,-27.19572506973491,246.0919727564551,33.728653054124145,12.076362713815405,5.280402230590155
projection_control,222.0420988269148,-32.053833769231154,529.9351362508351,-119.9853019359972,53.95633444871107,3.56855131688732
signal,236.5309793642786,15.557663928743212,247.38256844287338,59.679856332831015,-12.82902515496923,4.9183092844079495
field_control,22.707062763468016,-67.22842257732496,247.38256844287338,-15.08321935765963,12.82765334584756,5.22517135301385
projection_control,5.542161008871051,-11.032306709113795,295.78648135458917,-35.16426581913017,41.63344633933705,4.749002207617537
signal,323.41912797025253,-59.10788466435454,293.6470595179351,-27.050454557091463,52.91006054823952,4.479046568718617
field_control,284.09182246544833,44.07349687116313,293.6470595179351,-8.02481917965835,14.403167506610124,5.167318834255352
projection_control,289.2735574065372,13.171535549015925,354.6498875119709,-11.925090641528152,27.25102791522237,4.199623976378369
signal,143.82676245129653,-29.42059224581841,262.58229149561595,24.006958138816724,-39.19280522848604,4.757669933154602
field_control,190.64271371340135,46.69672137148911,262.58229149561595,22.08411772355349,38.155481867807666,5.013571075081405
projection_control,150.18963068324751,-13.236803305966301,1827.0701603634839,-261.42586171662043,14.565534396710934,1.1485790303972991
signal,117.64609410879984,-16.039131847514202,354.59794516571935,-10.977716568426493,-37.310569205893565,4.534398259831147
field_control,10.453961757518798,11.096508015163735,354.5979451657193,86.20948003833313,-57.8090746569698,4.407522257073286
projection_control,158.11581644989823,13.837907007462448,2868.8652658162073,181.9075223436801,312.50121378881306,-0.444142161237713
signal,3.8919901086706825,-3.1536214188173837,613.967673488702,-135.9341905523441,-23.587136501655863,3.271224112308376
field_control,14.580247133491026,8.561303083192133,613.967673488702,-50.81699505842661,123.84779619303222,3.4793024167925446
projection_control,132.60499696596648,22.195656940150766,887.8065099544638,-46.62378926164206,18.227027542910687,2.0673548096153773
signal,297.5583867089271,-65.32665921479371,507.49186080351535,11.131078923152948,108.20866328992538,3.4671179390926703
field_control,220.56067070621256,38.773298211318945,507.4918608035154,-56.74801031474531,-97.49924063347332,3.284555784240773
projection_control,192.79937335668208,46.38812896415635,282.48947430640845,43.74361062297079,-16.741648557322534,4.44887479414018
signal,288.35305214521134,-46.050501504070546,727.7295422895148,38.08673583229538,110.2542549579573,2.526361394222008
field_control,290.20025435702576,34.93306662639625,727.7295422895148,-5.825801305533288,-2.2667308179347336,2.243672508509577
projection_control,351.82077572392103,28.74761435448743,513.1537248858008,86.09985135490757,14.972258923778712,3.409429169827548
signal,37.6036265160545,-26.51111297625469,128.55244559777412,-32.11610359788444,-7.35646524489088,6.0497033832843945
field_control,157.60783125891848,51.27989355882389,128.55244559777412,-34.4419996695344,14.583131646497986,6.514626502088954
projection_control,0.7171686788652966,22.958883556595808,231.95183580489206,16.097549665556066,27.119589329226844,5.410824234653032
signal,207.6686572077721,70.57288903222256,328.738172968157,84.11878826295742,-2.1167112920992013,4.841804795925926
field_control,199.64904175282476,6.05568032996167,328.73817296815696,61.87292298678428,-30.787694520520265,3.98895927352702
projection_control,205.5158700622114,3.787587405340865,579.730752523468,24.834544312091186,-141.2348656380878,3.142545988577227
signal,167.03341134007945,-19.712824907789784,458.09565191078343,82.72054161608388,-45.3471747628919,3.872853321989988
field_control,287.9386034579645,69.27572473168809,458.09565191078343,-94.69971638756031,-44.486758170280524,4.43140075378213
projection_control,34.17045725580109,-81.70594928879243,132.986954848349,23.67193336096742,25.87011848731582,6.19350440644775
signal,42.735274383280114,-2.0583858966253454,410.2679221663288,-104.97195322438401,-21.680313453793957,3.722661459361051
field_control,219.7822226550549,82.88227905526747,410.2679221663288,59.689032970597,-4.635169842335015,4.371311678206676
projection_control,167.52129621821499,33.41452066896752,737.8656425886355,-15.938962927747886,118.49257299782568,2.5161231128569246
signal,353.00456174186047,-37.430928139005424,95.870196919377,-19.43209334614128,6.492486917136018,7.307461752177
field_control,80.91368555717501,-50.07728430039452,95.870196919377,8.567708755336012,-8.691084154897652,7.740774802880007
projection_control,57.844650496264265,-48.37173876460091,771.9169483430942,-180.53796615357228,52.649325636016485,2.321970014895312
signal,77.29051948680795,12.800684185908628,789.0495915824143,-159.00372657271362,0.3720890037285659,2.4934114169581503
field_control,220.69872931301228,44.35384129892875,789.0495915824143,-90.3699807288858,-104.80238560873846,2.5332125961294767
projection_control,332.0763421162048,5.1057305949406935,278.43843293392337,24.107891637528,-8.995153952703593,5.164916217483144
signal,24.204304832602013,-26.016729921948738,326.9743176667096,-88.16474145213157,-9.704791118137289,4.341298937742233
field_control,226.18060526347685,-0.020367762122982143,326.9743176667096,-47.72336587613182,-25.67541291903035,4.592603867311415
projection_control,285.3929208862126,-44.41919577197412,150.94005263538335,9.262907117635176,20.864021926774704,6.049659407419361
signal,214.14505662068743,-35.87471642242295,379.16306358815984,94.60845586588125,-14.882354248146342,4.2364333402246945
field_control,264.27851311720565,-12.995076427047271,379.16306358815984,-41.54744247627403,4.067212892992489,3.9680272521520203
projection_control,336.3958939512389,-17.599341280262102,152.7678490252558,7.205746650890961,-3.781424626897144,6.299793976257361
signal,265.99200376789173,1.899431227511732,311.49256193262005,48.979470961691234,-19.145671067053062,4.310312121578118
field_control,223.5147075204484,13.070195045519666,311.49256193262005,36.392580027520815,-44.60803766332172,4.7976390382279614
projection_control,70.79529058306514,-62.361313634416426,66.03569915628427,-2.115896696369416,-10.559124518473105,7.502403807253886
signal,11.679640576987307,-81.48936155881262,1837.1553788487488,-399.1070426666434,167.1577415169722,0.5761436008788363
field_control,348.9271669648937,-62.63157808096522,1837.1553788487488,70.11817946470403,259.4790908381813,0.31460759311655223
projection_control,155.52681393402216,-39.62062407996907,549.7394475701487,-43.85544466979299,-81.1501361792696,3.431321689727652
signal,237.13834994172797,-79.95528525653317,154.51977163034113,35.47690282574949,15.830453086529186,6.091518031181349
field_control,71.02379113814466,0.7404102796870897,154.51977163034113,-33.85892458443572,9.074328521379488,5.292151755079052
projection_control,278.2114463845214,-13.657694624248208,616.0785759069691,-7.210516736238585,-42.974572335463975,2.777092955193943
signal,191.6250753425236,-34.184691948536646,109.52073621149901,26.57769450094192,-10.317185627740244,6.652682869558234
field_control,342.3926446441474,47.88336320665515,109.52073621149901,4.117812652699757,-1.7156457732947645,6.565305041577228
projection_control,273.34530249065045,74.27935514496514,586.064779520445,102.32724834961222,20.35189541377724,3.289574794840568
signal,37.17540319501743,-67.90436266772213,340.2062434738901,-87.33089508506858,-11.455066636422679,4.5420141654133
field_control,193.80221652600582,-34.9650720034201,340.2062434738901,23.085371418272747,-95.09562509602344,3.9046465596478477
projection_control,25.572560055840764,-73.00949736612314,46.296739733892935,9.628091191023874,6.894076907206949,8.456111435741606
signal,62.10859570069034,-51.62353092637747,261.00593995164985,-55.301723408073435,-34.77531313185708,5.477467995659776
field_control,241.90421057816832,-8.465867877226993,261.0059399516499,-56.02095906941026,51.277400248704566,5.360126065404158
projection_control,183.80907268544152,-17.705059042114737,491.1345251579269,-55.17228639216007,93.50360358210244,3.281737895532355
signal,204.47074703378894,-18.800787193264558,117.52810068761062,30.116729137162373,-6.689078494605708,6.423001971243752
field_control,35.806175082788336,61.51737551993214,117.52810068761062,-16.15069291263337,-18.80983459663332,7.19399464754999
projection_control,8.534791312026618,-27.35514588131085,318.16442181084443,61.924428950693716,31.047725826467197,4.636348904679112
signal,106.68874086478382,37.241173758398396,254.8354618767445,-18.98979638517062,26.746582299419412,4.469163098408885
field_control,137.0073388961185,-8.214089554493176,254.83546187674452,5.404690870605345,29.605578207548838,4.547821965576164
projection_control,61.455010792492864,40.68927088708982,232.56696781185695,6.108203533743226,-0.47726191304642357,5.366339207483312
signal,337.79366231447375,8.285008565007976,791.0085868373576,-122.35965653871486,-53.78634531763511,1.908571959602241
field_control,276.9764927267421,-16.455151352795905,791.0085868373576,208.20009264756257,-30.545715485859787,2.8966086921014913
projection_control,208.04080056987178,-31.397988132392612,478.6388680809401,-107.99758489827269,-59.73694380643092,3.4727898643757893
signal,294.7464826142583,1.4517698064910367,333.17441111796467,12.77897967867861,-14.906971069750123,4.34150136364091
field_control,254.4879654356365,-6.8301636624393645,333.17441111796467,-2.600777997797729,-31.37289119808239,4.672057301139637
projection_control,65.4403921982503,43.72586632232604,589.3693463917971,-58.461662603030874,4.658816364623335,3.110894570676478
signal,354.08419434491867,-24.394836268312005,314.3762278437659,-65.93140741699607,10.237456403610741,4.313802129932616
field_control,14.450179739547666,2.2296855744371884,314.3762278437659,-44.25633129138217,34.8301107054307,4.041818501554808
projection_control,5.973293027735238,-23.286775303977056,2192.2085737412935,113.39266645122383,-499.7358014493839,0.77212479314517
signal,93.48150202214903,59.712708802634594,439.1665285279577,-56.937359660186225,80.02680911849394,3.8492119875265036
field_control,196.77393485900802,15.306512737643876,439.1665285279577,9.90454281460955,-19.40120066289581,3.669773577926894
projection_control,11.427755534275903,-7.255754169698935,92.85502190591409,13.444079622404782,-1.9600055881891483,7.064737857497898
signal,349.1005078072717,-11.886282985608707,237.820411494863,-44.385665398484754,-2.6748061573193316,5.158533670481199
field_control,31.780149468627396,36.96919865503688,237.820411494863,18.19794352346997,-6.73781594316256,4.944705252236012
projection_control,30.637255003122725,-17.777016629057133,479.064942722754,115.37083221295201,-33.416158761367335,3.7317797076635952
signal,155.24419312496084,-55.67115279210302,107.58374692994516,14.453564181970346,-23.219298729335843,6.360301616863809
field_control,358.5083145041384,-5.49711252532923,107.58374692994516,10.321314608021668,-4.514105469035751,7.065665290436198
projection_control,295.8591407707293,43.15678615875074,102.39964338320613,4.089849201434894,-14.74416362089411,6.904563577934807
signal,125.10676631295166,13.54052351241018,115.01886603847169,0.5709391066622708,3.320440647162878,6.151689443109178
field_control,323.02677187198606,39.41715650704858,115.01886603847169,15.72989604189489,18.034049206497908,6.327520786682095
projection_control,52.71705237701381,-43.71570121684524,562.6015714262028,-72.93006962198068,70.96418862085723,3.348823439205453
signal,18.125829708967167,-50.56297219452061,418.5676603067655,-100.14482735836171,9.758416723313948,3.9799516195639737
field_control,7.589037754273307,3.867038371367631,418.56766030676556,26.406320181410532,-44.47717027863256,3.8615098597623003
projection_control,138.45998735235653,21.911859627147585,738.1525330354352,48.642916569039144,21.39875149505464,2.787959812504118
signal,18.995492829456946,-18.032337314400365,904.4886013436433,-215.11377890423873,-19.259868546694925,2.258613159858327
field_control,309.1138484049471,-18.846809394318043,904.4886013436433,0.7436726296616999,-60.609357198486514,2.0122041582574544
projection_control,91.92109455476789,-1.6044349192848155,426.2100173999117,49.97419146432093,35.53543873461067,3.981950473503832
signal,249.1240521407957,0.8493767230634108,50.584761689476814,10.702748632335329,-2.129217237880383,8.352156058867537
field_control,330.9946562010267,18.415254532963758,50.584761689476814,-3.528844145973752,-18.15777410816303,8.621903813393047
projection_control,30.06896928480676,-25.36814838109256,200.60059570511712,45.357272699025366,0.32840920927190514,5.609328789396818
signal,164.85443799625003,48.455862206170714,176.2412244052243,31.520188624352144,20.97892370477799,5.272319417767821
field_control,127.27736012284383,25.813582077843787,176.2412244052243,-16.06234411863318,19.47429231600198,5.704424883801133
projection_control,318.45127976266093,-50.36592398872463,303.7654477495759,51.376205701068905,0.6142788996178117,4.241196238573557
signal,81.54778537299805,-0.7395279534075,867.0657927535167,-146.03149152893127,-36.8793096025412,2.451157114368276
field_control,259.02059581719567,6.666957237996007,867.0657927535167,-21.172091638108576,-27.990497918974576,2.1491660243566604
projection_control,265.94033426156386,81.21887363352299,198.02767851798114,44.768628456088656,-18.900100931355727,5.290409384227174
signal,221.02931027708374,23.860896753067134,118.86686572623532,31.771911796903357,-5.730814285544424,7.0062658065846275
field_control,159.15734863480043,-62.47013798472756,118.86686572623532,-6.256495982324041,-40.249346588956556,6.560706970267821
projection_control,302.72713574504655,15.831114533733382,237.20363512195206,20.572483523734494,-10.155892792347576,4.477459685585174
signal,91.02892257004002,80.27629582485119,156.0246924689703,-20.991503358226225,32.97536169023874,6.117428055857503
field_control,235.88369444748383,-41.317740449863706,156.0246924689703,-17.913745856809783,-24.538810676993247,6.6448461736438595
projection_control,265.47339087744376,-25.82512441040687,48.21769305204656,-3.895713318666321,-6.835280228135209,8.361269456300382
signal,207.9474315639921,-47.47832940801308,370.3852580837298,96.14613070589779,-19.126133807620903,3.9024893690809246
field_control,122.51426554734891,-25.42977784809473,370.3852580837298,75.92477010105456,-20.501863502321225,4.031661645414627
projection_control,266.0641113381741,-26.09911769092863,530.8135145914827,-12.512308332625128,-84.77025390001012,3.4242905465251017
signal,129.31514891376852,-26.778139257524582,323.85004288536214,10.289881441117206,-53.659006193902016,4.46164585516775
field_control,116.12132518797661,-25.76930995406477,323.8500428853622,68.47758506076843,42.809787721435285,4.135978640011268
projection_control,30.28595841337782,31.587738757020492,287.5489619524316,-69.54790877233688,-5.785150982636763,4.700645488019381
signal,296.47880158025487,-12.172042968308597,459.642211425002,14.882539996145598,2.0431206120482694,3.2780662484502976
field_control,152.79619998872843,20.294254511613786,459.642211425002,35.93629741160324,12.217618560623013,3.8629305434771926
projection_control,271.8481022802705,62.548724607207845,1243.0355881190253,21.449102278311415,280.24015034939146,0.8791910207383037
signal,295.45061787604055,-8.99473144924171,1218.042372552014,28.762493605569183,-7.161627210881669,1.8890762314299236
field_control,52.40439311490041,-74.42987956691724,1218.042372552014,-302.82707971524695,-4.981242097889335,1.5286306164513994
projection_control,244.66794566225167,-55.22729039135387,1011.6416097114713,109.30658972853236,-65.21510550834884,1.6668789353610622
signal,171.84614332406446,-10.250832851351174,517.7754353905725,98.417984731264,-39.328072921456645,3.453846087703392
field_control,299.21002719673777,30.75469814826392,517.7754353905725,-16.775309868824532,-82.34202957335916,3.0047226080845886
projection_control,46.8290411384209,48.87718115416151,93.19592597931721,-3.132000574133057,17.81895971249572,6.821582959065417
signal,126.2948793606056,54.609319166887744,198.5233650278777,3.2545706662812357,34.59964500868556,4.980494786456584
field_control,125.53124233018919,-27.989844156655757,198.5233650278777,5.191231016943013,32.5182761767591,6.180390760543293
projection_control,58.09224901981792,-10.651313472369454,422.2149129847595,-6.56596972690788,-101.03257007297542,3.5337418012471824
signal,130.52152676127403,25.3448410392006,2957.5157686317793,100.4724140717596,166.3071515998517,-0.4448376523362624
field_control,144.05383940610426,-22.33097627483562,2957.5157686317793,379.84714836425485,-345.49430744065944,-0.4603790278791519
projection_control,358.427199419598,24.542107193112507,484.26316449724334,2.0975438416476604,73.12004638264246,3.7969887667196436
signal,290.05722924055846,12.463077677558903,519.4694874559283,36.451509952418306,-49.60039112325774,3.5611902375763007
field_control,321.85966057277204,3.1998938886223907,519.4694874559283,13.097929164173092,68.95992310151645,3.308838948317626
projection_control,145.95221705009578,-79.0892030999245,1038.5261938331198,191.89627581626175,-203.96727744765138,1.4661630042150786
signal,118.14461380714033,-22.41141492547465,460.34211340778336,-11.756479930462312,-60.450401551730565,3.584682177668977
field_control,178.78457306274169,-34.62123644301774,460.34211340778336,129.17267748419025,-22.768331189700167,3.732547069534063
projection_control,123.08590011797652,-61.9939654004565,1022.1711338275863,-104.42954030908027,-146.1143917263131,1.9184343902086702
signal,75.26137453446457,40.35944954339642,358.077529995736,-63.889323124728705,30.989269489791976,4.147345938003526
field_control,195.93140736631062,50.259032417372566,358.077529995736,-45.31654661913966,21.561285388711543,4.74914968519823
projection_control,326.8866763517984,-28.745272857873307,265.19932536128545,-21.232108758390645,-26.56865707719043,4.833607740973117
signal,30.48780307511046,65.52208136494376,119.6582513654904,-31.232434189892192,-5.207531250455222,6.242966078092906
field_control,344.3393249197555,-56.023047281001276,119.6582513654904,-20.679313840836965,-21.696666412274535,6.106363142251389
projection_control,309.52608293219237,54.92897634718995,524.2531802766432,81.25985783883658,57.00917685660931,3.0519674067018405
signal,168.00952351838703,39.97075834291338,506.86562987936793,93.45153769636725,43.95478964626867,3.645498080684215
field_control,319.22149793219614,-6.386528673030388,506.865629879368,-53.172833783012415,-14.909533117017615,3.55833153938588
projection_control,44.38216054762087,-48.09612667708646,757.7896231673556,-168.06299244724826,93.12507731952421,2.414524817155328
signal,173.56755561114306,-85.46541293105213,506.28169774774204,98.4181689121195,-82.27094881158398,3.2834981010931563
field_control,61.00801519983822,44.33437455027042,506.28169774774204,-67.99105156578968,26.46312020674233,4.104220509636986
projection_control,33.249790120096264,11.344924727387413,203.09873689719493,-40.05463403436606,-6.320429351359807,5.410015207543987
signal,302.72713574504655,15.831114533733382,237.20363512195206,-0.9469042939012146,-26.863721753951914,4.477459685585174
field_control,170.35741077051782,13.396459317552596,237.203635121952,-19.425194970927762,42.31673801168238,5.163011902908578
projection_control,202.82701121418748,-56.777509112329284,216.77271195250793,-14.977872118210792,52.7441796283116,5.091336910854349
signal,79.64593072058302,-63.861172513871686,417.5336050422356,-74.19215840906047,-73.54409252441724,3.785165612490294
field_control,349.66664187427637,-24.54079071519881,417.53360504223554,8.994900420015346,70.66882485709509,3.5259426299003684
projection_control,27.64909739319175,-49.36583905674028,710.3618781022617,140.89840060566385,-130.69799054874716,2.281289423529617
signal,137.15685852062396,-28.998423796892734,653.1406225197736,38.813195296628045,-105.16675565554095,3.219311435481967
field_control,134.05186736229697,-9.118656877989048,653.1406225197737,-170.16222254858863,32.91401680512504,2.739447464922665
projection_control,130.1053604641871,-4.136752860621394,388.33616084994344,11.784458411468426,-19.1844772152293,3.720262595109386
signal,291.02606600172874,-61.75724709391238,417.3676547835677,22.40953288451127,85.3396755935788,3.7813272209224347
field_control,133.76631906583202,24.41788997985532,417.3676547835677,15.193446510479612,-43.04790574413803,3.959470813829456
projection_control,167.87151221046125,18.584798782572676,331.92735219642475,-32.642361764665225,1.3090392297032636,4.103703394439917
signal,296.5044998696304,11.981210420856703,820.6498723611667,19.29408084565055,-84.08483833947658,2.950605964108739
field_control,70.21088344409557,71.17729631812816,820.6498723611667,-107.1951255741094,30.136172443097887,2.8284516432636417
projection_control,298.3150462025841,-2.647995372660371,513.5707260080436,-8.09782611649899,12.754604317506665,3.874184850705566
signal,138.45998735235653,21.911859627147585,738.1525330354352,43.08410637291614,34.590467366377155,2.787959812504118
field_control,41.15632108288507,51.83898038066825,738.1525330354352,-28.618312264942833,154.09975463662687,2.5574686746147446
projection_control,211.80679955393518,-2.803336036793571,339.40056601847124,19.264728019152418,-57.392329734591385,4.40302651319361
signal,165.2846483832051,-50.44599754319319,384.338764312699,67.83972732297053,-67.96658782345975,4.178056501146675
field_control,266.5097246721534,-18.368926575232766,384.338764312699,-1.559793336249024,30.865361046103075,4.324424591692295
projection_control,283.4539049337383,-36.68218233446739,498.00784001707035,18.307766338431488,52.81279281681518,3.293396136925157
signal,109.18292070574185,-13.433830017870626,443.3149591609795,-23.34173794769005,-45.271867282816395,3.7279185886157675
field_control,277.2109687325459,85.13396649128963,443.31495916097964,70.43665343415057,-64.91572048577073,3.335827420276983
projection_control,163.715163318958,-55.365988131868676,213.9134611344116,23.94468359824812,11.547418616695433,5.9173540101801505
signal,335.7197562309523,-5.021352045670467,123.62103197458916,-18.572196376690737,-3.0194721106165554,6.5190523141064975
field_control,348.84466686108,-83.21218815461725,123.62103197458914,24.132214124606765,-18.992634096702947,6.106422665557269
projection_control,249.82185258365644,-4.611509392871315,653.6568720117601,125.41294209475963,37.043733478743306,2.864620389266214
signal,42.711755666968905,-15.182472546954427,491.76721296433766,-126.80917909341547,-24.68839653624874,3.4621750587330227
field_control,278.43055592593066,-70.86353854538942,491.76721296433766,126.36145779819533,-47.10122256012179,3.396361942663389
projection_control,317.9784965134406,-79.83929254455327,201.71983674752656,46.458866269825855,11.51976063035948,5.450391830540757
signal,336.1497922805292,-49.28380611449165,330.4852711233898,-45.47526568705067,46.93739783961651,4.31355863803814
field_control,87.60689785209554,40.366988820221806,330.4852711233898,-33.6127279325622,43.667872171025124,4.835648072224877
projection_control,313.44085228518634,-41.919836823502145,231.37887164448517,-25.503628191512668,1.7834248382506357,4.696970002874588
signal,246.19192266072355,-9.329065419251972,298.9491911767179,65.62074849942098,-7.484171202965411,4.781273234867958
field_control,14.441968183865558,-36.94690091939026,298.9491911767179,-51.612570061931,-27.19690438630256,4.642675478101944
projection_control,109.18292070574185,-13.433830017870626,443.3149591609795,-1.6642815494663603,49.83032452288908,3.7279185886157675
signal,191.3659749672232,30.156000838096787,2061.5591158463067,509.9725915056002,0.08887645650702167,0.14827166683910192
field_control,354.75745837307767,-61.45732395807993,2061.5591158463067,-411.8535876622891,-101.24547787483611,0.5159643944462572
projection_control,198.4175862898939,-3.292059319886711,947.0003504934639,-78.37599056884329,-199.32647623447488,2.3115424513342075
signal,11.757261882418515,-59.091049375385644,280.3958541336697,-69.43599685817333,14.434792247600123,4.4383739115462255
field_control,122.56225039569807,-31.715638420940774,280.3958541336697,38.407712945378435,-57.017245757374056,4.8445659388355615
projection_control,73.91985793444793,64.52948155312383,72.11995217301099,-9.687128902643504,-14.04279962391357,7.565550525818239
signal,171.21462905592298,-57.102121043235606,734.8152615449956,135.95297043776247,-128.94884161862478,2.33215064629671
field_control,112.30975527567146,-8.499436952908761,734.8152615449956,34.008577756847636,168.45451966916147,3.001871556335342
projection_control,180.87382337989547,40.154036156621366,643.3533214722924,-126.02411434968658,-34.0681130303234,2.9644574292182457
signal,146.7893178009836,-16.88534285058942,81.89214162175848,8.179561916797624,-10.061626695368826,8.047485220217201
field_control,326.1438755097777,27.460212469596,81.89214162175848,1.8217828615309377,-12.923583477681941,7.250722648152698
projection_control,199.68732892381215,-29.867586254478102,483.9064760749932,-74.4699297552996,98.74035552991734,3.7681637157964096
signal,58.03877231104412,62.06155122824012,800.5319613931905,-187.3694781205246,69.78086252398153,2.642209491038454
field_control,210.63596347619497,14.398885888544514,800.5319613931904,90.03193652783371,-164.2945734359862,2.6895921530837503
projection_control,91.11655410465914,25.79773649056466,402.8257025710224,10.17615831394435,-13.922176556577455,3.7541655740447313
signal,236.3074572602365,19.703045047903853,446.7785105971209,101.28121852143069,-33.97432107659783,3.840886280469843
field_control,77.35362258568844,-31.65192407487803,446.7785105971209,-95.87749888221539,-8.16859508602611,3.500273820809261
projection_control,117.45141049481283,-4.136625345998137,23.708707654738852,-0.3545382407672508,-1.3702061772883398,10.045684570084106
signal,349.61432665258286,20.93692058882351,1019.6326582712234,-186.12554237732164,-110.27573011898234,1.6405269127492976
field_control,320.07464737784625,0.37476841889891527,1019.6326582712234,-152.78319244207214,5.413021446170266,2.5527631106135553
projection_control,335.9538315933502,5.353277538554897,786.6281480749618,-13.65536074393032,100.34549653961182,2.7854712422165706
signal,202.38797198322905,-16.03115560749259,22.85429485110978,5.640057731070047,-1.2028958399476155,10.392163559887187
field_control,357.6099078197076,58.47676543324826,22.85429485110978,5.331758792114153,1.4283781470170887,9.965043538395733
projection_control,47.88352760663836,27.007911249380562,62.27492144736189,-16.073855197538123,-0.170552868696736,7.9682284925052
signal,257.3111795198205,10.79651590579581,381.69757869342226,72.17452325968065,-32.08085927610387,4.056431571055486
field_control,31.204282014299057,39.051270088972025,381.69757869342226,-7.443127382632993,-58.33898015798762,3.826686184067899
projection_control,96.67215218433863,39.67095617540815,103.05747430517097,7.885819812439928,11.805368648144885,6.587377789308356
signal,24.64216292376604,-78.44636111988852,321.3159767865306,-87.61319627327768,9.731252435774287,4.529589079827479
field_control,310.41058618889537,-20.708917412832598,321.3159767865306,-28.98117532557854,100.95053953091079,4.630239341534369
projection_control,79.0394123627287,-5.763972765191076,577.1024837282234,-46.44140169964266,86.0370062470636,3.0036584282259677
signal,150.3601184941181,15.794750878273424,1124.4335763169665,133.92901696249757,16.483905177144585,1.452344878019161
field_control,140.58565116638184,74.69385723841738,1124.4335763169665,-6.822686574388603,-6.22118944379745,1.769267502207925
projection_control,349.61432665258286,20.93692058882351,1019.6326582712234,215.1122787318355,-3.865717186044666,1.6405269127492976
signal,41.889054659218516,55.74838603572006,229.92188694259357,-57.43512536477589,-0.6624714567456422,5.240179082176023
field_control,188.66608074241353,24.66050986358208,229.92188694259357,45.11284314328608,-27.652676062456646,5.29015414682903
projection_control,257.9029603049156,-31.239365819687354,308.8272735935178,9.045754647725461,54.54596178149559,4.6020171733356
signal,220.60650079314374,13.011518716180515,676.6253834739138,175.08351968058986,-40.307907673322184,2.7211085073714334
field_control,329.333751275393,-61.05696537413571,676.6253834739136,-183.92882099898625,92.63988144798488,2.916452707481074
projection_control,253.6395940898803,-1.885870493908259,280.9936227478473,-17.87789831976649,-53.08891595880178,5.105289782725401
signal,337.85357695709564,48.365414412944105,136.30381144740167,-19.662776789032648,-25.50569746155919,6.097776652241748
field_control,350.4165104790422,-68.38476578648806,136.3038114474017,-7.09433985857739,-15.13212428134015,6.000342339708573
projection_control,101.01629276564975,-41.70974937475861,1529.9938599692573,15.603501336905126,214.0500575254341,1.435104783701447
signal,238.23998368978982,26.61198472791421,684.6480694044461,159.6365527450216,-63.77930025692059,3.0428949614669145
field_control,94.37900774716778,-41.543165004594655,684.6480694044461,-14.758554933171439,-173.52883143485252,3.306670739448585
projection_control,127.95816145106222,27.962129581281317,455.360706990402,24.073864977583224,-9.859457763659968,3.4624061874112804
signal,27.64909739319175,-49.36583905674028,710.3618781022617,-193.18247128860236,-11.548580035121827,2.281289423529617
field_control,76.62627754556895,27.110737936309185,710.3618781022617,86.82797753738367,-20.41064071202178,3.0106644278553505
projection_control,241.35636016689028,27.302581300651028,590.6135427475303,-50.77210415694881,127.92363119678379,3.304525235266179
signal,127.67983379462983,53.601237545927106,1421.252075771781,10.702126323477295,233.28693915661086,1.4060773193269098
field_control,28.98596109294427,-39.23644816524791,1421.252075771781,288.2386435094029,47.4733993960262,1.6443294254127994
projection_control,37.941558518809885,59.450508117824086,718.2044768506091,-88.8827152547984,127.84705460739244,2.3189559280595153
signal,198.23881659870656,-60.12478588736683,402.93262308510384,102.80874725270813,-33.061601636942065,4.179183684654453
field_control,202.24722695836965,1.3164026050565423,402.93262308510384,106.86794745301951,-21.1025382673857,3.815338577855427
projection_control,4.643089124229158,-9.612923197531709,228.30747885668555,-42.37363004510177,-28.355448414370784,4.654518236793887
signal,145.1547922079708,3.8953858655353493,340.39146225639104,31.854086114491587,-8.178207843839074,4.07621360474658
field_control,4.897582362240578,-54.437320128439005,340.39146225639104,-35.49276062564009,-76.95415572401645,4.465063770826504
projection_control,14.449989270731946,-23.632492851574735,457.1956743524456,-75.78875427897235,-46.84507740960709,3.8256504479247995
signal,300.111843771062,-45.7027088160283,1133.7082928072,17.363890741365203,170.89879159615384,1.481394844613268
field_control,148.28338713957717,57.3277477118336,1133.7082928072,-48.88070767426264,90.7842070270977,1.7867039216234155
projection_control,272.62187217918023,6.166782319374839,585.2656126831242,-71.66155087847912,-38.85643221688237,3.116840048707119
signal,293.2815616955961,-77.57720752359923,214.87326865822686,9.226674592673003,48.300325739883014,5.272180343717139
field_control,26.41824599472308,-18.18455173912454,214.87326865822686,-31.722795041746856,4.034074438391848,5.6774888359575115
projection_control,159.8772804863827,25.240183084871376,299.21900572038606,-25.249845912303872,-12.518580705097488,4.1717750638784645
signal,220.25916723715972,-8.97082300913703,416.73219458325553,100.43838009712995,-15.677081339125586,3.9853255975962742
field_control,145.88128185456023,54.71254696179596,416.73219458325553,93.74305459077833,-40.12240565223887,4.248789174006494
projection_control,65.1210844964034,1.5878078795796737,263.35400079375887,-10.953092477275998,26.590946206543453,4.917067880515211
signal,134.4448602477739,-24.19972052230084,366.6706941718685,17.598064444559284,-48.59894885515842,4.132762498712754
field_control,14.375588135619335,62.8420099467573,366.6706941718685,-68.00626378843756,-60.59477334533841,4.236534237144457
projection_control,306.41426475335345,44.48287106365136,148.5271868294084,-30.02516082574462,13.125359138591342,6.406944070829648
signal,91.92109455476789,-1.6044349192848155,426.2100173999117,-59.28466037703117,-28.216731552096846,3.981950473503832
field_control,300.6782138191568,-81.01993356888732,426.2100173999117,45.19898539701598,146.66817322541425,3.3964963958932928
projection_control,262.4181120378566,-7.732121080438189,168.76391856350847,-20.99858089839599,-13.970470511216622,6.362859612444165
signal,38.11475455672655,8.881986751613175,458.16941467690117,-115.59733918103402,-17.893932016301655,4.223763424357672
field_control,75.50603781788371,-4.1133372508712105,458.1694146769013,151.54730495202892,-58.326144868184585,4.228768094722758
projection_control,49.373455734987544,-1.7539502437209036,167.72784155938604,-17.839044820477543,-33.071556160803425,6.002689429398896
signal,127.76316605515946,-65.8562132772557,343.6997865213966,12.829524982264227,-88.42225438865484,4.1667886573121695
field_control,118.19113572884831,-71.93177660874449,343.6997865213966,65.92383773815374,31.001997995458304,4.485899918164125
projection_control,125.97762728545706,34.14321778624775,546.1150940392486,-0.962474266205428,48.949229283758896,3.169514769069706
signal,148.742106194779,-48.93749370162072,784.5423842895249,83.10687230322002,-159.22332452050458,2.0123639539043934
field_control,313.217278778301,54.82392546371093,784.5423842895249,-76.3061079036545,316.53361570122115,2.3443868326980772
projection_control,147.88397159986025,-33.46400707040877,362.17301569958306,-16.63006805609259,-52.84358605998632,4.6355096358768515
signal,243.29625303746647,6.73542602255186,727.0805215264375,154.37942397468706,-47.50275691762604,2.9398645246158535
field_control,268.6557820795938,2.1098260245284743,727.0805215264375,-140.0653065729635,94.86638832979477,2.814050091186666
projection_control,209.92687887585004,-11.770346711625367,442.6728578610442,34.55694070868209,-18.08171678133617,3.64220607834457
signal,236.93753674712642,-18.28025758465822,161.4383763764338,38.56259155693928,-3.2563212981513088,6.464960467210926
field_control,78.85381019114105,-58.223850445427914,161.4383763764338,-23.275975359011085,-14.08732847442283,5.50663802989691
projection_control,29.375539201741812,-0.378679408092166,718.3574373101695,1.8198626098732802,-36.50496622176153,2.8433589564449155
signal,25.2389302708525,27.28049216435763,96.9760095634724,-24.17281110391132,-5.478243794560392,7.184508961441797
field_control,25.883790716698577,-51.2099293383144,96.9760095634724,-16.769102179223367,1.717010145565285,7.383284372767774
projection_control,186.73235797701417,2.8847299725442723,426.67770970358947,84.43462889609509,49.386692198253705,4.10333576457038
signal,142.29335355521678,17.73309583083034,481.87164065516396,35.03464231493073,10.829083682808472,3.259018558680846
field_control,257.6425596679222,-13.472695492087068,481.87164065516396,9.214871219278793,28.2385584871897,3.1439796380032003
projection_control,282.04904161773635,25.891119095490808,191.23229205698934,-22.695040012643705,4.4585796942170575,6.01632474249608
signal,65.4403921982503,43.72586632232604,589.3693463917971,-131.9525072698401,36.53197178703864,3.110894570676478
field_control,140.65291824771936,61.698916222848865,589.3693463917971,196.7523345158026,-8.820443769499914,3.0818119320359134
projection_control,218.15890821756918,21.422011401514883,757.8069048122437,-136.38038065896188,58.748834763475855,2.8411092156122373
signal,56.45257391405004,22.64284960763399,291.95071000344427,-69.47296798497298,-3.4962157469523967,4.337895275926491
field_control,275.78879968255967,22.69455091854748,291.95071000344427,72.15728160256263,-69.91737716185283,4.7467886560716455
projection_control,203.97789320596664,0.7180563229461507,246.0919727564551,-31.472776198966763,52.088311204536254,4.6709973942688725
signal,297.8287739054085,-8.055822831749259,451.5750894256252,7.316042369636486,-3.2352688338495836,3.9192067651769094
field_control,160.30611805507576,47.32730799767106,451.5750894256252,56.25377029244193,-11.816884058888014,4.038002030582653
projection_control,224.95467585851958,-18.51206518718694,319.30406776134885,-62.83107437164886,3.4300302725641187,4.618911122793084
signal,15.089478017852711,20.238774903965552,1626.1226383795085,-388.67647740034573,-123.92459125095273,0.5388463993361916
field_control,124.5608686700195,-15.490982237961967,1626.1226383795085,81.17961645693363,-328.064963259859,0.9761969230760341
projection_control,133.98237188888297,36.571703649304325,707.4028319241055,-63.003310590491665,25.112629667973604,2.425058006456999
signal,150.9058353247637,-26.69478297560883,782.3887793732612,93.21172625076773,-117.04497503597885,2.4428482969966794
field_control,162.43394695646273,-66.00382387642868,782.3887793732613,116.01100202615628,9.596248451633986,2.723375795128904
projection_control,175.6203546758445,-10.164151330427153,1553.0177670659298,321.24057199930763,12.460821808183375,0.8134879558003999
signal,60.553316075946555,-22.79113838493985,249.74932969713603,-56.248468200811544,-21.04932513889521,4.711176995634254
field_control,269.4812348414436,71.5563519868609,249.74932969713598,-25.13143850318423,32.50691900829641,5.004028270987561
projection_control,201.26134258077676,-17.067443746394474,355.9594475178667,7.710152925444191,91.05347275172542,4.901032244918524
signal,316.55887764425063,35.307912011275654,283.11471038318604,-16.24497554130633,-53.677803818908245,4.778235228049704
field_control,324.79930315453464,-74.93994633512656,283.11471038318604,5.865068219117046,-31.214733103633446,4.73053203722593
projection_control,29.785260822548363,-59.844278013170005,903.3797449858235,49.23398258783664,212.6051526156118,1.9000920294953216
signal,200.53458477901262,-6.151683466180563,1587.8329177002563,399.5721373759969,-81.89169300521004,0.8860734910961193
field_control,17.916190771887194,63.54741512812671,1587.8329177002563,-145.3611120053436,-72.13763863024062,1.0216191693419359
projection_control,104.10748066654195,72.03041133525961,903.6711064531872,-122.51395171337926,170.28642374051714,2.04625275112271
signal,83.2970290956653,36.638249093670126,657.2152543576957,-99.27253299729583,49.178219166197266,2.964490455406399
field_control,188.68015484170382,-15.227074194703048,657.2152543576957,-20.646135832950925,3.108630623844628,2.8547444481756075
projection_control,238.20634382394832,69.3447902884926,261.4005577433367,31.713413908242146,61.719359098735076,5.028343963577355
signal,180.87382337989547,40.154036156621366,643.3533214722924,138.16529211033804,36.618941942877406,2.9644574292182457
field_control,11.820754470195936,-78.46971577989369,643.3533214722924,-18.712555172806592,-54.16032376019367,2.4517811898039055
projection_control,22.251045848120146,-23.420078377520166,823.5517581873726,118.5302385205251,53.78895412846153,2.768718870841432
signal,263.3350894931217,45.65341768769092,275.48458459174617,45.167143107882445,-52.194866634112145,4.503515782350827
field_control,168.62743620876915,22.229315659364158,275.48458459174617,19.95615577547653,-62.0369576371972,4.569016442559072
projection_control,310.39307051694794,-19.850670416322522,505.03281669469203,4.213094487483883,12.085201188444687,3.6912465670874375
signal,344.9224832109961,56.436175062852755,1782.1785591467583,-282.50615733477247,-325.95973086800944,0.9333070465723479
field_control,318.70181847488413,73.96240091322535,1782.1785591467583,-377.50917743913584,-460.1142941605119,0.8186763798471508
projection_control,90.42093631742446,-22.18293509337296,328.9561778208856,29.43631603230635,-38.35211424937849,4.729542052683286
signal,79.36056152835083,-7.933841320078563,937.903628801504,-172.04654427588042,-65.31821801844892,2.124579223585356
field_control,130.17249591131147,68.6307403526396,937.903628801504,-54.87281809817395,-16.940156467435894,2.0644726180916746
projection_control,289.95481549655244,-12.945638304915475,822.6370471260698,4.67404106429508,-15.351167110905664,2.8678032091103742
signal,319.02543796656425,-21.239446552093277,200.2987523337089,-11.165783609815161,8.107207701355437,5.1950500772899995
field_control,335.68215158903155,-42.69737332171395,200.2987523337089,47.567629548843854,-0.363504895793157,5.444866054995198
projection_control,218.99502000279782,-33.068470420584376,450.21466356555067,-103.34416979366621,39.35043550388065,4.6802332052259
signal,336.3494811002965,9.462235420594395,733.7930954987717,-109.64825811441627,-60.97819084321939,3.344409861765983
field_control,227.01904979421937,-39.60597870547302,733.7930954987718,-177.85039609128765,-94.22011927737249,2.5751257940726306
projection_control,37.23628134977402,66.00763237688972,201.7999828561691,32.98894758654234,-31.84213597375961,4.729157347360201
signal,329.9113960315438,-14.930972595816732,286.7643647413729,-30.636726873464255,0.3933601090403296,4.8553031399619
field_control,336.29592376548226,7.531880373360565,286.7643647413729,-34.83006547484671,21.537197289415772,4.453294572127216
projection_control,79.37555018930973,-33.937928370672445,134.358303474044,2.7552709322809252,25.197301892483026,6.2418563744391475
signal,228.74916847028751,11.662615922668888,632.9522308107821,151.773728645331,-33.30118556456322,2.9471671597079165
field_control,272.57998514850703,15.938753379325378,632.9522308107821,-62.103818207134914,20.12565890752445,2.84521548743482
projection_control,218.5687011180877,12.445111894126946,771.7385018370423,-180.49426975669903,-105.53696322330927,2.9246098788793233
signal,226.73543559649477,24.27846202871626,956.4197824609425,238.315322751841,-58.435687747492125,2.5213186058777386
field_control,37.236659993554426,28.60939563468587,956.4197824609425,38.177628812214785,-54.111485081280925,2.004707724550613
projection_control,82.57167973356205,67.9396657997651,322.0884205330251,41.27897805495552,51.8074160241401,4.583239424585034
signal,145.1558279461762,22.136228433042437,625.8578716143662,55.33378386711687,39.864646459087105,3.570166088503585
field_control,83.21449232256374,-39.63535179329574,625.8578716143662,-41.8846558434858,-115.0209602019694,3.0191643478501575
projection_control,151.06585781045172,14.623641971382424,1292.484260485934,78.27638906143915,-135.44627004194564,1.7873009445157408
signal,270.8632376293636,-14.530434170239541,246.08360712335238,35.16733682421017,2.1666377897064466,5.000981752759982
field_control,141.90136365006222,66.63747279972165,246.08360712335238,24.995406044708812,-22.476606673677814,5.162600082795061
projection_control,138.8151333048,53.09828550211649,193.84468457194296,23.379395374295147,25.079545558874642,5.046053436370371
signal,191.2658466063355,-41.78056758829149,165.4401536058829,41.14649622074863,-16.223563583320406,6.0110146227176795
field_control,61.23847752434737,16.109771939836214,165.4401536058829,27.653932068537305,41.11825616987679,5.852630289521529
projection_control,148.742106194779,-48.93749370162072,784.5423842895249,83.52790827779167,16.947884149303327,2.0123639539043934
signal,243.877705642186,-7.986589816741705,181.70354419895486,37.74029905322697,-7.480101251980979,5.406782162224132
field_control,178.16817771959776,43.95505170435441,181.70354419895486,9.383985757606496,-60.42236443589868,5.394286430917288
projection_control,163.50611858521418,-45.922053212839174,172.49381750176332,-5.788317002957966,39.01029811785421,5.51767542541577
signal,154.24484538556635,-45.62777038951143,461.1706415048869,58.72899495147622,-82.16586850813833,3.6365339149418605
field_control,169.6925360525366,4.59612040626698,461.1706415048869,-21.09861324012353,-54.66545628912295,3.261267128196629
projection_control,56.45257391405004,22.64284960763399,291.95071000344427,19.320152679783327,-13.864216163901828,4.337895275926491
signal,263.33872705553006,51.27834773710798,277.72075235839196,44.51644268547214,-50.688482232528976,4.722239568322076
field_control,344.2533112898572,-9.871920923279799,277.72075235839196,59.35318398161243,-23.23572355817053,5.561189496662604
projection_control,343.0134061209022,-11.693367750074806,134.5677393333869,14.545734381354578,15.384129580003739,6.143762061181341
signal,296.80974633763765,-17.953502558239474,684.9131774654726,24.03117153078458,19.11370650029375,2.877270500343135
field_control,156.14203784255199,72.62405879954106,684.9131774654726,28.180674114275238,178.54372005663961,2.48287788117727
projection_control,356.9517992978591,-42.371061324540136,236.65038029462244,-19.337013505302025,34.82567481145961,5.781004766663245
signal,52.71705237701381,-43.71570121684524,562.6015714262028,-141.92862168321017,-51.057946561943844,3.348823439205453
field_control,282.8256495436792,9.453246625882105,562.6015714262028,58.586466216620096,-37.67204548338967,3.0934077952350347
projection_control,289.61807127545603,14.437699244779035,781.7204255975186,-32.58489557128307,73.49944779407569,2.418935861641232
signal,299.8546976067221,-71.64151622590028,137.55690465128433,2.900867126186579,33.15992598876545,6.475536561503639
field_control,339.08779614653275,47.20145898310209,137.55690465128436,-24.01862756417637,20.541574085696528,6.462688117609401
projection_control,103.14703761376425,-28.462836222092303,260.1249069916936,13.884935959123212,-41.2757464211382,5.082184727725922
signal,194.50675144451057,16.956451843101352,2066.724823034201,496.6792350565405,-51.28061564343012,0.49487951823699944
field_control,315.7159791506348,65.037581027702,2066.724823034201,69.08720060540857,-395.9082640861341,0.5318449042167159
projection_control,136.4545747378926,-58.93430772209484,1600.1040761538118,-80.20716668819865,43.09840966259871,0.8153365564147241
signal,304.07972727248074,15.890790875321779,1018.8488292205964,-4.659090054504106,-114.06523582546137,1.5962284583464126
field_control,75.12034482417306,20.530702388102757,1018.8488292205964,55.82785351036588,122.37966175591468,2.1157109541036334
projection_control,289.955638547995,31.941666986718182,355.1341528258259,-26.634504268323806,-22.47934016135506,4.147487708583027
signal,155.26861428276524,-18.589865752494823,679.9986900181459,92.11647532615291,-84.84611529074103,2.555919487970306
field_control,178.57076193127594,5.616952310858376,679.9986900181459,124.28454649188065,35.188240459575724,2.7046444988329794
projection_control,194.85723993900407,22.782631350694988,1083.8930450343025,-207.6074695345365,142.26954866837997,1.8489417160690698
signal,136.4545747378926,-58.93430772209484,1600.1040761538118,81.63763008511121,-372.5155886879925,0.8153365564147241
field_control,125.18632162653324,-83.20619193252324,1600.104076153812,-237.45040914126818,50.10326768717539,1.05082626344569
projection_control,348.50749732226404,-64.65067750963924,191.38576915566728,-22.750643442772922,-7.623089026853267,5.24105278610364
signal,329.42186370620004,-10.412994426127007,728.0488156258172,-75.33427169487587,-8.161438451028431,2.60452532389242
field_control,143.94913024939757,-66.92033992675255,728.0488156258172,118.70477650296108,140.09068153714267,2.7076006007416478
projection_control,257.3111795198205,10.79651590579581,381.69757869342226,71.47344120153693,29.574086573828758,4.056431571055486
signal,90.42093631742446,-22.18293509337296,328.9561778208856,-46.95550014810395,-42.58229036608624,4.729542052683286
field_control,129.89045744847044,-36.74806698135915,328.95617782088567,29.22789717197394,53.45266525281193,4.3206703552792645
projection_control,239.92669710966084,40.70278549058993,381.3646562413195,-57.175467273411286,57.87709178959321,4.1171926676084
signal,303.9164371030115,20.746951323330162,441.3174494873616,-3.6759292312401506,-61.70965963553006,3.4273628059983103
field_control,297.48931566300143,-38.90147824395436,441.3174494873616,67.46138052917513,-32.29327610288037,3.849867424585586
projection_control,126.18739234301825,33.319487531439734,64.0891596540964,3.822869651171295,-4.921652271431899,7.698946388656027
signal,174.2474061033855,12.21369991052687,140.20444667099963,27.294898690185825,-1.2171147838474092,6.1589665467089425
field_control,162.7700598440811,-29.372293889366425,140.2044466709996,-1.128727508051028,-26.972645439767344,6.582800725185365
projection_control,122.87471254201876,37.439041510513846,288.599524533217,-12.137796065697943,-31.26772799908135,4.581175032027593
signal,185.07435931845347,-15.712623641412312,189.62462691367728,43.091133423588154,-15.180581338381808,5.8964291528565465
field_control,188.52995960808772,-22.96263371122815,189.62462691367722,-41.70641321258743,1.1722880069622743,5.603866236361735
projection_control,89.88082298648285,75.51671387488089,307.3729956517678,72.43213873644412,-8.30580516157939,4.623918090527686
signal,111.04858133621424,-34.34778972085138,511.25359193509814,-33.613637058508935,-92.773734831997,3.366854896318646
field_control,353.68104853694683,-16.252387147085837,511.2535919350982,-53.485130277640835,49.428069361467976,3.4521539925745572
projection_control,222.90218473170123,67.9716647200485,1305.6121574537801,32.41988870315059,-133.4874184165467,1.5359655772384164
signal,206.29519222284563,77.44082088233152,603.8305218060909,158.91112016456083,15.615881413714165,3.2335493873824253
field_control,21.592537988945914,-9.144482834171125,603.8305218060909,-59.26477035995416,59.93209891378304,3.4158730028923734
projection_control,117.69876876120308,-50.984489978086515,223.4291715868826,-46.282551001842506,14.554212060733722,5.238474091201367
signal,117.07603065943607,-5.27848953673115,476.21504852670614,-22.883578465509007,-33.422726411969556,3.5691218115668395
field_control,175.66475032466957,-53.34716449820271,476.21504852670614,-53.36136465616652,-58.74578434943886,3.8993925323908547
projection_control,75.71468026288571,24.46724428465672,51.850225275902055,-4.225110516166035,-8.459822104194265,8.32919227782937
signal,14.136989126994834,22.120050210910946,324.456031058408,-78.78403271471348,-27.97354900302503,4.52125572055276
field_control,278.66221450060175,-66.24497251167975,324.456031058408,-28.030497014799483,-68.5532579464702,4.919401675644388
projection_control,113.53094757580229,-14.958419210053068,47.470395444037045,1.0006597760763343,-6.091382204619639,8.699390827602123
signal,97.91949792396818,-45.96324771083006,592.7331436397692,-70.12515573119695,-125.90058860779268,3.067162175848316
field_control,54.41830494776156,20.35824494121637,592.7331436397692,100.83824505022613,-98.28568766852479,2.608834868647305
projection_control,10.809361918581413,-30.060064540607236,191.8633978217096,-4.786094044824137,38.50111258455876,5.639415527611697
signal,2.2964556263726448,-1.6515274697866567,303.8190516317286,-63.486905681533884,-8.700442709368247,4.78704462303415
field_control,220.1513740613186,4.282241402308526,303.81905163172866,-32.75426356547801,34.92167528111696,4.858460736166461
projection_control,134.4448602477739,-24.19972052230084,366.6706941718685,47.89840892016607,18.970550239831656,4.132762498712754
signal,352.2077233404684,-70.89608657397388,451.02014190951996,-86.73008855286504,60.95095688131272,3.2655033913945775
field_control,86.20732063240804,-6.413990969397921,451.02014190951996,-12.530270240693856,33.42102445065303,3.909494327237162
projection_control,155.64464150520502,48.30065884431839,260.9555868371439,-38.91029706790068,26.14168976269554,5.139472089568661
signal,347.6689955351091,0.6251228681822858,348.5648932323765,-59.543733735978236,-18.04240040221099,4.179588179012849
field_control,312.2654807608443,15.597624200071781,348.56489323237645,-39.10485665141642,47.32796488540204,4.022886062203433
projection_control,19.643546981771628,57.04120648294013,288.1972281089416,46.48338246023451,59.67257677117452,5.22549819228597
signal,142.2559070900298,68.13052167706225,429.7775082256153,31.343838125671073,87.74019078882948,3.9227533850754854
field_control,117.75587954402856,40.94686276453913,429.7775082256153,-91.39781144572905,14.517688441396217,3.9092579574668465
projection_control,356.5196293657134,-24.929985675685753,438.30932071459245,-12.353590006354302,71.46906244070883,3.8832082407226043
signal,262.2135075622726,-13.390498001490714,561.0960404366654,95.51841914760169,-2.8735384786774247,3.414922554557487
field_control,118.46261408432744,-8.314937953670524,561.0960404366654,55.138940467365465,192.74761188968674,3.5701505044830286
projection_control,136.02211694178717,-12.924598685304149,202.33497249730945,11.371651466318218,-3.945706767171514,5.629949390569867
signal,124.49019542775301,-67.22142224468043,94.75178198525691,0.3500673136374862,-24.41213288162705,7.564948854623673
field_control,215.34979626644167,16.39387660639972,94.75178198525691,14.417181009135662,17.465656226156984,6.868315391051905
projection_control,323.2567056397453,34.10783662130606,432.7201225255537,42.18184913166506,-60.35455091006133,3.6235317780140854
signal,241.5935365509514,-69.73296998418232,221.91260425577133,49.99546115569883,20.35328765968523,5.1517827493645285
field_control,66.08264692316715,65.11367078030675,221.91260425577133,68.06449218094059,43.990882192079226,5.401858878131043
projection_control,120.30937710231956,-15.155432374110761,98.38249460438854,-6.621356694888923,-4.347264901995964,6.9550811923193985
signal,289.95481549655244,-12.945638304915475,822.6370471260698,57.13743455819475,6.7211073482726125,2.8678032091103742
field_control,102.55991000510197,42.78498444644457,822.6370471260698,117.17214210142198,-0.022266260940847833,2.6853647832714174
projection_control,2.995179201789124,-55.963738264559154,1625.3574102004002,-134.12456830461372,95.83829424915083,1.0854312865641844
signal,340.83224808920664,-42.839745920202276,156.98545966026572,-23.103718703917032,16.10361762620132,5.822995707209032
field_control,149.98746604298813,-8.510947464258182,156.98545966026572,-19.08747426516866,4.521085747912627,5.699396986447487
projection_control,282.1457703870851,-5.899205183214184,299.2048264364604,-1.5470778355191426,17.13560008458311,4.801270998162772
signal,144.07641930588193,-72.4199337237856,391.9736497164596,38.97824790419429,-98.86810428026847,4.432309559883831
field_control,127.30963073043974,16.824054051596153,391.9736497164596,-45.230551523561694,-2.9291635833852525,3.9910299286868938
projection_control,5.832143042208196,65.5372125570224,502.68989976046885,-104.11113602898396,-50.16122340538505,3.627922705787137
signal,281.98727386417715,30.825641846871633,138.84970659811933,14.072496056863919,-22.54925596833648,6.5325153060891985
field_control,188.95579848200964,-40.23004760090838,138.84970659811933,-42.28974890981219,-14.169679508242288,6.377565681072411
projection_control,293.3783022745941,27.749259951303248,1097.9332579526247,-173.05242490453585,-36.586773589512724,2.046269736819734
signal,95.73424222756276,-4.758381112144504,200.3354665756724,-24.71578164418779,-10.852373322502077,5.217173216971725
field_control,215.87045186482783,6.952379947249544,200.33546657567237,-58.36693729950669,-31.77423602783504,5.252371339198506
projection_control,141.02728220242014,-35.565204444683616,383.9787374397857,14.05922183260058,-71.7858467331444,3.985550875092205
signal,356.5196293657134,-24.929985675685753,438.30932071459245,-84.48803907812626,2.693252529094534,3.8832082407226043
field_control,204.00028335005925,74.29255621380314,438.30932071459233,59.7308706256226,44.471334110213704,3.5273505098189943
projection_control,291.02606600172874,-61.75724709391238,417.3676547835677,67.45363267849005,-32.77224967743651,3.7813272209224347
signal,9.277055555166411,53.145992078041566,1699.8948644941013,-390.8937790398592,-199.24173346224015,0.8325189400431581
field_control,235.5005923170956,2.0992272314031104,1699.8948644941013,-253.84192066683144,42.82294961271044,0.8073763101439833
projection_control,104.19822778301567,32.1563773890663,205.82485062524557,-10.81845028209207,19.99376639295119,5.816882551556877
signal,217.2703703404035,-50.14977195178215,591.9598911955827,147.11248706699303,-2.4137948494407366,3.3262139696782933
field_control,110.78982597881529,58.79030562413372,591.9598911955827,-59.89846343020817,-64.41625582906715,3.3790305066469006
projection_control,344.4193562001659,25.166024356394196,378.24285365555386,22.639955221182465,80.366276513674,3.9588381044085215
signal,237.42215339447773,65.76055044794622,355.30794945354387,84.9728955689485,-38.459600953520834,4.179993902218317
field_control,45.513441775810094,-10.680381989606229,355.30794945354387,26.055846998380883,-13.851864837019034,4.440095579105942
projection_control,242.64717086116534,12.463063442471427,317.7979903953361,-56.397039956922804,39.47810112163543,4.520827854140451
signal,247.6964005466864,-21.843124291282358,298.2229432790848,61.84215482402354,3.430776864497916,4.535120871723203
field_control,273.89071491518774,86.10453095366745,298.22294327908486,-51.236343426751574,55.32913293496824,4.3688709206658185
projection_control,185.37600596877337,-45.68429452434612,283.8883601856262,-68.36892550599832,28.29855182798249,4.574618901857788
signal,43.339528364072045,50.96918123805974,605.8456347524802,-148.8882025694332,-1.4833436692364694,3.4989184595678
field_control,306.2809377470455,9.116363922500296,605.8456347524802,-151.38110782652853,6.110053714263856,3.2838404502736505
projection_control,203.01104403202456,42.74034426921362,190.6139851479979,24.41778285460664,6.248213202213206,5.8005315354677505
signal,337.87072205032695,11.881355092507391,824.6727918289088,-109.83177687656826,-75.62292500966147,2.388975400374818
field_control,92.52224360007561,-66.27142423117425,824.6727918289088,89.9130229900079,-31.386798273533543,2.1678097358615673
projection_control,79.38153483683297,0.5966630858607429,677.5508895741325,40.259682332104624,-47.62277089066137,3.203373927482093
signal,65.22598045802981,40.79955461229311,178.7476577041456,-39.488586001146594,8.458272527046375,5.986724899516539
field_control,146.5531042168871,9.991937313570574,178.74765770414564,-2.1784924359645044,-10.46900716793024,5.25574726286098
projection_control,153.89512347249646,-1.417893296230298,308.81935004132265,39.02934703953332,-1.0811611241937171,4.182619601664606
signal,224.19122516634278,75.47226504138064,51.32155877117674,12.512670179183228,-2.5795839533541995,8.380895361623114
field_control,179.48491810687992,-26.798527983473416,51.32155877117673,4.6777798289182195,17.24892133126619,8.338357735822207
projection_control,186.48290390566493,69.5500178819398,311.33071626267423,39.845864076182885,-20.870664016965776,4.603103670662676
signal,80.16338848431059,-25.036094609798628,365.8050967600904,-60.75483587582734,-46.88396681822504,4.683750216744199
field_control,191.99766339105707,-69.2341809002696,365.80509676009035,-61.15913952591102,-1.9328871607450906,4.520642050451663
projection_control,251.21980278186123,-7.606287372540209,161.2120880594272,8.15770050201573,-9.777499182097468,6.2945111450110725
signal,110.59791012765753,67.26037343645095,747.8867178284194,-44.036229838096276,165.45002627523326,2.427320509228762
field_control,237.41646159155465,39.91919509410452,747.8867178284194,93.29446724455102,52.19915660408607,2.8276090636718223
projection_control,317.721555638045,15.92643726539142,979.4997670508524,109.78990250617653,-5.1082161756362385,2.1614340534721563
signal,196.72507502212474,-12.769901885190421,587.4255044920682,143.1920008266108,-34.49284064640507,2.9709929479443216
field_control,14.977164007915682,-26.650096929937618,587.4255044920682,-4.0742771458395906,78.32282454873574,3.1547644651065188
projection_control,235.56312197737907,10.724610749154829,524.3415697015585,108.5300202991997,-70.99020425002708,3.232147411412722
signal,150.18963068324751,-13.236803305966301,1827.0701603634839,198.4128646001882,-178.76146331676355,1.1485790303972991
field_control,259.73174978424606,36.37709780477222,1827.0701603634839,-40.40452547263529,-151.81100699519698,0.566212230985211
projection_control,358.4048041766476,-25.162108445629297,356.3835738309557,-27.808126268408586,-68.1837186793872,4.052297022366029
signal,57.68121635154227,-18.616110504895698,124.04827550474928,-29.242735915612613,-9.118411505079932,6.398562426871955
field_control,22.309562512587696,-25.05985585072411,124.04827550474928,2.28408636602999,31.855314021111834,6.415117703305601
projection_control,302.1049421929075,15.562196787511379,621.9678035344531,19.179931147629294,33.26403311147861,3.1881576157795104
signal,61.53710487150538,4.750402865768994,889.1743041325375,-202.14502298454335,-35.199492157443835,2.7353877732591605
field_control,168.58388436223242,-37.68698484861382,889.1743041325375,-146.91846640375553,-10.848111183977727,2.2877009531680814
projection_control,328.08210842830704,66.28817274932285,1508.6725088405426,203.23488255376503,304.5771110490764,0.3505436762538523
signal,150.53212373860788,-43.765616222501635,333.03146079042006,39.03687049365287,-63.809271365566964,4.655125862168374
field_control,297.9616088049099,71.41846406375808,333.03146079042006,-5.28773758381268,-39.835582777170806,4.067042442536182
projection_control,297.1496390846213,13.413134718640157,163.66127039089307,13.261877558902617,4.19690790158979,5.694298782606562
signal,272.62187217918023,6.166782319374839,585.2656126831242,74.794656368296,-44.31765082249958,3.116840048707119
field_control,162.43751278022268,-16.063905867837306,585.2656126831242,157.19174823948373,-24.398987607491684,3.05880275711498
projection_control,71.7373211280483,-19.511507361335546,298.2674758101175,-37.96924614730196,23.487732356215197,5.150728196753888
signal,323.2672728652039,4.784578298663801,347.19533172799896,-29.47724243003096,-23.252778212120027,3.7531425725661283
field_control,53.6723095565692,11.697959567552742,347.19533172799896,12.390971495333881,-4.744702839101902,4.2324597757633455
projection_control,182.02829523190516,-59.72952021639354,504.1208016445524,38.61812016446469,-99.68384077864042,3.3673788887437386
signal,30.28595841337782,31.587738757020492,287.5489619524316,-72.95049875828309,-17.00808058322874,4.700645488019381
field_control,354.6121842021455,12.706858972408765,287.5489619524316,-53.24187664161704,-5.146330866647412,4.301118641765482
projection_control,225.11886118360343,0.3533969685596106,444.39423009113773,-107.16148660249493,6.5419994901892204,3.30420620310135
signal,141.5174067213844,41.859012117625404,182.00240442500902,12.76093902844695,23.776036388102547,5.730103388727623
field_control,320.1427663467348,6.946757720147723,182.00240442500902,22.398371634816826,29.678038836512762,5.4480798973983235
projection_control,162.46588069053178,-67.39062164609444,142.1112109185163,-19.53947688325739,21.795605022194458,6.281898995923324
signal,36.08840294023559,-6.841162168781189,682.469680065574,-167.9965653584889,-35.464553381909624,3.1797485108244836
field_control,277.672907961005,56.036279663246184,682.469680065574,82.61607271147476,-12.780331135440115,2.9527352282790864
projection_control,336.77442486989844,-53.79716225197009,1128.3381752334649,101.95044811534297,83.51952260330835,2.167953441895484
signal,5.973293027735238,-23.286775303977056,2192.2085737412935,-518.1698351491847,44.12614668278318,0.77212479314517
field_control,148.14417704371576,20.418957210365285,2192.2085737412935,-40.0899004159026,-279.30721508005524,0.2984441922554348
projection_control,8.989798362137854,20.63143285989696,718.1120428241023,136.41101815475957,45.990066145688644,2.6261859844308577
signal,238.21872575182437,-28.772315913177938,831.4098259523571,181.5595548348736,-4.207260614270821,2.19542808187648
field_control,66.18446168014721,-11.100702132749582,831.4098259523572,118.01222081131615,-11.996034755436725,2.3082956982615888
projection_control,263.33872705553006,51.27834773710798,277.72075235839196,-54.01539168437749,39.671730833762965,4.722239568322076
signal,216.88179910797157,-37.64392097578802,134.86212363491532,34.73269769172435,-3.052005418277387,6.590904558675174
field_control,338.90802531066043,46.448950276439746,134.86212363491532,3.085084180194537,0.32872326964083887,6.0771217982173305
projection_control,167.12586710612098,-53.43761244625887,589.2600807815556,64.5416810269173,46.84605809521389,3.2255641288576755
signal,58.68688097335903,-62.215220130915135,153.32066065509093,-35.36462328884815,-18.605032311433153,6.301617237049154
field_control,191.64640554617,-39.6334861051748,153.3206606550909,-2.0844613247306425,-11.53603429112162,6.545051537921915
projection_control,140.77183288586352,-47.610529399567575,702.0188558507388,92.30053254399282,70.25649740602513,2.813753295624461
signal,84.17261991350308,-18.367094846720686,320.0688166391283,-49.2989065106937,-34.63230602044228,4.795806989850145
field_control,306.8479657394946,5.075795617801445,320.0688166391283,63.325668603141786,20.84108312238615,4.2223894147232155
projection_control,145.6298588065931,52.755594194695924,366.42671634231533,-48.08306906251284,37.12873738026762,4.0713146453209905
signal,8.534791312026618,-27.35514588131085,318.16442181084443,-75.41074969776993,2.277338696525368,4.636348904679112
field_control,123.15420207339328,64.30313444404258,318.16442181084443,-44.275498849182796,-47.53408914722235,4.562219773216969
projection_control,173.26006243892533,-33.76916062008819,661.5436923303898,-39.18684702842447,-0.7001853025566382,2.5894903170354975
signal,300.5809940499853,68.88110617206553,279.51339518778053,4.0392719046554895,-72.71700084651576,4.185237565110184
field_control,120.70379414860942,14.524576540676453,279.51339518778053,2.5801926349235296,19.19114716567194,4.621626145976577
projection_control,172.2567852385881,37.90187879351983,217.90209591990305,14.816641818283939,35.25745613470113,4.979931718836341
signal,350.8886145774785,6.627715183601116,740.2265418108918,-140.5349091801245,-53.11977760171764,2.606550004008013
field_control,354.79457304265406,39.34118092088225,740.2265418108918,165.16526194715578,72.41052626113152,2.6640605215578415
projection_control,9.24827215298694,20.798625417858567,67.21963070123307,-6.426702380873171,-14.758454175337446,8.261457698740795
signal,48.7654332460887,-17.784993642359588,123.96000723860921,-30.452235814648507,-9.765085687995123,6.186879762886183
field_control,187.8598974581459,17.885841108035546,123.96000723860921,-2.7514935990471687,-3.618531707677852,6.6708749579433695
projection_control,76.48101979037027,2.458249063111353,135.1889213621169,-12.757116204571293,7.150436602214953,6.61459121682628
signal,83.33107695550733,9.261182844866038,443.43914495468425,-75.90214851774144,-6.04450317202593,3.705048127260785
field_control,50.65035258986867,42.7453952345672,443.43914495468425,5.263740408774873,-44.85962696499808,3.3547528823738415
projection_control,32.900935079439506,-20.56883805944489,195.32706398821898,16.799747383561325,10.9483227763678,6.444031060405317
signal,312.62742862089624,-46.18728387740117,473.1992700216728,-21.803055925614558,72.41468755914181,3.9187809408684386
field_control,79.08288407809468,62.74482216796775,473.1992700216728,-81.18565833746275,-71.10826446073406,3.622794796782224
projection_control,316.65653881623433,-0.42871934047886834,210.80155359795444,-10.80523073293106,-12.576567092842092,5.975372098635316
signal,333.5269672642265,-6.425574674449541,370.33176919729834,-43.77909357316181,-10.298602252402318,4.248590401084236
field_control,173.4999405813795,-27.01067796968914,370.33176919729834,-84.19453850306638,5.295954141517321,4.514263745015698
projection_control,55.328775423913626,-38.88778765847951,300.6658293906743,-42.887079304960025,53.91618784704034,4.75359871823627
signal,151.06585781045172,14.623641971382424,1292.484260485934,159.41294443794737,11.36688880638412,1.7873009445157408
field_control,15.289527775828079,-41.35158903816865,1292.4842604859339,-204.4715851173696,196.53471313407937,1.9713242526441124
projection_control,116.28984447147378,-53.287361720060794,39.938754298630975,8.114147683057952,2.767929110337667,8.922066210116167
signal,18.224090016866686,-1.272319327223738,759.4404944161048,-185.95153915829397,-25.556482406053377,2.7000574232000054
field_control,166.51223473618816,-1.8348384772789008,759.4404944161049,-139.25922638875718,-10.651847365920446,2.558527055009404
projection_control,120.38442443594953,8.89116600084617,121.6806771668104,0.5337889146111199,-0.1809541559246746,6.515889625346799
signal,14.181060129414984,-11.328996838060053,236.89294433828488,-56.95507861784155,-2.6791328321279315,4.737741589043998
field_control,150.81870314884594,23.81124456185651,236.89294433828488,-38.48495913607294,-31.678267636604694,5.139743733109742
projection_control,118.9024803007504,-57.639950037888354,640.5606368077399,-123.7409608243206,-59.36882158281081,2.999367550278851
signal,206.62195178484376,81.0030907417466,1032.4755277687198,259.4464178045915,21.59623648756102,1.1743470650589196
field_control,280.56105551501525,-33.06687109084387,1032.47552776872,-168.8092844015665,177.7425949353743,2.5940010756111995
projection_control,341.63304013692044,71.11255696022083,172.88574875177977,-43.19011856893601,6.085862933654018,6.124842096334626
signal,141.44223920154445,49.51972683180732,316.55143497040837,24.13165605956572,45.95030842465047,4.542421195616403
field_control,127.77910721612703,-82.65623650602963,316.55143497040837,-36.7343289093642,-34.36202174953813,4.838255851592286
projection_control,140.12296980904384,37.587912192505385,258.4883434566281,8.721798855149554,-10.659955391260851,4.642405077182073
signal,10.314873927955626,14.28893767124071,622.8135303777024,-144.34361556720035,-49.20156739913943,2.9640318657222573
field_control,353.71755415425577,-18.308286702885248,622.8135303777024,167.95775364964265,86.63820630196003,2.843024434851041
projection_control,232.10828948765467,35.85308196830956,401.5657113814683,60.72273136369669,-25.492376562283628,3.9150471055214555
signal,209.9708612325204,7.9757938101829575,467.87531258681895,120.66654036090182,-19.90522570990324,3.356265626814986
field_control,65.07717094832513,69.6718998964363,467.87531258681895,56.122049000812254,-74.97925159170376,3.463654313363714
projection_control,5.847639555403333,19.437039976605192,1068.534456505932,32.960430868152876,174.70342016792415,1.9735667487691648
signal,4.06891317204809,13.964517582602314,567.7433700192905,-117.64310185813255,-36.23985463709097,2.719051468469144
field_control,212.75520658852855,22.950450070436894,567.7433700192905,54.78986719825857,16.110937227459313,3.5162044819007376
projection_control,62.458578127807925,-26.196294485356205,908.6843737013246,71.3558720288036,-179.7473822057349,2.331878944185123
signal,283.4539049337383,-36.68218233446739,498.00784001707035,45.508091313660756,51.69906164633963,3.293396136925157
field_control,32.29174692297166,-11.381984965521706,498.00784001707035,34.26720173957849,73.31609894598297,3.2105079619532506
projection_control,129.1037695032929,-62.16686403270574,671.3570006349784,68.10828539110688,-121.92151672881262,2.9245350604814293
signal,110.31581617321376,-12.106208524191539,247.9594628514858,-15.190638008208232,-28.66112875114751,4.969749120145315
field_control,264.1910342378335,-37.94086238479399,247.9594628514858,-47.12461114790183,22.344909599379886,5.354414591006403
projection_control,236.93753674712642,-18.28025758465822,161.4383763764338,29.373837711618826,10.450892322710063,6.464960467210926
signal,14.492881083323555,-67.08462221006451,558.083997145862,-130.53008341027265,31.77379732705814,3.4662654998116245
field_control,358.1113277023097,-16.72752656113034,558.083997145862,61.24098611676781,-153.06800498541847,3.36679214182501
projection_control,236.3074572602365,19.703045047903853,446.7785105971209,-23.883952816664337,-97.9750310329766,3.840886280469843
signal,211.80679955393518,-2.803336036793571,339.40056601847124,85.83658632972653,-13.80108816252808,4.40302651319361
field_control,294.88990959058754,-41.32436884876722,339.40056601847124,47.3490123433786,11.961413796085901,4.501753417931337
projection_control,205.30329794330055,39.364846245127836,2744.3438219534623,595.3659788646036,248.66171411408962,-0.33251420779299745
signal,143.1663891958997,4.9363588259637305,400.06395225975297,31.45693135046177,-14.916345113373664,4.471773068843495
field_control,200.0532746593084,-51.94211487454988,400.063952259753,26.98067730017502,-1.2861691241135,3.91233275364766
projection_control,220.60650079314374,13.011518716180515,676.6253834739138,-135.02289423666397,-91.35678847808265,2.7211085073714334
signal,350.5681488085738,-32.99053805624834,280.31708415305104,-47.39377200899583,15.986344367573453,4.451070948196972
field_control,174.50688866388913,54.437811279636065,280.31708415305104,9.769455104814174,-18.914498341351184,4.572804723736668
projection_control,14.03255543800695,26.931403474312567,229.53878121228203,-14.850478104863782,-26.708723733175812,4.957023103217343
signal,195.91151850133278,68.13404129109958,105.43076597603215,26.364322171053654,7.260167977744405,7.149480858779727
field_control,300.61078605606485,84.44319046834586,105.43076597603215,3.9013649965287547,30.63029298679468,7.323761040422993
projection_control,196.81044554596681,-52.33063521230044,913.6791580042686,-166.9842002612735,184.5386107190108,2.2755805853009985
signal,99.08610517332298,54.9757512760929,240.07883023418574,-27.530239833812722,39.92444777219545,5.112420291162782
field_control,336.9506704958607,-42.203908359108475,240.0788302341858,8.25955423204416,-11.353979234425491,5.024209484058121
projection_control,27.21010098746411,42.821970278562084,1311.2688016274149,250.3339277735642,-232.75902971757154,1.122522455752485
signal,255.3979912682309,26.377696415822374,668.374824514501,133.04971958197416,-81.55812159053191,3.0833003218255812
field_control,356.1143492873134,-62.993483266082066,668.374824514501,149.00492960535374,14.420488300790158,2.7516190616178475
projection_control,209.77720176408533,-15.332968698313874,212.3118067194971,11.950059196286507,-36.38008911298017,4.834712253866324
signal,97.73712091537608,3.828674574752991,1507.7940691556728,-155.97715006917448,-38.13350545655054,0.9773353875175056
field_control,142.75412192321429,-19.909642259593326,1507.7940691556728,15.996921301415945,102.93612840689349,1.0842487261332259
projection_control,151.20396154643862,40.92060837428746,385.1652441031122,55.11024969541358,-27.662758710019435,4.124436770069343
signal,325.5275849067234,47.72616158632434,600.1377344414456,-60.688472060966646,-130.65591465013597,3.4302494398890797
field_control,356.7302909260244,-4.397851401515747,600.1377344414456,-67.53163760756436,83.74215445836901,3.1666519675372857
projection_control,124.37310734044046,64.5365352516366,1473.102345381521,-54.59616939551211,126.40495710042802,0.8784572266778968
signal,134.89990938265552,-47.6203944819086,321.5050121852133,19.28197485333403,-74.57658434969673,4.552628688209948
field_control,56.13345078257933,-36.18238200517448,321.5050121852134,35.871817538877536,10.357382818111997,4.154813722690538
projection_control,301.7629515894482,-60.411124619418416,58.174565021487986,10.377246009953215,1.4122826793947958,8.520280424136667
signal,197.95268259943384,35.522287061856396,1248.1222189078883,311.4484655040037,-16.167737540970283,1.3148809319657722
field_control,91.27791933548731,-23.40014270147176,1248.1222189078883,60.8501451394151,47.303573288438145,1.3492529791790235
projection_control,249.1240521407957,0.8493767230634108,50.584761689476814,3.6107532079654447,-8.880624934635456,8.352156058867537
signal,18.206317376722392,-48.621430724760934,385.72622977331775,-99.7044769155356,9.28681861638881,4.0649969296573625
field_control,32.04580490420262,-36.74527549509857,385.72622977331775,39.675711957535995,66.42839431867081,3.883194516159501
projection_control,243.36946369891706,-5.535624858871817,47.00717614991397,1.5578608020784699,9.0869753770277,8.285109666188056
signal,153.4036456628031,36.045060494706206,320.41926699868816,40.619760272726126,32.22518969115077,4.399540129420866
field_control,97.8258659344134,33.265615822216965,320.41926699868816,40.51187091297154,-21.36815061852965,4.724990978484051
projection_control,58.03877231104412,62.06155122824012,800.5319613931905,-170.67604915969844,35.730160807277564,2.642209491038454
signal,299.65087427795817,-26.64523376843687,518.7254460515121,11.890086070006841,37.49252720562353,3.5720657411372514
field_control,276.457518582484,25.16053091696988,518.725446051512,-110.86810272856577,-48.273613376414815,3.159523465545947
projection_control,67.65133709351629,56.91409842742796,1101.8023931221571,30.91502555514254,-68.67482717619585,2.405103436782368
signal,290.0335699308031,48.95387286731917,217.60388464705514,11.422693664529987,-48.732266765204635,4.9577337547600315
field_control,307.0527689442419,15.658496745397228,217.60388464705514,-9.538961565773269,34.23997794704729,4.784936422244968
projection_control,265.6502616074491,-44.04060402482105,257.293773991495,5.22618769711878,24.189784678649833,5.231826714790056
signal,80.75468118726944,62.633485321303894,928.4420738801409,-168.493772138004,140.4868773749135,2.1524204243712033
field_control,280.40135223692585,-13.036062409180168,928.4420738801412,-72.18595999428672,139.1625422118573,1.5710975661340647
projection_control,265.99200376789173,1.899431227511732,311.49256193262005,-14.978489325912568,36.54466567328671,4.310312121578118
signal,81.38846556380257,-44.62052379224729,1074.2449051483418,-180.4687586120202,-185.3205164690343,1.963075662694212
field_control,227.18368014037065,54.89324124189424,1074.2449051483418,130.24997501725014,47.412325580052055,1.4033694464966977
projection_control,197.4308986776825,-36.059528335639186,350.383026655864,-76.72215922693556,30.890658521530888,4.352167538456431
signal,294.2299123967652,-4.281042877881546,242.6338035123657,11.176004480456088,-7.721566373801962,5.085150460943871
field_control,185.0279445081524,69.89513743315304,242.6338035123657,80.41962943527182,10.049872617575344,5.483704929640395
projection_control,134.1032153592477,-77.21101471557445,334.31313015389907,-11.692064086950634,84.72777598983245,4.276232277990614
signal,334.94343126095714,74.14889626466314,386.3340932432502,-55.95962290949044,-89.21870511850226,4.469267195858561
field_control,255.13354411691273,-40.74709749913153,386.33409324325027,78.09795070298935,134.46925457940378,4.070046802387078
projection_control,233.55553901737892,-57.94311562694166,261.9793790787305,-60.25263706211283,14.938128405930062,4.937690933145977
signal,34.32993165828128,-1.9017169342089044,265.81991089454675,-66.63307724003153,-13.992267767147332,5.109269291780489
field_control,140.70007773619983,-33.640124849161865,265.81991089454675,-27.040158313243815,-20.26398967762511,5.027437185601334
projection_control,150.3601184941181,15.794750878273424,1124.4335763169665,91.1695109502427,5.503965227496543,1.452344878019161
signal,162.0211101934411,46.64341104821281,430.7832014812922,65.39219393501675,49.380906954428845,3.826461963407739
field_control,302.8710065398926,2.938387332379944,430.7832014812923,-60.06337009264893,-75.60370636931944,3.989652520566361
projection_control,127.59298156549976,-15.362862082866581,513.9839603815066,12.926185047324337,53.38018103594056,3.4512508137891778
signal,121.48354042712242,10.222024046090771,621.3518806618158,-4.41561605221198,0.8497654577309434,3.098318643426857
field_control,243.78843383164275,-54.835198282804356,621.3518806618158,-103.41459808171115,109.58736228991069,3.0501670896952504
projection_control,285.77451740689423,-45.585813917647194,244.6275171511748,5.76470340681091,-10.098732309482617,4.884213183483548
signal,313.44784396467816,-14.438471129368615,188.6035761248281,-5.177536838678002,3.3235634811748405,5.710950049616334
field_control,251.20969145798705,-7.302229334640837,188.6035761248281,-3.4243659813475844,39.228022801017644,5.599815995176341
projection_control,207.6686572077721,70.57288903222256,328.738172968157,-49.37966953906826,29.842400693051438,4.841804795925926
signal,30.06896928480676,-25.36814838109256,200.60059570511712,-47.30753497501912,-6.465140833438615,5.609328789396818
field_control,192.93695752646562,9.414900624033494,200.60059570511712,6.207761224387759,27.102865602570674,5.801696837092213
projection_control,95.06231448973877,5.1667043461383235,352.718936604144,-9.204760012356893,-10.628543057806326,4.3513984113708215
signal,76.00533932089346,-36.40960557472141,262.14588015706164,-48.77731201304307,-35.37518930689069,4.359587417298597
field_control,318.6824343160221,2.5302672867963136,262.14588015706164,-35.01943847887842,21.032349650153648,4.951083590291772
projection_control,124.74870046297856,5.765261674871112,369.5599205643138,0.41678748144329697,3.7296432965038218,4.211521256337901
signal,270.88860153113797,31.573800407898425,587.6266902213523,83.16854550552087,-86.04368237973912,3.064034544359118
field_control,90.7253041244589,-19.766201102125915,587.6266902213523,32.106320082191644,-73.21527947859501,3.5742216768689468
projection_control,208.3704316242986,-7.807556342788148,401.9186944988169,-32.01368715259226,-43.99249170669066,3.8755367804996803
signal,18.465785633237605,-13.11574716768174,324.4957752552213,-81.61304007837988,-8.745468784177838,3.998623044973879
field_control,137.21315520997825,4.869792175890588,324.4957752552213,53.91203059484661,66.1872608227596,4.630203749018867
projection_control,93.48150202214903,59.712708802634594,439.1665285279577,81.18290866576554,-0.013329780809843676,3.8492119875265036
signal,177.31273705714412,1.292182330079226,493.07606308542324,101.7898331244718,-21.643745726008323,3.9189146855169064
field_control,279.9513250839681,66.5779775613053,493.07606308542324,40.60355723933207,-80.34379943208188,3.350091519234752
projection_control,91.02892257004002,80.27629582485119,156.0246924689703,-17.0119806436888,-11.606331057980176,6.117428055857503
signal,159.1585324846992,-0.8794697465709947,990.1801719481326,137.36211201219103,-56.94720888946999,2.0031740166502074
field_control,177.38960260656157,-36.01274458474239,990.1801719481326,-3.540765722496159,13.97572520020722,1.872288665490105
projection_control,119.50974170490437,-45.58161021817197,643.9567857329081,-97.97293525077082,-102.19765657715139,2.8813301179858786
signal,120.38442443594953,8.89116600084617,121.6806771668104,-1.5166710518387967,-0.0698090927718038,6.515889625346799
field_control,320.1170448327087,18.038905420443566,121.68067716681043,26.839828367934032,-5.939393889717038,6.3556524683144024
projection_control,305.9853589811539,2.4410857383063256,225.05372742359546,6.180008201163587,5.212745617345195,5.108027324206829
signal,142.04603351481256,46.98324983934122,831.5945848610523,71.99732794668687,129.33779815922412,2.669480936359835
field_control,124.70375511462683,-65.95231234748532,831.5945848610523,85.28099688693867,-105.67645425555511,2.765706143335079
projection_control,218.4234208982771,22.334288556367774,436.8144496089471,-96.9715207303455,67.35347360112465,4.25701448812615
signal,190.77861129488383,74.0451673042638,93.02499120408929,21.245640295712544,8.81149399663753,7.283699251089096
field_control,132.9588607750721,-60.13109907657093,93.02499120408929,-4.993583773445383,-27.202678312864474,7.035486525970468
projection_control,249.14651292877284,66.80261073715734,106.02424474156761,15.309371325592354,-18.33517352454599,6.680624583842787
signal,58.09224901981792,-10.651313472369454,422.2149129847595,-99.09806370090232,-21.552433210595748,3.5337418012471824
field_control,319.9448841791851,5.949764330463572,422.2149129847594,-94.5813123879217,-53.903297862747934,3.632790316521055
projection_control,237.13834994172797,-79.95528525653317,154.51977163034113,17.651174491348815,-30.160534974348348,6.091518031181349
signal,205.91851618209338,40.92251956561307,720.8564132672641,186.74539596617964,-13.25578093328152,2.689484558184854
field_control,167.17331526553477,-52.1968803316248,720.8564132672641,-26.96634190359076,89.44663916787205,2.8066895792811106
projection_control,142.67254517935942,-7.238983431828492,199.89385822769265,-21.834748022517026,-3.093424512324927,5.595262855760209
signal,289.955638547995,31.941666986718182,355.1341528258259,20.060173944624257,-62.03857729567051,4.147487708583027
field_control,185.80485031289518,-72.80543787953675,355.1341528258259,-9.323760324195817,13.620650154768052,4.218887668639191
projection_control,270.3383274107946,25.613698394096545,1138.2509461019013,156.84622337932333,-108.8344804804848,1.2811823824344746
signal,273.6579347244572,8.45646600794492,153.96239685332355,19.692713760191975,-11.262950258550193,5.539566816029055
field_control,119.79493752084458,-41.06949946664294,153.96239685332358,14.83979649947008,-6.141379805270824,6.15129723638342
projection_control,336.1497922805292,-49.28380611449165,330.4852711233898,21.284725021775383,26.71769734806514,4.31355863803814
signal,55.403965689758536,65.79639008817607,240.2812700802088,-55.35413049688014,14.644558218542151,4.889317535639755
field_control,99.60117918446949,7.452161008365311,240.28127008020886,6.47059707481841,39.21305043514755,5.663344576779069
projection_control,132.6416111699684,30.6998616058202,1416.368325687266,-57.745645312193105,-88.74469368589708,1.8673220016391863
signal,53.7298091069306,-36.80195849706119,196.27508908233924,-46.081301891726326,-16.7588859658509,5.480611987682205
field_control,236.14153590182113,23.996567234264276,196.27508908233924,-17.96778656730983,-28.15708015546885,5.809595326065803
projection_control,147.48157921535733,39.412524812007945,324.0863755812839,0.14803989289022343,21.10390395898701,4.736783124067816
signal,96.5427723881688,-51.39550998741998,283.1976419419996,-34.084634495536555,-57.34593156771965,4.705066556251945
field_control,43.14263815483339,-36.51568838688309,283.1976419419996,49.52643730138151,45.042181914234256,4.74765500199007
projection_control,159.32784453581354,-12.42043359345628,606.1153590301872,-68.2725591168329,-88.66046557352877,3.0218218645655726
signal,129.9869014827734,45.06625095139775,263.5579097782794,5.001357122097857,34.429354305252545,4.450950299936807
field_control,316.5381508258473,19.664926407477257,263.5579097782794,17.315817890730514,34.43654599390205,4.473092711778197
projection_control,47.58467679139383,18.95757942080605,247.86869141044113,47.66577926515182,29.168318979187926,4.727297092306486
signal,147.04400930705373,-6.9902457442193855,169.65909062675314,16.207168870790507,-13.131530872115164,6.197614000653609
field_control,280.51312923543884,-39.42349551164605,169.65909062675314,-21.747407250697023,9.875279395168,5.702125576576775
projection_control,299.3465999204005,16.75611367474281,339.8266793920999,21.251236853769182,-7.861377236474525,3.8847879544015016
signal,244.69099806000432,43.942626633370494,616.8621021172881,131.2245605945117,-83.67835428496667,3.0184286347997724
field_control,68.66937493408899,13.115504016164978,616.8621021172883,-110.5683757977894,37.50622465131051,3.262373383230795
projection_control,57.14523481475144,7.131417300918461,453.07524969314323,17.287554582049715,-74.40922959400298,3.5977395506202288
signal,20.404955579700744,51.829983967778865,390.5718687454488,-97.23913854919094,-35.53757620555899,4.052761124662298
field_control,249.84718049684352,-10.14155081705171,390.5718687454488,-13.853680841088961,8.869537819379351,3.6901828897655835
projection_control,336.5027695757883,34.23882590220347,302.5735370791525,16.559403038666247,52.03216944606615,4.382840656215815
signal,12.482173521383901,-61.0550147787708,658.4060332499404,-158.13264494913358,36.625893321991576,3.0277234822795474
field_control,216.9478516628285,17.914595628285788,658.4060332499404,-56.31983575809157,24.429275380719968,3.5498220796767024
projection_control,66.54182326092898,-40.50816888388404,323.18633323265277,-25.07479192485494,-29.2754872520944,4.1805370960434525
signal,141.08780265980727,50.07895796993229,45.57069376791162,2.8466435145956877,7.015271297432365,8.470148922184787
field_control,66.43261826519188,81.93335039087809,45.57069376791162,-12.199211174444988,3.7328252210261343,8.710896767146552
projection_control,99.33216997699687,11.94579361246302,270.93937337416844,0.8786138976533856,-15.273046649974521,5.133963748272428
signal,250.97892916967294,-5.9327961878374,98.89821963425513,20.657830871880613,-2.852585707127476,7.160964424448266
field_control,98.35326217808368,61.12009009155313,98.89821963425513,-18.65395910174008,4.418649577575864,7.038712150471302
projection_control,1.5074797060648315,-85.59970396837825,909.1047650080101,15.50003882832591,59.50767680056251,2.284609457995187
signal,69.63672346433373,1.1955619376658875,1381.3531326494897,-282.3863382085535,-77.93887174086098,1.188354021569832
field_control,147.23514134418036,-82.49632370759423,1381.3531326494897,96.13374520252191,168.61241507816285,1.0984828574878938
projection_control,97.73712091537608,3.828674574752991,1507.7940691556728,132.5259779762086,88.04641778700977,0.9773353875175056
signal,230.94161325225065,14.666065769044808,255.80445874160839,64.79458122409106,-17.337785793195152,4.691483787405399
field_control,251.7273846883706,50.43275569054402,255.80445874160839,-43.86249736648105,-8.982335407020361,5.109480776632273
projection_control,169.54569087650404,10.745282254084279,151.0584863477715,-9.666360990655107,12.996461203687545,6.014553631333829
signal,93.53812965850781,58.51371522567046,115.28254670945506,-13.895717158412237,17.596850210306823,6.863216438398942
field_control,229.9404271741221,-60.11398655357082,115.28254670945506,22.464982063967646,30.37312139545634,6.343781648435653
projection_control,171.84614332406446,-10.250832851351174,517.7754353905725,58.83538893311902,67.37673762416384,3.453846087703392
signal,318.9909991728659,-74.10554347924702,729.7465849780712,-41.031657414081636,168.3880657797627,3.131641801235792
field_control,191.60454516361125,64.97091978552673,729.7465849780712,-98.11624582377694,22.5396476189879,3.333607420325687
projection_control,152.1823092818156,37.73317740551564,542.0324190410677,-48.920001969461474,-21.42980523756702,3.4605375830280063
signal,322.44837993598196,-2.65449258121082,338.4258241241809,-28.829945213140338,-13.588974651851306,4.570131336210804
field_control,276.6277955210523,-25.87114113969006,338.4258241241809,28.92722186740082,-10.132635688011172,4.747887915560658
projection_control,214.97591015650866,58.888931150767014,401.41290788417325,-94.28568423332005,48.703306858279305,4.100817598266281
signal,107.02339354127754,22.051762647186965,123.11801796265523,-8.701441061175748,4.824072970587323,6.82528519297905
field_control,272.8575862582197,-13.64646941947685,123.11801796265523,31.526070120426102,7.529619343842613,6.843680856996034
projection_control,172.27021317102813,6.0272780331186695,313.75360307250554,-45.07906893805575,10.845195213564956,4.388345216305657
signal,82.79775142676658,26.449823992651115,1461.0249949334504,-244.09458776472013,71.48944179925684,1.0205225889114398
field_control,222.4292954624121,-54.75814474888092,1461.0249949334504,-45.27287593480469,231.8716112694949,0.7595830691431867
projection_control,351.7225035980196,-26.851436584364343,367.7765889856427,-63.992355138581566,-17.663508817068283,4.251206272768261
signal,148.06942994384326,22.647767100187696,260.5572354989871,26.490651868781015,11.355533461071715,4.441198392571618
field_control,283.31643001853706,-50.84625578714456,260.5572354989871,89.25762235704455,-37.709524871635075,4.982108292459481
projection_control,210.81156619414048,2.0585677360888974,418.1565458725274,103.50776353609818,-11.722271610116353,3.663365572335425
signal,86.59137066485354,-46.981188034914744,557.8275673042715,-83.84479096483462,-96.21508908072327,3.7145413922407267
field_control,120.33481492051531,26.967250001528292,557.8275673042715,-52.523567320141794,-130.0224401971124,3.6302260550149756
projection_control,57.73154620310753,-44.1029917896432,350.7013641316844,6.121050848651897,-22.300090673294346,4.218555669764127
signal,242.05818358501327,-23.65376963172637,115.98208411761188,24.958914032532242,-0.3057396499522481,7.294399924556693
field_control,317.249830196138,62.70590179656077,115.98208411761188,16.04566519749215,-5.264500545776991,6.855977077542587
projection_control,204.26073989618638,6.051028113330303,649.0712201187819,-106.78865385849643,-112.96428864963433,3.3611240835420833
signal,297.38328643738276,-16.41358763173111,70.30673597309939,1.7045248852377775,1.2767901698037438,8.22785735185368
field_control,221.36763088869864,12.796973636166824,70.30673597309939,-4.110832888830968,4.703158388094192,7.464382588332644
projection_control,101.1779100600801,42.382922175632615,54.59588460837145,-2.7498868837572097,3.1707499250997406,8.586236645941723
signal,242.3131671280381,37.508160291845954,98.70594374184441,21.89896560481697,-13.00921607475977,6.927547692214038
field_control,296.050864972475,25.575496852052986,98.70594374184444,-26.59687405872445,21.302930019636182,6.833255347315366
projection_control,14.181060129414984,-11.328996838060053,236.89294433828488,38.319148817764386,6.580968724758358,4.737741589043998
signal,296.76616100976577,-26.262238571802698,401.3838299141874,15.893891892533262,30.105024183843064,3.6358103354577658
field_control,196.6604777245022,31.596877589912488,401.3838299141874,-29.617695275569456,-52.35451241380612,3.8466197956746218
projection_control,54.520387896728636,14.16330934384008,936.1373633607752,153.13850668663417,137.64444707600612,2.0437426451315353
signal,142.9171783946907,-35.35143681698467,161.26832327992238,15.23014356124435,-29.583792664702468,5.64254983776823
field_control,78.63776819592492,-28.318433146941807,161.26832327992238,-14.971586592699337,-45.36108861660382,5.781223296767518
projection_control,357.30526325830965,64.74844544241864,690.30627634032,-17.672559503905394,-146.29956670112225,2.867595546903989
signal,56.27410945518991,66.19096739303649,172.6434230715836,-40.80620995469094,9.772637097449802,5.3091300379253985
field_control,195.26764632419108,-65.4419619054557,172.6434230715836,13.830517278717037,13.364111150127622,6.272883458922705
projection_control,100.3115027214131,23.0664372815684,1003.4660835395568,-64.04007258198367,68.88297787250396,1.640225820193543
signal,265.66234106313317,-79.19577476871113,534.2015043263926,84.72085641893437,96.25056082393097,3.3292608811145046
field_control,133.6001989595717,-85.03947694129032,534.2015043263926,72.3286378283406,4.742072556590097,2.7851705249905416
projection_control,18.224090016866686,-1.272319327223738,759.4404944161048,-19.55685293023773,33.33721223738085,2.7000574232000054
signal,129.7708218509594,84.64877166482921,182.51850605638614,5.673144934259997,44.47000541812145,6.1751688607032085
field_control,251.099652973354,-17.37962493618328,182.51850605638614,38.731410301055,26.76370812297698,5.890241215176123
projection_control,200.44256793414763,-6.854773275328961,1167.0241642247486,235.4009970595037,-197.29949108406936,1.7800906819446827
signal,241.65749708248768,20.710275246745958,1414.6347876223374,314.44296080474345,-119.32908924104325,1.2042795418523218
field_control,171.28576502450488,-31.136020634124854,1414.6347876223374,189.85819829236428,100.19039992626826,0.8590873189354595
projection_control,305.05965500569454,-60.37365096622178,93.45084287306297,-18.43168615275991,1.7997076935816665,7.0267211239369605
signal,97.43181911343564,41.06680875682042,320.7715631748116,-38.196937299931626,39.28583038451111,4.559717567425181
field_control,301.00060977396754,-61.08814938614723,320.7715631748116,-26.943453901439884,-19.551308017279823,4.180645251085378
projection_control,30.079561503848314,-23.169321145662526,980.8477198964733,160.7686830652264,-117.45930054380094,1.7048285442241538
signal,29.242668530402156,-24.25266162714925,644.9442794478236,-164.8118390531243,-20.2350483097983,3.3650681143603625
field_control,244.10610443589002,-39.8622036043437,644.9442794478236,136.98397332678545,-116.77754273939581,2.3494690150084847
projection_control,214.86667567959336,40.54905291918736,186.90139215381754,35.91249412731968,-31.009922087133088,5.424891331889017
signal,357.3294463755948,-76.25660044564154,879.9799997382253,-183.41735608372878,126.13117639642088,2.1564073985518957
field_control,246.4359958912766,-48.677266575673556,879.9799997382253,-239.42595035186193,133.058728648899,2.112919662753956
projection_control,154.24484538556635,-45.62777038951143,461.1706415048869,88.43596499463777,48.74934750994557,3.6365339149418605
signal,56.232542855015744,28.407479572203403,1063.8763823527497,-259.6460637703168,-2.6434448207141767,2.4762035978833654
field_control,78.1759200567834,56.07375960510819,1063.8763823527497,16.34062298550995,172.1564547967162,2.318763656329251
projection_control,239.4201560423872,64.36195464644895,396.82089253703333,77.82336071028949,-27.817803975630806,3.7251578018349436
signal,355.83155782685316,41.93516090451891,261.21708865612413,-55.61869459267972,-36.82602880827795,5.512620398240614
field_control,354.3299159368645,-46.01037477323314,261.2170886561241,46.1334080680156,46.61304583080956,4.994439348730812
projection_control,257.29878006073295,-21.91953858854747,852.4216550148177,76.50754804001421,40.17376237058849,2.360098513027913
signal,351.82077572392103,28.74761435448743,513.1537248858008,-97.25469102737006,-61.42719141177008,3.409429169827548
field_control,303.00307533773594,4.318283266862309,513.1537248858008,-38.43821802466664,-15.9817800546111,3.0892541073319637
projection_control,306.20683008544177,-10.7070209306709,155.88821245601036,2.0500919971309948,-0.4784972736588309,5.933605734883244
signal,285.77451740689423,-45.585813917647194,244.6275171511748,17.46618565090962,34.401329725749974,4.884213183483548
field_control,284.04175844185005,10.731797604077666,244.6275171511748,-14.181395576291159,3.015909074093538,5.362617765003106
projection_control,304.1536851918824,-38.605200592495954,435.3318224872759,-48.66833595817702,14.933876942885998,3.9056096250866683
signal,237.39226634951913,30.45462512955078,1136.1367923448356,259.2917289343558,-110.45362802709869,1.9320182932041738
field_control,118.87748105760987,4.9898299186498205,1136.1367923448356,22.419795431361354,-270.9277954093367,2.0922381583576857
projection_control,20.404955579700744,51.829983967778865,390.5718687454488,4.824027276624036,-70.58268678407808,4.052761124662298
signal,208.01053809039047,32.537097153590594,538.2153345012539,137.34704020246727,-11.756104149232344,3.240962180964039
field_control,192.82739502500345,-53.310689899467384,538.2153345012539,-29.35380031236353,3.504141901725165,3.376433608031422
projection_control,297.6690819501911,-28.647938478766747,529.4434474235762,-10.156695905623318,-35.92165022207574,3.420237908929564
signal,311.79655633602044,18.48648956288988,356.70632623206234,-12.139005211532368,-46.95256662274977,3.8914793765071676
field_control,49.35714770675832,-21.247863012556227,356.7063262320623,3.7686791863650653,85.04593542761788,4.848870689073147
projection_control,58.29228238759694,56.61289008931216,267.47763549965623,-62.40332522217195,-7.284545198499311,5.11261103477997
signal,104.19822778301567,32.1563773890663,205.82485062524557,-14.21382417307567,18.332249703999764,5.816882551556877
field_control,193.85135159857413,-63.82609206697435,205.82485062524552,-3.817751027045128,20.39907367908573,5.678980192887368
projection_control,317.8777769387183,-12.602628258391888,304.3311290843513,-9.606344475745253,-8.959231917701148,5.133036485798732
signal,168.36523649455572,43.77616635398372,534.5659981268682,96.09707786934939,53.04059824412187,3.724927559451825
field_control,52.52012873398342,-12.043846444087988,534.5659981268681,107.34881220583385,30.07101956283369,3.5647890954564776
projection_control,290.39941908965386,-36.51540379215357,138.1468627785574,17.603095867700493,-5.729599020063476,6.305310430238825
signal,222.98038897194067,13.132764001429251,302.77121025692657,75.67559417816679,-17.90740046618494,4.64108059695229
field_control,199.0936238362564,-38.521051392360526,302.77121025692657,65.75116461649489,9.647161464896415,4.353413503673335
projection_control,57.76654113764151,37.72344851786992,650.2473528718687,86.49278588983384,-42.472501360622715,2.790691366580476
signal,148.02857131301678,-55.3651243095208,144.96150329277654,16.46803481329772,-33.00239256537695,5.81487715330325
field_control,233.539876855766,7.080576583574008,144.96150329277654,-25.261825213265997,-18.28368453924864,6.381956125108106
projection_control,137.57021093972494,-23.054252221102068,327.5179166936362,-25.509626713273978,-37.19648245840296,4.538198082415801
signal,153.89512347249646,-1.417893296230298,308.81935004132265,38.412541024764835,-18.6996744413571,4.182619601664606
field_control,140.47054820996485,22.682036532645075,308.81935004132265,63.68147278569371,38.55013824743738,4.61651486031117
projection_control,320.0860526184036,-14.813049528009667,389.03665050161305,-15.363244213815715,-23.458481685056018,4.522291448707874
signal,118.9024803007504,-57.639950037888354,640.5606368077399,-15.9015885688342,-152.0669353547821,2.999367550278851
field_control,179.47615619926557,3.683201094779678,640.5606368077399,-98.26118008527298,71.7756768462458,3.123147464554413
projection_control,273.90647913508144,10.410266387658702,172.43488567188473,0.4716717498121483,24.518822184735154,5.28304265523945
signal,203.12345400643298,-10.65611483468663,1649.755939819064,429.57488073027616,-90.26526056622643,0.7629401862446266
field_control,315.23521956285094,-7.557817990312039,1649.755939819064,-281.9276757244899,376.64603482462167,0.707525810853737
projection_control,11.213673405620781,15.81801099674059,300.9391606156452,29.718029695634684,-55.18208415404532,4.521161394791593
signal,306.20683008544177,-10.7070209306709,155.88821245601036,-2.3330761547986505,0.08798617339735054,5.933605734883244
field_control,39.08273209301137,-13.022469835381623,155.88821245601036,24.464717225548107,24.034278367993778,6.074363279833422
projection_control,241.6166904166879,-24.47876266237701,619.5169792268406,-81.07908450518738,-89.22105359278173,3.1316381918211906
signal,72.55021608227263,-60.22478022614803,1733.966440543852,-356.339853262348,-280.6734423420912,1.11138550742506
field_control,285.02384147987505,43.10861366217263,1733.9664405438525,119.17627237944312,137.90775423707254,0.5597381108425712
projection_control,147.4822329453069,31.198898498308825,157.2040929093125,8.25892311825599,-15.89939880862504,6.39052882306922
signal,336.3958939512389,-17.599341280262102,152.7678490252558,-21.57976113355661,4.205620903437219,6.299793976257361
field_control,61.4716383586307,-34.14324790176125,152.7678490252558,-25.248734153538376,18.417277660855973,5.435700551040784
projection_control,136.79246842754208,20.831839904636976,233.69581214689234,-10.616124110823032,-16.239753744704196,5.517420051708573
signal,248.07155534936265,-51.07816705186734,363.6495988515801,79.75291254377846,27.1123947765385,4.610027240001009
field_control,13.214873809666221,27.932865756536227,363.64959885158004,21.098085983300034,58.83947128642715,4.496075806425241
projection_control,63.176985857288656,68.27223827827397,293.8095201769112,-21.237672914469677,66.32570150017342,4.715128276569225
signal,296.3783565648108,38.058841489872684,103.44382977161032,2.3629515858303756,-20.04418022745394,6.6292900783289275
field_control,66.80685698821719,30.995092137814567,103.44382977161032,-3.933875924666287,-8.077658373696405,6.475760350835249
projection_control,343.64373438917187,-26.78169614154387,162.53650989159445,7.163912804259108,17.92312918108667,5.460820391246357
signal,200.22864934680416,63.55677340319164,200.982157109459,48.56158436953748,6.197805782624567,5.3812550137559265
field_control,275.4155483893763,-9.299777306665113,200.982157109459,14.711105788698621,26.937348917497488,5.516368423796665
projection_control,263.11332447941777,59.97987483166857,268.8324647127815,56.92481191203521,29.895958871187094,5.249402397170761
signal,280.6260125126629,-58.80030851129086,18.571719508041642,1.8774623933689043,2.963009569670505,10.883433929550842
field_control,145.8453864012696,-23.916120509596396,18.571719508041642,2.615243394550007,1.3295211115124304,10.755640059747519
projection_control,240.4324464122928,46.813275568425574,330.0798482149292,-70.74465357620157,-42.43742105385012,4.313785904265059
signal,5.832143042208196,65.5372125570224,502.68989976046885,-117.18223827206124,-66.9274278219509,3.627922705787137
field_control,314.10738606462553,-3.37765305988633,502.68989976046885,136.69964726474396,-32.6861171583322,3.591468108242186
projection_control,61.15934635886062,-8.600480133282618,308.04384128419576,-11.432581613863317,52.617680086126214,4.504874022865107
signal,294.6169529206327,2.587967620327787,219.80195339710153,10.20957664411666,-13.493739023042384,5.749556376208526
field_control,188.89471482561567,-54.446422819962464,219.80195339710153,-26.81329850087121,-22.59793395247305,5.204918539352764
projection_control,334.30700236154183,-3.581258977511907,174.3796949065385,-7.6144252893337905,-8.160737078392755,6.135182650417321
signal,14.449989270731946,-23.632492851574735,457.1956743524456,-112.27626343444818,-5.812174596958792,3.8256504479247995
field_control,8.010126693479146,-65.24955682767981,457.19567435244556,41.64273860273077,18.26528856524153,3.780852878737572
projection_control,289.01193653682014,61.8066739859779,34.343142352293505,8.078849650583239,3.1200127418164083,9.384363603568303
signal,320.3688154906305,-57.80889134925725,397.32754107016103,-26.84902843955723,71.43809226369949,4.558689383424694
field_control,258.01689945669364,-50.96793082160015,397.3275410701611,0.9171352389153059,36.3105997248815,4.145546773128577
projection_control,162.09152861144054,22.635812885282053,883.1258628036741,-50.57137993464041,50.15174880644715,1.8359375214703555
signal,357.1065890059116,0.07153587002497035,301.8016759859777,-65.06268833169648,-22.27445897198305,4.763397104514567
field_control,39.683847139643774,-38.7343139376123,301.8016759859777,27.49231154682219,-20.30702229054645,4.82188120872322
projection_control,160.8172298130673,53.68661806682122,279.4189326961607,-3.7300989459195324,56.171825441912624,4.407546758142591
signal,105.86428638364,36.08828144464962,153.4655305209824,-13.701541152775267,15.428102616696835,6.3885960090079825
field_control,284.1766680462928,0.47863392119536335,153.4655305209824,-6.957082457885352,11.148670736017847,6.589978176546664
projection_control,123.35225274810774,-50.39541722478131,275.59730552893234,-14.51334200637391,15.390273130681717,4.739207234893337
signal,75.71468026288571,24.46724428465672,51.850225275902055,-9.771427954310322,1.4656957357098424,8.32919227782937
field_control,60.5169179298648,44.28863204305269,51.850225275902055,6.491168256497324,11.406919411755288,8.49650500731417
projection_control,141.15368768564616,1.4502827549659472,158.9667884130734,8.731039239514883,3.09903374890521,5.954227820264998
signal,275.53081098889464,-64.09871430572589,219.16189700233443,26.572381381896186,41.3446373352607,5.300460909029979
field_control,124.36069888998483,-31.918696284729904,219.16189700233443,-36.51256380895027,25.524257066762743,5.315389398970092
projection_control,24.981870925506023,-30.421159709522968,654.3532779070454,-16.270031946101557,-99.41294184056932,3.202629429100954
signal,91.08948273129116,-58.67106179942699,444.2447479761925,-60.32465779233324,-97.45023141945835,4.0351718105540195
field_control,274.0577146651297,60.49631473981037,444.2447479761925,-13.974787426959503,-78.2841243021106,3.4898697997971486
projection_control,12.568158956240573,43.07029319390676,634.3306024340628,98.46099437047943,88.6890362115836,3.158402325212584
signal,311.60245794199324,-11.201114635010251,441.3712988591892,-11.174131700293644,1.8379016113487037,4.259873007234868
field_control,343.52328869151177,65.47991132212438,441.3712988591892,-97.65644372200106,-106.97400092486569,3.9067634532267523
projection_control,94.76904474648403,19.623625853621604,485.8220360156395,59.247450125688005,5.376244476236315,3.701317323453881
signal,37.023333176691615,-24.168343263332403,237.15633437424222,-58.94492927040456,-11.316212646440698,5.343597439705337
field_control,133.71622223282364,66.60787598293508,237.15633437424222,-2.9665226569742575,9.733376337235574,5.325041285854281
projection_control,31.818580914426743,-23.885054866349364,191.45087340453037,25.962569741671018,-9.110241023489522,5.3598074574581975
signal,45.34387069656898,-32.35960262319561,632.0983946567306,-156.92000169971595,-46.900486146655766,2.9711250316725017
field_control,298.5840792716169,42.46389437754881,632.0983946567306,-198.40153838295495,-32.424403418267524,2.9383856079683994
projection_control,194.50778643413986,40.11769045356494,776.6734935690827,59.02243613555887,157.32252689814968,2.6229890169354975
signal,352.4945598362216,-25.975769269688488,914.2435262281695,-178.68118310406572,30.787045599589305,2.607891039981663
field_control,68.68521557130194,-15.804148660735319,914.2435262281695,-43.794274010452284,-164.35920474913473,2.358074282378371
projection_control,148.0310959977165,41.50971485428595,354.05908295902157,25.967215435053205,-48.628049741737385,4.610935314406021
signal,242.58200337720163,37.37040983134643,498.99387603921554,110.76696783591068,-59.24751049046171,2.851930324485019
field_control,290.5847172728968,-58.719123123004344,498.99387603921554,-13.138581663396188,87.61242022619282,3.421769063304181
projection_control,200.83452323762634,61.83221899299448,527.8887640600514,115.89375260460635,-26.310386404130092,3.3547295558149726
signal,304.87940079442296,59.1436741589369,569.4412375334348,3.045910813937295,-143.20487838304535,2.7960850771095975
field_control,236.69786133225034,7.911159416597486,569.4412375334348,1.2315113079001332,32.101990706752275,3.424053223188337
projection_control,260.8553832651464,-40.55948251694981,1045.8992244304638,-124.62947460146012,-27.136325761620018,1.8610502106269509
signal,116.75857584654649,-10.940798174658344,559.0036095997378,-12.783165920759405,-56.365868315250985,3.4674172059851553
field_control,69.38766259645264,6.739931652127788,559.0036095997378,-23.07106824583098,-158.23081780322696,3.536707633093562
projection_control,309.15514056581,16.35886358227202,948.2358233778683,-85.74276529095435,-14.198524379729811,2.0184679078221137
signal,243.53414982741756,54.31359883330447,639.6059315585419,144.951290108178,-83.94359712854474,2.974670093675066
field_control,108.90142572650817,44.4231157137974,639.6059315585419,-90.77022045321468,-27.473927557201105,3.2400259468182746
projection_control,86.93873469247242,-20.25120371854037,130.87249607461666,-15.609429273852385,17.172468080523057,6.1906350336595395
signal,213.927057831095,-20.91659700002322,1347.593620883415,335.23099228951804,-38.732042273875045,1.5338593628868553
field_control,47.43751989493296,82.73963421306873,1347.593620883415,295.3139773983428,-116.14754291000115,1.387558565391996
projection_control,227.29511737737033,15.01757922447788,1192.2689660532976,-259.1338168416289,130.81758610541166,1.916753358569981
signal,217.13404324426088,-2.7011229037981894,1845.8097137645943,490.5113580377497,-75.32348932230533,0.6883876208467553
field_control,137.8681239831528,0.9347999480635845,1845.8097137645943,272.380957568182,26.373715525077454,0.35707491863205726
projection_control,250.9688901210513,15.804435141057978,1204.9213476621233,-248.66212705140262,28.124235203712797,1.596124540679421
signal,245.71168543357976,-33.22594011389444,45.46906128732192,9.531214469886368,1.7412400683769262,8.882703767127387
field_control,73.31351080437987,-18.03464050346077,45.46906128732192,-1.9817749663717288,-4.743904667734165,8.527846142953678
projection_control,252.22013870200257,-11.035694888117689,254.29175915836356,24.537997115006455,34.7255873750137,4.953715498882395
signal,207.12930232647548,16.317036287475897,436.29080504987735,105.9505903481931,-14.766824203497897,3.5567988526709846
field_control,231.83926330697048,-38.91719422409819,436.29080504987735,-31.504273356946932,57.21269588048838,3.9796668961343604
projection_control,111.53047511608882,16.376272262698073,115.73827742865576,-4.693621789886728,5.341655883826547,6.999445303870208
signal,154.46245294895974,73.32788397617851,472.1655676484834,62.820672215750704,95.98171782700629,3.8006742594790284
field_control,358.0218375194011,-82.054644064042,472.1655676484835,-94.9120435206541,-17.474720702128238,4.3641721253771895
projection_control,68.61953990680192,8.253015300395234,203.84493826187492,6.885617922016929,-15.612494660692235,5.44459370382198
signal,99.33216997699687,11.94579361246302,270.93937337416844,-29.0031686491749,1.8769949296303117,5.133963748272428
field_control,4.323298710335091,1.0444100682732622,270.9393733741684,-10.807522057484915,-45.512804542958506,4.733423158350529
projection_control,215.16058177297307,-34.507937332288016,255.0575596298455,26.908949968112385,59.495144072183365,5.230513245986714
signal,276.68927912875273,-16.521303618485053,663.0650055943189,70.11022733052519,17.14475814793956,3.258384641817824
field_control,194.73113278342748,6.375116737274078,663.0650055943189,-54.00598139812584,-96.3171742818376,3.0289707641548964
projection_control,143.6527143512765,-48.00570271111509,223.5719512652129,-4.750401270755353,-37.32647227961137,5.578263573007164
signal,81.45807480114703,17.195612170511005,93.2940328713181,-15.776737808235614,0.5918917405934203,7.7547969535814065
field_control,206.5199751176435,40.53232579997378,93.2940328713181,1.857955976638612,15.050945450620032,6.9839148979429755
projection_control,105.86428638364,36.08828144464962,153.4655305209824,-4.083226518951957,-5.739540751369339,6.3885960090079825
signal,249.24755021558906,-48.951908070050784,208.44199456256734,43.029666936563,15.781194818342358,5.478303431854867
field_control,329.11516428509225,0.5244892115113633,208.44199456256734,-29.977996216488627,-42.511898113411426,5.112883785529421
projection_control,195.93142780093115,36.22089540270769,515.3783051388847,107.7084409627065,40.543306330442014,3.041490686595907
signal,83.99981615375759,51.015680324215715,1000.1477846160888,-169.65745679594997,126.02582407271387,2.0818524395482267
field_control,182.1619205160975,56.40160034576588,1000.1477846160888,79.90097034909137,-132.16324497368447,1.7967843544208644
projection_control,149.09078455763984,-38.08385522680211,427.8582314912435,85.28896192887777,12.09952874495951,4.030558281033512
signal,225.11886118360343,0.3533969685596106,444.39423009113773,111.9426286001191,-15.373386786421053,3.30420620310135
field_control,195.73251107217027,14.84274360617133,444.3942300911376,38.11703592479901,0.8154613551884846,3.1364163493427033
projection_control,137.15685852062396,-28.998423796892734,653.1406225197736,-53.522814323141205,71.25915095911003,3.219311435481967
signal,268.94817616645037,-5.814064879762281,149.73896886379205,18.797756517435268,-4.179234380166888,5.963902388894148
field_control,169.7950084782199,42.89621509965175,149.73896886379205,-15.718449379478283,-7.968121254652623,6.529356328108
projection_control,300.4458444920259,4.668867168499074,728.4474275021562,-12.361939790388304,-32.511067873855765,2.8850876502139777
signal,78.73700000635411,9.888395556836183,98.2727213952139,-18.010905378003535,-2.4235369834857092,6.979910463694416
field_control,96.80554964213331,-44.700147316386854,98.2727213952139,-6.582230179341863,-12.514784820936335,6.368796010022016
projection_control,190.77861129488383,74.0451673042638,93.02499120408929,-10.904241933083462,19.71195397092138,7.283699251089096
signal,21.57958831007098,14.451933895310054,406.3177798397282,-102.09129010183479,-24.14822743821668,4.270766731686388
field_control,20.170487969608924,45.28963865172957,406.3177798397282,125.24431325145179,6.0758161553559775,3.8765223968832916
projection_control,57.41721451488898,47.40137918592021,374.9368950492711,-41.095635211309926,-72.29435190578765,4.40651685912192
signal,47.15054747790267,-58.920116645318004,310.30480321798444,-74.04147775655773,-24.35065791451189,4.357757172301183
field_control,147.11676559554098,20.504913680498298,310.30480321798444,57.14409408544933,-5.177499291336048,4.187619140923056
projection_control,66.46768464505291,1.9996105415436223,306.2752268224294,-31.946882352525364,-54.375862541351566,4.7156061075495925
signal,218.15890821756918,21.422011401514883,757.8069048122437,180.216605009225,-51.36344103688253,2.8411092156122373
field_control,18.932929646644272,-41.26433771689914,757.8069048122437,-22.580490217033415,-106.26854145154161,2.3368931450789265
projection_control,260.44121442600033,-59.85700860739155,450.22601901256905,19.665928954761586,-52.994251212524155,3.863631340400439
signal,305.8007062412648,-31.073459846638734,38.50732082728236,-0.26039426972949553,3.166334146525629,9.071796968193562
field_control,198.1772890077304,-38.35067517577165,38.50732082728237,-0.06805973499110932,-2.6614544147131767,9.485240281204176
projection_control,215.4826775583936,-31.27875012437135,331.6801697946415,60.5900182607262,43.72273000161558,4.334207635822076
signal,16.198855644752772,25.334696272332707,642.4660582557802,-157.46498778877265,-48.558281077594266,2.907598622192824
field_control,110.62571156722554,58.53961672273557,642.4660582557802,-111.47229430418317,-99.87317184389732,3.0210691537366707
projection_control,303.59742040363795,22.102792007272477,201.2763644427197,-3.873534936988355,-2.039381247060608,5.497989297611767
signal,264.2944532549926,40.17089319626114,100.12334828359677,16.133095621249414,-16.68169303142704,7.071991367362721
field_control,192.096864549154,-69.32031138930967,100.12334828359677,0.7229852933562022,-15.189753624835696,6.7077043288682345
projection_control,298.2800152461893,12.269243505880414,363.1772277915902,38.02334417579733,15.748978625342515,4.263254273363832
signal,122.87471254201876,37.439041510513846,288.599524533217,-4.208072878272429,34.35047819707692,4.581175032027593
field_control,48.3469071822672,-4.297206798951637,288.599524533217,62.92283260374861,2.8998569741920797,4.521666803954492
projection_control,246.19192266072355,-9.329065419251972,298.9491911767179,28.57297487538386,56.91238432123527,4.781273234867958
signal,172.27021317102813,6.0272780331186695,313.75360307250554,58.823410909881446,-6.976621653830287,4.388345216305657
field_control,335.7467876661695,-21.90380629552085,313.7536030725056,-56.40049197646855,-24.308670874826415,4.2874120246008305
projection_control,126.2948793606056,54.609319166887744,198.5233650278777,-15.72145753695061,30.616503593605675,4.980494786456584
signal,334.3894379444036,2.311926727001235,374.53330580299036,-47.69087423266859,-22.708091114373012,3.6211120088292277
field_control,322.0276476779766,19.278176343126407,374.53330580299036,66.93135192842738,-84.45662334392493,4.119484078942598
projection_control,78.554712438782,69.10783214694902,484.41620467173084,-20.895221444653338,-76.1717533480075,3.4712152333859696
signal,119.50974170490437,-45.58161021817197,643.9567857329081,-6.628478095272033,-142.5501212303605,2.8813301179858786
field_control,68.39874331282242,42.78574823688482,643.9567857329081,71.99350240111512,67.58594517169222,3.0075838856205532
projection_control,257.0589804161256,3.779424366402416,111.57670304895002,18.615489500509263,-3.0830858406709067,6.231693068143108
signal,167.52129621821499,33.41452066896752,737.8656425886355,132.95366549617998,55.043064415381515,2.5161231128569246
field_control,123.63994198584355,-16.21507495147422,737.8656425886354,-55.86092503376615,281.14132390898203,3.228785988670111
projection_control,296.5044998696304,11.981210420856703,820.6498723611667,-44.3397443347019,67.48157563141751,2.950605964108739
signal,4.925669313845198,-27.205367051673917,659.5394988774425,-154.4808315156615,1.5088628367325791,2.7490016535116664
field_control,220.85739786671263,-8.406532917504899,659.5394988774425,132.83463595733113,80.74574747178862,2.3289057205170782
projection_control,14.526297669491896,-44.60570118953682,991.5189279995329,-163.59682778931221,-21.863394749937747,1.369885263723192
signal,29.375539201741812,-0.378679408092166,718.3574373101695,-181.9292348717916,-39.373156516888585,2.8433589564449155
field_control,34.447034630126254,74.54403775735534,718.3574373101695,-166.49379022047944,86.90265149415335,2.7078533432405174
projection_control,104.9259288577658,-38.69511475908653,591.2486360887925,-6.907686991595132,121.27373614526871,3.2943098540220515
signal,93.09297280852225,-25.5597312495791,212.46679649365925,-27.505445933061345,-26.57150575222366,5.561134236876894
field_control,127.6444156018143,34.59925342349104,212.46679649365925,19.937366341932787,59.137739141696215,5.268874343279385
projection_control,86.59137066485354,-46.981188034914744,557.8275673042715,-15.794077572567744,-31.23479913358308,3.7145413922407267
signal,10.026806695586785,-47.0832003773136,503.247867512816,-121.67897881967514,21.956469887927,3.5607486350733804
field_control,90.4004232548422,52.599400169481015,503.247867512816,38.07285285101915,72.27629776147695,3.7750548419957166
projection_control,266.9909226609752,75.92525732928682,388.68674957326095,-64.27812647484619,71.46101573301186,3.653661719565753
signal,227.29511737737033,15.01757922447788,1192.2689660532976,301.8256175923161,-74.91906953986022,1.916753358569981
field_control,329.58602233801076,-7.034995735230948,1192.2689660532974,145.1055511845427,105.17176963785246,1.724574236888657
projection_control,0.2352206740678397,15.625148293063639,409.87901338118513,-80.94736764237544,9.402265209490746,4.063773951474043
signal,153.5034084485841,-63.04160228498734,72.70419012845586,9.526392356518837,-16.300903557321288,7.864871372337866
field_control,306.90382906411384,-32.13037437817389,72.70419012845586,-4.944621886019022,12.959300930572214,7.86931145702324
projection_control,255.3979912682309,26.377696415822374,668.374824514501,-80.22033907952235,-36.41089289201848,3.0833003218255812
signal,197.33227298208791,29.8209001440829,146.4982724115419,35.53667509710483,0.6742040859688753,6.082320626657434
field_control,208.73978685607094,-10.15275138098109,146.4982724115419,-23.875552778068798,-15.944597066169788,6.274363339403651
projection_control,73.5538980236293,-5.235254105042806,309.3376332261745,-24.249222112465763,-57.258795843161984,4.620457409213968
signal,62.87298692267864,-21.39690003948586,113.20827155215058,-26.719477438500466,-10.003975009990674,6.591752315792204
field_control,187.32468127376666,25.60623187725938,113.20827155215058,-17.0094226447488,-13.661567105971956,6.451011863921456
projection_control,203.0014515799448,46.49222393743469,420.18258258616527,85.4351957858677,33.858270368076944,3.710663795514096
signal,106.5355305971818,-88.67005127271476,29.194417786462186,-2.135548291075123,-7.187675992228756,9.767347577537437
field_control,335.06128603634295,-51.36499725234981,29.194417786462186,6.738445016290238,1.5868058677841579,10.036880555455287
projection_control,5.439846317211013,19.578606757072468,820.4709613667766,-164.42879349317354,-59.082605814029804,2.360001874995477
signal,238.97681094698103,1.2754107435951796,743.2659279107295,170.5380893827083,-48.47213758611548,2.8164090092458425
field_control,335.67400187237354,-27.326583002127308,743.2659279107295,-34.192192865491506,211.57742861991596,2.883830347659973
projection_control,24.645138960088104,58.64964725726707,69.40046250458029,-16.29474787636562,7.522648390482264,7.6701793529011
signal,347.5089805069439,-64.99842684054332,461.9642670782376,-81.5334771768018,69.90449325789213,4.096311371156855
field_control,348.95884512659774,-65.05705760996132,461.9642670782376,-173.2981100777663,-38.03960805381803,3.9516170165648283
projection_control,21.083509902432187,35.89387423664747,2284.726036953551,391.2968161993844,436.9571386865306,0.1496302521414583
signal,18.150038496795307,-26.593707472345216,225.0682446213234,-57.573061870491024,-4.716784804394452,5.5957807947344
field_control,45.13639827894755,-7.776229359563306,225.0682446213234,-10.168441850745024,21.713634283954626,5.61764393240452
projection_control,357.1065890059116,0.07153587002497035,301.8016759859777,13.689124519831815,50.71022317999471,4.763397104514567
signal,320.5383555078958,24.453397618009312,261.37348792959074,-17.466030438529994,-36.31605363192723,4.751250431056644
field_control,57.80081187474128,40.91142129678119,261.37348792959074,96.51883714140098,1.2874675726907916,5.038994863204383
projection_control,243.1641763211132,45.48561459410484,9.887372501572848,1.442041259715981,-1.289314091554261,12.578955617304786
signal,207.67723247203503,-61.00012404608291,787.7434847850071,195.79059982478208,-36.97604553158243,2.4874740163230085
field_control,243.62521152475915,-71.92895679011136,787.743484785007,69.43313056261054,-132.8531829605595,2.962373621596435
projection_control,214.30917573389607,-34.95810171039539,1833.1169285294006,257.09000560607524,-267.72255240998817,0.42341889628111584
signal,203.01104403202456,42.74034426921362,190.6139851479979,49.284517750460076,-2.0889827596657193,5.8005315354677505
field_control,194.91641157954413,20.526896904230043,190.6139851479979,39.28419625099301,3.703985389599728,5.712518065528411
projection_control,29.02154586105663,35.81643020718367,1500.6440383282838,370.30091794570455,78.70240267429477,0.8164530675869746
signal,180.10027267479367,-82.9130919769932,653.393243450937,146.66137523530966,-93.22565933409987,3.244526137167693
field_control,6.647725761564947,59.8817631129542,653.393243450937,14.628778111115572,188.32613607850732,2.8584092273426185
projection_control,45.36073003103794,40.10619421306996,856.7837480233982,-38.45848318694611,-96.07785914884259,2.8207573776090027
signal,24.981870925506023,-30.421159709522968,654.3532779070454,-160.57954950983907,-7.198090014056174,3.202629429100954
field_control,22.31101295622697,-31.745307404087235,654.3532779070454,90.4008452201316,-57.99300564479646,2.918957415344507
projection_control,72.55021608227263,-60.22478022614803,1733.966440543852,-391.35593868002707,-138.6435442826276,1.11138550742506
signal,32.35566662501784,28.80355940743086,358.35354690572586,-92.95151732025845,-13.917898725122178,4.209278113253242
field_control,319.70893761316984,22.784717331646657,358.3535469057259,-59.95486513301702,40.7112728893297,4.221288332661811
projection_control,150.53212373860788,-43.765616222501635,333.03146079042006,62.1012240535299,-24.670773124764867,4.655125862168374
signal,216.328322037271,-21.559035494250764,322.8225456390506,79.70422045929406,-15.162659131494745,4.078973915026397
field_control,312.793486394179,71.84256121605361,322.8225456390506,69.01288349086835,60.00877675876046,4.299363314127789
projection_control,203.70620171276877,7.994587812702963,338.6815239082962,61.67403112534051,-40.232324184158124,4.360361501790394
signal,122.74508571680097,-52.77018773352523,330.798710547274,-4.497532220792466,-79.62392692437031,4.10250004710248
field_control,128.61753191857625,67.60151663186154,330.798710547274,-35.22495508198855,10.969520055423493,4.891747614487224
projection_control,211.2971423612065,-60.49268387327884,891.4487477012948,-188.65950620818276,-103.04121199905272,2.2397737931395216
signal,330.216503967965,-16.232284691288285,990.6111977355579,-117.41282247413372,17.10009842834617,2.1022738898932536
field_control,320.77822209499243,-32.0150236099218,990.6111977355579,-10.689094760242094,-126.93699247580567,2.1093724452485296
projection_control,22.461864695379802,-1.4243830074155648,244.07249951135648,26.615679060998577,31.746070716405615,5.275285600217231
signal,146.37259344941,-27.3363630389979,150.8797680696448,14.504177836295199,-22.677616614153248,6.209512634816726
field_control,213.72302678324465,-53.06692228098505,150.8797680696448,-23.700638526236816,7.802579047817755,6.135266503739295
projection_control,294.7464826142583,1.4517698064910367,333.17441111796467,-18.99976954641992,4.901856766126062,4.34150136364091
signal,51.58132513295079,43.2689460764903,595.8568054871932,-149.8711336412066,14.74772914789995,2.7946866682839318
field_control,290.12603292680467,-44.7032422377118,595.8568054871932,68.73002534213926,-161.8120600227532,3.240772756792177
projection_control,93.44752173901772,31.482833096691326,150.87210991082,-2.638415500707456,-16.770376185244544,6.15209753018815
signal,257.29878006073295,-21.91953858854747,852.4216550148177,148.41781069838189,7.971913633199722,2.360098513027913
field_control,153.87518561767715,23.832945420413807,852.4216550148176,45.920962146547765,3.5861502786156243,3.240683984782276
projection_control,139.9414852355568,-24.166963730036016,189.30263097308406,23.99958396292026,-7.509428337747489,5.694932558234904
signal,105.60723171876354,35.30051383345363,143.00474318704985,-11.746053433436597,15.176804001440447,6.412615095087907
field_control,40.82339784416715,26.84110304383385,143.00474318704983,14.784856288982235,25.20765327202584,5.883730531416474
projection_control,214.4447366981506,-38.30041386302834,255.2798540761609,-37.55621002347513,43.236102950284426,5.108899207680459
signal,189.1693106481215,51.60468910374061,87.61168460995569,21.143463486832783,4.003209588774998,6.941821847294472
field_control,156.14174255256586,20.393952918884292,87.61168460995569,5.104522124951137,-12.107607602097959,7.033678291031733
projection_control,83.52654491117187,-12.529872752335702,275.11740180126293,10.92911942384404,-49.37256582641577,4.779708371342724
signal,251.21980278186123,-7.606287372540209,161.2120880594272,33.54589982969144,-5.283681911345246,6.2945111450110725
field_control,164.62792727888322,-19.13792016930251,161.21208805942717,18.44749404824324,-34.325087890532316,5.548840679235649
projection_control,146.4497283426205,4.439339827939835,298.2692114991526,-11.241804964716817,-25.252675724248828,5.009363024300668
signal,324.09508003274533,55.0734123363295,194.47715031655372,-18.459534510879067,-43.47151214313335,5.442397744716762
field_control,198.33990978261707,-41.33390535390151,194.47715031655372,38.43662792322085,-48.11522425282737,5.485877317754063
projection_control,54.51563317318678,37.87428452614765,212.30848369401633,44.76070341651513,23.98579529367829,4.931507812640025
signal,285.1888301286034,-14.20333963163255,285.28861360295684,24.482702076042095,3.6522127240357496,5.100861741244471
field_control,38.00977664559408,9.295260264300426,285.28861360295684,2.699691234192161,21.189132622335023,4.797233340469684
projection_control,201.84418617802197,-2.7491747206698953,257.60545412609093,-30.509678252599173,-11.633228776095171,4.797349248304045
signal,243.48998443418068,68.1492978838102,349.33111806390747,81.5183009588543,-52.1633332188384,4.123777896889475
field_control,356.90467069786007,-1.8704153593139359,349.33111806390747,-107.29903964959475,-44.970096235245784,4.144216875119922
projection_control,99.88728470098346,45.78132649396368,194.25871416862796,10.067708818365322,22.679716906676564,5.9966125561748145
signal,244.66794566225167,-55.22729039135387,1011.6416097114713,223.07339174392146,68.7522565232767,1.6668789353610622
field_control,87.88925549048629,27.236748841948735,1011.6416097114713,142.9323509286333,81.80775083004089,1.8129485407807848
projection_control,203.66818222078413,18.343124410316914,1543.8908799156159,-160.29839017432104,-361.354880221913,0.7796364704832941
signal,340.53287185155114,21.964900770750987,451.80548106987476,-66.53189594995422,-57.07952211894643,3.5878014267884173
field_control,71.47886527335345,-6.735140421812621,451.80548106987476,-32.599323563150456,45.04885477524898,3.7679639837293726
projection_control,58.60475611424257,-23.923991948983424,690.6995493081382,-29.193241326215528,-24.17697542351598,2.5831528087842073
signal,106.49667509875297,-0.7088768328633683,482.42678947944853,-36.73930264421056,-22.459842438260456,3.5542984807656746
field_control,189.64905078813715,-18.827535927741483,482.42678947944853,-89.03764082929938,48.624913841092365,3.4322105702399615
projection_control,340.82414241242236,-72.31156458514577,217.3922548688126,44.537065923164555,-7.61500980263708,5.259131488732805
signal,0.40035391062746667,-12.985378193970462,603.3987796348312,-130.6074089377378,-12.718487595384701,2.9804338905403194
field_control,193.3949445821599,-24.396125460016066,603.3987796348312,-19.799409793773098,92.55823096671028,3.1900306107266148
projection_control,304.87940079442296,59.1436741589369,569.4412375334348,22.60319026947018,-9.716817691994752,2.7960850771095975
signal,97.90364138335153,15.392134050856741,245.4119411696799,-29.49848837871058,4.345842314826611,4.9857211202461515
field_control,158.33546561996795,-35.24397835936508,245.41194116967995,54.98794260557385,-6.383402808896789,5.384791850740867
projection_control,213.7610274996428,24.041583525045287,201.56650984964546,50.62786931854062,2.984990152207984,5.720685708391904
signal,78.44089666562783,24.061324026910743,386.066913706675,-67.33747752587446,13.58148629437365,4.166876626012432
field_control,277.8811726770916,-27.93744230456897,386.06691370667494,14.033817252193193,-96.01385949546845,4.269796222049818
projection_control,322.44837993598196,-2.65449258121082,338.4258241241809,19.42567414327124,10.68403295261447,4.570131336210804
signal,238.26045064103937,-82.42513346560254,1041.5894332442858,236.56819178805247,108.91910351974448,1.8601633620638451
field_control,185.99558426229694,-54.129077825506215,1041.5894332442858,30.42834195261253,153.76289314882058,2.1758211771523257
projection_control,238.200213466508,-12.008632094274743,1362.745495122559,35.02814941182854,-289.95124851853046,1.4963680137527748
signal,228.13617591559046,-41.76629528223675,660.0156403502567,168.53562222878267,8.295386319479777,2.8823951462464943
field_control,219.49036385219426,-17.83554816578049,660.0156403502567,116.14851532802955,36.48650478728703,3.2280043878841123
projection_control,97.90364138335153,15.392134050856741,245.4119411696799,-9.75440275568283,-22.793334121336272,4.9857211202461515
signal,213.64609777370057,25.219809458812108,268.82618620945635,67.41520745194795,-12.722533371476722,4.339874226106415
field_control,260.5486987468028,-67.95057685344524,268.82618620945635,-64.81050437809171,2.1420856234470635,4.937490593902805
projection_control,249.24755021558906,-48.951908070050784,208.44199456256734,10.21834051999342,-30.82445463919973,5.478303431854867
signal,5.847639555403333,19.437039976605192,1068.534456505932,-232.68001702891672,-84.36373531600977,1.9735667487691648
field_control,9.00903656299198,-38.84180713120594,1068.534456505932,-65.9788234692483,-232.82937222506175,1.808465036153093
projection_control,47.15054747790267,-58.920116645318004,310.30480321798444,-7.54360640282297,71.13513550119488,4.357757172301183
signal,262.36009960223305,68.76377988505463,168.3593962521624,26.796062954966942,-33.44359402864451,5.8420522123411
field_control,205.4319057162161,29.573580867428436,168.35939625216244,36.06797454417115,-7.4026801843640895,5.637137280383641
projection_control,157.74430076940402,73.37741287715389,790.2351880835351,111.07027198916046,-154.25115401368186,2.5551608619431176
signal,116.47094849477695,31.47158059211389,386.57386597343503,-12.832902632063563,33.2917814717778,4.546925441429317
field_control,318.3100096422129,-20.42995496472082,386.5738659734349,-59.032239888885165,38.14263055844819,3.9464840981937392
projection_control,227.6215753095503,4.492152549121991,1297.95992447025,-220.65174465072897,83.50495547998928,1.7751386818457178
signal,239.4201560423872,64.36195464644895,396.82089253703333,89.8941024102956,-45.193151203062015,3.7251578018349436
field_control,6.259947453156208,19.662198138540766,396.82089253703333,-41.913012485595566,2.88392054260553,3.849921692208063
projection_control,143.82676245129653,-29.42059224581841,262.58229149561595,-2.3500804434008096,31.349803985234345,4.757669933154602
signal,200.36823426077518,23.896203308803845,323.1508742731455,83.13318614045009,-7.663456265288138,3.910484725307714
field_control,145.865557368346,25.706948016630943,323.1508742731455,-69.04740557835686,53.449406676222885,4.672475021843842
projection_control,315.4749959312321,-46.85852008488962,136.99311292366718,6.6601896220748955,0.44456308039711157,6.5194585711802695
signal,123.38313315404659,-23.82193716999321,185.15398859569885,-0.8120061119647524,-25.981303192590005,5.847755187789795
field_control,333.44188207409877,9.344526156132899,185.15398859569885,11.223686143310147,15.501873494710997,5.766369405989041
projection_control,210.80294236558865,-49.427673778175745,268.8047735264286,45.89631410243752,-48.04276747042162,5.683327197692172
signal,48.44745615747878,-52.117358612568566,505.46025160023913,-124.449571869529,-38.09631115372656,3.58552305946323
field_control,127.1355848217136,66.5482411388622,505.46025160023913,14.186898672355381,-51.97174819157472,3.6905923127836204
projection_control,221.86817493326063,-15.336133741273445,291.07575118855533,-69.87120622589968,-15.776638654538365,4.6534578790875685
signal,33.99080315777314,34.30843963970645,271.89451402754645,-73.84940546938181,-7.627776019677258,4.525467868915297
field_control,165.14237671208673,-73.16055076767108,271.89451402754645,50.765467328975646,46.370739034247315,4.4798967182445955
projection_control,215.65605137413735,34.12851470780843,182.629579000103,26.194213277268624,-4.0843181623887,5.425486500715395
signal,299.3465999204005,16.75611367474281,339.8266793920999,6.003959886820331,-37.126300810555435,3.8847879544015016
field_control,353.3549014959526,28.509554384052173,339.8266793920999,-72.7525420950647,16.307058301297978,4.773237486175053
projection_control,335.7197562309523,-5.021352045670467,123.62103197458916,-2.1114035264913045,-9.357841267239264,6.5190523141064975
signal,330.62311514936084,-64.63912370369249,594.0420644016665,-73.19402391133929,116.87686406696326,3.59213302585893
field_control,71.75658922220657,66.57385252252416,594.0420644016665,42.635420422119616,72.21809300862454,3.0028198952016143
projection_control,244.2599885853496,-51.128810452682025,1244.4065912035614,253.38804529429063,140.16735351809226,1.412535792034678
signal,233.92369683514778,-16.254180877461252,150.07560221583992,37.49908840608736,-4.657509591890224,6.542682643449559
field_control,23.49186808500214,46.43088222114761,150.07560221583992,14.672537480539345,-23.18043903623516,5.788444533645126
projection_control,310.67885928919395,65.9554944865057,328.57369614329366,-67.99032902792068,-42.07176746030892,4.2863128615672705
signal,37.23628134977402,66.00763237688972,201.7999828561691,-52.08949349825438,-0.601340581658566,4.729157347360201
field_control,309.3921327100695,-41.62210108268367,201.7999828561691,35.739658618896655,-30.884890211219382,5.343629045525496
projection_control,215.74876181019755,-13.434528793512262,328.7525056437349,55.815150093661245,6.028806783573132,4.485173924806727
signal,144.72979807976665,0.04596791725999338,283.393248082388,27.22002570373065,-11.66574093937045,4.600585596942703
field_control,312.64752283645265,-20.264799936295795,283.39324808238797,-5.062507271404042,-4.084812262397282,5.483182303495907
projection_control,6.892152478861204,-72.10411431906267,2116.398848810819,-315.16251379047605,-119.7282454757688,0.22352305157814115
signal,262.4181120378566,-7.732121080438189,168.76391856350847,27.44723867529121,-2.382172920419557,6.362859612444165
field_control,169.94802048480474,-40.92695386921585,168.76391856350847,25.154312365223348,-8.367286677938372,5.747286936061525
projection_control,18.414074023343147,51.73145020561248,166.29549382786905,-18.30053073359687,25.12151943601257,6.15623709580915
signal,280.7355182436245,-4.853069115499857,157.77254755631463,13.953192953747628,-5.468986532901617,5.8670240419118205
field_control,185.11458281182303,11.69002000916461,157.77254755631466,25.898196621601496,45.075158346542814,5.912313867803902
projection_control,100.9205109185085,-2.19036137465806,346.43479912454495,-20.005680723751187,-25.228674057816665,3.924172976053039
signal,42.558704024791886,-35.60786308718185,254.18057796753982,-62.15097018860846,-14.463730062354326,4.827104515377369
field_control,300.89029306242094,25.11117035881555,254.18057796753982,-53.11816067802526,-57.880103839233435,4.916656781396462
projection_control,205.8285539317495,-13.863450362992458,782.7040395086849,-143.03502614721893,-38.23707198008843,2.5557264646221696
signal,0.011058784337669714,-15.223541440204647,177.43374350200514,-35.49924308206109,-0.08959255333082373,5.669991124707283
field_control,265.8814193216862,-21.460054041337745,177.43374350200517,-20.76734931663273,-31.72351672542944,5.710232807966657
projection_control,118.14461380714033,-22.41141492547465,460.34211340778336,-4.387908669182005,61.42318411045771,3.584682177668977
signal,256.3693365170178,-15.092224750103481,260.5273831182749,50.651087472820436,-1.0181251128593802,4.584464021857646
field_control,95.45364079812383,4.531843714488796,260.5273831182749,-19.90689418946619,57.66495563169297,4.686290294247717
projection_control,243.8615267599942,17.83793182069696,111.84772751764488,5.1352952078288014,8.362410867131407,6.819006007626385
signal,128.37462335503403,-63.5456985154641,270.6504914137457,3.970920026200955,-65.61394879731814,4.326523176901112
field_control,6.081607825746645,22.447773832392702,270.6504914137457,16.78352756026181,54.05304976543352,4.880919825131365
projection_control,106.78049357655352,4.484483028854751,433.8493382980722,-23.662625686491836,16.14388786848103,3.6988159743386633
signal,91.6132793825737,32.35308467632971,307.15754874221494,-44.86723856837241,26.82817291675413,4.878958227910053
field_control,172.69205851207647,-9.051394798632163,307.15754874221494,53.94728337511106,-25.42197170422644,4.885872507149128
projection_control,237.42215339447773,65.76055044794622,355.30794945354387,89.97832734389317,-7.459112873432944,4.179993902218317
signal,4.643089124229158,-9.612923197531709,228.30747885668555,-50.89860762558469,-6.1295480846891985,4.654518236793887
field_control,309.2084373944309,45.07494200334791,228.30747885668555,-36.635326265550034,5.263153216016179,5.301686103311802
projection_control,335.77578292779407,19.25805991696164,882.2458148656738,-137.5567084583661,58.81055181975138,2.2882211698003387
signal,194.50778643413986,40.11769045356494,776.6734935690827,189.72781703957935,14.168187385884146,2.6229890169354975
field_control,322.50048360845835,32.89491083900211,776.6734935690828,116.98238848811917,-17.698333035348522,2.2154579916328747
projection_control,260.4397184477683,51.64392100484958,157.92109126507248,-0.28970235152792645,-38.014763394343895,6.027535912623613
signal,306.41426475335345,44.48287106365136,148.5271868294084,-2.2564016462908403,-32.712508425332864,6.406944070829648
field_control,344.2414309474154,-60.536464696990734,148.5271868294084,-0.4849335782054894,20.026931236840444,6.037666451522241
projection_control,242.01024742591008,15.588552444546345,154.75023640006265,33.38459445139718,12.4889417149155,5.8090393889064345
signal,344.7473926581316,-35.170526351095674,154.70964740065205,-25.18403114028383,10.996196138120817,5.617045128703184
field_control,316.6427655406012,14.019410645583942,154.70964740065205,-7.104358652087594,28.807306374143042,5.886954798343043
projection_control,226.23352438125136,-14.372408778577546,494.4482001040763,-83.92674114167153,79.94561114264748,2.9263310020968265
signal,203.66818222078413,18.343124410316914,1543.8908799156159,391.1287605529172,-59.633352109828515,0.7796364704832941
field_control,208.8156799073154,-31.961473044049956,1543.8908799156159,-176.1886592743547,-252.44812652468465,1.0727988317322559
projection_control,221.02931027708374,23.860896753067134,118.86686572623532,-25.185807779277606,-13.912659066249981,7.0062658065846275
signal,185.2060779863619,-3.177900411074524,184.44858931196907,42.23583998698713,-10.330939707436217,6.034577066357752
field_control,160.05801572499632,6.605732008530011,184.44858931196907,11.189828506725693,-31.153845387469,6.06975881130897
projection_control,141.08780265980727,50.07895796993229,45.57069376791162,0.04739570369343203,-6.30424938143708,8.470148922184787
signal,30.620298776126795,49.49184102404821,854.3295226565544,-226.64350511763442,-32.25956171490376,2.5017404444236373
field_control,278.94594475227564,66.03262137961057,854.3295226565543,209.10483510072692,-217.70732433361624,2.297208089549261
projection_control,143.7597288717201,25.394494334874047,423.92857466917616,-44.416027792842705,-8.006204398274715,3.500705946651202
signal,197.59420855533588,-34.64699060118787,517.8534437900374,130.78976994841247,-36.78332687805696,3.243779944412125
field_control,266.3357883716147,49.299092631722836,517.8534437900374,75.35022756620779,15.391336308150926,3.4025191958146737
projection_control,316.55887764425063,35.307912011275654,283.11471038318604,-44.36466812998373,-4.276830504288653,4.778235228049704
signal,136.79246842754208,20.831839904636976,233.69581214689234,15.613413190234882,12.083113466806529,5.517420051708573
field_control,193.73163482932355,-11.009233894928848,233.69581214689234,-8.026693901269278,-37.19608017725671,5.690038796346051
projection_control,191.3659749672232,30.156000838096787,2061.5591158463067,29.14676206162042,-332.71504400252775,0.14827166683910192
signal,218.5687011180877,12.445111894126946,771.7385018370423,205.26037979128802,-40.95974998404352,2.9246098788793233
field_control,31.437854121048876,-24.6435821039555,771.7385018370423,75.49257832411669,-193.12889618243997,2.825510959344531
projection_control,280.7355182436245,-4.853069115499857,157.77254755631463,-4.289248071789569,10.211910068946581,5.8670240419118205
signal,139.9414852355568,-24.166963730036016,189.30263097308406,13.789189239913606,-26.739549250894733,5.694932558234904
field_control,333.38928484329074,-32.085792962259966,189.30263097308406,2.530812495319248,-0.6248593404846688,5.7864411349621525
projection_control,83.99981615375759,51.015680324215715,1000.1477846160888,173.4251573107429,110.994423629738,2.0818524395482267
signal,86.50768444213203,-46.61864253856739,180.5047408344063,-28.91499727112961,-33.14472076306803,5.447508867432731
field_control,164.01691350059838,3.7285607037596855,180.50474083440628,29.750752165504757,-37.23143855660446,6.304996420385363
projection_control,241.5935365509514,-69.73296998418232,221.91260425577133,-30.8902292031925,44.15817647304806,5.1517827493645285
signal,34.18749908221553,17.654685670249535,378.08381317798785,-94.05145370489252,-20.69234731334511,3.9880249669429397
field_control,130.80016148985516,-50.48905786688437,378.08381317798785,6.500554370449751,102.14467129391568,4.259002954422682
projection_control,60.553316075946555,-22.79113838493985,249.74932969713603,32.2135631510555,50.059784644864784,4.711176995634254
signal,113.37064005200246,28.502357270474704,2648.240109387538,-147.99350731691501,199.2804910816028,-0.02887077161580999
field_control,226.6442622607578,5.655680081176546,2648.240109387538,357.4808397216684,-161.84220765860323,-0.7107449373956837
projection_control,249.1381990943081,27.255685026964198,265.16324665157157,61.52939070248713,-13.370683157092579,4.761322330461343
signal,34.792140343590816,-21.638258249447908,569.6763908905904,-147.33134257712626,-20.11503911953771,3.1652804444796403
field_control,242.58166602011167,-85.81429679278486,569.6763908905904,63.43494116329306,-75.78431494924739,3.4716586205879953
projection_control,318.9909991728659,-74.10554347924702,729.7465849780712,-138.34327739896787,-73.26184676648046,3.131641801235792
signal,63.68290229663421,16.837913581725566,308.1757241033613,-68.56579298719687,-2.153149977495593,4.837695028008639
field_control,75.8476501309085,-20.628103288719956,308.1757241033613,-54.687358485108895,-27.742110271875738,4.078405337402589
projection_control,326.8218649980723,46.281165129497005,283.250583383875,-47.470398962876025,16.55309658790934,5.1448546987240285
signal,355.4410170886365,-12.107009650105478,56.441426850617965,-10.621650544149995,-0.7702978456062405,7.7830778546026815
field_control,301.2979841315842,-34.06488350138779,56.441426850617965,-5.069713099805905,-11.647329983762317,8.377611689210218
projection_control,243.29625303746647,6.73542602255186,727.0805215264375,84.25409137235508,-51.95785224002464,2.9398645246158535
signal,159.8772804863827,25.240183084871376,299.21900572038606,44.31266322948288,16.490657797713197,4.1717750638784645
field_control,104.37735371845604,70.46503010578992,299.2190057203861,32.87898251029539,68.06228411435907,4.105931050359564
projection_control,210.40160751267334,2.402311095779959,385.11411369616985,85.05290873592557,-61.49996968083803,4.104362659846749
signal,191.47383594180593,-36.98238412475257,603.33375103865,141.87227385916754,-54.748636239499724,3.1514732293237664
field_control,67.20621332915402,27.031779907443926,603.33375103865,8.548624563621395,-27.444978786005482,2.9571552727590604
projection_control,90.31647596065208,9.00941710290975,847.3616208975002,-61.4811877952175,35.99724479553846,2.39865551854174
signal,314.5026703453975,51.299963155625555,297.9075430099869,-16.127442656548272,-71.00710248310213,4.48212917747084
field_control,146.30394702761907,-17.499245417561834,297.9075430099869,61.40584225820261,38.551380271705895,4.52045714272995
projection_control,110.79752590553367,52.85607080061526,92.41253065399852,10.199082305235246,-10.234085039772843,6.871042820331862
signal,358.4048041766476,-25.162108445629297,356.3835738309557,-73.62050996412806,2.905539818632517,4.052297022366029
field_control,263.00162912308747,-54.51917619724138,356.3835738309557,-11.16887681721614,46.92772094392836,4.0093758746058255
projection_control,20.51234171905258,37.7927622581834,832.8304909985768,139.395056184975,59.311398988429886,2.393617712237961
signal,209.77720176408533,-15.332968698313874,212.3118067194971,54.413045861496684,-10.862246339714384,4.834712253866324
field_control,347.5649442383292,1.9255687948189915,212.3118067194971,50.75971898979274,19.450002062921943,5.260473670461283
projection_control,257.77799036717204,37.57602290324295,321.15982932259254,35.352226735351266,-30.88440702032834,4.640066853211836
signal,292.4905755759018,-62.106179920537826,927.0131128325521,44.68624822212755,189.45216401150256,2.170434366478879
field_control,291.3412551737159,-34.96697859243311,927.0131128325521,-76.35546591474063,4.989810502682988,2.47433912914759
projection_control,29.61803673974228,17.574578103071307,226.8883283115922,-14.26203128781872,35.63945428671819,5.083229721579944
signal,117.69876876120308,-50.984489978086515,223.4291715868826,-4.5215938038082095,-48.38849670452002,5.238474091201367
field_control,338.525415961269,4.178220678321383,223.4291715868826,-14.685158027968207,18.38016898528231,5.040114749953731
projection_control,209.42519307162718,-7.7220757337454895,934.7506095395855,-208.9419998206152,-90.60794091777058,2.4688801519462933
signal,110.0678246810248,1.8179451778749594,355.5475867017052,-21.0349987809423,-13.394437216571704,4.441555018639396
field_control,50.618089467549645,42.12302280625762,355.5475867017052,90.37835494943324,50.458743785822996,4.409053587907036
projection_control,6.895974798451045,19.26694290727384,717.2052254123223,-11.85263272939115,95.32287872053843,3.1778102968798576
signal,144.97333955804166,-27.698226952837146,79.77905631770011,7.850396055247278,-12.212284736593976,7.51122736560488
field_control,25.62364759092364,13.390411433283226,79.7790563177001,3.0997306142378256,15.146513567683511,7.200860633786399
projection_control,137.80755519709962,-4.526547799202139,327.2563166431182,29.381069136311396,-2.8146669394454413,4.413284549549437
signal,242.10261456251365,42.141236250723686,511.20012921170047,121.02652550120428,-64.6282105324354,3.4172640019114864
field_control,200.7737142864016,15.520125398694987,511.2001292117004,24.70218138119804,36.21103475980375,3.4001953524659965
projection_control,194.89479152667775,-27.958657211157426,422.2930539991673,72.4136168470301,35.069738518535516,3.796464739545793
signal,245.58900813183556,-76.07539350723088,298.7351922365253,65.7807752582355,36.103192972468555,4.976668254550668
field_control,104.50709389585236,4.707017699946757,298.73519223652534,-37.19299415404967,-87.5718220987434,4.720719843411801
projection_control,174.23617254470898,-24.14896659199321,451.39579197596396,-98.0539962475603,33.94675983492785,4.215141689586401
signal,113.4861964738023,-13.993505029214207,109.5978588374242,-5.963410246999504,-12.896968824353564,6.407249460859401
field_control,298.09979026893825,58.70798951015625,109.5978588374242,-15.488379568536415,13.194894784899263,6.502031126908398
projection_control,209.14213675974457,9.205014155781427,815.016873761293,-158.62651854167737,-150.82448304441593,3.0179734389043444
signal,47.955572689186326,-18.98429103833302,944.1288057476546,-233.48769260083995,-46.70011987490574,2.285760523987019
field_control,241.9156337048374,59.74657267355968,944.1288057476546,-274.36314034466153,66.04747075679424,1.7313276284595391
projection_control,20.370836212817622,-1.6191926582290308,414.65841707173036,-78.04926430696015,-69.34511603952497,3.886738249153172
signal,227.66265232758306,-74.0172707770442,105.07891942678452,26.135374011141053,4.944497282537629,6.391077860091999
field_control,349.462139034886,1.45812883681534,105.07891942678452,0.8610771606295898,11.017759488930633,7.0399854547042695
projection_control,345.9312528943769,-28.777301940355578,1082.1101486224416,-12.646175640486987,-178.7424631270493,2.131756443440183
signal,46.19731038795523,-48.699919134696216,266.1217224880503,-65.73506520502285,-21.283217917841718,4.6230898071050035
field_control,91.7252480632695,-22.86001735317334,266.12172248805035,-101.99585797279616,29.636144282212204,5.211522490907437
projection_control,144.67939196066283,43.146578629793495,367.5328246551318,-8.911750675531291,-54.95909840160711,3.7407049024724435
signal,208.2573029625588,-9.945692218027077,1119.379494164036,285.8138805774263,-53.2204427884276,1.391316126048819
field_control,174.88228116788366,-4.636045133085908,1119.379494164036,73.17632649854379,137.0156500880612,1.731393759989601
projection_control,348.3941274970423,-29.139646108117276,1204.3179382609126,34.015722439797614,-122.39643453416093,1.648478386534473
signal,249.6319661002712,-0.8176861486012466,553.7774417003674,117.15898448411811,-22.265253853417725,3.5179064574031607
field_control,180.44657187312714,-38.82061494862024,553.7774417003674,-159.1651567384463,-14.922844223580148,3.146129824800574
projection_control,239.9479116094926,9.217208931663786,846.4264158544288,15.98831775331652,161.42132971453324,2.477316723185823
signal,252.22013870200257,-11.035694888117689,254.29175915836356,52.37339982254764,-4.0500579880378105,4.953715498882395
field_control,86.10364614865543,15.824318878415005,254.29175915836356,-30.906022333177532,-45.21652726150206,5.020041185267529
projection_control,52.31760927138148,10.501461513446637,494.68732483793013,-85.84072460434457,90.8300920239981,3.7871724637623383
signal,271.24995983745487,3.5474628744903556,1122.6036831937329,154.63308880943134,-72.51552214186596,1.7448167127245504
field_control,212.43362381568275,0.010580901300146732,1122.6036831937329,-42.49007577839218,-119.56908586991878,1.7655116617320576
projection_control,140.1857780323951,1.4006684673995717,186.44331121992383,-4.114741338153278,3.7662505119778125,5.050282082213178
signal,314.2293917636392,10.968153387199106,329.49871941441825,-13.237204222064308,-29.589578253288554,4.078711448368389
field_control,159.58295498852624,-52.50430181515241,329.49871941441825,-32.60960818389231,-57.24869557868675,4.483602106900599
projection_control,182.54147282593857,43.870335695469436,766.8376896637807,40.07956314568518,-11.415241156036936,1.867026137797857
signal,179.98523710732385,-78.56560922854422,507.3115163661547,110.38229769102276,-80.90708310863931,3.383718344960303
field_control,160.8197601563545,-37.207576439136034,507.3115163661547,-33.956141610905284,110.31732770513592,2.7151528636460553
projection_control,124.23014838476415,-51.07974107262378,898.9788467565841,-175.63469007089716,112.529338921007,2.2014583347958707
signal,262.8897082306456,-4.117935951578194,305.76682195911667,50.474611432940094,-12.023946139269015,4.3440086122227735
field_control,130.5851932700941,-2.3346518953692184,305.7668219591167,-46.4751392175201,-17.320494092401102,4.252316915865717
projection_control,340.10505316190864,5.358939307453196,895.4714266076662,17.32235389228579,96.9815848353361,2.415247736670635
signal,222.90218473170123,67.9716647200485,1305.6121574537801,327.63728233000654,-63.92536887483071,1.5359655772384164
field_control,6.094566873192622,50.821171771230645,1305.6121574537801,10.08183414164325,-136.67698383209222,1.1673600411510954
projection_control,301.36306601903476,36.04317115639826,1194.5699641299034,-21.00638451860284,-23.040430124488847,1.6596998109080798
signal,67.19037832716572,2.1814656597965256,154.91721086280535,-31.74272873813375,-6.188293334314386,5.752174312775974
field_control,187.954285289324,7.630350887355059,154.91721086280535,15.33766200046155,-31.660400915912266,6.094761941928927
projection_control,5.177320585950608,-10.064477655341522,228.50795032454116,-22.863271876610625,11.242150796481438,5.666758821776982
signal,9.24827215298694,20.798625417858567,67.21963070123307,-16.421915815085253,-4.993141476231341,8.261457698740795
field_control,120.68922085211919,21.28885540254785,67.21963070123307,-5.130486131053709,-9.80725652405126,7.9182827542659515
projection_control,263.88003860014436,17.724988579255378,461.08328695004855,-0.013827349687424438,27.486950094434633,3.2712435963088224
signal,102.43489884369616,-22.102969612627167,72.97520887521324,-6.94460778313935,-8.909067827624352,7.181449131449532
field_control,0.475152834358683,-18.780464040038186,72.97520887521324,3.9427862992399816,2.067210109658827,7.874977412941971
projection_control,194.72580138170906,32.589051100610405,123.6065748620902,-5.2519093672306,-23.5899954315419,6.804511265471512
signal,159.49213428154297,33.228731393893646,230.1025779291719,34.75082677991368,18.23060877172218,4.948436628928887
field_control,110.85973475829552,8.211221809391342,230.1025779291719,68.75278328947395,-19.899013871032423,5.267667103428986
projection_control,144.98621450885906,-37.55471677245716,463.97637096808376,18.822514329799823,49.2734947508218,3.96129860477328
signal,222.15813999431626,33.082287664268854,850.7415173185304,216.29943238463932,-51.13701715091719,2.854172015635285
field_control,100.30619991231251,-6.041014596116344,850.7415173185307,-0.6793516280252484,75.49893152745797,1.9607913415292555
projection_control,77.87979994709774,-14.865560047607257,1517.393221874666,-51.207120013730396,-56.88615081234658,1.548793521921049
signal,305.9853589811539,2.4410857383063256,225.05372742359546,-0.13593671219733067,-11.664448490428198,5.108027324206829
field_control,141.64133516050887,18.557719089052217,225.05372742359546,14.10297065806002,13.978652856235113,5.672670333870958
projection_control,265.66234106313317,-79.19577476871113,534.2015043263926,-82.39350275618389,38.436381843211834,3.3292608811145046
signal,70.64845801421963,72.18093981694403,1645.1983340399017,-331.3843983516827,213.30148511680375,0.5244450953674239
field_control,47.46671627162291,-64.00716617837317,1645.1983340399017,333.7190811357039,47.028936829876336,1.3004841857154572
projection_control,331.67070439667117,-1.9520010879420582,301.7700882418379,-12.422424351192511,26.761603255006357,4.814598875134138
signal,45.197924363451754,-48.495144997523994,1709.4647581700096,-428.1591620634928,-124.67298711182316,0.9014207090826178
field_control,182.76617686863037,-0.7677616425484182,1709.4647581700096,-302.99242834051756,-263.4679181260326,0.4582400533132395
projection_control,84.14668513322793,-14.863754568339674,203.37382900121366,36.541740874302235,-12.901638730844459,5.660566512129048
signal,346.8527810907579,-75.03964256264898,529.5146474406827,-100.70082137788197,92.17821150234562,3.237992436990843
field_control,249.27852690652676,-24.080185349469904,529.5146474406827,8.553291651638784,65.48926864183115,3.4804216979674605
projection_control,146.37259344941,-27.3363630389979,150.8797680696448,-5.998790633045351,11.882438430661232,6.209512634816726
signal,38.896041375506556,32.705181762953366,391.1209817682474,-94.23914353719776,-12.48300243482443,3.7876833513299824
field_control,226.8668048596461,-20.34241617703647,391.1209817682474,2.1516895240630713,13.794435338080032,3.859817112442569
projection_control,0.011058784337669714,-15.223541440204647,177.43374350200514,-20.413619600942372,29.042782227083404,5.669991124707283
signal,172.2567852385881,37.90187879351983,217.90209591990305,43.68196321946527,18.77398052229195,4.979931718836341
field_control,289.3517811249086,67.19581779565927,217.90209591990305,43.18365054888016,10.793394471399138,5.350352158836121
projection_control,26.184581200320626,24.748859280231887,823.8775018991291,127.57132485747894,-134.76237131082794,2.372068151947617
signal,210.80294236558865,-49.427673778175745,268.8047735264286,69.82481314257727,-11.098232948105732,5.683327197692172
field_control,162.7229836753492,-39.39109266510272,268.8047735264286,45.784115324376636,14.031970216473198,5.168808199896951
projection_control,22.523343199002568,-29.872174617924692,853.4716945789852,134.88466650585556,141.91841702412836,1.8531334827546466
signal,194.89479152667775,-27.958657211157426,422.2930539991673,104.01302242342341,-38.341570424541494,3.796464739545793
field_control,186.87302292230214,-22.179500108287492,422.2930539991673,76.66827798832755,-35.76822472988169,4.510961589497322
projection_control,14.42128285825001,27.58040835172972,626.8456662560866,97.22364529434118,78.46290064075171,3.0583199098205984
signal,30.971576531859554,-74.77353222499326,585.7937887053774,-142.23579470120526,-0.42938049744018675,2.583605979628377
field_control,291.744698709234,1.1336796475588744,585.7937887053774,-88.75121698115031,-74.05491089379555,3.386659499271023
projection_control,295.55316622769067,29.155912939716877,646.0798564838525,-5.451364073522945,26.15165792823993,3.1034879963755237
signal,20.529689041302973,-24.417513553296413,21.918059208707533,-5.39546946868045,-0.258157166001624,10.744102448773445
field_control,153.97242149492587,46.55659032510172,21.918059208707533,0.9478600315009227,-2.195549715858826,10.384469941604825
projection_control,272.2513649120763,-37.469125413326374,217.59818830711353,-30.301444032538523,-19.669667180958402,5.897641532839597
signal,37.974033885972844,33.11243419110771,437.54483921134073,-113.53783567417113,-16.204427891083856,3.9782084427504882
field_control,252.5757659638549,-9.593671166919234,437.54483921134073,-103.05879632828737,63.41272522978079,3.6929408207248278
projection_control,119.68421657353633,-52.85959452624884,488.1365402974949,-77.94313377656628,69.32761379221692,3.603502958848629
signal,210.81156619414048,2.0585677360888974,418.1565458725274,106.86961387661044,-17.75975273598474,3.663365572335425
field_control,156.45685273847707,29.191526817143192,418.1565458725273,1.3449903377719834,-73.04987732418667,3.947945962944715
projection_control,99.08610517332298,54.9757512760929,240.07883023418574,-19.025639237605752,-15.450480170201502,5.112420291162782
signal,195.96415954835558,-17.686513636283287,765.3002357050565,188.5454160425631,-43.24913251155316,2.3009050379543328
field_control,150.38503002416255,45.45895834026274,765.3002357050565,-17.442405475526414,-180.5966450526251,2.9887723325586695
projection_control,312.62742862089624,-46.18728387740117,473.1992700216728,40.622305770143484,63.789371334343834,3.9187809408684386
signal,84.14668513322793,-14.863754568339674,203.37382900121366,-33.53461368380224,-19.613853914311292,5.660566512129048
field_control,273.6740248304977,-22.331656438462396,203.3738290012137,-57.510673731573874,24.20019447573271,5.445112046253702
projection_control,275.1672191171138,23.03144705580434,205.3121755911486,-2.2698181745289028,31.493667800519013,5.24041165950733
signal,229.59869106441295,-85.7830354165344,262.73762206747307,63.008836022629694,19.179621988774237,4.828313176908651
field_control,62.941289567836016,-12.386173532662246,262.73762206747307,43.824615830278304,-30.701932010871854,4.636554879751192
projection_control,164.99649405152715,6.8639030453010195,375.2187996407702,-59.54948257962574,-25.84150712669682,4.390043841035354
signal,295.22430074003375,-23.603120815366747,659.0948376200407,25.740043167933546,29.040615270087336,2.327467104321364
field_control,121.8909498989665,-16.671709768596415,659.0948376200408,93.10596594750915,-120.58097666486883,2.419353490199906
projection_control,127.11704001782022,-16.60414416006108,438.08811718930014,8.886150276916357,42.438324684355656,3.6496550493329325
signal,14.968425544773755,17.03270248084863,1034.6253125202081,-246.3044283986893,-69.63468275180689,2.462256492429124
field_control,80.70201962888464,41.73694190806945,1034.6253125202081,11.613549028707544,-11.038645344848675,2.079998863270799
projection_control,215.80601027713794,80.57822912056699,694.3496710778993,-147.50883386974468,77.74078210784718,3.10025414022881
signal,179.32677967729526,71.51178265619211,270.44063827496007,56.26696293488691,35.20411043138804,4.709443100052418
field_control,129.27957946833496,-65.68649798802143,270.44063827496007,7.806560054835317,49.83118191193452,4.913826676405527
projection_control,219.49107305494172,-26.991504423110374,1334.8501946101605,-291.2400939833783,-143.0127489053977,0.8494092380047068
signal,248.15174835696848,43.95726564562179,285.72051561334354,60.70009685094206,-37.684588426948864,5.1689643950235915
field_control,82.93493605176864,-22.529423138956833,285.72051561334354,67.14433148983197,24.298465641831893,4.526520422100173
projection_control,123.61921278395194,24.039851686796467,104.09279035491592,6.484514154298314,-1.0834689590582152,6.676482460170355
signal,90.83229374508734,-72.32802352401154,586.2469909879261,-77.52895785860561,-125.99130240919338,3.5431273541957076
field_control,208.58602719119565,21.027568780283975,586.2469909879261,-162.76577942842584,-63.34272920710792,3.4674011045181827
projection_control,289.37323626964087,-77.3649281749239,1019.6435411437586,189.90405374301054,104.22459218482321,1.7907427677692906
signal,110.79752590553367,52.85607080061526,92.41253065399852,-5.661526601141752,15.814528608247265,6.871042820331862
field_control,287.34148894242423,7.520851597208605,92.41253065399852,-5.135220695232011,-17.152002887134376,7.044812624360417
projection_control,334.1455553210225,-0.19988449432086328,255.41587207880625,-26.707555996367955,6.783335321746748,5.3437589672728185
signal,220.90964507617815,34.49934576774036,794.6128014414089,206.79941262134557,-45.69718681412279,2.809179172383627
field_control,283.1807020384447,-7.320603319282365,794.6128014414089,-83.27364860075653,-136.03577372142652,2.458828985527244
projection_control,87.62280595867097,-78.9131310289058,575.5922227914675,-105.3758286108694,80.39833111701617,3.192186680547347
signal,323.2567056397453,34.10783662130606,432.7201225255537,-42.41983329426512,-70.73215985373376,3.6235317780140854
field_control,131.22034723756528,4.582613960838013,432.7201225255537,-18.09874781341201,-43.92184166219258,3.8139653029838065
projection_control,330.62311514936084,-64.63912370369249,594.0420644016665,58.800252297582695,-116.77492944376037,3.59213302585893
signal,291.57279130904374,-4.81901113880121,99.30878511114099,5.880454123074025,-2.1634502482542555,6.455051478937616
field_control,355.9537461219342,-37.21666939367002,99.308785111141,-23.14684386753712,2.619930441285282,6.909775832337372
projection_control,313.3897078569783,31.37114105639602,79.0778539594123,11.354883372195976,-8.217461980017633,7.945877697255131
signal,209.92687887585004,-11.770346711625367,442.6728578610442,110.72667926365067,-19.13613723500802,3.64220607834457
field_control,213.78757129408825,-7.9649191256130525,442.67285786104424,42.86227630752389,-62.88398501619447,3.840345047876084
projection_control,179.98523710732385,-78.56560922854422,507.3115163661547,113.9838077106463,-75.37347540561379,3.383718344960303
signal,262.8798183926097,-23.21412826320695,295.2089103375823,52.017244991152246,7.780362975647029,4.768643941890952
field_control,143.7841086401861,0.19514798907225428,295.2089103375823,89.94818513188045,11.936341843091618,4.994807235137968
projection_control,174.2474061033855,12.21369991052687,140.20444667099963,-15.790305221728689,15.762685945769018,6.1589665467089425
signal,131.3360892748075,-60.29754474338654,460.8248642858154,21.031432550693715,-113.42995935714515,3.54349948630743
field_control,300.79414052691317,53.35781183808685,460.8248642858154,26.171619979715516,-42.71399034813404,3.3395759112708046
projection_control,35.28276652106678,38.44456560222269,71.83182787553797,-6.296342935411869,17.60838344999545,7.190952747551656
signal,230.74759011555278,-32.92421648791048,585.0686724953015,133.01829053979284,1.7977899814994902,3.071851275556038
field_control,262.7546445513507,-28.576367131487906,585.0686724953015,-78.0287120875744,-31.201030097586052,3.310521819375771
projection_control,356.43918459127167,26.95830521819928,504.4467638823515,-90.83049786371551,30.057940406970488,3.7906116636921388
signal,167.82537280592052,-30.450430250670408,52.02463211520639,9.225241808957238,-7.147213429916263,8.762024724264561
field_control,269.7391212566776,47.362761301066996,52.02463211520639,5.631981442554555,-4.3435230821448085,8.47060251166791
projection_control,144.253500060408,-61.115299809408484,329.6227618588141,-43.61241499820039,65.06126564064904,4.12400189124804
signal,68.37700912472192,-1.8249419583566766,451.08370118294056,-95.7447818341986,-20.185258651388228,3.760662518077426
field_control,70.61016590419378,16.76714535489872,451.08370118294056,-19.812932261658563,-162.23749845695514,3.77484347285381
projection_control,89.41809914755471,-23.18761918374935,630.9747217473814,-22.20133178957595,-111.98492170987134,2.7594950195083716
signal,252.6257785958126,29.662418821580644,139.17683890295922,25.88676936406313,-16.555070257317663,6.0291756654988005
field_control,168.59675065267984,-73.60088547625625,139.17683890295922,-8.389310758222408,-12.062638640668526,6.5437185298465135
projection_control,297.38328643738276,-16.41358763173111,70.30673597309939,0.18098442378176144,0.7768483502241823,8.22785735185368
signal,200.3272694455759,-3.0025466786375263,645.0254436439207,154.95306948214125,-20.461668889496824,3.162724866433845
field_control,310.258127096857,26.696387702603907,645.0254436439207,-200.86697571915312,5.355136732581191,2.9669049968987946
projection_control,8.64181614415999,44.17488280225026,875.0525749123019,-32.993955698151076,-51.05220085644484,2.261548543325481
signal,129.1037695032929,-62.16686403270574,671.3570006349784,7.821571836483749,-175.24189823335422,2.9245350604814293
field_control,181.4536827463526,-68.26340829837503,671.3570006349784,14.975132769600119,-69.09720772781277,3.009301168966867
projection_control,78.44089666562783,24.061324026910743,386.066913706675,53.088749599820055,-26.220212976173652,4.166876626012432
signal,328.08210842830704,66.28817274932285,1508.6725088405426,-167.08104417608897,-351.6844553277021,0.3505436762538523
field_control,246.0429876315781,84.13322266841077,1508.6725088405426,-189.07146091976526,-7.307435983858048,1.3217845055638093
projection_control,17.86117440198148,-59.397262368554465,137.2443381052511,-1.6697824066968514,8.779205416732907,6.40858417120713
signal,7.536282417623975,62.306781519979154,287.40307471946454,-68.44354092182475,-36.05353819934353,4.836048823989497
field_control,211.6561438923352,48.18258517780227,287.40307471946454,-35.57921187286906,-7.253187605369816,4.5562333897438805
projection_control,167.82537280592052,-30.450430250670408,52.02463211520639,-3.2831547713592726,-6.637306462478142,8.762024724264561
signal,113.67833444981856,34.77666482514369,486.17230374948844,-20.579710761664803,47.49370652796132,3.6835975406356587
field_control,303.2484435786175,-23.910711787181977,486.17230374948844,-114.08671671858473,-70.55673865149228,3.6558039665649678
projection_control,2.476066399073753,45.34830072548728,641.6641350644448,16.28377441938747,20.605524983405346,2.8092345303098454
signal,20.47730319995276,79.31327975964965,159.7319817228481,-37.49584819620586,-8.99443348762859,5.989076939923315
field_control,102.44190231417694,-29.024104974169646,159.7319817228481,17.599855870002106,5.371352805578562,5.907804318885867
projection_control,66.40525838155801,-17.091541333772323,633.8735247525813,65.32607900836634,62.42307251316374,3.074057719797941
signal,275.94983383978575,5.104047869437231,402.10750720818487,47.408174659626106,-23.96702853938359,4.245799267788481
field_control,207.17110003909133,-13.716494897623852,402.10750720818487,-66.19075998556882,-28.18356698587295,3.9384845595516405
projection_control,144.07641930588193,-72.4199337237856,391.9736497164596,78.28834738866891,69.58590659051015,4.432309559883831
signal,252.75868348096532,67.74942447310995,73.79495436592073,14.59342984484141,-12.488362844840696,7.458148582114616
field_control,44.364480483529434,-16.718278476677032,73.79495436592073,-11.176006131295322,-8.625858356912127,7.5632482384690665
projection_control,88.5050792976241,-89.6091302164333,1419.482333542381,208.19833375660144,246.98212078841615,1.4726893302896267
signal,119.28679874507414,-58.080297203763934,720.1026643134542,-16.062562583181137,-170.02785606944062,2.8139778477792263
field_control,248.4758796118084,-14.79280603978576,720.1026643134543,74.59259274164145,-36.18617970028966,2.854352032362022
projection_control,70.25994619871415,-31.49388601625762,804.5231470952968,16.89647788687188,78.27730445246468,2.666378638038865
signal,243.23864479454625,-15.58326593211351,156.88123143795409,34.621841293155214,-2.948779706209182,5.552057240329188
field_control,263.50842180697634,-21.312033967440872,156.88123143795406,14.340495742978593,-20.90346005272166,6.04663846438487
projection_control,155.79607665573454,60.32782825502649,824.3013070762678,-163.22468311640222,-68.00732062818419,2.1811019634226967
signal,142.53740143054193,-33.31471552827612,214.2396080393501,16.971601508962394,-37.56395193522767,5.467628289479251
field_control,15.421435628039427,14.020368251623909,214.2396080393501,46.322423752575226,82.70874750898375,5.463864384754603
projection_control,350.3076472484274,27.493109092057825,446.6204759910696,10.718313380926949,-100.04863739248908,3.0735694502761377
signal,272.2513649120763,-37.469125413326374,217.59818830711353,28.79368483324126,21.97383730885125,5.897641532839597
field_control,243.2847469060746,-42.18082837220458,217.59818830711353,-29.593561155348638,-11.627369777652996,5.3064684153089035
projection_control,127.91510945059957,-44.227278325672835,620.0445062358727,8.813291353186978,9.021396363283003,2.9750729965882954
signal,163.50611858521418,-45.922053212839174,172.49381750176332,27.959650384490068,-27.834940801514698,5.51767542541577
field_control,149.28845549968307,43.785665952532945,172.49381750176332,-12.035848956769646,-7.120382163370106,5.334896027414935
projection_control,246.64835155481427,22.94841275671596,829.6632961218783,128.71173063565914,-137.0382897629457,1.8510130532191014
signal,148.4207020193996,14.171626931921953,223.4314714081831,24.817732633067006,0.7543824484828066,5.026337632524644
field_control,44.67487539948564,38.667874059518276,223.4314714081831,41.06066887102394,14.109419341927978,5.263688796950889
projection_control,344.8605095734095,56.77007088921332,244.34155510966184,31.850148054146754,-48.343918968775725,5.601638385859889
signal,336.5027695757883,34.23882590220347,302.5735370791525,-45.946587833432254,-47.49226211169635,4.382840656215815
field_control,151.16671717144834,-2.695820428986224,302.5735370791525,-74.86174707084643,0.7084252361493987,4.614906675630325
projection_control,18.087483536273567,-17.17253547050805,314.94962987571347,-4.530074685928465,-31.670218020692204,4.841110817246999
signal,90.31647596065208,9.00941710290975,847.3616208975002,-107.14104953125609,-10.087785726767734,2.39865551854174
field_control,69.92385469040941,44.86671312771297,847.3616208975002,-56.68205013608343,-51.52829835622873,2.4324348319472993
projection_control,20.47730319995276,79.31327975964965,159.7319817228481,-23.983718913946888,12.037553054388916,5.989076939923315
signal,43.36104239876356,-44.916423311973496,1484.4163701776938,-385.0187703277324,-107.670181104786,0.8233104425806963
field_control,149.60143156439395,-30.378485791362035,1484.416370177694,-140.08630554527352,333.0062463131306,0.9641025663310887
projection_control,74.71473703405324,45.75428327453916,478.3382852383624,35.92131703071179,0.3514795701696558,3.661845884820548
signal,210.4355207734049,38.48044814490029,118.86206749901669,30.8032863687939,-3.7150369002743666,6.751157812853604
field_control,138.36205006506998,-74.7678208878599,118.86206749901669,0.5446824358460429,-23.29946008618544,6.266142684246657
projection_control,248.71823155829617,-9.0620428494779,405.4014401178624,-3.2518000235675077,-33.866512364451076,4.138635394112553
signal,348.95585242230436,15.777919773269957,308.34303855204047,-59.28263080376102,-30.76046043363389,4.8088812445180125
field_control,265.82098929698066,13.793061397982731,308.3430385520404,106.504328901684,-29.72761978485737,4.742211254345547
projection_control,323.41912797025253,-59.10788466435454,293.6470595179351,35.737538502101295,-33.99077970778336,4.479046568718617
signal,136.02211694178717,-12.924598685304149,202.33497249730945,11.480639410047456,-21.262429973721467,5.629949390569867
field_control,278.71760093988917,-4.8289415294411375,202.33497249730945,38.14010719520264,10.154002362346441,5.387563259573481
projection_control,304.2435065385725,13.33216624003364,581.8094031518685,-25.47207238647462,42.89458014866523,3.415666321950265
signal,22.333234906361348,20.380961944620633,396.1549505338509,-95.88146022899525,-23.840569736003214,3.4801499351114136
field_control,218.5303155784368,7.719826364175985,396.1549505338509,56.22431302747872,64.40504988236445,4.062047777108334
projection_control,297.9190988186569,25.089157052524822,326.59502206063786,-10.394247556742018,-50.97787200504011,4.953245529603885
signal,122.14989623144429,-28.697814658959867,890.6450175316612,1.8341609471889855,-152.12399988968312,2.5500270860191074
field_control,8.167263185681115,53.00412333261549,890.6450175316612,-194.4352600266779,114.98467328279261,2.1670387625050367
projection_control,171.03235423203648,-57.467695052095,390.97805532580503,84.42090573473159,34.68748343488879,3.5916074840709937
signal,182.13539555504101,-18.036065272468523,865.4538312162003,182.6943013626125,-75.24178271603394,2.594990700208356
field_control,335.1680204655578,70.02657352725092,865.4538312162005,-68.0659350372533,117.63864911169831,2.311961928200173
projection_control,163.8619170241163,-39.12744707423663,571.2333097135901,-30.752681345909266,-118.21489959843538,3.025649964687211
signal,58.29228238759694,56.61289008931216,267.47763549965623,-61.965061662370786,19.020100591188154,5.11261103477997
field_control,247.04398083472114,15.59919448012557,267.4776354996562,-39.518613992602596,-35.97415526241029,4.728777018695337
projection_control,102.87299685337416,-61.57792030698839,311.2504780168499,66.93931592290203,30.63458909271836,4.348940358529311
signal,236.91679850033714,-24.77090076552667,434.3040963937656,102.56574082923859,3.146734642289196,3.9228830461736055
field_control,12.31036197162798,31.877923463215083,434.3040963937656,10.099007472539526,25.76441737903206,3.5206052948307094
projection_control,6.8864279174233225,-52.930828807887586,486.9065213525324,-77.15081288828891,-47.06918300002502,3.6761859217220305
signal,359.1897800436722,-3.441159564958495,692.624452136119,-146.5814828377794,-18.25622787629262,2.863567696049275
field_control,294.7798437170824,-56.344327347454495,692.624452136119,-2.107104320469372,-120.56638761552452,2.9396304000183324
projection_control,295.3755304128989,56.80926690438234,157.11668493780186,-15.603943389449459,-10.974441713887249,6.069880825914845
signal,162.62621135331977,51.28642748521102,389.0515698626104,62.955693333365694,44.79519853373124,4.359680959051809
field_control,72.0958156984786,-42.731907363877404,389.0515698626104,67.22378030466126,-34.54623304840362,3.8690281131460535
projection_control,224.19122516634278,75.47226504138064,51.32155877117674,-2.0684951541961034,6.0843924257027036,8.380895361623114
signal,127.70228042287656,24.547198536244263,1144.1628189769856,16.57618982926328,78.560268221371,2.284614892738326
field_control,208.51962824559843,27.801487787142822,1144.1628189769856,-7.448766330027815,202.59771595764124,1.7567462907257327
projection_control,181.98315374035099,63.049232339481215,342.8725491260245,64.30557634971362,34.89209536721869,4.665669452899937
signal,144.253500060408,-61.115299809408484,329.6227618588141,29.998251414069724,-72.3887309784657,4.12400189124804
field_control,167.9883731820674,-7.889850752216289,329.62276185881404,76.96556090216758,-42.1990583102061,4.5330520968281185
projection_control,297.4826919420672,64.4032705246016,243.22796319030238,50.192914383856774,-16.540924728597265,5.280479397129841
signal,41.452624222272405,-44.86137634836211,591.5624459092719,-156.01947164491477,-34.832975484175115,3.463434639072011
field_control,151.1419616478276,-6.204040280966206,591.5624459092718,-78.58410644223547,-137.84712574290555,2.963953205652656
projection_control,340.0014897699492,-25.483693143303032,694.1184376823788,-102.57909503471085,-23.320207770073605,2.900548625025497
signal,317.9784965134406,-79.83929254455327,201.71983674752656,-12.888146540292805,46.1257096175709,5.450391830540757
field_control,320.2969392447831,-22.50627648334434,201.71983674752653,34.23912108982919,10.48452368895919,5.1150912696310975
projection_control,117.10462261022921,-36.293996573675734,214.34861756874548,-35.03170130416603,-19.189568842024972,5.08904242079577
signal,149.3372359876867,15.17948184869959,543.483121179259,56.04270644369897,8.163193821296613,3.2851677801136763
field_control,157.4500649625413,12.398676524710842,543.483121179259,44.31039899668362,55.71352072696242,4.0518953798781725
projection_control,296.3783565648108,38.058841489872684,103.44382977161032,-14.76116943036779,-13.017165057076728,6.6292900783289275
signal,139.41878811294288,-6.007183374861508,415.2909565793888,27.732190619891462,-29.657262900377706,3.44727842303828
field_control,27.123882326334268,-39.02577323012262,415.2909565793888,-1.4690279311189853,-41.311385972679744,3.7499060673692637
projection_control,130.52152676127403,25.3448410392006,2957.5157686317793,64.25989880815445,-52.45158863423502,-0.4448376523362624
signal,237.48849825497075,-47.008115850212576,2150.097296861329,502.2916606903658,57.30510318098914,0.2522726112094753
field_control,340.78994179738294,14.704419782429095,2150.097296861329,22.862270767772056,-331.6099376158606,0.5247345816444413
projection_control,24.110500329097746,-44.39989236913356,1520.1873309440907,373.83490255650236,148.7067581721758,1.8655865537789031
signal,159.13203153520448,66.32933137739718,1090.2092760885855,168.32673844760447,180.55584467912573,1.5132711480139192
field_control,331.3926832462659,-40.722969746066745,1090.2092760885855,30.976997669868,100.59083853064018,2.3942897002754813
projection_control,57.68121635154227,-18.616110504895698,124.04827550474928,23.872075239652073,-18.931904121403633,6.398562426871955
signal,233.36404877082458,3.4007504242527484,465.1417074966931,112.067815879597,-25.649917436982424,3.5229172571472196
field_control,246.39576824937552,-60.73264122971585,465.14170749669313,56.149967019692056,37.69745887392268,3.899045910055171
projection_control,72.10152643234532,58.68862129763051,99.95985313067575,1.3678216435565085,21.057815791488675,7.168094520288692
signal,22.1206644470835,-31.078595656886076,397.28246818626434,-99.766190211716,-5.45384598838388,3.675047083123096
field_control,168.441310127529,-19.833295415855485,397.2824681862643,27.73213646901459,-28.801901646946853,3.9143701556082755
projection_control,212.20343621449098,-32.17965947390366,646.7613862181635,130.52997541405912,69.58556596648424,2.9037669674921225
signal,292.9404037400019,0.06916417639875468,318.46860731907094,15.98757120383976,-13.834008504637698,4.34999434032428
field_control,33.429410259667655,-32.52851735131531,318.4686073190709,8.142436491610122,105.64743624340937,4.464531940257648
projection_control,86.95326301260545,1.0797602653502218,67.8373089197241,-5.29666971076995,-8.037614874796173,7.583371364951618
signal,338.5814230365849,21.05357001901705,564.3067033668615,-83.05658265590539,-64.15773364426784,3.1205908465937484
field_control,284.6693226878914,51.076295230717314,564.3067033668615,-155.03619710944693,13.03977331236759,2.992641787779115
projection_control,327.8180581971918,29.844823289345346,336.63748310016393,45.22357858205221,-6.5883528444766775,4.228380599903326
signal,233.55553901737892,-57.94311562694166,261.9793790787305,62.33139510113552,13.549401430790825,4.937690933145977
field_control,27.172049192650427,-62.88494714347869,261.9793790787305,35.00664853470384,-67.16869280244245,5.17317338570166
projection_control,297.33563107800586,7.362588731427919,45.60511439873005,3.8742899551824204,1.4568011922552144,8.919503227788613
signal,343.64373438917187,-26.78169614154387,162.53650989159445,-25.316049756949873,7.609335127751319,5.460820391246357
field_control,24.69635456225244,-40.298710510090544,162.53650989159445,-2.327141250543996,26.497616037965052,6.115126562351363
projection_control,252.4102539902905,77.30951513023355,542.8152256886825,-82.24887998945957,41.18025056670307,3.054189142066214
signal,54.51563317318678,37.87428452614765,212.30848369401633,-51.229254649707414,5.487868949420493,4.931507812640025
field_control,193.4581832781725,5.591727828531755,212.30848369401633,16.602898382285932,31.723606065388495,5.2108355114851
projection_control,177.41505043181687,12.367374741751526,1467.7055345036124,-283.53412752994825,-53.689293696169955,1.0862947007784194
signal,171.86982821292733,-4.6270932840512256,1378.8248056668608,276.8221944259149,-73.12106962477057,1.4110288414410734
field_control,57.64616646647049,-2.1700589019246252,1378.8248056668608,-357.40932155286214,139.7426481448829,0.9898021180923822
projection_control,270.09567501798324,-42.49556904506656,251.27652818837987,-0.40746995543945236,30.603173328956974,4.493056661524182
signal,216.650424220361,5.345096955729253,396.8776092243089,102.92830680564359,-19.450169823102677,3.767485575566502
field_control,2.7828962425256347,-65.27091831732247,396.8776092243089,-36.22445726532479,-30.137764779242264,3.6103468893884245
projection_control,293.1792405367541,-70.33230731571734,384.45786553155324,70.262615425803,-7.590811283373697,3.755526067822909
signal,209.42519307162718,-7.7220757337454895,934.7506095395855,238.00990375519663,-48.65200218741307,2.4688801519462933
field_control,152.32083515848305,-80.22941220940884,934.7506095395855,-90.52408091489472,52.44654499288116,2.442475416018574
projection_control,56.33161776129621,13.054581602137882,431.540223203869,-64.0184447106305,-78.34561251959012,4.093632456160831
signal,144.52624047205558,-65.81118398839878,627.446205388473,49.770096502354974,-148.75527314119262,3.0796984308146245
field_control,49.39820337962373,77.457682758306,627.446205388473,-127.6327691527087,-8.176879892673977,3.048229452896779
projection_control,242.92306878026778,-33.97119871968197,344.4889013472521,42.8550088899847,-63.61598166148908,4.235175445963396
signal,121.71038737185411,-41.9514333114919,47.4120670499935,-0.1382821093053366,-9.935147601028733,8.802584195525064
field_control,57.78554950104885,18.52203852557052,47.4120670499935,5.378250475571433,2.3815215864191077,8.685050911362966
projection_control,273.1375156190114,-18.872602662937975,256.9214995933533,-27.136764230181697,15.870176270329937,4.57497724336521
signal,45.65664811815077,-6.252873145629942,816.3169911385799,-202.9977032944548,-43.33059417992466,2.8639135152895276
field_control,27.687829944720477,-15.615938267907318,816.3169911385799,-262.4149789112571,163.86873529278108,2.193821231404552
projection_control,273.8072312839016,-3.305749164510748,882.5806246707355,-69.86388958772586,91.29849561116552,2.9749153029141904
signal,141.02728220242014,-35.565204444683616,383.9787374397857,34.25622163154622,-67.70174985259759,3.985550875092205
field_control,73.83375134049957,-3.3901927202711466,383.9787374397857,-53.256898778084334,-54.4291556677529,3.639413187642855
projection_control,314.750640289349,-27.99196427470549,71.72064674900165,-6.454828126304845,-2.2398339401387775,7.591981159945233
signal,58.557893437974656,-64.16358096263237,307.4328397544236,-73.11339615636669,-35.7130203990131,4.388902705048822
field_control,257.5743047187802,-27.833240639830468,307.4328397544236,-56.68923724094467,-40.77655974966608,4.850032789087194
projection_control,279.7377428346322,-42.11240856182537,131.7895906900727,-11.607608598557444,4.998968557292296,6.163589325143083
signal,264.3716435371986,43.416705661896,257.6165921702695,43.031459310277086,-44.63422936229202,5.206641620906669
field_control,291.2138305984049,-18.074443905652988,257.6165921702695,-54.876294648544494,63.37133508856634,4.957742556326194
projection_control,88.79710168994635,19.60959745579887,495.06139251531806,-10.358759152382506,-46.27148090810966,3.7155128945793927
signal,75.17913677805238,74.23519355119973,343.6944582186531,-61.56237398392666,53.30773064596521,4.471991421359557
field_control,162.91211185054823,17.34285620095378,343.69445821865304,-98.38658205635937,-24.460989251978173,4.591307750197938
projection_control,170.61163924179698,62.39358175647813,460.05994220819616,-9.129142076638992,91.55093024729037,3.963512465121755
signal,21.083509902432187,35.89387423664747,2284.726036953551,-570.9053816510547,-174.66091697687415,0.1496302521414583
field_control,182.35937371731035,49.96250197435003,2284.726036953551,518.6298332033432,146.0252813720498,0.09004940713317933
projection_control,168.36523649455572,43.77616635398372,534.5659981268682,-88.74207768378724,29.086368421889084,3.724927559451825
signal,198.8518096142043,45.03753351918978,526.5863961747153,127.48906955624997,8.101991062274985,3.8100892132985154
field_control,11.755812453912938,-39.17861015369074,526.5863961747153,-72.37931320145023,-67.1590440315402,3.3216064703006754
projection_control,199.24983943554594,24.18862993852744,353.4507479295978,43.225807145103474,-33.471663987851166,4.504398553238962
signal,214.28270377898457,-31.067379307281467,371.1423573907063,94.99044159416151,-13.543221855096464,4.088624097372352
field_control,24.95385409367407,42.90016752184611,371.1423573907063,-13.595722557446072,-11.685992544172988,4.366286843310521
projection_control,194.50040154747154,25.052315284010625,461.38983895945,3.81184437892027,-99.27732535690481,4.098687923408528
signal,313.888702060982,67.11009494492414,1007.4247673694924,-38.06762588078102,-259.04874122960223,1.9937689727158492
field_control,92.7243812338261,-49.19050323987089,1007.4247673694925,160.20177965547168,-94.42943018194934,2.203641305344272
projection_control,192.83637576512825,65.59801842033788,124.87175166836248,14.627763293375276,25.860022498801424,7.016558414507451
signal,207.71338047036548,-37.311538992477836,502.77058877801795,127.25574437399797,-26.82066709753582,3.4995174738979475
field_control,195.80343145673308,-34.751310306396604,502.7705887780179,-40.29855370157174,19.1052624900288,3.7324203654534567
projection_control,125.10676631295166,13.54052351241018,115.01886603847169,1.6640348022100324,-1.4327446091975025,6.151689443109178
signal,124.37310734044046,64.5365352516366,1473.102345381521,16.949509001709597,313.5778072714423,0.8784572266778968
field_control,266.23841354459745,-67.76648717285083,1473.1023453815208,102.78555073787044,-380.1183757554586,1.0702750192166295
projection_control,99.72450875735237,-4.79703217258594,415.7971267364445,-39.2830790391368,-24.590641020264755,4.285491660782634
signal,289.08427734947537,81.74489104859883,1054.851820891671,68.45465175650988,-267.6348840243082,1.9073183323686025
field_control,217.80110208169188,-45.92058496865544,1054.851820891671,150.67442510640043,38.574682445796185,2.0684068868179453
projection_control,21.462237124077244,22.904161373604218,110.51778991716006,-6.839466197779492,-14.36722698161819,7.000990420288692
signal,194.50040154747154,25.052315284010625,461.38983895945,112.73790740912825,-0.5217569535321376,4.098687923408528
field_control,141.16602779524376,56.5748647465651,461.38983895945,-3.3268206382939915,84.03731574467209,4.0123897098319965
projection_control,175.74396311189304,-43.27128937853505,306.626751231067,-13.564163931342009,47.515485667780936,4.378687791183377
signal,28.540902467229028,74.2146251410609,843.1228320106287,-215.75127607208884,-29.012939282604613,2.5040362432069734
field_control,42.596666281129735,-4.653090366255494,843.1228320106288,84.96423523946848,-63.086429958645695,2.33911414508966
projection_control,224.14699209551688,31.251559334193185,767.5483446841847,-79.91338188332085,30.74641012699766,3.218960362049011
signal,203.70620171276877,7.994587812702963,338.6815239082962,86.57557909069085,-9.644384704146436,4.360361501790394
field_control,281.0783645593882,-57.63641184585204,338.68152390829624,-52.16514485686382,52.046327323812434,4.196995964738498
projection_control,176.18131346637193,-5.596454349322271,114.1765943679957,7.738996275819462,-20.75132289126041,6.506782455211794
signal,326.8866763517984,-28.745272857873307,265.19932536128545,-26.114606856441796,21.82093767296795,4.833607740973117
field_control,130.96297857566054,66.84634334308598,265.19932536128545,-21.19638043573102,-42.67966683260898,5.2849622063178465
projection_control,320.7079925939328,-61.09429523779798,624.7111296926258,-45.472588372186124,81.88824431534869,3.2560529553701616
signal,142.67254517935942,-7.238983431828492,199.89385822769265,19.03613583287886,-16.500813820821033,5.595262855760209
field_control,264.97944521380424,49.286846741998,199.89385822769265,6.765255980344323,-55.1314045757932,5.299669027172912
projection_control,306.9170716485494,3.7177447859915085,1311.3642187456112,42.73657771247615,72.32749863506854,1.7805213666206745
signal,106.67728868392803,10.784867296124887,693.2810153319034,-51.30529162128017,-1.4073018756429259,3.020383449903127
field_control,184.67238308916302,30.621544742747947,693.2810153319035,5.039617863842587,138.67372935249887,2.984296410490714
projection_control,207.9474315639921,-47.47832940801308,370.3852580837298,-69.79689793272948,66.95674817242865,3.9024893690809246
signal,51.64900452648722,-58.63147442805808,756.8346328289281,-186.11731480233965,-77.39840603525342,2.78776666322877
field_control,265.9183392822571,60.10561352916708,756.8346328289282,-148.67911974381323,182.75010281252847,2.5874683208058853
projection_control,217.13404324426088,-2.7011229037981894,1845.8097137645943,140.96600640729855,65.49023191429964,0.6883876208467553
signal,54.520387896728636,14.16330934384008,936.1373633607752,-229.70353110350115,-23.75028558228673,2.0437426451315353
field_control,326.62424212292586,-34.03789900713249,936.1373633607752,-196.97782407475248,-105.06426031397463,1.590832418732761
projection_control,264.2944532549926,40.17089319626114,100.12334828359677,-1.9128611860692346,-9.342178061135604,7.071991367362721
signal,155.7977343630548,74.22899785737957,296.45914472503335,37.321441533651,52.116284915541726,4.737610221485797
field_control,331.5706257793687,42.27878368578233,296.45914472503335,-28.89546884711333,8.508926758973152,4.978753963496336
projection_control,25.2389302708525,27.28049216435763,96.9760095634724,7.624990425397243,10.188281208273606,7.184508961441797
signal,214.4447366981506,-38.30041386302834,255.2798540761609,69.6139234821741,-11.105203746210956,5.108899207680459
field_control,192.63844080021718,22.33259202615217,255.27985407616086,-25.89606612126368,4.769869374016449,4.137561196471765
projection_control,155.7977343630548,74.22899785737957,296.45914472503335,-13.687947105793661,61.00960353195599,4.737610221485797
signal,29.02154586105663,35.81643020718367,1500.6440383282838,-398.83943770884474,-71.69138264435118,0.8164530675869746
field_control,184.14301131562993,47.69041522475853,1500.6440383282838,107.68590391194871,271.4537380377623,0.5233731438177853
projection_control,250.18312296349717,36.870396373382476,481.92304414477314,50.81968385736113,-47.07740244385478,3.4144484400182074
signal,338.2446920490596,54.666302040147386,105.97381282264621,-14.854734348318088,-20.84178786169894,6.924476362054344
field_control,95.6442475810214,36.428781208591765,105.97381282264621,25.432028857348627,-13.028101662050943,7.0322062235434375
projection_control,228.13617591559046,-41.76629528223675,660.0156403502567,-147.3047979612716,-38.31280866909535,2.8823951462464943
signal,271.8481022802705,62.548724607207845,1243.0355881190253,177.97986180614944,-288.06989911434755,0.8791910207383037
field_control,336.88793935054485,-17.879123660285096,1243.0355881190253,-26.34517461002413,-110.86143430828378,1.6857035462324468
projection_control,61.809806773961846,-2.138299088282575,112.73518691781531,-8.685075939693396,18.060903215064076,6.852881531593208
signal,211.18461058211852,66.96576306376186,355.52818627464814,94.63995539567479,0.607740287035995,4.390389926459998
field_control,164.85090019186353,33.28452630360062,355.52818627464814,79.67507230610067,-38.46943958473193,4.054355856150383
projection_control,314.5026703453975,51.299963155625555,297.9075430099869,-69.1714175221944,-21.359330205019816,4.48212917747084
signal,298.2379215380367,2.4598490518095733,253.7743107464654,9.398223207085776,-16.858593968331515,5.17586463186467
field_control,45.93284614345577,-28.365040396504728,253.77431074646537,48.92002956496756,32.40470562455541,5.02210834258684
projection_control,319.02543796656425,-21.239446552093277,200.2987523337089,1.729440284188071,8.561609921940063,5.1950500772899995
signal,28.867232452360785,72.67208757882436,155.30095922798986,-41.67502855573783,-5.769362810565518,6.268393146789979
field_control,155.77376926555797,-20.048513286065226,155.30095922798986,-25.442025462815565,-22.32032942001352,5.28470029532064
projection_control,228.93851765761588,42.812750570856394,232.21297075882742,55.989505523867614,8.930310859465646,5.04087727155839
signal,171.66199598392478,30.97208632329117,250.84715829522494,51.23626461183283,7.985752567065307,4.884440016766742
field_control,45.73917008568142,-51.64569265867861,250.84715829522497,-47.62782247395089,-27.235894031048822,5.215046711758792
projection_control,112.97765096078959,50.70086758423388,480.7090880306247,-64.50830060302648,-49.219941769223034,3.6607478665677715
signal,226.83352567019884,-42.58296825392666,199.20414049992357,51.04064454596064,2.6139940662113683,5.5962222450893675
field_control,180.911406332547,60.47645092410305,199.20414049992357,49.632802402805176,-11.183164017911967,5.578425840698236
projection_control,208.2573029625588,-9.945692218027077,1119.379494164036,-37.38877665028197,-163.05618921478356,1.391316126048819
signal,298.3150462025841,-2.647995372660371,513.5707260080436,12.360473721002842,-10.941233495516686,3.874184850705566
field_control,202.05918534823638,-24.707959118153337,513.5707260080435,35.30542030934966,20.24967744960737,3.433305841043078
projection_control,214.88784859679618,-0.6632195031271099,206.7535678893143,34.12795025261742,-32.13645557320609,5.900342405625928
signal,282.04904161773635,25.891119095490808,191.23229205698934,17.30178295012853,-27.118714147568593,6.01632474249608
field_control,121.59207413769072,2.3638309611932558,191.23229205698934,-23.522551549499486,-2.072466492428447,5.598446292650034
projection_control,185.2060779863619,-3.177900411074524,184.44858931196907,4.060931118391644,-29.34828595745594,6.034577066357752
signal,99.74492989682386,-30.35255504048525,1046.5345326831257,-103.21265398524673,-177.28137304154305,1.8924803732211959
field_control,25.79422112333448,-12.5525132763175,1046.534532683126,50.365995289311876,-141.7863436887303,2.0492084358470732
projection_control,86.64138531257511,-66.22780606190184,274.5812008013102,64.37489867000413,-31.950414704458737,4.7931327648369635
signal,338.71686104131356,16.333650585411913,138.65853101441678,-20.25951075587627,-14.685068131040435,6.3320629149430445
field_control,339.66127282796606,66.90507441765756,138.65853101441678,6.113120335299017,-33.64325684270436,6.281596568674819
projection_control,4.06891317204809,13.964517582602314,567.7433700192905,83.71039249528927,-7.407263504999463,2.719051468469144
signal,44.764502915113326,19.463176211900148,351.439299335349,-85.82397106336921,-11.792620231992286,4.604021721394978
field_control,278.40712085403464,-19.262806650673497,351.439299335349,-10.9774933230093,-20.804008501442336,3.7085317271552825
projection_control,256.3693365170178,-15.092224750103481,260.5273831182749,-1.5417374306913987,-48.433166863617906,4.584464021857646
signal,315.04810270361475,-42.42313537716137,189.71427120830108,-9.478200014455618,22.28305225119465,5.159259386368351
field_control,301.9971889818436,33.85490312922047,189.71427120830108,12.173989679864835,29.623330317028273,6.26839966130376
projection_control,346.80971536057365,55.23928459444049,269.8534348102067,30.919163013139045,-33.7986892539334,4.4557826621860395
signal,349.5384898576627,7.4794521846222874,417.4584433988516,-77.40874277179208,-26.883676380274732,3.8000110302045966
field_control,132.07262194304258,45.30267470539431,417.4584433988516,42.68764767402028,0.41510675718186457,4.257173998836239
projection_control,220.78500655945643,4.58993544029161,1063.7261490827796,-50.709589739576,-97.59238802925944,2.129198632218099
signal,63.775268360145205,32.90541652270697,292.2014594616571,-66.867585885671,12.533697520084289,5.0722592327668075
field_control,273.8991708070022,-7.399503606947248,292.2014594616571,-15.920507409395318,-17.85845389365167,4.286104697519333
projection_control,299.8546976067221,-71.64151622590028,137.55690465128433,13.627403022990483,25.137885024163594,6.475536561503639
signal,259.94378311336266,-0.12654762540245285,365.33131077089786,65.51346732197031,-20.16602510072226,4.479125687124807
field_control,174.73424226090992,-14.102443339382539,365.33131077089786,-74.79840027936754,-28.83634178301447,4.0830243554764
projection_control,23.819467980398564,35.232426512867846,218.44213475478963,22.119968825224145,48.342896708778134,5.077914298695088
signal,14.502786760079447,-77.3677356159034,240.65168967292914,-58.75425347823662,16.540693889802046,5.203834556748691
field_control,72.39005582617655,29.702174983247527,240.65168967292914,-39.92611735715724,11.516482158800768,5.022245166406908
projection_control,287.183614805357,51.99708407278519,1037.852733566783,143.90108084025866,119.44099837258382,2.177210568382024
signal,145.95221705009578,-79.0892030999245,1038.5261938331198,89.73321241802722,-268.67800330811514,1.4661630042150786
field_control,44.792415686596776,55.66886629867585,1038.5261938331198,-319.20286920827596,-180.16859365103878,2.241567595766954
projection_control,251.87024506396378,2.072125680777306,141.29955705822164,23.9894993407122,-8.983196544961137,5.932698750237915
signal,185.8619877111626,-16.615123541866176,1172.5376697369682,268.56615952480706,-81.36959366806428,1.6393929098424311
field_control,124.21831295594046,30.65473571954911,1172.5376697369682,259.6797964248584,-36.667617717933496,1.0065852991588495
projection_control,264.3716435371986,43.416705661896,257.6165921702695,-11.94458169588704,-22.645919464852813,5.206641620906669
signal,209.03228132746824,58.472374214117565,620.3823531549814,151.54841794866294,0.19042850779493664,2.8597282023128487
field_control,49.518760131050286,-33.07574417003749,620.3823531549814,-121.5029571635105,49.18311750307837,2.8870003418588923
projection_control,102.85472435792052,54.31993495039537,490.04584545893414,23.181486683394308,-90.49894460082876,3.586710196085959
signal,336.93740936948143,-32.86397590364753,774.5118545751815,-101.90643969195003,54.251239190199016,2.654171323847502
field_control,359.3768314334647,50.9517293604711,774.5118545751815,-62.98589511849337,-8.106428825248047,2.026668720001087
projection_control,40.17347998460909,45.355013134415394,366.58997702547026,-41.06919170849764,73.43457454518102,4.065870046170349
signal,242.01024742591008,15.588552444546345,154.75023640006265,34.424082678252915,-9.2597453901407,5.8090393889064345
field_control,17.70803648352794,-12.993273674118024,154.75023640006265,-25.1566177967278,-3.702788694149601,5.966314739596397
projection_control,242.08577928901036,9.019687322942987,387.5145787014958,-80.14851558815424,20.35242627742357,4.557952317790965
signal,173.26006243892533,-33.76916062008819,661.5436923303898,124.53284150056759,-85.62247696523573,2.5894903170354975
field_control,158.81169577286755,8.769445969439428,661.5436923303898,-68.62953242707692,126.88656686856157,2.7554570676024084
projection_control,93.68517527468256,49.10832909072873,1895.699821383538,297.09810412002946,75.84329956771256,0.745982208966199
signal,291.48301305572016,-20.895217561233746,64.07131211047175,2.9648916972939823,2.5027206155579167,7.3472223268977235
field_control,162.7536680605383,41.51921913913222,64.07131211047174,-9.184332491230803,5.900706614100669,7.99059013041763
projection_control,280.4769311024832,41.55924179008428,71.76125072457222,11.122196291389026,-9.318526492090838,7.415751373615558
signal,342.1918155435872,44.1136753606412,516.089660288845,-81.66079393236714,-89.78237635079509,3.802915614546289
field_control,108.22749428940318,-38.5509605640306,516.089660288845,-87.98855286338446,53.60238782078695,3.2549118893505233
projection_control,4.376437731859251,3.85347265465149,158.52027860206354,15.789159718143733,-20.891229732182964,5.702117752955109
signal,7.943813525624703,27.240266738690995,726.7083590215618,-162.6914612872065,-69.04758489384265,2.5732680679204494
field_control,205.6865636545003,34.68193451762433,726.7083590215618,24.767269243970716,155.49308896204428,2.4678922039362092
projection_control,230.74759011555278,-32.92421648791048,585.0686724953015,28.78916355522514,-129.51629954889665,3.071851275556038
signal,353.7076580121739,-54.01798368907491,206.43816293741654,-40.293469954567804,23.247221597247925,5.473193806646009
field_control,53.99172869455609,11.088534519597173,206.43816293741654,33.417240132977646,-25.16130512044164,5.611947079064193
projection_control,43.36104239876356,-44.916423311973496,1484.4163701776938,356.3044295622592,136.69215292311708,0.8233104425806963
signal,31.007570062924923,-8.198091121403317,283.24223870910197,-70.0169138889103,-14.88763400738124,4.738538473386575
field_control,282.2084570114041,51.87663054449045,283.242238709102,-58.28053552440911,26.55858795504995,4.875611730611604
projection_control,159.06013372870365,31.168221269949242,128.1091979091031,7.783235821597308,15.09907422597566,6.387130318832562
signal,293.1792405367541,-70.33230731571734,384.45786553155324,19.88577895182599,89.70205788482532,3.755526067822909
field_control,119.6811785691498,-41.000012702725535,384.45786553155324,-34.642081381547385,94.68640554375541,4.2411757505445316
projection_control,122.38987096556934,41.20760543014503,181.4536121722229,-10.527049683792741,18.013849432957375,5.721909125749634
signal,100.9205109185085,-2.19036137465806,346.43479912454495,-32.07307166306451,-16.40856465885807,3.924172976053039
field_control,212.88333232751103,-9.127706141714885,346.434799124545,13.17347140141348,38.16844657186199,4.248822422340244
projection_control,250.61621224965307,30.669415608779314,1600.565335520039,-23.534479143686003,286.0986897392636,0.7905051182535203
signal,47.58467679139383,18.95757942080605,247.86869141044113,-62.458078888721275,-6.3804297745589205,4.727297092306486
field_control,257.63012498410535,41.734989244182174,247.86869141044113,-32.755929005440564,34.14603570068266,4.8573700554381
projection_control,300.5809940499853,68.88110617206553,279.51339518778053,37.74556711052811,-60.76946064121181,4.185237565110184
signal,158.34803029698057,-49.728924754393624,647.2788197155178,91.41752073553552,-125.05949077683127,2.7275924871095962
field_control,320.055162368458,-74.05724164299048,647.2788197155178,58.71892022110417,-107.04582014128616,2.908887274152183
projection_control,165.2846483832051,-50.44599754319319,384.338764312699,20.867318320286206,57.77406939483766,4.178056501146675
signal,231.82436860114083,-24.975464693715285,24.75655033724021,5.828246446863329,-0.20618224403963964,10.14153123170869
field_control,300.88347712279204,-50.85921423180566,24.75655033724021,-1.3673519450126472,5.080385192978067,10.181897978625084
projection_control,30.443536115005628,32.07479009616932,414.96586356957766,-92.84660534520003,-18.999246841519742,3.7047834712671888
signal,137.142664208451,-11.790090421381636,65.50886650841613,4.160097790093746,-5.791384602188416,7.679784276169934
field_control,218.99125011728145,78.8518200282238,65.50886650841613,5.815225104810487,5.897968094873244,7.265465664934562
projection_control,37.17540319501743,-67.90436266772213,340.2062434738901,-79.27257542265629,-38.14653480711009,4.5420141654133
signal,19.643546981771628,57.04120648294013,288.1972281089416,-75.5324485779367,-26.10950744810171,5.22549819228597
field_control,139.82154493819928,-26.053591664930757,288.1972281089416,20.385419748147207,-29.7014338752656,4.819784581918841
projection_control,30.971576531859554,-74.77353222499326,585.7937887053774,-118.51592445066953,60.37576766641165,2.583605979628377
signal,215.80601027713794,80.57822912056699,694.3496710778993,175.1796266962934,-8.100450241072467,3.10025414022881
field_control,181.15368122698698,72.00553932527889,694.3496710778993,48.192581974874564,98.729396048279,2.884850285661304
projection_control,242.10261456251365,42.141236250723686,511.20012921170047,7.487098989014358,127.81787049385376,3.4172640019114864
signal,324.8651793998429,-65.52987869133779,270.5992915371176,-23.1678449937006,53.50400026938981,5.080874588771352
field_control,276.74452561636895,-39.41530446562126,270.59929153711755,-18.610910151095634,-14.868027952930671,4.857011995697357
projection_control,273.6579347244572,8.45646600794492,153.96239685332355,16.106855157387006,-4.1038062006794345,5.539566816029055
signal,137.95753174101063,31.467567920268124,1091.7211223789218,84.44864433156249,101.3606804610687,1.7735437641540124
field_control,315.9163953214103,-16.129608494853574,1091.7211223789218,-41.37641630821943,-215.99289391849598,1.7646474083344548
projection_control,73.6014140871383,-31.349141546956908,858.178798161457,-151.09398064970839,91.42026843545874,2.4548533727571717
signal,77.87979994709774,-14.865560047607257,1517.393221874666,-266.0940493295156,-128.7577971553011,1.548793521921049
field_control,37.361494143601874,30.38041375297922,1517.3932218746663,-374.66885047051795,-4.394005827047751,0.3246734854251794
projection_control,27.787510881528462,-25.78880303550127,618.1664103824296,-9.107581479659423,-63.45009073703335,3.26651068477247
signal,159.32784453581354,-12.42043359345628,606.1153590301872,97.82135049477779,-60.276631458385914,3.0218218645655726
field_control,138.54825449749927,18.39443144006406,606.1153590301873,-115.93175073272612,-54.60652620073932,2.955267574971788
projection_control,198.95841639962933,15.614575727026965,746.5437296456367,59.40420838564532,135.0493978642324,2.2971643911888733
signal,17.41057597756111,30.565959751345837,409.8141664171796,-102.59552940916025,-33.776157344141026,3.9276867408784244
field_control,279.40197542886017,9.337216517757884,409.8141664171796,59.02803048944163,-78.37715600369735,4.4738967784479104
projection_control,235.4877853300345,-33.4197702346362,963.047477799574,98.94258234913178,-200.97143179711478,2.046609907650864
signal,295.3755304128989,56.80926690438234,157.11668493780186,4.318519132389138,-38.95265886950979,6.069880825914845
field_control,155.39463453382595,3.4282383832134293,157.11668493780186,25.040517762515616,-10.325850936946033,6.022758852660556
projection_control,22.334910104359547,-19.68632849116698,765.5226575623723,34.594693681711455,158.9462127878386,2.495656298888049
signal,297.4826919420672,64.4032705246016,243.22796319030238,7.3734940097389225,-60.17386172429804,5.280479397129841
field_control,119.60199506386219,43.38370840291042,243.22796319030238,25.169945756077677,-4.130435362899146,4.9777455333644225
projection_control,110.43957582797084,65.65049697671759,180.311257860734,-16.79506221819797,-33.1197521420656,5.455455673173733
signal,211.6801668346662,8.873021343501545,234.16427781661454,58.3560580917647,-8.80739629861428,5.3434692067912914
field_control,148.07617085637708,-32.012405894975934,234.16427781661454,-11.322678832713455,76.68547203760815,5.157468641767429
projection_control,168.87859597712833,6.91151566049217,475.1632778905416,-23.177981925126474,-0.9465484792894157,3.980185685892931
signal,127.11704001782022,-16.60414416006108,438.08811718930014,11.91276054133679,-52.610418631148605,3.6496550493329325
field_control,217.02410884308628,-6.606978831864245,438.08811718930014,-34.93913694811348,-27.43483257937478,3.898624493454716
projection_control,129.9869014827734,45.06625095139775,263.5579097782794,11.0054396060399,14.478431019822644,4.450950299936807
signal,287.92201120048196,35.1065075102553,507.26146367790295,38.620121432072395,-94.29591582960029,3.313942531660092
field_control,359.9298518881685,-43.558545771297226,507.261463677903,-97.23405033097929,-76.19307715002297,3.6714867208947175
projection_control,127.53767779819763,83.4104478014443,464.62763955269406,71.8270066125057,11.352778372854152,4.005160968944367
signal,199.68732892381215,-29.867586254478102,483.9064760749932,125.72245835622309,-36.437908623464914,3.7681637157964096
field_control,177.47727447763145,11.062705538918989,483.9064760749933,34.153317063464236,36.93092511282816,3.507528779703401
projection_control,88.32683309983598,3.100236108411782,332.7887631212617,36.97095802095846,-17.185372020356027,4.087932842284776
signal,297.33563107800586,7.362588731427919,45.60511439873005,1.2303505911579515,-4.092052877492522,8.919503227788613
field_control,75.05801098353379,-29.92798846840026,45.605114398730045,0.20659032399614138,-2.1614598734562818,8.83240813333935
projection_control,238.28890774932415,51.68415999451331,465.1829637081011,82.14889700884794,82.8648341480924,3.865669139606071
signal,227.3251653298874,-16.429961961390323,1372.43902282678,340.03164518187515,-45.91826753295012,1.194529372855564
field_control,58.6247671004741,-19.40939987215013,1372.43902282678,-132.60327221445309,199.23469203354134,1.8155299511308338
projection_control,243.53414982741756,54.31359883330447,639.6059315585419,-4.284567118830749,-14.730795284442202,2.974670093675066
signal,282.385970356607,18.255933054387295,157.94841237691614,13.497356823488158,-18.56268018951003,5.531267254399327
field_control,15.245909091509148,-3.2962431840317787,157.94841237691617,24.952275061554126,7.034758311450417,6.309298915132677
projection_control,143.1663891958997,4.9363588259637305,400.06395225975297,-17.10981310195272,-24.405040280833056,4.471773068843495
signal,215.4826775583936,-31.27875012437135,331.6801697946415,83.51513454853307,-14.409115989557833,4.334207635822076
field_control,201.1742045705957,-71.16617241581118,331.6801697946415,-25.219527426426666,46.71952244824741,5.098492529381644
projection_control,329.2375189854812,-33.14003624318659,539.20738003247,-41.35396329959974,63.63278879752883,3.6190981089411887
signal,149.09078455763984,-38.08385522680211,427.8582314912435,44.68460048417262,-74.9554132002957,4.030558281033512
field_control,196.0459529359803,-54.698665244544294,427.8582314912435,-69.97319885933163,-42.287293988694486,3.646469433880239
projection_control,59.669343707479456,22.601698057393797,596.3640090174147,13.440869958725232,31.266180352019475,3.860404467519413
signal,344.8605095734095,56.77007088921332,244.34155510966184,-38.57533868126901,-46.654721922031094,5.601638385859889
field_control,73.8842136409113,21.83027791813228,244.34155510966184,-2.512401120469969,49.34880509655099,5.56287018418456
projection_control,206.62195178484376,81.0030907417466,1032.4755277687198,105.3929247594078,217.99796492336543,1.1743470650589196
signal,194.8009769563841,-52.78699201982762,392.5107762319257,95.08055346813282,-35.93994981241829,3.6713546881358288
field_control,250.3185863229241,-8.167069382391766,392.5107762319258,25.081616812674024,53.548017609642116,3.793539984861248
projection_control,270.88860153113797,31.573800407898425,587.6266902213523,-76.48667492807364,-45.44701954763866,3.064034544359118
signal,217.83222667459384,0.6827420932412701,153.63812987408232,38.24952878409873,-7.630061842951154,5.939533563288545
field_control,266.798534986685,46.85123271960363,153.63812987408235,-18.104950518385838,16.324209892866076,6.1735747831598555
projection_control,145.1547922079708,3.8953858655353493,340.39146225639104,-27.69934759905605,-8.411304541554156,4.07621360474658
signal,79.37555018930973,-33.937928370672445,134.358303474044,-24.393026798869943,-18.635143518384172,6.2418563744391475
field_control,93.27535393756006,22.913687778918405,134.358303474044,26.389204990606796,7.372370003501103,6.57842040166819
projection_control,34.90764154755291,75.86354241433487,91.47861551595892,14.318278724060244,-14.151022328626258,7.506609623081836
signal,225.23428419381952,-67.24097889056331,441.0812712747228,108.56101009091077,15.033820109154245,4.184148513739075
field_control,123.87591505070515,-79.67218392164453,441.0812712747228,-100.17829926934353,-13.813901612460791,3.6241737543382824
projection_control,294.2299123967652,-4.281042877881546,242.6338035123657,-3.3509910385615376,-4.050811860343118,5.085150460943871
signal,205.77875381385977,-68.11938021770024,581.8701150493159,145.19012716222738,-27.759016079122663,3.165387288233445
field_control,356.56980204501235,13.498780142618974,581.8701150493159,-23.934417093360338,-180.21103216403714,3.2022590216133175
projection_control,218.46490399445005,-43.01451886563068,306.23911647595975,7.276071297661508,-15.64706248835836,4.56694897281624
signal,66.54182326092898,-40.50816888388404,323.18633323265277,-72.49136996231825,-39.20498871075171,4.1805370960434525
field_control,134.7352084262643,-54.34585313103762,323.18633323265277,43.10416722103775,-69.99236957649158,4.725873394590685
projection_control,42.193406044884036,-31.171206282845684,536.4902725228134,70.43123332387964,14.545489132267308,3.59161805520385
signal,21.451355047131738,47.18405133349445,125.55144872609247,-33.226146750326414,-9.251264333667981,6.673499943075975
field_control,273.8886018321966,34.1849674589137,125.55144872609247,-1.7174123476376735,13.141288625314393,6.292810088705857
projection_control,288.35305214521134,-46.050501504070546,727.7295422895148,-25.383097815745383,-46.86200506731386,2.526361394222008
signal,217.56935509731758,-25.787999016263704,675.3711023790669,171.9558400775509,-22.070304811134225,2.730896072957161
field_control,162.9811535867784,79.42495537423558,675.3711023790669,-175.67769429406297,35.05203915187601,3.353102666833739
projection_control,11.757261882418515,-59.091049375385644,280.3958541336697,7.050336898577947,68.63601612853331,4.4383739115462255
signal,274.92921696611535,64.27904286791747,304.5307639312573,34.890233304877384,-67.32322589906191,4.21452795825956
field_control,285.6041380299513,3.577442475524791,304.5307639312573,-98.32974882876421,-28.95487495624503,4.166465152848742
projection_control,245.71168543357976,-33.22594011389444,45.46906128732192,-0.159553111688491,8.943758761920977,8.882703767127387
signal,188.42449353192293,9.395274056182112,299.3706630901774,70.90867451837205,-8.610722401374687,4.351121811387591
field_control,276.8483659617532,21.441988586548877,299.3706630901774,-76.87837383620351,42.240169115196494,5.200861236388952
projection_control,315.8461631278219,28.350725755787046,1409.7822260531402,-26.64745772253468,-142.49328125432598,0.8551719689950428
signal,81.63814511507245,-7.283076156356592,239.76342440340144,-43.28411490568092,-17.76631113587456,5.621297922523048
field_control,240.3921690714728,-31.693267818009197,239.76342440340144,60.69677333201914,-10.970362199011914,5.401483176636141
projection_control,236.43218285084055,-32.94546002681017,319.7697431817415,17.319929243377718,-61.88343424838792,4.464316008632221
signal,239.9479116094926,9.217208931663786,846.4264158544288,188.20911182569498,-56.65069382171344,2.477316723185823
field_control,307.7202046664085,-7.1694667686268225,846.4264158544288,-34.70917942598626,-230.56850312555372,2.3351362837926506
projection_control,200.36823426077518,23.896203308803845,323.1508742731455,-46.42602661537955,48.37073397567464,3.910484725307714
signal,28.838061579456802,1.9138498757069442,249.8350830484255,-64.21616053876147,-13.325495348428454,5.044060896395003
field_control,338.1186581559666,45.413434486606135,249.8350830484255,-56.53684269921407,62.93520058351434,4.89093241638822
projection_control,286.6469221948927,33.5658423000685,468.84263956070953,17.116701842283835,-66.53182317382647,3.327513502738956
signal,159.06013372870365,31.168221269949242,128.1091979091031,18.78632870626351,9.637380261865896,6.387130318832562
field_control,208.7939953627502,-41.69414895598249,128.10919790910313,35.26470508293577,10.840981604383847,6.309989960738868
projection_control,97.90057419064155,18.199321891844914,292.373560452513,-11.750268031448792,4.335349361016728,4.74853956272055
signal,58.81203302343126,-25.785794535807,731.517895843895,-180.27196835421455,-59.97380495627507,2.7665198768075703
field_control,85.48880660018845,-27.96478434093734,731.517895843895,-74.54044000094392,-58.603796402676984,2.6381365320948262
projection_control,70.71091771392626,-13.836967311356092,792.551900310393,93.88309719435446,-116.96618951313728,2.2737340021479913
signal,66.40525838155801,-17.091541333772323,633.8735247525813,-139.47623830485887,-50.325728122588934,3.074057719797941
field_control,143.506426191867,-6.265319035803494,633.8735247525813,-54.0364481355223,173.5732531496617,2.9754381775325447
projection_control,148.02857131301678,-55.3651243095208,144.96150329277654,19.54382018223707,3.0833252241249682,5.81487715330325
signal,72.82582169695331,52.0165545891102,69.88630981887776,-13.985473699135829,5.934870143262911,7.865690102525275
field_control,272.9900568647856,25.11887889964346,69.88630981887776,-3.869555255890563,-9.197739012468345,8.154607328053451
projection_control,168.50485952434445,24.8652490663294,674.0738526764297,101.93071856738078,58.98792187118428,2.846093322130256
signal,139.21454053583204,63.241610227068236,728.9526527893669,44.692219054552695,152.77756398148824,2.7209569232169986
field_control,234.31805464459302,-14.372921032834714,728.9526527893669,30.673850724090567,-29.975633797893476,3.277099626249048
projection_control,156.1838122278879,23.907894044980967,151.356786268503,2.9186072089676025,-17.465906700274232,6.180233127375571
signal,18.414074023343147,51.73145020561248,166.29549382786905,-41.91331281760704,-14.167248215319676,6.15623709580915
field_control,64.00740188348955,58.811095273929915,166.29549382786905,-10.046985105730306,-37.269042326366204,5.955411570513688
projection_control,309.17403762053567,0.7038233389193601,135.93787634280218,-6.393694297963297,-6.320965181577262,6.761496190594391
signal,143.20563873447534,-9.2709828289908,388.57384107556925,32.981980175060144,-31.354451494984374,4.059563501829401
field_control,18.446234812712895,-54.202162611914105,388.57384107556925,-86.22496057059132,-14.59754727368262,3.79894365163236
projection_control,263.78405092301944,-40.49593632554721,648.0633433353919,-106.96724865558234,-41.59146643128222,3.421942069164237
signal,184.21468096129226,34.1063667656728,620.2059236292893,141.86403396115892,14.96462514776238,2.743938799846797
field_control,245.86617367514333,-14.974647051189935,620.2059236292894,-62.29655339598211,-55.8431232807119,2.8736026383217297
projection_control,318.99363671275495,-59.55138206198968,1059.507760276773,-116.95909053967075,-101.78705529567611,1.7809765242084346
signal,173.98594258787708,-2.7127386089951484,155.44900950855984,28.98438733920051,-8.41314819710489,5.85833333699764
field_control,90.38844865056433,24.702596638061642,155.44900950855987,30.572764852782452,0.928213603027616,5.987132968884515
projection_control,41.96990684005081,1.416928966786013,187.27394098316987,33.0073429038331,-15.483815161635437,6.040429809131206
signal,137.80227614509462,-0.2819133155086314,422.7463265364848,26.01947694356152,-19.586477156509698,3.2758951795795364
field_control,179.88128774245922,-33.231725546104464,422.7463265364848,16.5253448030527,8.246729399340202,3.5605641560374175
projection_control,143.20563873447534,-9.2709828289908,388.57384107556925,-24.24817130906553,-35.94036836004019,4.059563501829401
signal,302.0927789054709,-36.2024222178528,373.0932305662261,1.6866673420884928,39.52508298891871,4.748958288622303
field_control,268.82883810453393,18.229637370458672,373.0932305662261,-6.130257262597172,-65.0762388580481,3.7872307331773714
projection_control,50.516826549665396,36.68594033516004,442.774683405174,-64.93646976113965,-86.46023248339363,3.7996225941347213
signal,52.31760927138148,10.501461513446637,494.68732483793013,-124.58851838417617,-13.68117583015866,3.7871724637623383
field_control,202.56004103627993,-42.18805124567906,494.68732483793013,-66.3996972713075,13.718919305386821,4.15748424988844
projection_control,216.650424220361,5.345096955729253,396.8776092243089,4.490411183857172,-75.37075552846922,3.767485575566502
signal,182.0508277612946,-38.88271175661298,322.8158119138646,76.28817055442804,-33.46990839760322,4.206204857227805
field_control,29.988929920246697,-62.62790717388048,322.8158119138646,5.614685851730867,36.43238469812513,4.546010063550453
projection_control,173.8942911212004,11.725532368578024,215.10713016146138,27.884379513201488,-30.986731557578864,4.774258349804823
signal,22.334910104359547,-19.68632849116698,765.5226575623723,-203.0570558654479,-20.475577066013834,2.495656298888049
field_control,66.80888524207994,-49.28543701254391,765.5226575623723,-20.889148337328358,210.53985506720474,2.330269813603075
projection_control,353.20244683245687,35.255945549428276,192.47257385794347,-2.3702605840655346,31.608365056772247,5.738793354240239
signal,25.61604439604751,45.239830114450314,466.34608422238966,-123.99097096031976,-25.33378602476218,3.4653953854135153
field_control,78.9581462511309,59.31316596539129,466.34608422238966,-53.744240823742814,-24.547701218598704,3.901439398782759
projection_control,329.42186370620004,-10.412994426127007,728.0488156258172,-18.63490894044466,-16.79638128513128,2.60452532389242
signal,206.59170588375466,-35.86294691493426,72.32929297665743,18.23364026212593,-4.094630892808092,8.166193064100925
field_control,92.83113131214417,5.940853744043661,72.32929297665743,-5.6635459348446044,-12.807940525726567,7.349925063246636
projection_control,28.838061579456802,1.9138498757069442,249.8350830484255,-53.473517622694985,-31.161058617693822,5.044060896395003
signal,203.76663295961552,-59.057465104753696,605.5222901236442,155.14971412178912,-37.17540214144908,2.6633861769111324
field_control,203.54522110218153,36.348242369454525,605.5222901236442,-59.53759786086498,-163.93403331506966,2.760545711831095
projection_control,183.54744343816475,17.595508617402597,497.61069495208505,38.245636398543155,43.298541295544354,3.165191878289749
signal,316.09206462400454,-59.540173572371685,284.4056786590971,-17.61584627893869,53.90711852102437,4.7646514996620315
field_control,181.42768073714163,-19.553748804932578,284.4056786590971,-47.20304192896916,65.17422114366265,4.489395961697125
projection_control,197.95268259943384,35.522287061856396,1248.1222189078883,-209.44393937105437,-26.88281668047029,1.3148809319657722
signal,200.83452323762634,61.83221899299448,527.8887640600514,134.57626268249138,22.492242017290884,3.3547295558149726
field_control,73.13761381111522,10.679631989380187,527.8887640600514,-1.3044579500203721,67.32400715104106,3.8836418928439373
projection_control,250.97892916967294,-5.9327961878374,98.89821963425513,5.8927278379205115,2.752606823999823,7.160964424448266
signal,345.52476734574606,0.7930490972805982,216.08967194274317,-35.822379947494774,-8.533928965947089,5.574881538356558
field_control,24.319743644047346,-0.5784526951354891,216.08967194274317,-55.513812474736,-18.82515171033354,5.250965929410312
projection_control,196.72507502212474,-12.769901885190421,587.4255044920682,21.065310391555506,48.64516751483422,2.9709929479443216
signal,17.53014542397472,-10.438257599881707,848.4405405943206,-203.34787275946536,-31.56010770677217,2.3256901716410328
field_control,61.71559361089851,63.05930009064538,848.4405405943206,-138.7977569020669,166.71248081514761,1.6243808438876952
projection_control,289.36976057405104,-4.7839511381787565,369.495910206019,24.05329851860665,-14.643783624616669,4.937744374027778
signal,35.28276652106678,38.44456560222269,71.83182787553797,-19.374467497128677,-2.941400420975147,7.190952747551656
field_control,354.37727254269714,29.679593989805117,71.83182787553797,-8.29194429896513,13.203368139928317,8.081435190500965
projection_control,197.33227298208791,29.8209001440829,146.4982724115419,23.642704752370246,21.991348010083197,6.082320626657434
signal,15.863710165337302,42.19468419343609,416.3580419672627,-101.81977224724653,-35.476495134732744,3.827329862180107
field_control,168.67690192493,27.457159736957266,416.3580419672627,-29.399391328752635,103.85346719982397,3.8107508033241317
projection_control,24.212129028252424,6.226147103448129,941.723491637151,-165.27286364163655,-89.39949383171592,1.8646688391119637
signal,66.69966612007441,-19.610118550482206,636.035275498563,-139.5632295465356,-66.24739862828588,2.690945319822022
field_control,312.2443816927605,-65.13396714510758,636.0352754985631,-52.632393952807604,85.9651348708016,2.4277715834414977
projection_control,251.6215782554588,7.4721340892490735,575.8069073274361,-47.11391997904629,94.69013455756291,3.174979128323276
signal,194.85723993900407,22.782631350694988,1083.8930450343025,254.85518070695244,-10.885398526584043,1.8489417160690698
field_control,305.5508880007835,5.701127902779553,1083.8930450343025,-4.252284280717103,188.57526229303272,1.7300628057130787
projection_control,134.3241426320581,28.120419381987496,130.14035613409553,-2.3660544928138605,-0.8570969484993344,6.336250312962787
signal,232.40598531387408,32.836639961126366,751.950777907651,187.4393463338282,-56.751429202427445,3.049306046180975
field_control,184.1470406866345,-3.7852536791355065,751.950777907651,-42.29946926705762,95.6827532305064,2.775354104206348
projection_control,101.38177515802742,-24.554810235003124,610.150267704859,9.418094292638969,99.45655952638079,3.364239676524887
signal,16.41065686152077,18.017133081461424,369.7571221518429,-93.55739929342383,-28.336881140111423,3.638589686726367
field_control,254.40757504579565,58.835441533220916,369.7571221518429,28.49148600875042,6.664031895334306,4.281632009955941
projection_control,56.23436472718391,-10.380839810407963,288.8581125025823,-32.458038929885944,11.828772085356103,4.840464750401957
signal,340.5495203444157,-44.171614919561485,515.9833751411373,-82.9074682454643,58.02832015223386,3.1967546344298237
field_control,69.39072374857642,-29.03317948936622,515.9833751411373,112.74319008636462,-43.14738242322347,3.976345948799241
projection_control,153.4036456628031,36.045060494706206,320.41926699868816,31.635262959799544,-34.83988024051285,4.399540129420866
signal,303.1795355941372,48.743601205975146,182.5385477841734,-1.3605187520247137,-39.861373440982184,5.527419158336118
field_control,247.82281377368696,-27.40860349969187,182.5385477841734,-6.07929974186975,10.819785741909532,5.437396685700188
projection_control,181.1276901185544,-7.758865260347281,1025.6619478942216,-164.50961063675757,162.01280922073454,1.6374130569300813
signal,106.78049357655352,4.484483028854751,433.8493382980722,-29.207110398118893,-8.687971651052052,3.6988159743386633
field_control,98.05844853478423,-10.21296853756747,433.8493382980722,-63.71111247965899,33.70120007896417,3.8273213390421184
projection_control,209.85338044953468,-8.256261277635799,144.0912189990069,-20.89341215496375,27.63492650636208,6.017797893259561
signal,27.787510881528462,-25.78880303550127,618.1664103824296,-157.22922157735084,-18.225153927404246,3.26651068477247
field_control,299.54235483149426,-30.881259994394185,618.1664103824296,34.37865030351992,206.71591471768284,2.8346022019673702
projection_control,337.06102372881355,6.1772427497728275,275.34209211699516,-35.455720531457956,12.484185379184483,4.477320736426416
signal,61.15934635886062,-8.600480133282618,308.04384128419576,-70.82156569846482,-22.992384797822602,4.504874022865107
field_control,30.14068791920757,-47.87063714947179,308.0438412841958,21.12414706758508,1.5248866188162817,4.094279479877357
projection_control,107.77801453392539,70.73638652548904,346.391109311768,45.90687372944337,33.5709826285533,4.469228733621178
signal,45.69998895179017,-67.64692510199083,255.10423354512005,-64.36982452607663,-13.878012651646324,5.091152488014336
field_control,278.3299222386999,45.62924364937778,255.10423354512008,-22.92732893158114,-19.45286749063725,5.232069881989988
projection_control,191.2658466063355,-41.78056758829149,165.4401536058829,-22.979370080911746,19.664466246296058,6.0110146227176795
signal,44.38216054762087,-48.09612667708646,757.7896231673556,-198.11628583098192,-52.60961502117734,2.414524817155328
field_control,35.97728636470303,6.693210637579502,757.7896231673556,22.79155462328312,56.03250110212805,2.7412376010191166
projection_control,110.31581617321376,-12.106208524191539,247.9594628514858,32.364029318534385,1.4040402371014105,4.969749120145315
signal,186.6822079196642,32.07936809846459,756.5391377829827,176.7238504813218,12.601940466997604,2.6748203028768263
field_control,317.22812528195124,46.279958508108834,756.5391377829827,-150.57852599548275,-29.162132822587623,2.690946534161101
projection_control,76.18892348515003,34.7358588053753,481.0136118679146,-81.97108158080188,-1.7499296899723367,3.292956279553685
signal,88.5050792976241,-89.6091302164333,1419.482333542381,-213.39608772923586,-312.9096559246893,1.4726893302896267
field_control,109.51362652860134,41.473190654353836,1419.482333542381,-209.2511788770645,-113.76195832315236,1.3673870990039054
projection_control,191.3237691081499,51.72498653914372,618.4751105540041,91.07625885125563,-128.82799479132794,3.13724856096153
signal,128.930297950492,-9.605787546089626,237.84504495503626,8.464410246340885,-17.7230564019864,4.89883959428752
field_control,235.58161133900688,-25.84354953802846,237.84504495503623,-15.948565247791993,8.915886202747778,4.912887603402122
projection_control,316.09206462400454,-59.540173572371685,284.4056786590971,-35.3508996758466,-11.997479578341622,4.7646514996620315
signal,356.22192001835606,2.5803489017016004,280.23857228317206,-59.400743144950354,-15.310411801883248,4.996767877252745
field_control,175.50082030330074,5.478653169456391,280.2385722831721,16.143582135547653,21.897012929018743,4.460651915115331
projection_control,48.7654332460887,-17.784993642359588,123.96000723860921,-23.816164322666964,-19.135731864672668,6.186879762886183
signal,246.3531296131241,-62.9652683758012,401.08396439512285,88.19849526627328,40.19193496647303,3.9995353358923658
field_control,131.86913229444204,-56.466668479290455,401.08396439512285,-96.10877886989108,81.66466514075489,3.995117716924903
projection_control,215.76950101517963,39.31318498229035,1353.961497055376,351.0210586333599,68.24947114160472,0.7039183817452555
signal,341.63304013692044,71.11255696022083,172.88574875177977,-28.088719813394317,-35.888881995169974,6.124842096334626
field_control,232.35905994605872,56.15052198751623,172.88574875177977,51.43534537885834,-3.8258541672006383,6.159567444913434
projection_control,19.205278916003167,-7.582941203603712,1028.8921006819821,158.5704431670007,-192.8724766006056,1.8026585085476037
signal,51.32035981192161,-33.21274471584473,196.8161362575361,-48.53071283372815,-16.30723638654236,5.4692705208742085
field_control,341.10827299844567,-11.038850926605708,196.81613625753613,0.7266963181019545,-37.98534590661399,6.012119631533365
projection_control,324.34592244856844,6.325109568500795,512.2439765073207,-46.941430598303405,41.38257567770174,3.6522160592472415
signal,137.57021093972494,-23.054252221102068,327.5179166936362,21.29883351240875,-47.57895603843064,4.538198082415801
field_control,14.85710905486387,-12.277555544525551,327.51791669363627,34.21192281004957,64.0308462343817,4.662454497909399
projection_control,14.017686007559618,-16.798933602175435,387.0793184187618,68.38019382817322,-10.89525116249772,3.8878315439890714
signal,199.7034491816475,-23.08616351873776,157.11750705672483,40.03486481207327,-8.374511122778651,6.006695232205735
field_control,330.78702811791754,-23.23412424834669,157.11750705672483,-22.716930157678732,19.383466463537797,6.027629429739723
projection_control,36.35211845439399,-63.57069697358652,174.19490744525916,24.168041834503168,22.828653140982592,5.916569954295795
signal,27.632902279945686,-32.62692885674649,683.4536705601862,-174.69227452689492,-21.00123638209161,2.797590920006924
field_control,219.26939580756485,-4.512265684346792,683.4536705601862,-6.361886332635819,-123.82852872387667,2.9073897774390787
projection_control,352.4945598362216,-25.975769269688488,914.2435262281695,161.36230356736235,-58.47006835480698,2.607891039981663
signal,1.5074797060648315,-85.59970396837825,909.1047650080101,-193.44644718115052,122.92599516734035,2.284609457995187
field_control,290.6331482768588,-29.76747162733085,909.1047650080101,-66.08122416042667,154.8684927926478,2.2104084873250915
projection_control,217.309392201375,12.82429556607766,1004.456196098504,-70.03836185043826,-78.73298938287428,2.322377345076408
signal,241.35636016689028,27.302581300651028,590.6135427475303,134.1238120822731,-61.86245931023738,3.304525235266179
field_control,138.19498323633994,-14.494996338272951,590.6135427475305,24.39234785638037,14.859547448966389,2.8356999925888795
projection_control,252.7725946254586,-9.653654295251505,1943.9645104261608,361.2076488051666,123.26422848106363,1.1487819460336839
signal,231.0550260485167,69.01768551107774,1198.4267003562798,287.3528942067927,-103.54049291599515,1.2320731447717532
field_control,169.86347094154095,36.862313290791576,1198.4267003562798,-43.08708409382635,-178.5349017089401,1.6143368318121176
projection_control,96.26473002871487,-8.773195085132354,354.6164024147529,45.41947058335746,-8.162704077909506,4.352898670243694
signal,147.88397159986025,-33.46400707040877,362.17301569958306,41.193631016331665,-58.32444434950647,4.6355096358768515
field_control,312.786270648419,41.952247387002814,362.1730156995831,-56.5240567636302,-40.237372536235306,3.8049715079549404
projection_control,89.41545373312807,6.636320278344871,140.28538050825284,10.033612240014003,0.8768223118287379,6.101911798726874
signal,176.27186737153175,19.03189107141939,105.62805513150755,21.81559857706447,0.6437780511820641,6.323204670587533
field_control,149.3452691315363,-23.05627498086623,105.62805513150755,13.941483144744797,-2.58944167911377,6.843880414921561
projection_control,100.21265339855637,-37.14288044226912,192.41052703356723,-4.795421558651868,-39.35113834935629,5.093103937168253
signal,149.55948021315226,28.933400624580177,1382.4545337925304,151.61598557761343,90.96585538618363,1.0913020814720933
field_control,192.47744402967055,-3.5529613348870988,1382.4545337925304,-303.17978895799763,-22.71378173014236,1.7875772475726577
projection_control,9.277055555166411,53.145992078041566,1699.8948644941013,326.6814906964482,-271.88355372861594,0.8325189400431581
signal,8.64181614415999,44.17488280225026,875.0525749123019,-208.68610595251053,-96.68091476340307,2.261548543325481
field_control,7.270172310359848,48.38632026650367,875.0525749123019,152.86013906408365,-0.8913299321899145,2.5366870313899565
projection_control,331.46627412334874,-57.26565902535226,361.21774710948364,32.95931317857333,65.50996571519156,4.822317793752792
signal,120.73377823828646,-8.901810559322023,417.5477729859648,-9.479522209693615,-31.756964583746687,4.020175932259457
field_control,57.09528210169522,-63.463936610934724,417.5477729859648,-39.60750438929353,73.07076828930089,3.619533386262714
projection_control,43.339528364072045,50.96918123805974,605.8456347524802,-56.02933231088572,84.30350534855138,3.4989184595678
signal,63.74961194302434,-23.212235935184577,108.00983924131219,-24.018277812116168,-9.813904357896686,7.305535159889049
field_control,231.00714287092788,51.10426802252746,108.00983924131219,-6.171818884733354,-20.04222798901761,6.810954680673951
projection_control,296.80974633763765,-17.953502558239474,684.9131774654726,-28.30041544364009,-11.458572324580395,2.877270500343135
signal,35.432708076492744,-20.45121594135679,537.2988535638929,-135.05263281769837,-28.66948968655406,2.791432983960972
field_control,258.11168438299575,-34.168688846139965,537.2988535638927,15.846725239472875,40.64058854878684,3.0986075369020836
projection_control,141.5174067213844,41.859012117625404,182.00240442500902,-11.291978999777966,-23.922227760468626,5.730103388727623
signal,344.4193562001659,25.166024356394196,378.24285365555386,-70.94886834534273,-47.154598513993626,3.9588381044085215
field_control,209.73633724241978,20.920884022350293,378.24285365555386,63.42775771986422,-37.12250159881228,4.092392212472271
projection_control,206.29519222284563,77.44082088233152,603.8305218060909,98.93934684502513,-102.90189885423938,3.2335493873824253
signal,215.76950101517963,39.31318498229035,1353.961497055376,352.90895152685846,-70.85252100363415,0.7039183817452555
field_control,51.591613059219846,9.50324081537295,1353.961497055376,197.36032878043778,106.52414709742595,1.654300773042404
projection_control,58.557893437974656,-64.16358096263237,307.4328397544236,4.287126041055777,-61.53455775072117,4.388902705048822
signal,262.3162623251769,-39.5515394348214,801.330273469209,127.56571220406857,68.74216301027833,2.490428840827372
field_control,160.34595428802052,6.077955703632803,801.330273469209,82.2303768271082,-167.1288376204263,2.6768446301472686
projection_control,3.8919901086706825,-3.1536214188173837,613.967673488702,-78.67786751259919,91.15172194396294,3.271224112308376
signal,113.53094757580229,-14.958419210053068,47.470395444037045,-2.713039160610171,-5.5534786031338665,8.699390827602123
field_control,127.83411589074834,45.94893917869979,47.470395444037045,-6.152229788660835,-12.007400939583196,9.363128976475714
projection_control,289.5890614838904,-6.8691336694126095,48.587212378765344,1.2656180697047572,-2.615827229024793,8.033427553746371
signal,141.53296661784546,53.50226684458507,77.38184643457505,6.43149147406163,13.526629803050648,8.034043280864822
field_control,178.4380838526318,-52.83088541087846,77.38184643457505,-20.27314829005506,-10.87395114222387,7.914547778965718
projection_control,334.3894379444036,2.311926727001235,374.53330580299036,51.183679949360176,-11.077880559547415,3.6211120088292277
signal,85.29263780282045,37.83481296760038,2892.9210696071696,-469.0707969002549,252.29265422585127,-0.27049249437614603
field_control,313.3184524394739,-17.814963167247548,2892.92106960717,-428.2848036854125,-647.9639883248013,-0.2454828083208753
projection_control,129.31514891376852,-26.778139257524582,323.85004288536214,7.8040478896658785,53.593188893133856,4.46164585516775
signal,34.90764154755291,75.86354241433487,91.47861551595892,-22.464259666015135,0.19379197398587847,7.506609623081836
field_control,279.31011791711467,4.387729256459203,91.47861551595891,-19.14007751048829,-1.471948515255612,7.39654707648911
projection_control,302.43890823811194,-36.17386030389797,461.7105522572242,39.58034741408215,19.884699533122674,3.984739831325118
signal,64.45138947897017,30.563735448881268,294.8548355882467,-62.066198032430925,5.831989193565809,4.827109851681777
field_control,30.23622050009723,38.5046176780776,294.8548355882467,16.309607955325518,-6.9211114609232505,4.591225774965058
projection_control,112.99517882008938,30.89744657963722,373.65272495143665,-34.20662867597785,16.992893039402635,4.052547212492479
signal,287.10505630673487,-12.33396825280309,157.35432389144034,11.796623654100307,0.9463731506244867,5.885032134604833
field_control,320.51131119884315,-34.54920879041815,157.35432389144034,10.995687156058466,17.868517946393627,5.6773553195804345
projection_control,198.8518096142043,45.03753351918978,526.5863961747153,89.3154974862067,-82.4094335655832,3.8100892132985154
signal,243.91648986615928,10.444072673425941,415.6488871035235,93.98861024012719,-29.672621332293712,3.4836786658645553
field_control,169.8361744139365,37.29072940054052,415.6488871035235,37.63270918993592,-6.787081582773268,4.2980998633884235
projection_control,27.709800977114668,-29.70391098273368,292.8903337964526,40.45131143648438,55.89144341233233,4.154687076629965
signal,196.8943953547717,18.7856449266783,372.567583202149,92.1739280574701,-3.296417803517592,4.226475366488979
field_control,267.7903721589594,-11.579243328044289,372.56758320214897,-42.29423350872714,-91.03856572042564,4.446672120080931
projection_control,106.49667509875297,-0.7088768328633683,482.42678947944853,29.473799299496132,-25.723097710280886,3.5542984807656746
signal,171.03235423203648,-57.467695052095,390.97805532580503,71.54154895316431,-67.92763873788942,3.5916074840709937
field_control,50.414123255166764,-38.47494049769737,390.9780553258051,-4.43791480168095,87.53620638361433,3.9669218248364135
projection_control,210.4355207734049,38.48044814490029,118.86206749901669,30.456878936259105,-1.4913543855213849,6.751157812853604
signal,332.0763421162048,5.1057305949406935,278.43843293392337,-28.050532051392462,-20.44253347927542,5.164916217483144
field_control,241.45902925453726,31.196374323163834,278.43843293392337,28.529232318251335,-14.637878330424394,4.858534816761653
projection_control,169.82634150663807,-32.00904873247303,881.1337207774235,153.39615282101448,54.142131796212965,2.095699282095757
signal,26.184581200320626,24.748859280231887,823.8775018991291,-210.04334895902508,-45.111964579934586,2.372068151947617
field_control,85.07736633940486,-54.90522961543354,823.8775018991291,-27.91274448885596,-144.15717238060842,2.7929685387741063
projection_control,25.61604439604751,45.239830114450314,466.34608422238966,-35.28097687565411,1.051863902532095,3.4653953854135153
signal,101.01629276564975,-41.70974937475861,1529.9938599692573,-149.02566120052273,-307.919220626783,1.435104783701447
field_control,157.81712297073537,1.6924625350933795,1529.9938599692573,95.23661492151052,93.5036901805501,1.330456988109828
projection_control,207.21363431042948,70.13809291857844,430.19768389970756,-29.935030189766902,55.36650232501688,4.201358242058973
signal,125.97762728545706,34.14321778624775,546.1150940392486,4.0656665114917585,57.67620093150661,3.169514769069706
field_control,6.070633229557587,-60.720982472162355,546.1150940392486,78.60998057364391,-95.25616132172433,2.8746487239345155
projection_control,112.64666191691336,28.277830506568627,2784.2558808377926,-212.53416502208356,167.70036401690507,-0.323591612491528
signal,281.67329239660364,9.645143337633048,256.3255238362957,29.392743126900786,-20.896396281204392,5.036695967984845
field_control,54.57982965497136,-16.688262110236398,256.3255238362957,64.73873216861504,-13.692343640927259,5.029126738511494
projection_control,17.41057597756111,30.565959751345837,409.8141664171796,-103.03529350506396,32.31199523334458,3.9276867408784244
signal,357.30526325830965,64.74844544241864,690.30627634032,-142.433469225996,-97.04916680611566,2.867595546903989
field_control,33.14897752450312,11.662923909865322,690.3062763403201,41.70916837467527,-88.80934802874184,2.754501432057072
projection_control,68.37700912472192,-1.8249419583566766,451.08370118294056,-6.276359562348017,-96.88379372714785,3.760662518077426
signal,86.64138531257511,-66.22780606190184,274.5812008013102,-43.849208817808645,-58.23036777521147,4.7931327648369635
field_control,86.30790225777304,6.443943766182547,274.5812008013102,-4.723863777088592,11.024483651985033,5.140546209981845
projection_control,142.29335355521678,17.73309583083034,481.87164065516396,-10.11828690057237,-6.537773292215644,3.259018558680846
signal,314.750640289349,-27.99196427470549,71.72064674900165,-3.225248297652765,6.023654572600825,7.591981159945233
field_control,36.006512408756016,-10.993005756278142,71.72064674900165,-8.309263839243625,1.1697863953067742,8.031091835599009
projection_control,195.03394713632272,21.128176055917283,493.8001921058139,83.11228000927557,-20.672317966608926,3.631956777296256
signal,299.02419375544486,11.71875141559912,979.8556652102674,26.13122093078984,-89.70962049670884,2.1619262659522964
field_control,249.0876095830423,-8.158038229432876,979.8556652102674,146.962855221979,-154.58867794791183,2.439771808864554
projection_control,344.7473926581316,-35.170526351095674,154.70964740065205,-6.444510692389494,11.254910895206855,5.617045128703184
signal,80.87666315103598,-24.009002392604568,275.06831292552874,-46.976407591501406,-35.11366264897745,4.524948201943803
field_control,10.454364795318973,-33.12455260709846,275.06831292552874,44.051929060842866,8.481549397443562,4.467428879372703
projection_control,50.840475614333805,56.117246856284716,753.7079471328276,-166.2676853592262,-44.3692968966211,2.7828408715480055
signal,143.7597288717201,25.394494334874047,423.92857466917616,36.45714899494979,31.300637922742528,3.500705946651202
field_control,222.38658022499925,-5.0620658742692894,423.92857466917604,12.542801092654836,44.90817270095117,3.6283030851220484
projection_control,159.49213428154297,33.228731393893646,230.1025779291719,14.97529662461372,-35.62783221681535,4.948436628928887
signal,147.4822329453069,31.198898498308825,157.2040929093125,14.89195347154847,13.07875402913044,6.39052882306922
field_control,50.65481909720673,65.02738961127947,157.2040929093125,-22.610873739512094,31.45081621858953,6.351905485911803
projection_control,196.8943953547717,18.7856449266783,372.567583202149,-31.474046227157142,32.263657912215855,4.226475366488979
signal,352.159440669561,-52.652240057885564,736.604187498903,-133.0170341022854,87.8716633844462,2.88197947950014
field_control,340.2581245840429,44.49972456880417,736.604187498903,97.76392848799962,-62.82334379519055,2.4863353382297757
projection_control,249.2492120859809,-40.17635754997107,413.0382300062408,-79.29124073457629,17.56724775366848,3.7465851157344474
signal,65.1210844964034,1.5878078795796737,263.35400079375887,-59.0366953090128,-8.424218206418615,4.917067880515211
field_control,335.9138663195475,-45.19703421824176,263.35400079375887,-55.81521747894386,-26.567856306530576,4.440870503660247
projection_control,120.10622250127163,-29.38388888852887,257.90685622994124,-16.27282639340616,-37.58779308831911,4.878126664765503
signal,287.6968695977215,1.0188363178237143,176.7369474696435,11.332321097864757,-6.542428896719512,6.262905965960918
field_control,81.18111690754654,-70.12531503379132,176.7369474696435,7.499970348797249,-45.535381513171636,5.9231421974820035
projection_control,59.18599046839635,-31.677201437540162,510.99579459596043,73.44935384442105,-87.94446074671463,3.5721612955862154
signal,120.30937710231956,-15.155432374110761,98.38249460438854,-1.6647790945247636,-10.873861677528508,6.9550811923193985
field_control,221.1916673602906,60.117461189736794,98.38249460438854,-19.57976603873705,4.998982206905034,6.8712453158570606
projection_control,45.17506684769425,-35.07941317254291,605.8257021610428,-134.4244300260377,78.72345472247088,2.524130865105491
signal,263.11332447941777,59.97987483166857,268.8324647127815,44.24915392998515,-54.263005952061704,5.249402397170761
field_control,10.081915010085037,3.0667596753153434,268.8324647127815,-38.48544896330436,36.82722178052783,5.389528662266588
projection_control,83.2970290956653,36.638249093670126,657.2152543576957,-79.90701175771004,-16.260416906814807,2.964490455406399
signal,151.20396154643862,40.92060837428746,385.1652441031122,46.93459628959526,40.01086454297883,4.124436770069343
field_control,335.44387549842264,4.340044316298425,385.1652441031122,-86.58777727034708,-9.269782650902929,4.160619910788135
projection_control,93.9774694445453,-50.790457904531074,241.07260392332898,27.069124157929654,-4.266010609015748,5.559816401136398
signal,208.20951472195438,23.229728782157324,307.6192777982342,80.80647197682522,-9.802481914415116,4.2525070338448065
field_control,188.2754309490155,34.15516439967018,307.6192777982342,69.49280495990551,17.48566655886554,4.608010044860223
projection_control,159.13203153520448,66.32933137739718,1090.2092760885855,184.0851343676968,50.32165809386942,1.5132711480139192
signal,299.7402383974072,25.38212368830353,156.691863408042,4.0650232774763975,-22.335636945545087,6.579179831050924
field_control,15.560334510400438,-21.75398596643992,156.69186340804197,-26.659587071580543,33.02226462291187,5.913994606034942
projection_control,264.5733050621619,11.76200377798097,542.0206267866935,-81.90885827779788,27.625328247268907,3.5356067418504886
signal,289.4996033941983,-4.391304669268645,336.7437337664252,18.082155640031072,-8.179027697419832,4.660715639079428
field_control,123.29999748292944,-2.073692591231453,336.7437337664252,-17.599190779683294,12.772130162267842,4.840752985270294
projection_control,262.2135075622726,-13.390498001490714,561.0960404366654,-62.52520753915423,-71.80915218325417,3.414922554557487
signal,311.91234607429203,57.35075744186319,1522.2763326855775,-38.19717132538015,-361.3515480633497,1.051226214111047
field_control,27.665806270044314,69.60720679859885,1522.2763326855775,-144.38515792401589,-344.4873142322669,1.1950988613808626
projection_control,253.96589890205507,-28.279611232289877,810.0796802109621,155.22138273202373,8.226860881258073,2.337827724504957
signal,21.462237124077244,22.904161373604218,110.51778991716006,-27.47259109798552,-6.271053077894143,7.000990420288692
field_control,141.45999817440955,20.13891076399581,110.51778991716006,-23.76458699827085,-20.961655986836355,6.660289186981645
projection_control,229.56776888253677,49.478144242367335,566.5146486744135,-65.53004406277854,-45.61777985969461,3.471172073015013
signal,249.1381990943081,27.255685026964198,265.16324665157157,54.90909093158598,-30.96782197012274,4.761322330461343
field_control,241.1734831780763,-43.82912192331689,265.1632466515716,15.543604006127804,-14.463530588230485,4.644208248679081
projection_control,240.39381297713507,-15.99354853650346,156.8973792364399,34.26160647389321,12.62753573222342,6.360575799606692
signal,50.395455619834635,46.334399240689095,272.77490773612413,-65.00950118022033,5.580936057059103,5.069722622768416
field_control,169.16036689491824,-47.184539870043835,272.77490773612413,-11.788776783075974,56.070480022240346,4.798935995881288
projection_control,108.8710240602731,4.995438641217559,369.39925384279593,14.024212290722533,-17.4919215892305,4.047265430964462
signal,149.69468448662798,-26.862878227787423,667.1893129885462,64.81752523455366,-100.18100418897048,2.1614310245451356
field_control,138.13998289900363,-36.26142773960598,667.1893129885462,-5.730909282595442,-111.30300529544681,2.5854605429838817
projection_control,91.6132793825737,32.35308467632971,307.15754874221494,17.113724464641688,-45.64883818490807,4.878958227910053
signal,197.4918294196878,37.889588946828596,283.13740601893784,68.45883259413726,3.7215825359048105,4.434073355247884
field_control,42.89653639456732,32.23704986948018,283.13740601893784,15.78737214329284,89.73595473373774,5.048676987859945
projection_control,197.59420855533588,-34.64699060118787,517.8534437900374,52.965882496630606,10.88375007953036,3.243779944412125
signal,144.98621450885906,-37.55471677245716,463.97637096808376,45.24410009336549,-86.18090646369106,3.96129860477328
field_control,88.17805644971628,-24.15747801568608,463.97637096808376,-55.51307880943089,68.59339594372479,3.125018065279921
projection_control,182.0508277612946,-38.88271175661298,322.8158119138646,77.38940540594452,24.503955242094086,4.206204857227805
signal,187.06020328908266,-18.018020073847,287.65991881992744,66.48834489361883,-23.12827220809128,4.630706570757782
field_control,36.051583585806405,-73.18074422981418,287.6599188199274,47.4081520141854,14.579346647722902,4.663749023723537
projection_control,274.4289448203456,13.838070173133453,991.8850324375989,0.49647149861360884,-21.860489300416972,2.161135488667377
signal,358.7494711675029,-19.194688063885245,928.4616352451924,-194.16074533232938,1.0626666316457922,2.223442873157863
field_control,290.69954339639787,62.66647652651539,928.4616352451924,-48.83553934745098,220.75885402715525,2.3442202482176207
projection_control,285.1888301286034,-14.20333963163255,285.28861360295684,-16.786743029137618,17.97881505954353,5.100861741244471
signal,48.67823293662771,73.14684392936637,283.7511803935183,-70.43525268823285,16.56602788957315,4.331275917102642
field_control,48.68633807450012,-41.34360044046958,283.7511803935183,-70.28722123423853,-1.0087563302250278,4.8379474417701696
projection_control,22.333234906361348,20.380961944620633,396.1549505338509,-84.69953234854951,-43.17385556421337,3.4801499351114136
signal,243.1641763211132,45.48561459410484,9.887372501572848,2.021097608752094,-1.2260502473200594,12.578955617304786
field_control,214.33441195760165,-78.77892016347369,9.887372501572848,-1.8090676684248146,0.6554122357085814,11.809410626689454
projection_control,149.69468448662798,-26.862878227787423,667.1893129885462,-5.359125323080158,41.72947337391487,2.1614310245451356
signal,142.56034789882148,23.724527585505683,1279.5624350181415,93.76304406465971,68.81284968682381,1.8218514845068392
field_control,123.38654889198452,-31.717857199707804,1279.5624350181415,63.40112484601287,-166.01412056310048,1.662770203403501
projection_control,320.22695197575473,49.39052776815934,161.05577555969995,16.737126127243407,31.837385444455762,5.863259435482051
signal,47.88352760663836,27.007911249380562,62.27492144736189,-16.332499970278445,0.36668405864421055,7.9682284925052
field_control,81.35221847586607,-32.001564851423616,62.27492144736189,0.916114893711986,14.833406800184429,7.762622241502027
projection_control,344.9224832109961,56.436175062852755,1782.1785591467583,-103.07571225293613,346.03053703293324,0.9333070465723479
signal,57.14523481475144,7.131417300918461,453.07524969314323,-107.04584406189456,-12.646320902083122,3.5977395506202288
field_control,230.2086382171574,-8.974188409390484,453.07524969314323,92.76826518220642,-14.79987736060593,3.7124329107301834
projection_control,64.45138947897017,30.563735448881268,294.8548355882467,1.2870863476491734,62.32451540327409,4.827109851681777
signal,341.73831824842205,63.40346762186519,155.44661330229277,-24.94816003478255,-32.59608784886082,6.350974985637231
field_control,164.5208313756986,57.22254191061995,155.44661330229277,17.3469108999928,0.5290359862663853,6.237646148805431
projection_control,16.198855644752772,25.334696272332707,642.4660582557802,-149.96918764386666,50.49737326628014,2.907598622192824
signal,316.65653881623433,-0.42871934047886834,210.80155359795444,-12.96472595554912,-10.451311158163268,5.975372098635316
field_control,144.0523682224413,49.32069619168734,210.8015535979544,21.48575152143446,-4.611459243655811,5.519504797432572
projection_control,107.02339354127754,22.051762647186965,123.11801796265523,-0.19948748236062214,-9.55065629039787,6.82528519297905
signal,326.5351057494078,-13.825437118556565,339.01339676189184,-34.73283096192948,-0.6782731310030572,4.635043774152685
field_control,213.42672176119973,-4.945659382651647,339.01339676189184,1.388488343220332,-4.607580814030383,4.146403993983438
projection_control,117.59012979332793,-68.33795306440815,184.05018460566473,-40.84700378979158,-14.45392200854288,5.894964080875791
signal,356.9517992978591,-42.371061324540136,236.65038029462244,-47.408445660267915,13.12827753116004,5.781004766663245
field_control,176.85634625640026,-10.264943483626476,236.65038029462238,0.6361344391444049,34.85425898906495,5.4887123214135745
projection_control,346.13723684668037,-4.547380055154267,567.8169217202216,-76.31024255825625,-62.46853133117899,2.642580443896296
signal,74.99354040306646,34.918545099170636,150.15441914764293,-30.958373072892883,4.93915347467155,5.84060400974216
field_control,109.25431507856187,6.316363160948407,150.15441914764293,-14.007526761289913,3.0071141595895754,6.143317779906395
projection_control,243.91138099812645,11.329475382849074,439.0941462106894,-93.69778881629927,17.82585851442681,3.375488842029321
signal,127.95816145106222,27.962129581281317,455.360706990402,11.27655099515295,33.63904337802798,3.4624061874112804
field_control,201.26206359549056,-30.870005080314556,455.360706990402,43.5752057487188,40.78708145764078,3.9311208598426632
projection_control,341.73831824842205,63.40346762186519,155.44661330229277,-2.5094934389510493,4.945602396043604,6.350974985637231
signal,240.91885077295197,-13.373026796463941,526.0022497009093,117.15624841629773,-13.45250176652225,3.0383796564521686
field_control,241.01948755825003,-63.58946837916812,526.0022497009093,17.382565413794957,37.42955759162582,3.8537922938701468
projection_control,52.891892490157474,2.681379659222942,646.995356249386,71.72036384824636,90.69383429825861,2.916693983627102
signal,174.16891434983302,-71.73428055735754,278.0097825515512,55.15142673214018,-46.351287777178634,4.912227804631641
field_control,9.609537091267542,61.455742248504016,278.0097825515512,31.9441466472535,-13.782625776427537,5.114955774369178
projection_control,7.536282417623975,62.306781519979154,287.40307471946454,-20.435508753766197,26.4943516069604,4.836048823989497
signal,150.62023201620005,42.68713639464803,195.4940360805049,21.797730459303015,22.8727315557688,5.5970135001907
field_control,167.71382240676311,-38.79986905488861,195.4940360805049,-3.232318716876783,-5.432153030396672,5.880371257148703
projection_control,150.9058353247637,-26.69478297560883,782.3887793732612,-55.38486787643915,-93.91799594942604,2.4428482969966794
signal,128.8120497608135,-77.73190088748204,222.68976742544424,5.875569421334485,-58.76344580909046,5.215913354455552
field_control,20.765982450075757,-37.09932141677812,222.68976742544424,24.171257137710512,-15.48140037092066,5.319302670451989
projection_control,142.56034789882148,23.724527585505683,1279.5624350181415,-10.569686328640127,-103.33672105150215,1.8218514845068392
signal,213.7610274996428,24.041583525045287,201.56650984964546,50.003164888231666,-9.707678720393769,5.720685708391904
field_control,67.10594906451998,-3.1574116839211945,201.56650984964546,-6.606283247655501,8.185708150289368,5.7160886562280675
projection_control,63.04433044692716,49.89211383718942,230.917380442945,-51.423730284724044,10.083942931719463,5.653605465277021
signal,207.21363431042948,70.13809291857844,430.19768389970756,110.0934837697881,10.147386480408505,4.201358242058973
field_control,201.7831442680703,-0.9610849592589423,430.1976838997075,-48.335111694234534,-18.932351271058902,3.895738632863869
projection_control,141.06937434768935,-51.30890761564773,337.0896595323951,-22.641656738409072,-29.18841588090524,4.090476539854146
signal,58.12482026312644,-7.162123175480661,189.38434404576964,-43.94601151914571,-9.241554779794805,5.1555809069284715
field_control,311.8280094956091,-74.39339947406667,189.38434404576967,7.8619402335864175,-52.22804463155907,5.250482289381001
projection_control,231.02438302748092,-22.66982120395011,373.4871123123163,18.57151513238434,73.36585701185255,4.538890655850963
signal,169.82634150663807,-32.00904873247303,881.1337207774235,154.53777356107872,-115.24507020960786,2.095699282095757
field_control,317.8100445078545,-44.75611549490923,881.1337207774235,-229.08737339093142,-0.6347427976195976,2.3656140282176046
projection_control,355.4410170886365,-12.107009650105478,56.441426850617965,6.777302680431182,-8.185404424999529,7.7830778546026815
signal,199.24983943554594,24.18862993852744,353.4507479295978,89.97497937662757,-6.310808007281929,4.504398553238962
field_control,25.179843649907255,-14.104451455083154,353.4507479295978,32.963593015954096,3.048771840336664,4.335263770123585
projection_control,271.24995983745487,3.5474628744903556,1122.6036831937329,33.41444140716232,-37.454660711783156,1.7448167127245504
signal,205.30329794330055,39.364846245127836,2744.3438219534623,701.5696175825641,25.594207549085215,-0.33251420779299745
field_control,150.8778310632144,21.55913939113786,2744.343821953462,558.5259080689792,463.21246745154906,-0.01707379417887661
projection_control,9.071674135585068,-63.72278495120136,462.02277520952174,-48.524913268251545,102.5715837108686,3.2898330568863168
signal,75.63858944844665,5.328198693637643,528.5096388381604,-109.61863414163,-22.213473433908828,3.145273615696026
field_control,209.88233388163846,-32.89922454871486,528.5096388381604,101.0756097778135,-45.28593634016751,3.346336346039453
projection_control,359.6013403319846,31.46526204415576,379.5986826289351,-43.941842366373486,-13.582446231436384,3.7729905702040325
signal,267.21770121082324,69.07850102570798,488.0458221718972,71.88126028250983,-101.84055138959029,3.863258231169236
field_control,52.945165638123626,-8.857128747679742,488.0458221718972,-28.537775076083015,34.35411414182024,3.329260335844962
projection_control,20.783577321042195,-8.501380008559332,388.4062842038361,-48.46071386491245,-38.40718907743304,4.336884327136144
signal,9.071674135585068,-63.72278495120136,462.02277520952174,-110.2034908560456,38.91099687711337,3.2898330568863168
field_control,275.5555980281178,6.5857525178683805,462.02277520952174,-20.545414720049276,-92.60759264496646,3.873634902756079
projection_control,77.36854933310251,-25.352520843565834,381.05037621862186,-85.01893819856703,14.876693940025453,4.282683526454069
signal,127.73946799553855,0.5495435119130564,261.6962790377096,5.339527776902121,-7.5503097093955285,4.820538319604239
field_control,267.924693037406,51.00355337804584,261.69627903770964,6.878744327204392,52.090734032161016,4.5170305757658955
projection_control,46.19731038795523,-48.699919134696216,266.1217224880503,55.916638293225006,-34.925430606590346,4.6230898071050035
signal,280.87655347282805,25.906758449698255,468.5087708466397,48.38194190838266,-68.6950933425179,3.7450045795985285
field_control,325.20276493444607,-20.356417497214405,468.5087708466397,-3.0031558644610024,-11.203599690021155,4.084057112614027
projection_control,64.56816370412675,8.264585182258644,80.6860350816394,-1.1208927709853858,-17.324360313299202,7.187796224668538
signal,203.0014515799448,46.49222393743469,420.18258258616527,111.23738022415824,-5.239026166071305,3.710663795514096
field_control,3.0549643500394863,-47.12867320746708,420.18258258616527,10.349397489858294,45.61424092895586,3.813384351325634
projection_control,230.94161325225065,14.666065769044808,255.80445874160839,-15.689615282305065,-29.637251380166497,4.691483787405399
signal,94.01847570390969,-39.902923580517474,633.872361826077,-79.12895696842737,-123.63286898187488,3.2249376166639125
field_control,78.00632783604097,-1.2294066958713716,633.872361826077,-45.806752801195024,128.08771090379153,3.0636493714768105
projection_control,242.19526118848802,37.38782882779388,722.034998268859,-132.31007143675356,-16.793389455001577,2.6869747870598935
signal,250.18312296349717,36.870396373382476,481.92304414477314,96.91558558152951,-60.682384449757876,3.4144484400182074
field_control,297.78721712831583,29.567145700854603,481.92304414477314,3.4008441696689005,124.78787301407598,3.7526789785618897
projection_control,137.142664208451,-11.790090421381636,65.50886650841613,2.2936524523216772,1.3534942429479473,7.679784276169934
signal,204.26073989618638,6.051028113330303,649.0712201187819,165.38394582737726,-22.96518848674799,3.3611240835420833
field_control,241.4088182976967,-51.28626360355918,649.071220118782,-75.30025645619375,13.375599864461437,3.1157446489615648
projection_control,14.968425544773755,17.03270248084863,1034.6253125202081,174.06805952583193,140.03284168136204,2.462256492429124
signal,286.6476994042994,-11.94031464565928,1085.6911763413837,88.68373601774057,11.721514991068691,1.7837445695893899
field_control,321.9803473314567,-8.663612568414443,1085.6911763413837,8.766365395033196,-27.947748934307423,1.3987731688526015
projection_control,45.34387069656898,-32.35960262319561,632.0983946567306,-48.29572804196256,151.8501734624224,2.9711250316725017
signal,264.6090670283364,-47.440041218273784,316.37018525048967,46.82154981236443,38.203983078846484,4.700403296960856
field_control,20.58467563089595,-74.67229627144697,316.37018525048967,-50.33060065305869,-14.13581842057332,4.746248230112529
projection_control,193.68817393100502,2.222012806296231,210.04693601599644,12.169910673573732,49.35365739078511,5.7455607415284025
signal,219.63885193304446,46.936006023143804,277.6457269253587,72.01523832006947,-16.10658326836153,5.00635221639123
field_control,214.9070276579194,-68.88855991710265,277.6457269253587,41.66371133053459,-43.525960621629366,4.873491179009266
projection_control,33.34517389849219,-38.04392055514134,1503.414604806178,105.9143692796525,-32.56095401932609,0.9632793707553858
signal,175.74396311189304,-43.27128937853505,306.626751231067,60.96124719852555,-47.40038353143531,4.378687791183377
field_control,204.85676696172268,-1.9537793062010789,306.6267512310669,15.057227451327332,-48.100235104996216,4.376371376639016
projection_control,159.3163853333084,-55.5595573349572,49.199178455741226,-9.285077058020498,5.907843242587852,8.72389168886119
signal,47.945565240308426,-22.3599661073667,409.17456968874444,-100.1368110137366,-27.200206867655993,3.324410863612269
field_control,12.842789889791655,-23.803764042554896,409.17456968874444,112.73738262483208,-22.58421101070429,3.7155567429252616
projection_control,340.97812664408923,28.672878716983217,1150.111526717071,162.99577361723385,-159.74013935447047,1.5471050756753704
signal,94.07988643873814,-24.828838378023033,476.13298926662344,-62.773036986904835,-68.46582795819718,3.719585361558479
field_control,184.86794768849404,43.64709856033562,476.13298926662344,-37.36581074026625,-60.106250823067185,3.5111427105422752
projection_control,55.403965689758536,65.79639008817607,240.2812700802088,23.72433756915589,-52.03740020353258,4.889317535639755
signal,150.8758102501507,47.972884102354385,160.41274555154277,17.442139803312305,20.96794247100372,5.9954921437859445
field_control,219.42731207157271,11.78902886872614,160.41274555154277,-23.692481746644166,-7.31794015991548,5.584183133665336
projection_control,127.06506124284837,-74.47951263374883,672.6094854588742,61.30259296807193,-147.8129207892073,2.8882780015161864
