source_id,ra,dec,parallax,pmra,pmdec,phot_g_mean_mag,ruwe,parallax_error,pmra_error,pmdec_error,plx_sn
17674619351804672,51.2874177604655,13.275631570219018,18.32100394326697,-7.065519413443887,-88.49780530558114,17.063295,0.7844211,0.11400037,0.12460811,0.098447844,160.71003930309146
17919668711041664,51.12776025377416,13.83846054204906,21.4157574698789,243.2790129225124,-37.42594563524938,14.311394,1.1111869,0.022151284,0.027551603,0.021124696,966.7953094673384
36164625361808128,56.35244595947063,10.673683121687649,18.89763656433152,-77.522229223883,-44.27844365652913,9.448895,1.0243692,0.015513023,0.01933064,0.013641502,1218.1788529760781
38785345686459392,58.91956389512144,13.841444901615786,17.442370646651593,74.40541088217287,-63.94341609687847,16.027376,1.132905,0.051810563,0.0576427,0.039881844,336.65665139851103
40903142518352896,52.16801874449283,13.171557910452972,17.542041403804234,167.0817519544192,-11.007416238965751,14.044017,1.1444765,0.1894777,0.6482719,0.30727535,92.58103409427196
42716408993806080,53.144360113463925,16.153262423085778,20.589572721520184,140.88968315469907,-14.446369608778598,12.962056,1.3469818,0.024092358,0.028435603,0.021777272,854.6101100407102
43256818958530048,56.66162215767336,16.38592470904318,15.3598013609353,8.7276906416361,-132.21209604316047,14.913305,1.1461537,0.028998239,0.0353872,0.027206702,529.6804871818355
44197073198840064,54.01177612515252,16.46611373837813,23.239619559173992,-298.0307504104491,-305.165087186651,7.5167327,1.3095304,0.03288371,0.03845761,0.02960461,706.7213388992299
45789269114357632,64.3849411231356,16.949608497570036,23.0646447155953,122.36479154155062,-27.812591542335863,16.566332,1.0511117,0.09579824,0.115506604,0.07946917,240.7627187680619
47319961098840192,64.53807309193438,17.416130138912035,21.944709122364497,113.6904264767072,-27.89789617687469,14.702765,1.2429767,0.031130394,0.0342012,0.026363729,704.9287304993472
47541100375011968,65.38496942725972,18.41744025238449,20.885733460424145,110.44900990966732,-31.91854784127326,6.7013855,1.0341549,0.02385233,0.033146773,0.022845056,875.626551386139
47881811540636800,65.98658444862387,18.63879538133933,17.00977577711063,88.85242072869505,-26.587395691147808,15.451751,1.0048102,0.03798898,0.043580227,0.03324826,447.7555274479765
48203487411427456,65.05456696075474,19.233321027772863,22.020045526274,114.58635515841462,-35.17157741985631,7.3269024,1.0189565,0.031044696,0.03226242,0.026032042,709.3013739375641
48377760004604800,65.66595245729097,20.352820824591983,15.099072249858748,-44.0948057563276,-155.8695599497641,16.27469,1.0843853,0.06830276,0.092542335,0.07385934,221.06093882383007
49518606397688704,64.82611370511218,21.71999587699021,29.958345063028517,74.03927929333523,-156.99812393051647,12.767507,1.2826312,0.022186438,0.02642848,0.018797638,1350.299902265903
58245258388824960,54.209013392387,21.097786498252837,19.593233700740186,381.73522786021294,66.60723717269369,12.20945,1.277386,0.01845198,0.02143627,0.016138848,1061.8499315921752
60804990178866176,50.50049100376007,19.66371786438462,19.073541337924247,64.95977827103157,-8.311215464542702,15.437747,1.268524,0.056671385,0.06616793,0.052049063,336.56388207071785
66818769026836480,56.958684797085446,24.78477769646503,16.31699602451651,38.32408381091503,-106.61636106412016,16.275337,1.0360358,0.06485334,0.07108515,0.051092308,251.59839145549805
68230095278817792,54.89618222191992,24.229993458321957,20.374631952225013,56.62113997353973,-95.12961332007566,15.720553,1.153167,0.057462502,0.07324264,0.04876168,354.57265595962065
145391484855481344,67.00372585556586,21.619715671604588,20.15881676146232,97.09780452126684,-42.14035232196819,5.6573215,0.9711737,0.05548979,0.06632346,0.039725237,363.2887556695082
149956519694104704,63.70977050373054,24.376841301432638,19.819614887869765,105.75111782718504,-44.697807051739446,15.712513,1.0423055,0.044736315,0.057617582,0.04053576,443.0319056871306
3286525162632366208,65.81144171331098,6.285487528387673,15.995418010179105,-78.1402109433397,-153.2986245111768,15.582938,1.088816,0.044539683,0.046777092,0.03776412,359.12734291753054
3287518051700478464,67.38957802188233,8.792777662234995,22.03285656512372,-36.275534774573934,-210.5368373979884,12.571866,1.3381318,0.021404687,0.025579922,0.018141199,1029.3472903912923
3299843650059002240,65.36123752822624,9.789097040138111,15.219392681199336,19.84239812201426,-37.58100642568831,17.226814,0.94374764,0.094485186,0.11431116,0.069963425,161.07702514550098
3301057132938703616,64.7809523286844,11.480442605116298,16.230359793089658,42.75497979215646,18.5783823267883,17.264894,1.0380728,0.12430273,0.14672033,0.095580146,130.5712255321316
3301326990027724928,60.34598756083114,8.408267520967378,19.399058535825443,-70.85668822220393,73.55913871077743,15.227621,1.0470241,0.029638197,0.034814995,0.023879105,654.5289693507821
3304085291040709888,63.27192074060161,11.74610428547816,23.034000330873692,58.59081344092992,-89.98120288378348,12.671817,1.277032,0.020883624,0.02392527,0.01983092,1102.969500450386
3305847670741196544,68.67795209561363,10.975909093265267,20.214702258077008,5.949219472688914,-84.37864230997172,13.627426,1.196319,0.019647844,0.022260824,0.0150699485,1028.8509140278702
3306247446297683072,69.31109401986546,11.324065145662212,19.36441012347492,90.7665959781346,-10.422623538195111,14.648657,1.139482,0.026083047,0.032517515,0.020740462,742.413649888179
3309540449262796544,68.55438320400094,15.181892311194384,20.30216287175008,33.234610208009585,-123.5773588999945,15.278489,1.0351243,0.03430648,0.037396744,0.026785962,591.7879908329295
3310241284846113408,64.21563072927572,12.723008188751564,17.353013130067456,325.68009026401086,-133.27978927073383,14.548188,1.0326922,0.023589311,0.028572818,0.021934576,735.6303509698716
3310870961411514880,66.69997056069944,14.199482608330406,16.62346563139936,63.98371645793216,-78.44217233592909,15.941237,1.0306729,0.055374313,0.06103729,0.04052652,300.2017493453934
3311221224583178368,65.68458418346766,15.056034383369544,21.18773295114552,114.26697815985808,-13.83439728546639,7.1384563,1.1603436,0.026844518,0.030130211,0.022998288,789.275968789811
3311221224584455936,65.68440170253284,15.056327740576604,21.026355477142264,100.34236674943136,-29.289519804074057,8.366908,1.041326,0.03632581,0.06016209,0.058698423,578.826885818713
3313541056680391296,65.92951789088579,15.880803450919558,22.4770888204994,114.89314405896891,-25.89355391931108,13.549859,1.2141644,0.020991715,0.024532404,0.017231047,1070.7600031964705
3313759000500605056,66.25145306022212,16.98478765438497,18.356021527791533,91.12098370948652,-24.706893735919387,9.9699745,1.0585245,0.018641857,0.021541175,0.013586694,984.6670065000247
3314172176354869632,67.33120355610757,17.605598648750995,20.17387733724134,81.00291320221233,-89.54146920397312,15.966055,1.3391236,0.06952541,0.08804513,0.05687989,290.16552850592814
3314267971305605120,68.45323540866144,18.049135734676117,15.001531015670318,-114.7525195937843,-87.04950548785442,14.910454,1.0752541,0.0330527,0.038046915,0.02682378,453.86703705507625
3410439745127430016,68.42892746109855,18.76625454992796,24.168416936596586,114.6380814588602,-41.20033722041214,13.956485,1.1980227,0.021729527,0.026979893,0.018678991,1112.2385193472728
3410639993682264960,68.15820465974114,19.046525581821317,23.27516411865521,110.96720373749103,-39.798183027778165,13.744849,1.236391,0.020439388,0.024817258,0.01699676,1138.7407547943808
9020084156912384,50.90639261050144,5.125759969855335,15.341065717907322,57.71091700585925,-21.416454124295665,17.301596,0.9738647,0.14900558,0.15054417,0.10945026,102.95631692388514
38295753774630784,59.14256812933351,12.371825189956777,15.9788731072758,39.83881783273602,-40.17768759866868,13.132474,1.1516732,0.013811311,0.015180807,0.010570206,1156.9410830931113
40903142518991744,52.16820213311989,13.171956180908303,18.04418900789153,175.0671681361121,-19.578223193630933,9.475451,0.9270899,0.015900949,0.018100524,0.013785593,1134.7869242201537
43522866413394560,58.3342453500046,16.91693656788103,15.62653931605187,-83.1891247991891,44.14321191663825,15.386196,0.9800398,0.039141405,0.044092935,0.02941928,399.2329686696702
47715063730746880,64.64158211986751,18.36458359057584,21.82099846468514,116.93174979094714,-31.225844936308956,14.589073,1.1971184,0.03812726,0.044833317,0.030530414,572.3201317032784
48011828791234816,66.7530261513671,19.1170673233772,15.41830570530967,93.29321078015536,-130.56589918453307,7.7753973,1.0545962,0.025125105,0.03058956,0.021543214,613.6613441141707
52640154268714496,62.6567580129737,21.60249726909654,20.892283396147388,115.19239408765912,-40.68301842682513,16.29227,1.0036745,0.059335656,0.078695126,0.054588865,352.103352428553
61669275037160064,51.15136349804413,21.83830523943011,26.800122449621888,130.26353738804698,-35.81751646923138,14.367213,1.2141445,0.026185317,0.029929921,0.027064484,1023.4790149617776
65693075278789504,58.44700407732888,23.50015881693498,15.692300578995438,101.71972306039405,-92.70191146617786,15.846509,1.1348873,0.05102716,0.059686396,0.037306193,307.5283942707264
144387390220875392,68.02110340714651,21.158540883210147,29.41298439231821,67.34433671606475,-125.3287644774972,16.130373,1.1361194,0.07060062,0.07606312,0.05221925,416.6108511840011
145293181643038208,66.58045411387285,21.468743547714656,20.73851328551254,105.14685435985736,-40.66028703373777,15.070739,1.1262136,0.034980223,0.047407348,0.03478688,592.8639530260439
147872945158301184,67.88442990297246,24.74810497994556,24.10115471499116,44.89519046826367,-91.20149717677717,15.403056,0.9886598,0.03534975,0.044393256,0.03441694,681.791376600716
149952774482415488,64.1813486737333,24.787267304626567,19.43936670919235,382.1241070138415,27.67131127139484,13.109989,1.1873564,0.015630541,0.018250205,0.012681637,1243.6784311683357
3276041594138711040,53.61050192511678,6.037950049051436,17.442229040738955,-12.720722742653962,-17.20128793947854,10.547561,1.1122813,0.016783642,0.020318806,0.016886225,1039.239817003899
3277175602945236352,57.89443718332552,7.373644697552412,27.653129103681408,172.28023367599246,3.0935216521011792,13.711104,1.3329722,0.022174826,0.024463868,0.016113985,1247.050556504092
3296669944105874048,61.85554929065058,5.355364823004746,16.614790215346318,-51.61388797171548,-75.51822743424141,10.615284,1.194276,0.018829694,0.020986624,0.0136241615,882.3717589540391
3299240189974187776,63.58635401813687,8.183332811018657,15.437879924818889,-65.69861079092902,12.891968015369198,12.392045,1.0814495,0.017687278,0.019536521,0.017833143,872.8239543031374
3299407109583164288,64.28697429471693,9.062351267960848,15.68502236969053,37.476419186969785,-99.17956500158164,14.366852,1.207897,0.026122484,0.029967438,0.021054214,600.4414576228864
3303738528265028864,61.49134359773122,10.961024960705211,15.341169079255904,62.85915030026669,-1.514379168487017,17.829847,1.0056497,0.16301876,0.21614815,0.122465916,94.10677077445506
3305512074880681984,62.07748572405687,13.523848885143783,28.19541194197846,96.38055416194892,-6.895383636027673,8.535169,1.091716,0.021293709,0.024252295,0.019088656,1324.1193416317683
3309143388126132224,68.73090742221045,14.057802194216942,18.090089520912976,-2.588190429268339,-181.68496749367415,13.11472,1.0808465,0.016212983,0.019059211,0.012961556,1115.777986130805
3309289520093349888,69.28547329038291,14.785275756586142,19.954175979353284,-229.02440169940525,-14.95996566845136,14.493251,1.0646737,0.027381927,0.030574976,0.020280061,728.7352705071957
3309350023296844416,68.60813257604686,14.437550901187407,16.500644899166446,197.1396873050813,12.812932985501348,17.334433,0.9487724,0.12723078,0.15890601,0.1164403,129.69066839931696
3310857011357831936,66.85088845612013,14.11857201972296,22.33738497873375,108.56474654944674,-18.051971998953,14.462616,1.0941074,0.023417866,0.027506737,0.018429914,953.8608248391954
3311207923069227776,65.7283101026843,14.957950081059536,18.1112916283632,-92.22600503728788,-122.56442840412436,12.915172,1.0990951,0.016987342,0.019557001,0.01463464,1066.1639489193308
3311514210073309056,63.60737116437495,14.624971001435416,20.37607494359422,107.84642683790034,-13.751424929802884,8.303924,0.9563937,0.02300196,0.032391127,0.021735221,885.8408128522187
3311804515502788352,63.27395214948896,15.247700118856342,22.357247280357765,122.44950869749096,-18.603451879024888,14.355454,1.3029861,0.03077869,0.038327865,0.02639071,726.3872270183612
3312281669189449472,64.5808484916205,16.08822764431631,22.242729901750533,118.80159677568072,-23.34002380212081,9.294652,1.0427548,0.015430937,0.017821873,0.014228899,1441.4374125012973
3312392067028689920,64.74202560373759,16.7897257159988,18.931010230513944,102.98739465279613,-327.9489428466409,14.053024,1.1148694,0.022865247,0.026464557,0.018547788,827.938146940374
3312899491645515776,67.37958519537817,16.244692315734465,21.81806190139089,104.46346593636034,-21.071062521463688,9.932404,1.2348258,0.020506015,0.024252603,0.015441293,1063.9835141733238
3312951748510907648,67.49102855410932,16.67271469531208,21.918833298371936,106.76090585888043,-28.325579500310205,8.859189,0.96152544,0.016625928,0.020833569,0.013839888,1318.3524732196563
3312989136204155648,68.98146815254827,16.122712322709308,17.43423673927644,-21.690686932863724,-157.13552048685827,15.112911,1.3811661,0.044044316,0.048587948,0.035704486,395.83397638134375
3313842529024545664,65.85493019594335,16.777147465731876,20.79504603398395,106.9709172238661,-26.24746920701244,5.573977,1.2823561,0.07085363,0.098759845,0.06582348,293.49302264377917
3410806054296962176,68.9166554862148,19.96860055895381,15.728802579757868,-8.855889388630242,-49.895185690016405,7.1246424,1.068587,0.021051127,0.024556981,0.01714493,747.1715210191772
15962198711564032,51.42561595372275,10.83297115683721,20.565668083070225,92.8055483573451,-49.49843610589663,13.403662,1.0304494,0.0180161,0.024414819,0.016868351,1141.5160929984972
43538293935879680,58.77777509781746,16.99836888503202,24.548558117114855,147.6055161117331,-24.54274747377641,8.745134,1.0472568,0.018311711,0.021478957,0.012595099,1340.5933567384748
44556579141068544,56.16270868178187,17.65218335886719,16.957464371552554,-80.2106187670232,-34.47798019032365,17.251453,1.037478,0.08680815,0.1164869,0.08089144,195.34415111429692
45367056650753280,61.56774806806588,15.698032862131647,21.1750396454176,118.96454993102434,-19.715098672341668,7.7056403,0.9715326,0.022528196,0.02648551,0.019809848,939.9349883771251
46229825383606144,60.72301291347526,16.526075066910863,17.157780122500387,216.29694656393843,-12.603536675159326,14.2412615,1.2206408,0.025725836,0.029655205,0.017434198,666.947426800839
47322297561027712,64.65025269592638,17.51585330705525,27.013883133112905,64.83592028883993,-61.09386700826641,14.369595,1.2812126,0.031393684,0.044030655,0.029656326,860.4878335754704
47577487338245120,63.93891248346573,17.845231811982345,15.02770828071358,-5.2128739793157255,-87.58018920314812,15.318497,1.07039,0.035482384,0.03909532,0.029104117,423.52589050142683
49206035857919232,64.92345261762091,20.64953642540545,18.323596397758678,146.86805751084444,-107.92341986090446,14.999049,1.0469764,0.031933613,0.03619675,0.027276516,573.8027951224523
51995909173956352,63.01466901827733,20.831140302830956,24.37753823790744,136.44179038700435,-40.744858170300105,14.934368,1.1451414,0.038979452,0.040789537,0.032453377,625.3945857911866
52040233236358784,62.641036430418026,20.860791541773384,15.303204040262717,88.60688337727844,-27.49875629094553,12.362413,1.05956,0.01713576,0.018256022,0.012938871,893.0566277925647
52548241968465408,64.13999161938219,21.907296831619146,19.675616283441308,104.7359402863169,-38.33915954545091,8.929961,1.0237026,0.018558407,0.022987017,0.017078375,1060.1996326215558
53825771402706304,61.58813697349383,23.42404803494308,23.5518414736128,135.3418422352381,-47.04975601035223,13.104071,1.3598814,0.018910246,0.02312117,0.014025397,1245.4539974579284
56413781254974080,53.53534931054166,17.83144865206094,23.85926549379988,94.3822545931632,-310.4483270704404,5.914572,0.94371486,0.02601434,0.024980145,0.019425437,917.1582094260274
57021123989934464,55.29394227602389,19.133299736049317,15.03954536230316,16.95045038470056,-32.576567932096594,15.837281,1.0352622,0.04809595,0.050734766,0.039527312,312.69878986282964
57833147687987200,51.18212379040072,19.882213902294684,20.83946659943264,461.7252108125269,-240.45976421020592,13.0851145,1.2046438,0.014166735,0.016757414,0.013087651,1471.014076244995
68012529415816832,53.75896122770816,23.70955783383092,19.724531564008167,51.47695940146935,-62.84685159503227,16.295265,1.2167352,0.08993531,0.10700939,0.08186823,219.31910352016538
144574788234755584,67.93071004288953,21.153082191416896,16.482431337680897,79.08601056329887,-30.714312684983007,15.912512,1.0093867,0.05767576,0.06291814,0.037792023,285.77744511179213
149358728964339200,67.1862306337789,24.40494515746153,23.460984277036182,47.9605686801802,-127.85689298848588,17.054653,0.986558,0.12609904,0.1515562,0.10634641,186.05204509912355
3276017095645265664,53.79235939102471,5.713855075578661,16.197502450800567,7.684970193129954,-35.11802174111641,7.368983,0.9412901,0.03038428,0.025906758,0.024822833,533.0882433548061
3277319394153512576,57.016837094141565,7.24902138929267,16.650444287065756,184.87620861914468,-72.68947356594012,14.663408,1.1264645,0.028169967,0.050085418,0.029595984,591.0707771530494
3277579398589199616,54.530567825065006,6.57386214126218,27.05394441605023,176.414731045473,7.485253600067397,15.2894335,1.0855185,0.046504837,0.05701319,0.042256374,581.7447422953063
3296914825961790848,62.61235965702024,6.481282460012758,18.82647560566863,-97.94866617352838,-32.96671338601121,13.313228,1.1048558,0.01675154,0.0201714,0.011014971,1123.8653643586579
3297281787966279424,62.98452453885958,6.542708958252387,16.49162095489573,48.14251032116533,-267.31363734435047,14.203828,1.1572468,0.023145756,0.029494137,0.022860117,712.5116567761161
3301061324826769024,65.03277275573753,11.531106892993794,15.09890489385084,146.34160610216608,3.5128410639331737,15.998837,1.2644835,0.066400856,0.06517567,0.046952803,227.3902145757103
3301922551670040064,60.93859036585157,9.502090093083185,20.561930347227552,-62.51380170412277,-55.5485584372054,10.689714,1.014756,0.01436942,0.01648236,0.010825136,1430.9506122882865
3305027297628961920,59.94911017547335,12.562454631331674,17.04500263736964,46.82462911197646,-91.22335551543166,13.481202,1.2376113,0.018569082,0.0227941,0.013564064,917.9238175247242
3310702770492165120,64.83451345915711,14.316347980068391,20.85092023125928,107.93602845660207,-17.7577790655432,11.98053,1.1053181,0.016785895,0.01971493,0.016130466,1242.1691087224888
3310850036330955008,66.82772736405214,13.918838594558467,16.989721589512108,-46.302616642695874,-10.955966117470158,15.130323,1.0411904,0.034058556,0.038103577,0.023659913,498.8385764068245
3311120722349948672,65.23411332349541,14.859496095395018,20.60062139966309,110.0820107151224,-21.127957778586957,15.127425,1.0222328,0.039784938,0.044265475,0.033142503,517.7995099467817
3311867325104353280,64.58468223273029,14.98293328988197,15.307060905513625,22.169248590838315,-49.64705238123258,15.160064,1.1081271,0.03269001,0.037710194,0.029429693,468.2488902730108
3312575685471393664,68.64759095859309,15.504503855092008,21.66896992865236,100.96281435030956,-26.81401752868006,7.782416,0.99662864,0.02430476,0.028476143,0.020886095,891.5525159949062
3312824381257598208,67.43271590376763,15.839894381508566,16.04128041496833,15.562083740523017,-147.88393057977433,12.317213,1.2668233,0.015951043,0.018634785,0.013587003,1005.6571482484455
3313346408763839488,67.80201539742441,17.161322981312146,20.008532547772884,64.47501924930121,-87.9627810550844,15.977622,1.0268568,0.06850339,0.0757607,0.047334716,292.0809108537969
3313742056853382144,66.46863266379866,16.887381404988016,15.34692224142916,-16.022547872108706,3.141716608045381,17.462467,1.040371,0.11141498,0.13103426,0.08629083,137.74559077629561
3313787381644565888,66.61072506989814,17.139756702919517,16.05440196869863,25.256325172769344,-24.610092330602708,15.094378,1.1364163,0.029729025,0.03858005,0.027759122,540.024503618892
3410856112139584000,68.8069633740276,20.13348182757384,21.94869710450296,101.47918225572909,-41.83082929293606,17.741829,1.0597311,0.1420797,0.17031609,0.1233603,154.48158395958717
16353968448495616,52.01101383096008,11.239868531444955,18.987635731604904,101.87423857453076,-4.61573277250803,14.490755,1.261193,0.03157153,0.035936818,0.026843704,601.4163941882102
37463870148333312,54.10982303171778,11.800590041095742,21.72911821427236,223.4280698760096,-127.18298667262228,12.815305,1.2378039,0.021230036,0.026075087,0.019250268,1023.5083074881437
41438879559330432,54.47875159568607,14.540825361100644,16.376024986466362,37.99871363960686,-134.18323378178508,14.19929,1.3003983,0.2078199,0.16965285,0.15946509,78.79911878730748
43786852283456256,57.84098532909061,17.413743805203637,16.197864674302267,-9.195183963301629,-32.003447832084966,14.911006,1.0760516,0.035259258,0.04200582,0.021878704,459.39323721169245
45968901826385024,62.046894401912525,16.872957299111434,24.9392192934288,144.10107374790024,-29.401353245609045,10.819927,1.1694524,0.019496195,0.021810412,0.016227935,1279.1839276037606
47068207297219584,61.51004260454384,18.250756772031725,25.637456559681212,147.52621913767337,-33.30524023649018,11.886165,1.3522114,0.02152091,0.025792584,0.017505024,1191.2812497092925
47982794811614080,66.08777664103502,19.180615222151253,21.221541356846625,107.33819741939575,-37.70735951451041,15.132381,1.1425462,0.032064047,0.043126646,0.030504119,661.8484983148455
48928271732299904,62.65986304473057,20.03959048044017,19.120251602312656,40.75373220380919,-214.68389252302305,12.229612,1.1493336,0.016533483,0.020800496,0.015453024,1156.4563620570846
49341619384983936,63.88629116401432,20.80728008280573,23.285913778614127,125.47634776620008,-39.472909832859656,16.126862,1.005421,0.13920519,0.16787963,0.093511745,167.2776264923321
49407521363733632,64.69039279358951,21.03157317475898,23.21099306427877,120.10335358445042,-40.99745582573716,16.82824,0.9981908,0.07383284,0.09927925,0.07793455,314.37220976842787
51415160877423488,60.262117106145496,20.7018079603408,17.731066366496325,-15.325682897388411,-134.79964818645766,17.546206,0.9871985,0.13472591,0.17669995,0.0993609,131.60843646553454
52123624323443328,61.73413127787046,20.78634119700579,22.94731584949453,66.407361215805,-232.92300664614584,13.520589,1.1128623,0.018513339,0.02283948,0.016686052,1239.5017370715532
53129574383990528,60.75779874214309,21.764249479753538,18.2280198380834,-5.129659095519411,26.226904865034115,15.663285,1.1100142,0.044843413,0.0658327,0.031131204,406.48154586457105
55086705080546688,52.07026410349619,17.56530187144023,18.797885219476605,79.27685953039776,-63.77279184138963,12.598526,1.1763669,0.03480409,0.037572015,0.029082337,540.1056375695099
56806719222745472,52.87429836559431,18.785718167229103,16.105876268009514,227.750576891644,-136.12760377199766,14.478801,1.1208035,0.024598088,0.027931564,0.020928843,654.7613077898377
57749344286258816,52.00809257633623,19.482928624488583,26.421268279614235,-58.16774272900057,-29.77413778704274,14.217901,1.3442007,0.028597197,0.03598516,0.024140786,923.9111189678566
64961556448201856,56.8809218657004,23.280128069497483,15.159754222684487,153.75835093119295,-96.7775854579686,15.831441,1.1525114,0.055560835,0.06216975,0.041625325,272.84964710635626
65022510623526272,55.56642286052093,22.786105961631623,17.683971923900465,20.03605352060612,-77.73579087685343,7.293389,1.0431587,0.026909385,0.034099184,0.024368716,657.1674500885273
144574788234755200,67.93220107169566,21.1544637083942,16.342155331876032,80.481679796547,-31.32923075852372,15.845898,1.1820005,0.057869323,0.06599417,0.039024528,282.3975551239131
144978858756826368,68.03293814929867,21.63234187170915,25.755930857797697,-1.5554128023977327,-3.340374571507968,6.938979,1.1017748,0.022926643,0.029327068,0.021803029,1123.406111300189
145310052272968192,66.51910967134832,21.63301888207428,19.788496568553608,135.63228248468593,-9.372024860106071,12.076958,1.3524691,0.019597769,0.02495164,0.018391935,1009.7321061674728
145373377272257664,66.06128542553917,21.736042245626574,23.200912136413244,117.38495084684558,-45.74094027417765,7.0066395,0.9829513,0.020694083,0.02927861,0.021180976,1121.13748342525
145705739022467072,66.48458335372466,22.58185108370012,18.097436504680083,57.477803826249534,-34.381437624926484,15.415481,1.0898572,0.037431546,0.04854885,0.033826854,483.4808721146618
147877549363243520,67.73289168285214,24.83790520061017,22.33577396701976,106.11682285722662,-55.41076672012422,14.66773,1.0567849,0.03176673,0.035954222,0.027148966,703.1184502471536
162150859561044352,61.721962122762605,24.96588156613377,15.291899032804128,58.40129528300419,-9.007728702414257,13.460632,1.0250592,0.020238267,0.022308035,0.011780397,755.5933041502085
3278207082289472896,56.95438264563599,8.069545456808964,29.85123707771456,-131.18953694408765,-20.533093305868377,12.961828,1.1702569,0.025015706,0.024109649,0.02133492,1193.2998044394415
3285193619691346688,63.73328827780732,6.096141277756993,18.72977414276076,133.84754840891856,-42.01216746514541,12.537018,1.2089427,0.015875807,0.017880294,0.012792926,1179.7683193528846
3297063088232792192,61.751497052032455,6.151771686557258,22.11258925801269,-53.339821227233365,-192.0017569983867,17.24545,0.9896304,0.10013339,0.11826092,0.085830964,220.83132567480928
3297691802724350848,62.914412034259264,7.568016016903303,26.78395334159542,23.99887467920021,70.48334185492554,15.360768,1.0542581,0.03820478,0.047649864,0.03617812,701.0628864135697
3302579887825206528,57.00752375700447,9.543493648344215,15.132521335579147,82.65251708156009,-95.96303363237706,14.1071205,1.2729092,0.026265945,0.028630814,0.02014358,576.1270472308972
3302598613882566400,57.47769120197455,9.725156707639504,23.284554399502294,-61.438134701709146,-210.5011942388646,13.684223,1.2871121,0.019344475,0.022701275,0.014331485,1203.679831037146
3304700330358980608,61.47770996858171,11.966252736644403,26.35128727687144,219.5715115711468,18.40207400394557,9.632968,1.1621764,0.019421889,0.021839825,0.0139008565,1356.782920387993
3304898792207252352,59.49289800215711,12.236781229296136,17.71233756794152,222.1450439578931,-83.91780270415993,15.885338,1.0060157,0.042967506,0.051195383,0.03296014,412.2263360582651
3305271423569212288,63.12859112331636,13.327015024753146,20.695823983276995,69.76365614424172,-111.27804746359816,17.995031,1.2653801,0.16575062,0.21012893,0.18434957,124.86121610451289
3305966383637466752,67.20598709739409,10.75589526424399,25.490528761371323,-16.80290625643455,-96.67227238708044,10.812435,1.3431464,0.017432911,0.019243037,0.015184542,1462.2072447551259
3305972018634634880,67.24282416040172,10.747611312449015,15.17071527393807,18.000371648379865,75.19907060036691,16.913305,0.93801093,0.08150497,0.08278819,0.065023035,186.13239504214368
3306443434245315200,69.291691847268,12.105461472636064,19.41889747432375,88.76563204307084,-10.607122664490827,14.798864,1.0930027,0.028290609,0.03430987,0.0219247,686.407898618363
3307342353720064384,67.73941890222551,12.30370337716078,24.636572220934838,117.17544367575572,-19.054110398477505,12.82486,1.221669,0.024287598,0.027515754,0.01980155,1014.3684122627045
3307516660672931584,68.77368125958311,13.173594071494676,21.412135174332253,100.72156144527855,-16.62055111378016,13.70326,1.1834246,0.019940645,0.024130924,0.016695201,1073.7935094041468
3308269757418376576,68.9525756160403,13.287966114514596,20.29581116307245,94.57335248251292,-18.538719825755333,13.615199,1.238572,0.018649504,0.021081362,0.016160643,1088.2761902446548
3309411909481617024,68.15750620823441,14.62385530430252,16.38046353060425,7.738649487232484,110.26417357626312,16.928297,0.9790503,0.08829675,0.09176358,0.06185148,185.51604142399637
3309923972662998656,69.74621453740248,15.750946960377778,18.62562446399521,28.472394033001358,-39.38532992219962,15.625179,1.0463206,0.049276788,0.05221271,0.030094065,377.9796780584645
3309976405623744256,69.60786050410326,15.88632817189611,20.88378436629215,-26.787161559414677,-279.307512674521,13.46985,1.2069429,0.020044686,0.024169888,0.01448146,1041.8613874167024
3312425769635942656,67.51380640413643,14.903572814981922,21.091518884547877,-18.6839859974469,-36.3746533095047,11.689961,1.2792013,0.021222407,0.025904147,0.01578284,993.8325508764335
3313285110990793472,68.48680175601453,16.86893699017762,21.48256636168679,102.05202469721355,-28.39885970028468,13.742438,1.2430022,0.020551529,0.024030669,0.015799971,1045.3025836514057
9717316263341824,52.62309020789262,6.778570715414161,15.733283442387531,200.1336352581676,17.781108891527506,15.162764,1.0738927,0.03247818,0.037279446,0.028305175,484.4262653383758
36216886524891008,57.51052498964539,10.781984245409571,22.16378366188254,88.88214664793853,-51.41479526231184,16.83011,1.2509478,0.1169203,0.13679789,0.09448262,189.56317818105614
38453464973610496,59.64962162295746,13.104994105755836,16.3593968480099,81.4180885067902,-6.879090948308814,8.847413,1.0443559,0.017378304,0.0205145,0.014199681,941.3690109236148
43317841853753600,56.09837893905875,16.496199217007245,22.61668743523057,506.5283442298249,-79.0845658542898,13.397084,1.1663136,0.016193137,0.021054817,0.014852074,1396.6835107509169
46106581298385280,63.03229573837032,17.626013239950193,23.316312552259124,126.95643112401746,-37.90688907179175,13.566901,1.2037457,0.07890037,0.10417201,0.06663411,295.51588354096594
47751828650825856,65.05889052370046,18.70196761968929,20.644823633460607,105.09720116301764,-31.766270421566404,17.380816,1.0328475,0.10241049,0.13686438,0.101837724,201.58895473950574
48123085623867008,66.63607249520673,19.90537015974438,15.825494242864456,55.04544707363739,-57.63142106772311,14.825043,1.0875779,0.02781794,0.038222577,0.026955357,568.8952612186401
48322200307502592,66.56469767372471,20.10937100105653,23.682766626783728,35.85305998890034,-61.389056454457645,15.244391,1.0822481,0.039243076,0.049256124,0.03376776,603.4890492983711
49102063289298944,64.58610989911898,20.36067421559666,27.575481207207226,-53.15571963929708,28.170181259494797,10.005727,0.92898816,0.014879857,0.017629286,0.013484506,1853.208751079209
49131681384221952,65.44163945529262,20.395550027325378,20.540163199450884,104.811415931944,-33.41532847520043,17.93693,0.94564676,0.1561106,0.19734012,0.13963735,131.574429919883
50427387118457984,60.06551761888576,19.40999977920341,20.784654277557596,124.05003154447888,-33.15864551058504,14.678405,1.205549,0.031543713,0.033380296,0.02249931,658.9159075077051
51789166629740672,58.970214421165394,21.93682009467024,15.047764998038083,-24.823316308774352,2.4682000854875623,16.966316,1.0382744,0.079266265,0.09538242,0.05730317,189.83819911330605
58263984446156544,54.16819648615897,21.301233710469663,17.105175994944318,167.04806497988065,-334.634595435891,16.734383,1.1157084,0.07579284,0.08814466,0.070766896,225.6832702791493
63151038753430912,55.99678344277846,20.277202606653905,18.319318478991885,111.60753520500172,-297.1675500835117,15.076131,1.1115524,0.033979405,0.04033608,0.028249616,539.1300547785308
64743269029603840,56.37393187845296,22.22154073534159,28.688533568557624,-0.5280218412608519,-215.1757608777468,13.868805,1.1120247,0.020972556,0.026166828,0.017995393,1367.9083068633897
66029182240278016,60.869112533327176,24.29729751370435,28.35690192610473,-11.222738292346856,-32.78069632710297,16.185543,1.0402217,0.06850509,0.091634646,0.046624407,413.9386128257729
144171233106399104,67.81589657872274,20.13299459878652,21.709497140089493,106.53332318806764,-39.29482776447058,8.404495,0.9009007,0.020119479,0.027965251,0.01953533,1079.0287929468498
144563621319676672,67.30440720566574,21.186253006669908,23.58350868776377,-138.67311605786088,-271.59160175523544,12.674474,1.2369301,0.01898976,0.021799516,0.016234342,1241.906621661557
144923161619697152,69.27951935887005,22.28421792324624,15.9252343748568,201.3072761751695,-7.048159434518802,9.276911,0.8866072,0.015108559,0.017231409,0.013159515,1054.053823058625
146727391481452544,69.24266407105962,23.27715799874353,20.3687781601637,91.3865417851164,-44.813588017583925,17.21223,1.0285324,0.110327736,0.14868285,0.09571253,184.62064843027053
3277175602945236608,57.89330364782346,7.373053725634998,27.63615539801244,173.3812932370915,3.3579536391559106,15.030052,1.1017222,0.035457805,0.038837604,0.028014071,779.4096503721096
3284188322466420864,65.74816305641355,5.350664018532501,16.135230918886386,-11.218009840146626,4.926882973074333,13.291485,1.1613404,0.016171291,0.016855218,0.013916975,997.7701173571352
3285104215652246144,64.20387124979878,5.618129411401825,17.425874801109554,72.73902887051267,-78.29817127193054,11.559703,1.2714674,0.019945676,0.023864431,0.015661562,873.6667938007995
3306541222060028672,68.39801252035777,11.992759149298465,15.488137751367884,73.99806735385035,-14.775451282887726,14.329639,1.083339,0.022093944,0.027177751,0.019734042,701.0128092733413
3307650109600736000,67.20948986265694,13.04753577613368,20.7158275616805,104.0662360049054,-14.900380463272183,4.974638,1.1548831,0.08992032,0.12131839,0.07797805,230.37982473461503
3308216770405335296,69.90317995440891,13.122464445610555,17.24331726678955,236.1135961970707,-142.1401894563448,8.763728,0.91010374,0.019440982,0.023808945,0.015042877,886.9571129066192
3309026702454621952,68.88895524401832,13.427560564650015,15.210592250636,60.92832005155179,-14.489600894012025,14.530704,1.0979569,0.02426269,0.029501092,0.021895004,626.9128547014366
3309918646903563264,69.74413335884405,15.66134729244483,20.73420397208147,92.88202041354572,-23.120656818575483,16.722443,1.0284376,0.07816423,0.08461128,0.05347221,265.2646098104142
3310615565476268032,65.22015770420096,13.864370841354328,21.09351261138683,106.88260714504528,-12.399521780388248,6.0480075,1.1201186,0.03247488,0.040563542,0.028480746,649.5331964702204
3310640648085373824,64.44922468154691,13.661704892347966,21.139233734577186,109.25947233228388,-16.777791608316285,11.770583,1.3031068,0.022931347,0.025921548,0.020624617,921.8487572743627
3311604954142079104,63.09009733580053,14.55461853120958,19.467194635291268,-84.47810215155225,-279.99959465445886,15.63984,0.9733023,0.041978966,0.04655636,0.03823392,463.73687801865503
3311934086075988864,64.4656126372456,15.227063447450588,21.125368661812228,109.65233201547665,-21.86460130676811,14.218251,1.077109,0.02709581,0.038461313,0.0324522,779.6544433184403
3312025001943976064,65.80253436758252,15.712784182546748,21.566208065928656,112.2485024763629,-21.56015783535826,14.3163395,1.1712971,0.027361881,0.03444752,0.025647966,788.1844112226296
3312498341699861760,67.24447935353105,15.293582760173448,21.61159284680905,81.87136268005302,-110.58156824428232,16.517054,1.0338377,0.067661464,0.084440224,0.057599522,319.4077037234821
3312921378798754304,67.04582690253649,16.47079736733054,23.619650052576446,114.2985456740802,-31.90279009515716,10.505475,1.1496408,0.020657992,0.02319687,0.014381984,1143.3662116132316
3313778207594395392,66.81983230907242,17.241711375171782,21.81444620546993,107.51215513083208,-31.586936720187342,12.13662,1.2495142,0.020584943,0.027167315,0.018091755,1059.7282783571434
3313977356636886144,66.02741879597104,17.4442235658507,21.6459760407146,107.84832747952228,-22.62373525280196,14.583092,1.213657,0.10286981,0.14820185,0.118607506,210.42107534479356
3409548556593300480,69.93787274420261,18.094692552580685,22.31447961767648,102.88484380975328,-34.19319221143056,16.200205,1.0817941,0.0564113,0.06808417,0.046308372,395.56754795008237
3410717848551557888,67.90168870685618,19.51270915993132,22.82141141877968,-84.3948864950481,-80.08397423065593,13.595163,1.1288325,0.018875157,0.021396557,0.014267404,1209.0713427591452
10817721244195712,50.87556908737394,8.16581021617385,17.261609912023353,51.808563550113256,-73.73709169287257,15.033169,0.9882838,0.028144678,0.031685796,0.029703334,613.3170154593118
12070649105187840,55.646230621895214,9.712190897167272,18.96309769301387,163.2072141850959,-36.48351077263996,11.857552,1.0397114,0.014793535,0.020690521,0.013426107,1281.850328066542
16439043160641152,52.01105748943744,11.653144518294766,26.82502866106807,-29.34492080357147,-35.212737797548705,11.551069,1.2780064,0.026366113,0.028713321,0.022241486,1017.4055106669713
38007406848220032,55.56251833323094,12.887211392801277,15.54546073122604,125.1996946806748,-118.25564619174772,17.796648,1.0279157,0.14445014,0.16644976,0.13729267,107.618176979448
42768532716777088,53.23794649037851,16.597164291338093,20.205165919471824,-23.9065270514152,-95.49297206901262,15.004859,1.1460392,0.15363027,0.19599237,0.13422012,131.51813063579087
42830620763418752,56.88671265353354,15.05685342602219,18.620520990709224,54.10493202016323,-70.20021911188881,14.037052,1.1813793,0.019940225,0.02485238,0.017803967,933.8169950795051
44442917126833664,54.79984158400606,17.72832834090078,15.7829918950778,12.01363017699351,-109.86957974162894,17.364635,1.1010736,0.11513395,0.1541503,0.11395971,137.08373503278398
45181651500848512,62.48572879837389,15.241905327475004,21.629789236100027,53.93490451036162,-77.10800842054509,16.652367,1.1102312,0.079787776,0.09989021,0.08572754,271.0915170276212
46056862756712320,63.63096422745926,17.33957605806271,16.29004984234984,81.70587847943824,-34.972978300733764,14.36735,1.1109091,0.022870136,0.027283508,0.019499859,712.2847823182967
46644860960782336,60.57369648410317,17.649562204357117,16.394344123617287,26.09683006527598,-61.8695422436918,17.298828,1.1629097,0.122151844,0.1417525,0.0840648,134.21282550280034
49005581144118784,64.74209416547012,19.90653885437164,21.44666912644348,112.85124254263434,-36.53771534966924,8.424586,0.99531126,0.01951307,0.02362164,0.017868415,1099.092512169714
54749017571996032,52.72328717437959,16.465329175607774,28.06950927317312,-128.9468430409523,-69.23129365515204,8.992449,1.1003746,0.01835412,0.020596208,0.015197279,1529.330159831859
56861660442751872,54.88818256971893,18.38287345829641,27.289385309778574,187.66862802975731,-193.44077491356376,15.005209,1.2799835,0.044829708,0.046586297,0.041146554,608.7343979527722
61557468448004224,53.005460053224425,21.98827558904993,20.531398914944376,62.57404020244725,29.8965441893954,13.806926,1.1507385,0.018791065,0.020354468,0.016190173,1092.614969664805
62549296656082944,50.95537288253656,22.70471821720343,19.85789227755952,30.522070973304,-196.9170848103853,14.353294,1.3211685,0.037455898,0.06798198,0.03704901,530.1672990875702
65119748682966912,55.26518660054799,23.421034545625364,16.51367810217935,45.89205090455022,-98.08186036839945,10.236533,1.169533,0.019807572,0.020759419,0.013891199,833.7053174502838
65371399407749760,59.44778663993368,22.924435192017928,28.4174539167807,153.08761639986247,9.202721913065838,8.645234,1.0670162,0.019216016,0.021094605,0.01370246,1478.8421240272023
145325548516513280,65.84351591714137,21.378929427680287,19.966961468625342,99.46023349708636,-37.91650678470474,8.648896,1.0492755,0.017699141,0.02187494,0.015719568,1128.1316685722397
145583418353218176,65.5025487439626,22.11445593519452,25.94155273496548,-236.0282492101877,71.87466966649146,13.123557,1.1323928,0.017390111,0.021897275,0.015606646,1491.7416418426242
147721002100041472,69.39145742854461,24.73433212372787,23.40973163958711,97.23997386175692,-180.36373079190915,14.147766,1.1486603,0.02446607,0.025308402,0.018906768,956.8243546915018
148885251771891328,65.28441376159027,23.617830420542678,15.494943168247962,56.57898103911151,-178.66804356779846,17.417719,1.0243918,0.107627794,0.1425446,0.11057949,143.96785990287938
149313099234711680,65.87712191461588,24.405218769863943,18.36722176772826,92.87763400901636,-42.62956416267102,7.0662723,1.0086342,0.022665894,0.031059233,0.02130522,810.3462306727571
3275219743556825472,55.0710372654857,5.651284717059473,24.067021248913964,-28.01585936959599,-69.73599985289617,14.948189,1.1238166,0.030785888,0.03506803,0.030918391,781.7549797138859
3297465681285848832,63.87618841046813,7.499373194963789,17.250095249961948,71.89798642635205,-11.894696206340846,15.948914,1.0216279,0.046529826,0.056269847,0.0381734,370.7319956442981
3300934223858467072,63.6436281045371,10.701362037070773,22.169762571635413,119.52841216247784,-5.6614844677125165,6.98168,0.8388157,0.0213906,0.026887946,0.020205656,1036.42546593529
3304090857318319232,63.181747872667096,11.863200746579423,23.043343190421297,59.16386256684745,-91.01592482746791,13.886915,1.130613,0.032268554,0.03863648,0.029703401,714.1114284334308
3304528291149024256,60.77518089743796,11.145189137373915,18.275284594109458,-45.09525351908327,18.78145381035093,14.506033,1.1564746,0.02576695,0.027684726,0.017624103,709.252922604711
3305831143707155072,68.81888004658043,10.864096766410254,15.054225286704083,-26.239557114319727,12.420480304488034,13.427269,1.1183785,0.015855856,0.016458573,0.01102478,949.442608882427
3306104544145237504,67.79632194390767,11.244400687314664,17.03035250972792,41.22194881887999,2.414132979748342,8.573483,0.9651212,0.016752554,0.021531723,0.014849205,1016.582457201924
3306849703791332864,65.99832611770066,11.382996775543605,17.23497012980646,87.69329603262197,-7.79099751331855,13.916038,1.308712,0.025534606,0.03366293,0.023885766,674.9651876283683
3307528033746225664,68.44481144533495,13.251806962271951,21.81709921126018,102.80856198547193,-17.438976622324038,6.5178695,0.99017215,0.022662971,0.028030988,0.019545201,962.6760415154828
3307645131734449408,66.7269036563752,13.138103140203471,20.856250700610264,104.6549179420714,-16.500474218532617,10.08551,1.1209549,0.016678682,0.019313397,0.013841509,1250.4735506444852
3309114972622384640,68.4338324230839,13.92728211118379,25.29680772071143,72.68624970448252,-184.956172645556,11.800917,1.107468,0.018585773,0.019997183,0.014741487,1361.0845091410204
3309974344039455488,69.5444304347343,15.821382952558132,21.01838989752342,97.32743849223635,-26.75931565908957,14.388778,1.1719139,0.02544425,0.028537245,0.018786311,826.0565706406524
3410640887035452928,68.17103556840848,19.113332347757908,19.02878834888202,90.54830252928367,-33.45052173470385,10.12441,1.1435659,0.018293487,0.02333056,0.016293716,1040.1947069403454
3411274308810562688,69.27193383619242,20.718012004563683,17.277366637747814,79.41213470524133,-31.547280920426125,13.992728,1.1967921,0.021332331,0.025288891,0.018499337,809.9146144763934
9207142867979264,51.4009454628605,6.0289074743939794,15.729870677208066,1.414754086790004,-167.9225196753329,15.036983,1.1962527,0.039769955,0.045733113,0.03247375,395.5214602885033
11279894084985344,53.30618804882152,7.4508717862354,19.54376550609156,-68.60139335159437,-67.32277998472715,13.714016,1.1809788,0.01810887,0.023763126,0.018004771,1079.237164223475
12812853812343168,51.91759063697421,9.74897524964636,19.11136553354998,45.83970820429184,-117.04012173146086,13.850189,1.2157973,0.02661624,0.027192885,0.01896425,718.0340098206951
16426811093797760,51.58753158351206,11.515659428489828,16.367016045692836,-49.345795390867295,-36.196003133848194,15.922812,1.0196385,0.042550072,0.049978964,0.039699152,384.65307522141995
37030696927741824,57.80434304805921,12.411690255327049,16.899387217643298,-74.02033464077313,60.838948187640966,13.4134655,1.093891,0.015908545,0.018739967,0.012649424,1062.2836480421872
39387328302768640,60.67688404539383,15.461932050780026,27.078319144684027,60.24394193525325,30.48297352669801,16.62413,1.0012823,0.07478206,0.09011526,0.04985003,362.0964592936331
41455166077096960,53.72460735493902,14.398641272681251,17.931650843825974,88.65210936697673,-142.8082538869662,15.49641,1.0027472,0.040168222,0.041139927,0.033783637,446.4138553064652
42248498076777728,53.47234944829559,14.858285503441628,22.62323153448534,90.45386256851523,-77.05991801660477,13.861795,1.2211825,0.021608029,0.026199766,0.021148622,1046.9826532760271
42372845969541376,54.32224819103992,15.372836460012572,24.57956841008046,198.161096053121,-7.796620823441217,15.229027,1.2225533,0.04255758,0.04930358,0.037056282,577.5602938437867
42793752764180736,56.47899483176536,14.713122673022571,27.71237287564892,99.29797989143518,-265.13884416648057,11.065103,1.2193956,0.022748634,0.02624305,0.01846602,1218.1994257610775
44052178182130816,55.5191850780843,16.42165182131642,23.487096607129008,153.72489603918598,-23.959754699053438,14.841915,1.038489,0.033105657,0.035148263,0.025846487,709.4587069251944
45293526808851200,62.8657374648808,15.992064812308127,20.97584775262172,117.53594288776333,-19.69232140919028,13.776278,1.1304576,0.017986475,0.020603638,0.016644811,1166.2011457287613
45404199528067200,61.04541973138568,15.806009963376626,22.02669697527581,126.87052589408452,-19.532899157035992,16.279293,1.1325415,0.06933186,0.089147404,0.049100086,317.69949594999775
45845378567048320,64.0065961553584,16.98296420388861,21.62212179497498,117.38951560114694,-29.94066189010253,13.75481,1.2179997,0.020969896,0.026360951,0.018357309,1031.1029580201534
46498282316394496,59.924858160700616,16.941086796458336,22.51244857387524,128.3850670182315,-52.01708683170595,15.947894,1.2159941,0.053170074,0.06480321,0.045405068,423.40449956633955
46896958359881728,62.54334799500532,18.039562944974318,29.316745473424746,71.94107817041217,-86.17316229550332,14.224764,1.1182599,0.030947478,0.04114239,0.029947797,947.3064484745654
48604259399852800,64.34575673742486,19.46242653427653,16.835832288910446,9.973156305169748,-31.685251783164716,9.630756,0.9293044,0.016802268,0.019465132,0.0151335215,1001.997604663278
49124190961270656,65.41026272327389,20.30260722476872,26.73644863516642,136.66318859191043,-47.06583448165913,14.746433,1.1433353,0.036351718,0.04098296,0.030367797,735.4933991061006
52171349999941632,60.80683456618773,20.84633426696817,26.332701802393757,115.84509155213924,-71.05818429838504,14.156531,1.3071724,0.024207853,0.029993635,0.015393477,1087.7751861098031
53692760557337344,62.18046109488554,23.07269137232445,17.760805305317653,216.01331421891624,-170.70498770302274,17.805786,1.0593919,0.14748208,0.17933272,0.13182645,120.42687020224867
53942250914697472,62.1514586147869,23.768418750646735,21.101376976449195,119.73831500044189,-43.1972981480758,9.199288,0.9663456,0.017259339,0.020206276,0.0135103045,1222.6063220873752
54099717298121728,50.86358867104978,15.113800414936136,19.36892724785987,-62.58738814283461,-147.32923490296895,14.129333,1.1618521,0.0587112,0.065861896,0.051704053,329.9017435831642
55080829564996992,52.58576516835857,17.711790920880688,17.113173666459353,147.90752917694567,-173.31001121373464,13.924292,1.292255,0.021342019,0.027151927,0.022713827,801.8535484604035
55886977746036096,51.473893801559065,17.909364863421498,22.67090001279593,-144.11031390581363,-14.631385393000672,14.330101,1.1365254,0.021649925,0.025953287,0.021357616,1047.1583625715068
56861694804053120,54.890870060999845,18.38406030513824,27.448907473568944,187.9402639669383,-192.34141794904812,8.033154,1.0620921,0.027290441,0.028273784,0.021744097,1005.8066659153271
57660902318744960,52.45578099164932,19.587711105176243,25.105431245488447,-53.44933610751304,-216.74491652244245,14.540353,1.2184714,0.031113684,0.033875108,0.026297176,806.8935599361505
60868349536328576,50.926950423704646,20.36506826503051,16.531991963359978,20.670684973286196,-166.7647374537181,13.932785,1.012753,0.021920124,0.028565442,0.020263309,754.1924472398048
61563069085277440,52.85351950382709,22.09985700739538,22.133255133366163,131.11775738276611,-17.896077997478045,15.234828,1.1887887,0.039157737,0.044094216,0.034510285,565.2332547554054
62670998849127552,51.70971596170598,23.258116473172528,21.30847071084344,-39.84674439220993,-75.37083225627711,9.541726,1.0796592,0.020842716,0.022569975,0.016887985,1022.3461621241416
64609506567812864,55.105576875338485,22.27783097516345,17.499794174399856,78.20122336610429,-29.55627219200828,16.752235,1.0275459,0.076919556,0.08654747,0.06313419,227.50773775137048
65151668879876096,55.336917954263306,23.715361846639357,15.585325575636158,-22.92402574948615,-27.11266919261127,15.343157,1.0112412,0.03704773,0.044091485,0.030164827,420.68233534513877
65398303082852608,58.50218068758725,22.770469086470445,18.744772885791445,-11.05978939710138,55.00608638181172,14.368693,1.1091595,0.02518067,0.02779887,0.019336136,744.4112045386976
68991404001811456,51.347137368266,24.46189900155912,17.551807914985595,105.83656964937929,-171.12894039119266,14.071927,1.1377299,0.021815265,0.02723751,0.020074949,804.5654231101752
69116748327393664,52.03935048010311,24.95813353153108,17.487162315371464,-28.285090311035905,-26.81496889760038,14.012529,1.2211262,0.019959373,0.02258306,0.019279169,876.1378584072488
144418966819983104,66.5319267038101,20.38335630896164,15.425323576044574,-25.644603164505718,-9.119376449146774,14.794623,1.008293,0.027314227,0.034419414,0.027872184,564.7358636964017
144835750444572416,69.72413844495887,21.797498861633706,21.889890889747708,193.58886533894952,-208.57342947997947,13.244518,0.95130813,0.08997251,0.2744713,0.2599987,243.29532309088304
145673956264565504,66.27312004635097,22.3032692871612,15.51907109507962,-31.76773733907809,-74.24528784504857,16.76336,1.0871693,0.13139626,0.15840942,0.09776562,118.1089255895078
148946068508277888,64.54541928618619,23.28448451126817,18.551284013663903,93.80506699791708,-38.715714079475006,9.168365,1.1132354,0.019089123,0.022232195,0.014453834,971.8248456811716
149449095077804672,66.69966553859861,24.949866273529587,23.702811585956177,129.45501656389382,1.4648098062198591,14.784808,1.0061282,0.025632955,0.034232102,0.023376498,924.7007060230152
3277905747384030080,53.886940704116085,7.53763829691772,15.142126775069766,46.61553445994562,-23.531937346257227,17.469595,1.0545839,0.12041509,0.13046168,0.13177344,125.74941209668793
3278372902388247424,55.58688791302136,8.312154118631254,19.08546221655064,47.302514376412006,-229.43117234775607,16.209993,1.0913087,0.067572616,0.07857564,0.056431834,282.44373751270246
3286314640515593088,67.56730654079362,7.202552412621995,16.69411967018413,-52.05501887036206,31.36135777947937,13.662944,1.0970969,0.020218581,0.029223893,0.018502891,825.6820629590242
3298981804741290240,64.16764909535671,7.847778228273284,15.074977200335042,79.58835299435688,-12.698041297437245,12.939756,1.0883558,0.017825074,0.020566972,0.013911975,845.7175100835509
3301795386278347776,59.82004101124991,9.005678095542928,15.182799139544649,48.25152782539632,10.359511198583249,13.344066,1.1180011,0.016370079,0.01720382,0.012719554,927.4725637881558
3303234200322301312,58.27287295144049,11.036704188716817,18.646143928715706,83.59400587712042,22.461023055815453,13.767592,1.1186137,0.017260214,0.019596571,0.012418274,1080.29621931198
3305219231126999936,61.8399067239585,13.181015581884768,29.33973956789889,-27.60891421986397,-10.668194121341084,13.790991,1.2305388,0.023084503,0.027203366,0.018120898,1270.9712471565401
3306689724849516672,69.29838103773562,12.71316693139486,15.422362741616253,168.48499751503542,-85.51815174471352,16.165,0.9647381,0.04848504,0.053820595,0.03533535,318.0849751101835
3308191314135894784,69.78580781490034,13.00269696386794,16.147852355584362,-43.296159394593005,-64.32875612026402,7.0985756,0.8928225,0.022226634,0.0254605,0.015967313,726.5091221452768
3311179340062227200,66.52038510826976,15.04079479058062,20.937514048406054,101.4019876777807,-25.71827628057673,14.782955,1.0504606,0.059653226,0.07654334,0.053064268,350.98712093803704
3312520946111619072,67.30193646682095,15.273804206793624,21.451662078172305,103.30019069611257,-22.12825385808798,11.554099,1.3198472,0.022586402,0.027783005,0.018968726,949.7600404957064
3312882483575093760,67.79637749253605,16.39576252180493,20.316503143723228,98.79967538236876,-24.70843360310259,13.791429,1.1519803,0.01986722,0.024874762,0.016030725,1022.6142934805789
3312910967798031360,67.10991863798837,16.359757172448226,16.802952078264994,9.503811089282731,18.5009067957409,4.6231513,1.1108434,0.10376584,0.12380116,0.077605,161.9314417756845
3313173957237081984,69.38447123432836,16.758565709467636,21.28243624077011,99.74091391478244,-28.382371806868484,14.52253,1.293994,0.12009496,0.13736261,0.10508973,177.21340046884657
3314063977537054208,66.3729376285106,17.927768735352878,21.086509524006694,107.31597291846634,-30.999864147519936,4.295662,1.0475206,0.13814656,0.1929763,0.13604859,152.63868694237985
13291897284706432,53.13372803986415,10.90518306058069,22.060206671917264,-73.85937538317228,-63.12136516114398,13.5160675,1.2609843,0.02255404,0.025057204,0.017137256,978.1044403538019
36540074223000576,55.669346361497226,11.31087223996567,22.054637181893582,-10.522830953208391,-13.625797814290673,11.507427,1.1107395,0.018159194,0.022998076,0.016956454,1214.5163040767989
38781428676304768,58.71651981528166,13.790451415172695,17.64675233195837,130.93501164166975,-97.87525266156986,11.035399,1.2709036,0.018571133,0.02146011,0.013706995,950.2248641457886
39107399515029504,61.35131483566411,14.93423599522924,17.93778669320784,52.1897009182367,-258.80125390046794,10.20327,1.0532714,0.016913285,0.0208059,0.011429367,1060.57378523497
39305036729495936,60.92602282147969,14.99121874991044,24.098115357753688,141.3491852687282,-23.972849448206453,15.021885,1.0177372,0.030627556,0.035466377,0.023964796,786.8115679146481
44479407168836992,56.15347582320226,17.15096990196089,17.6134628571068,-45.60238879899983,-72.00416576190318,12.815252,1.1979096,0.021834869,0.024936093,0.017056838,806.6667520243332
45003736776189696,56.41639607195408,18.991722127593,17.628160855818276,-3.884509665860188,-108.54508280077454,13.363241,1.1806585,0.015336572,0.018250315,0.013034355,1149.4198870398336
45142206521351552,61.92552108068629,15.16268590666018,22.850537135218374,127.74418003865536,-23.238637670992127,5.984928,0.8232454,0.028883275,0.04115653,0.024343599,791.1338702144536
45521022637022976,62.21098082427721,16.402164759035777,17.222783736916753,-140.9937559057432,-71.05739871139195,15.09831,1.1026752,0.03315736,0.038212355,0.029914549,519.4256640732783
48548527903788288,63.43721988150319,19.305832523348023,25.63560655318113,27.29158308893438,85.84918419442586,8.776985,0.9827753,0.021729179,0.022762006,0.018344272,1179.7779636856565
49520255665123328,64.87462537982385,21.75371096399956,21.031458216917265,109.5106954935432,-38.926687346325366,12.847304,1.1849926,0.022780646,0.028283903,0.018541368,923.2160587947008
50300290446718336,61.42284382174313,19.521629680942876,19.05424038386912,7.8876542370951235,-24.735672581286163,13.990629,1.1428745,0.02335565,0.025752902,0.018107066,815.8300190261938
50327297200978176,60.91324437950776,19.45486430705512,20.95167537165959,122.05525386120502,-33.3379810764895,9.780697,1.2336773,0.019205533,0.0238829,0.013030035,1090.9187145006383
51850945438240384,62.08223667665996,20.14157524548792,26.79082095858177,51.63638350608285,-98.73230305835378,13.72065,1.2573075,0.023186237,0.024342405,0.019266924,1155.4622234984388
52214815067850496,61.83112947267907,20.81405629303184,16.50215000911196,72.09468213507515,-24.16223003589782,17.784103,1.0476099,0.15576988,0.19100164,0.13887945,105.93928690907357
53728945658385152,62.67825995177855,23.44417094406051,25.78365659177557,-126.82519599135568,-50.81357972860053,12.370875,1.2580178,0.021833703,0.024555817,0.017211823,1180.9108419114968
56296923784865408,53.42046945404005,17.061779260704625,16.267985522493422,-20.00965767693809,-7.19512845232812,16.028378,1.0352237,0.049621362,0.055706047,0.046823163,327.84238212754866
61907388023665152,51.84488011489429,22.89112006316786,15.215364928574632,174.2278321131024,-70.17517612500856,17.765213,1.102193,0.19145069,0.23571935,0.20774968,79.47406681362513
64115585330656000,57.51517110765979,22.591359710394958,23.207919486158296,155.04644029699432,-62.507778246730965,7.165409,1.0320977,0.023656435,0.03101782,0.0163143,981.0404435900125
144252253369327360,67.47966196512688,20.58296538638895,16.37123575580494,25.43440516920256,-111.79216509907124,15.2533655,1.0143384,0.031622224,0.04076205,0.028470159,517.7129779298552
144512287869179136,66.97163057622443,20.98133557384013,18.90205232031606,92.74131360867791,-36.70499761728641,17.618279,0.99379027,0.13117006,0.16907242,0.119822845,144.10340530694322
145732196020926848,66.52515648764393,22.90655002384208,16.672025621162774,67.04807550741205,8.459192161377567,10.151242,0.89454156,0.015391009,0.018398738,0.01372839,1083.2314906165525
145830533592284288,67.50260705725071,22.374843927977256,24.653959274879146,117.10261015753773,-54.90129601526295,16.144054,1.0684454,0.0628732,0.07299612,0.051738583,392.12191004878304
146215053424571136,66.4961505344343,23.683626508251777,17.335744939155656,57.16609487014805,-49.22616610740644,14.522903,1.0985235,0.029434651,0.03491039,0.022417998,588.9570404335916
146717014840345216,69.93639783062916,23.53259587673237,19.40165523129069,88.0908741789703,-45.47288861622864,15.672466,1.0184518,0.046800263,0.058427803,0.035562743,414.5629530178215
149252484358362368,65.71782547571189,23.686946488657647,29.521461917575763,-6.223539508958972,-66.7495638244814,11.743705,1.0984674,0.018872228,0.02200055,0.01624657,1564.2806942336517
3276857706646840576,56.58391026878272,6.74003489329322,18.728445075297746,109.87540782619529,14.695092854675764,13.416778,1.2636465,0.019726632,0.021495454,0.014417087,949.3990193205685
3284773915487855488,62.83516984693187,5.523082419514044,26.63447490135773,147.92607995544748,6.794332497902452,5.622957,0.8929142,0.05245438,0.058429226,0.04111618,507.7645546731794
3285383422886520192,67.50696911287145,5.000459696652174,16.159785233042236,-8.550594643886564,-44.31283640611732,15.119113,1.1228719,0.031902432,0.032642193,0.024823692,506.53772204709145
3285455475256293248,67.3107788365171,5.274825556508378,15.278672955454969,51.13013643349713,68.4804251102046,17.65235,1.0131881,0.12740397,0.13510883,0.10607843,119.92305228365308
3287289048335871616,68.10814935149749,8.450575971408156,19.118226198005114,199.21941899641,-308.9576632269749,16.610102,1.105959,0.07281275,0.085896656,0.059130304,262.5670119313598
3287471361107301632,66.60873855898957,8.648025816030138,18.597472720310652,172.31667337101032,-77.32968197301241,14.581472,1.0379233,0.024002573,0.02506262,0.01960061,774.8116304160664
3300228444769145856,63.53426605189344,9.406643356914572,17.575391835898706,105.80278579353528,-11.903239081796318,10.650703,0.98455197,0.012218501,0.015479999,0.013243307,1438.4245527253063
3300235488515572608,63.94877592981938,9.59947928235891,16.082905446777154,-16.90317199875239,-125.88583776842988,13.791694,1.2404491,0.022323107,0.027987156,0.01953248,720.4599900353098
3300718380278099840,65.38791062888761,10.327633656088658,15.16211785784506,214.8124738507688,112.45308553220978,15.339357,1.179993,0.03952155,0.047196396,0.033875193,383.64178170757623
3301180033426525568,59.30144961457522,7.663896037931882,16.881610705115243,-1.4163399888205517,-230.56323230265903,12.060176,1.1627308,0.015118969,0.01831919,0.011967043,1116.5847820122683
3304337251002413952,62.11165709792025,12.191797632139169,21.58431663010373,119.48704471307887,-10.952029796356811,10.703841,1.1396561,0.017492065,0.018601691,0.013275622,1233.9490294658594
3306240402551340032,69.28420129399207,11.144935611527776,29.947687100416992,196.15959331781204,-208.36463678422487,12.984765,1.071299,0.02035953,0.023466002,0.01518362,1470.9419667554698
3306297852033721728,68.29399900814964,11.38268288411822,18.529509113220005,180.7888037566929,-72.02599977755227,13.464093,1.1302125,0.01906402,0.019780852,0.0149272615,971.9623202881661
3306316131414586112,68.7750242799404,11.536319827125114,21.720186933206577,264.5969683152068,-209.11055429135436,15.266762,1.014543,0.03163345,0.03703401,0.024340384,686.6208691497948
3307489031146701696,68.36303444839065,13.045385968619556,23.33351117890057,110.45561302533068,-21.440963919172606,12.256755,1.363789,0.023695556,0.02745457,0.017971411,984.7209822339922
3307992336891315968,69.96285291527285,12.72840639889554,22.89849594744865,102.516875225343,-16.16321848160308,9.665218,1.276057,0.021388963,0.020888917,0.015469845,1070.5753218353152
3311426420941869952,64.10651824390972,14.171318643894184,25.25339125258443,134.6442694879865,-20.670239786349534,13.910441,1.2397223,0.024223365,0.030473946,0.022780364,1042.5220134603276
3311906770084019712,64.3677423441332,14.900983314066778,20.282956302607197,105.84047506258158,-17.3536926911853,13.256185,1.2354041,0.015809147,0.018648818,0.014328136,1282.9886585662844
3312904233289409152,67.25111621738195,16.346213879024717,21.632519360189345,105.1068878388032,-27.317100539736167,13.074519,1.2212473,0.018340891,0.020854766,0.013286974,1179.4693812961073
3314212068010812032,67.37695672528574,17.863022648846673,21.438554423234333,106.1192327332723,-32.02855957789507,6.797135,0.9934814,0.022946548,0.027583692,0.017907737,934.2823340240254
3314294771901304192,68.48159725897497,18.38062040059367,21.587850129123968,103.7944137257437,-32.46346394321611,14.972231,1.0239731,0.031458754,0.036154423,0.022768686,686.227119139047
3410505784542875008,69.72843914206969,19.18206486939419,20.064564960840617,92.78665865775896,-34.55281295070087,12.897306,1.1117162,0.02156436,0.026450137,0.01875396,930.450287457667
3410695141062231680,68.5469111626402,19.55423396099942,16.35342117353384,-27.359217699951365,0.4777035151158733,14.891688,1.088756,0.030776363,0.035523698,0.022868866,531.3630195203325
15897117071508096,50.68805189214713,10.62243303216229,18.722721129489607,158.34162117889275,-248.0243287627563,13.229266,1.3153164,0.021759,0.021513822,0.017763024,860.4587126931203
15898083439754496,50.69585010163182,10.669061985399876,18.65850902775625,158.42728324975468,-248.56808774981707,14.292163,1.1496676,0.028003603,0.027557755,0.022811016,666.2895852278813
42995684946443648,56.57824999428419,15.459151343234351,23.29993753981527,278.57651245148804,-180.66927352124463,11.121592,1.2448956,0.023800712,0.027295133,0.019155797,978.9596857360935
45159901786885632,61.755680961496566,15.334941426173367,22.22862392233613,124.62563850797356,-19.785723427617143,10.051599,0.983135,0.017393649,0.019903427,0.014435845,1277.9735823308915
46994986693280640,62.32291191813896,18.56467844753016,20.855021464612484,155.48553896326223,-112.747525795355,15.417392,1.0975139,0.043317955,0.049061336,0.03877889,481.44058196220215
47917511308704128,66.42470185058039,19.0130975774194,16.168261870813158,84.100993988532,-25.85187614361773,13.683399,1.0847969,0.017656274,0.021552552,0.015127394,915.7233213991332
48127548093140864,66.85320714649781,19.975573350003,23.4652865721818,24.334347098028,-9.069892053252984,12.556695,1.1317962,0.018539367,0.02435742,0.017993081,1265.700526462516
50135226263009280,60.40399681511382,18.72284767228496,17.23897535111894,328.3595183757092,-1105.3311147960949,14.590434,1.0899945,0.024123177,0.027148921,0.018696442,714.622926786092
51505423909913472,59.8721612493241,21.27982483115386,17.469365039383813,28.61745297750288,-80.87776485026316,17.193703,1.0601046,0.11060823,0.14182037,0.07380548,157.93910669562123
53758598112448896,62.47736716060374,23.801290552976123,16.671693683526364,-20.118065930640757,-98.25227351804288,11.682242,0.9886566,0.017418802,0.021838222,0.015479264,957.1090872682497
55802693306643712,50.24752895725475,17.30297963638931,21.584091568039533,-46.72267709745435,-300.4272125499725,13.549844,1.3000796,0.024473056,0.024540238,0.019052567,881.9532619072801
63057374106768512,56.22735309813646,19.677036541360916,15.415418260609895,120.3296218216286,-61.90952983701993,17.493164,0.8781533,0.14861774,0.16802947,0.103225484,103.72529053806024
63395989328447232,55.94684412850267,20.859942210369567,22.243532402373564,142.87806452414392,-34.442580281932976,13.314799,1.2424577,0.022365874,0.021998366,0.016112635,994.529988069036
63513568352960512,56.4454345416152,21.211420432378656,16.67793055842599,149.58442834980238,16.15853051594935,11.079583,1.1096276,0.01910282,0.025299955,0.018158922,873.0611793665015
65502206932420224,59.86151989100853,23.38525105549749,22.64691270930965,133.32751757462492,-43.86146886856102,14.649438,1.2022967,0.029206304,0.036573965,0.022332737,775.4117984017988
66482352830035840,57.763720868655575,23.90343718252412,24.576118496058804,152.61762361212004,-48.08908842806767,9.791235,1.1464577,0.01680418,0.02077586,0.012808064,1462.5003121877298
144928968415617792,69.54518168069787,22.138992298732244,24.3073016711007,31.98856817717479,-127.6204653346846,13.122655,1.2750452,0.018407809,0.020876715,0.01556374,1320.4885856377964
145916050683920128,67.4128739855634,22.88256246495492,16.98181159135447,82.7779335754593,-35.5409784176602,10.853678,1.2327719,0.018911948,0.020850172,0.014976908,897.9408991265453
3298302821952152448,60.59510280312101,8.102462310359243,18.125313955014672,186.1086955874635,-12.415176615808791,14.803123,1.1899176,0.029559677,0.034682505,0.024880517,613.1769963188256
3299228679461794176,64.11140477172873,8.432779454286534,18.22792273955968,-78.28645460227531,20.108557894894243,13.86816,1.0981156,0.017573863,0.019534666,0.014483547,1037.2177556840907
3304831550199371392,59.80301030460408,11.951748718671084,23.563982916365813,112.54966570614212,-234.4106488413725,11.528754,1.2684742,0.023637231,0.026894547,0.018586902,996.9011563311207
3305871825637254912,67.73868055535941,10.751718973253958,21.50235325035909,102.86729657313283,-10.75874061348103,6.921069,1.2400993,0.029887693,0.033536315,0.022576666,719.4383738604076
3307185432794616320,65.50408036889311,12.509371624901672,17.609174447807824,29.92527564594924,64.8661609811346,9.086867,1.0611328,0.018399226,0.02057629,0.0154510755,957.0606093869287
3310569798304869888,64.69651758804221,13.366232103250711,21.71107339531789,116.31953265189988,-17.325722095813084,11.273949,1.2397858,0.023010239,0.026108304,0.019641528,943.5396735913039
3310871854764733952,66.54581486959022,14.148364226879504,17.876233945139973,77.36002958296476,-285.229249826339,17.174969,1.1216143,0.11342878,0.12414394,0.08143409,157.5987500274619
3311102820926310784,65.39669553192954,14.695153868168015,20.326692831232425,106.49657261059144,-19.73171837672036,14.278773,1.3977338,0.029045576,0.034845755,0.025841981,699.820614031976
3313579505227558528,66.31936239676666,16.3022336834695,21.250239265348167,108.55029876049758,-25.83963038411747,14.998649,1.0922943,0.033601098,0.044947606,0.032103706,632.4269303743636
3313665885609887744,66.77717673131863,16.430092002554506,21.66732573514696,107.56779251043268,-24.91171284914873,16.533167,1.0054116,0.06976445,0.08126329,0.0580222,310.57832083743165
3313947704182762240,66.09326952772372,17.07883604085962,19.95899563246898,99.88705024230195,-26.678483809607272,6.855921,1.1106656,0.026463037,0.031924736,0.02225823,754.2216576453028
3314248558053305216,68.121093213053,17.904553975016853,17.61850761262078,72.92448838788293,-19.222696711880484,14.141921,1.1358705,0.02320965,0.024853803,0.017650582,759.1026841258175
43188236920214912,55.67006208506144,16.131624063091383,16.726734452485505,30.193693495270452,-35.973362038401355,15.178843,1.1658711,0.034371782,0.042379647,0.028376479,486.64146806486514
44427627043191168,54.370481917519896,17.654423855967902,21.89285386994904,278.0666030303166,-101.8948186712997,14.372071,1.3064841,0.027486745,0.031441595,0.02492324,796.4876841528177
46241889948750208,60.311536385781714,16.244037158386938,16.86212624033826,-81.352105182681,57.18614824368034,12.966398,1.2127235,0.0217007,0.02571601,0.014531376,777.0314432409212
46994986693280512,62.32362671471745,18.56519103703514,20.864354331736003,153.18677849745347,-112.0777796324158,15.743759,1.2210451,0.056836057,0.0642734,0.04995051,367.09714630161625
47804394753757056,64.05523411212916,18.884362336982484,21.82751181449805,120.62002935161104,-32.148453163407744,11.203266,1.0755994,0.020528838,0.021022884,0.01564394,1063.2609509850508
47999699804126208,66.75297570204266,19.11518494110477,15.39153229786296,98.75813209852178,-130.37995934978224,9.462355,0.92585045,0.017619163,0.024090726,0.015277471,873.5677340554123
49341619383660288,63.88632392967513,20.80751668882022,23.12876544420197,125.75807394107,-41.473405803953696,16.028763,0.91858184,0.09140694,0.11252225,0.08203862,253.03073753701818
52581777072995968,63.83999649756596,22.11563365649112,15.466130474090786,-57.22071920139093,-19.819516433050627,15.441964,1.0111228,0.035381105,0.046016917,0.033132173,437.12966212024145
53031889647268224,60.66263372947908,21.594101456109147,15.905608543543671,106.8786006225033,-56.17911492951812,16.508028,1.020636,0.08308037,0.10309996,0.059509985,191.44845579700322
55086705080199424,52.06824652192815,17.56465181648753,18.710242093390058,84.96032486392258,-59.938483723438125,14.698543,1.1579417,0.02846175,0.030390738,0.02456198,657.3819984150679
59293294832215168,50.30435985745208,19.41670756500459,15.927809504468746,-36.24810334745205,-136.03351803234227,12.669931,1.32094,0.021405376,0.025815064,0.021371374,744.1032339010885
64746361406060288,56.25713005229337,22.25597497266389,17.617584766766765,335.2660219405402,-15.359757102436024,12.25204,1.2446258,0.02216822,0.028889913,0.024524854,794.7225698214276
64962892180951936,56.828941588450135,23.33924677486444,15.07252638126035,154.15126152819667,-96.74948470353516,13.486581,1.2192278,0.020239081,0.023490846,0.01666877,744.7238528893852
65958916574337152,59.79724205831089,23.9685831505855,17.81115332488745,-34.369202243500155,-82.47401351691968,17.79245,1.0228554,0.13289268,0.13847746,0.086602606,134.02659442858288
66046808786124032,61.42239411030037,24.471523526825507,15.38082329272651,40.184857905527295,-38.61533483047339,9.7908945,0.9485791,0.017404059,0.01804621,0.010324761,883.7492042934645
67623748976014720,53.73523219967142,22.925908126088064,21.973773633773437,-8.856793448516072,-184.5914133580324,16.877954,1.0328748,0.10348503,0.13090242,0.09523246,212.33770366374185
144786577364287104,69.05823675251195,21.536357766359902,29.50321029617971,18.0514675366018,-41.85919843447051,7.4254136,0.951922,0.025977282,0.03325459,0.021865474,1135.7312245438036
147710938992084096,69.22631558848308,24.49872719866282,17.5108993603019,79.84808463288772,-41.71396121102069,15.67829,1.1223859,0.053434983,0.062051833,0.045066748,327.7047802242568
3284090775169021696,65.55096317853607,5.149281829165949,22.907230700352585,12.844778187766988,15.88832326343965,16.769382,1.0455959,0.077546686,0.08883833,0.06656962,295.3992218358962
3285064083477831296,65.2956301070361,6.103348809234391,17.6064182283183,681.3246287257659,-39.06147552020792,11.317166,1.1671885,0.021638611,0.02605448,0.016996127,813.6575045560135
3287041726938931968,66.32120578395853,8.06775084138208,28.8836215187672,146.642040384616,2.5568707724361635,13.417475,1.3124814,0.019884134,0.022609286,0.01646672,1452.5964026779943
3300725905060807936,65.6256472411211,10.434597500431904,20.88137893168201,108.0143432699817,-5.94003024630074,11.8271,1.061675,0.015299192,0.017182406,0.012439449,1364.8680879148396
3302438428781887872,58.33867397253984,9.465568708558862,18.376326900208397,39.52482662728272,-34.15825078723729,13.330065,1.2315423,0.019055836,0.020790158,0.015484237,964.3411551300294
3304399373409432064,63.04156323077032,12.385058823826716,18.14145497374567,-12.024441425345303,-260.4197414498348,15.51742,1.0516222,0.040169477,0.04843906,0.038289607,451.6228820640525
3304821688954500736,59.46559813764127,11.763336442668114,26.86853732581249,216.70670119023092,130.0024217077549,14.566137,1.1958843,0.027832143,0.03252405,0.020942498,965.3779561930423
3306305342456749440,68.60185009668868,11.56464205848612,15.802590569661788,146.26881661127885,-95.32953089656964,15.075494,1.0243067,0.033498798,0.040252805,0.024183368,471.73604765346465
3307355272981718272,67.31812349243297,12.360285836150464,21.130573792003982,103.91102579639008,-11.813491139821409,13.442018,1.1674798,0.02016548,0.023821093,0.016412094,1047.8587066612836
3307463673660554112,67.55148341691782,13.019007525236145,15.103724392389434,58.7297656721476,-10.2997606308541,17.894547,1.0569602,0.16635741,0.18079673,0.13422629,90.79081233826274
3309233376280902272,69.36849811547962,14.287593431964474,26.65434679985273,78.30576501062272,-71.35439200475396,16.315752,1.002794,0.059557166,0.065094896,0.04451342,447.5422285850997
3309505745927087104,69.24665166882295,15.23937847467004,15.510824471743586,46.76512064319026,-29.57802461761696,14.66456,1.0997646,0.027530758,0.033202942,0.0232502,563.3998334424206
3310348551653256448,65.75006042586956,13.316199502891404,18.68050241562746,95.68905943359069,-13.39933870066955,12.676082,1.1202196,0.018491894,0.02083568,0.014084704,1010.1995185364711
3310478710637938560,64.53590962898535,13.331092286491018,20.953979195799946,110.06293046601724,-15.642484348565644,14.096124,0.9528859,0.06808919,0.09401224,0.07615784,307.7431115834973
3310526436314499072,63.70085393166068,13.3513203626447,26.313579590342968,200.00729622716509,29.666797782839367,15.37089,1.1670439,0.051173184,0.05696176,0.042823244,514.2064169847819
3311158999098356864,66.08359231472673,14.873454816803417,15.25926803401316,179.6887211146306,-20.597086296903047,16.462067,1.0443416,0.06108948,0.065873064,0.05015334,249.78552827775192
3311640138514119040,62.39484205553297,14.560629676097356,20.647642148709167,97.60866145344971,127.41141401227928,14.951129,1.0700561,0.031990204,0.038646366,0.02671979,645.4364013655295
3312197934506930944,63.890922806874194,15.706163930174665,21.98884310674368,120.46690653191756,-23.2509911470314,10.433477,1.1388273,0.0194268,0.023638383,0.016277192,1131.881890313571
3312406429399957760,67.6780424615967,14.66142954817377,24.44786660420823,120.4713690861953,-23.898170768119044,15.196015,0.9887119,0.038741343,0.04541576,0.029274113,631.0536680209623
3312536923393893120,67.53644292906253,15.6381385358323,21.33769931920589,102.35615515978776,-31.284551584279907,7.944009,1.101642,0.062364098,0.12920433,0.06445975,342.1471648512561
3312860733860742272,67.70808448725165,16.184436876394173,17.723149772550606,59.34617621218467,-144.69897914684518,16.438404,0.99034333,0.05791299,0.06767555,0.045442533,306.0306465363057
3313630082762446208,66.05368139719631,16.378832571987743,17.449854123331388,89.65812351400601,-21.969793217646227,8.081527,0.982283,0.023748498,0.029765392,0.022861496,734.7771687847959
3314581984953794816,67.25475392693583,18.67354031760568,23.141968871394663,113.32245937317006,-36.05766616826965,12.25473,1.2102776,0.021129902,0.024992455,0.01777337,1095.2236726604158
3314617409843985920,67.63429602427269,19.02832263984926,17.566884147612296,-2.8065979343244205,-67.30754127947388,11.414366,1.3621298,0.02561678,0.028749255,0.019792035,685.75691978509
3410390468964390400,69.16277554836863,18.61557988254832,23.802781584110832,106.90556846396782,-39.14887431313215,12.300638,1.1121535,0.017420743,0.019650117,0.012882436,1366.347094616506
13333300768960640,52.421026659662,11.014541190897136,15.79634456606612,52.22752324648385,-81.98005194378635,16.445955,0.99162036,0.060114894,0.07184627,0.061404075,262.7692326308705
37175179626858240,54.819589431806726,11.100313974296936,20.1742231789552,-33.367879222011815,-89.95782397701014,17.474182,1.0976729,0.1432323,0.13899598,0.10820922,140.84967691613693
37622955737490688,55.368028176216136,12.607559395728368,16.723703094359948,45.831891051465945,-80.43567896058384,7.989245,0.99817806,0.024346137,0.035390142,0.02253975,686.9140305240189
37637077589965184,55.08506858036133,12.714034910775869,20.97036876710564,32.216457546151496,-118.26052020919832,12.653177,1.1082424,0.018011972,0.026062902,0.018709566,1164.2461340216184
41321815932339968,55.27719555114636,14.547290410194432,17.3663481254816,219.28915470147217,-174.807000957494,15.029866,1.0650058,0.031688698,0.03607923,0.0306501,548.0297147418805
42644116104343040,53.47771899205497,15.783530519399385,17.052717283322902,24.79901677652535,-24.299697041379385,15.065519,1.0710261,0.03160953,0.035797574,0.029152082,539.4802543195962
43615122310787840,58.29252814021154,17.32695470319336,23.1939200794336,143.69607742243576,-29.396421474839528,5.883992,0.8862785,0.031118443,0.039517175,0.022787945,745.3432062598248
43802039287826432,57.59622684276635,17.4752524415781,21.47188045529033,113.43301136847268,-251.10065136712265,7.3485003,0.9691066,0.024101965,0.028887277,0.017683245,890.8767586082848
45506454107945344,62.48875833510628,16.378135277327907,28.768977053546557,158.47749940965812,-29.236793209081643,15.524658,1.1411465,0.05100125,0.059093818,0.046731345,564.0837637027829
45980377978968064,62.37094995377996,17.131677494293307,19.98560445538439,111.07468841188134,-22.29227570554761,15.356008,1.0640622,0.047942497,0.058921807,0.03779994,416.86615645789976
46380840731065984,60.80072071348199,16.870648112387006,27.260621058031155,-11.946804751245644,7.145184913140931,13.504987,1.2472597,0.023454612,0.029032651,0.016602384,1162.2712436271022
46573805021304704,59.64804358312967,17.336853670723798,23.62517112103044,131.9492974636909,-49.94478395828243,13.665395,1.3283294,0.024801886,0.027405271,0.018178165,952.5554274796054
47869373315376000,65.95084403856436,18.470189281114568,20.290304385630403,42.05354004021702,-0.946605016691232,16.783115,0.9986178,0.09466011,0.10753285,0.07072812,214.34904719242775
47948469433052800,65.78659871167118,18.927314811144104,25.908844917029448,176.0153138924227,-103.65910496915409,13.71307,1.1116084,0.018806405,0.024684103,0.018761424,1377.660691505338
50667699128858624,57.74000011535287,18.301701201603336,27.12098858209657,179.41602437424106,-37.581338817269696,17.209633,1.3486853,0.117930345,0.14344588,0.0992483,229.97463953909883
51301876819771264,58.82923988592779,19.947572172882307,18.61758653104064,-31.21785737245441,-78.70600838582855,15.016357,1.1630521,0.029052226,0.040033665,0.024782956,640.8316709033119
51534045572176896,58.08726716706816,20.477954213318835,23.680355576859142,147.921790199027,-36.304057595042266,16.474619,1.0642664,0.07381727,0.08503136,0.056629512,320.7969568213392
56373168044187392,53.04241269788788,17.48729833864363,19.548036078428886,-48.46358587318307,0.6639108828866391,15.182528,1.1127933,0.037529495,0.040985525,0.030547682,520.8712794677596
57355684762312448,54.454814812563576,19.94302688516838,17.032853114920435,89.57473375502786,14.57771224936988,13.729659,1.2871519,0.07128627,0.10572339,0.06574221,238.93595660034444
57406365376348928,54.780589645339255,20.42390953865461,27.971987717883657,186.1633186283226,-39.090922321398686,13.60348,1.1471001,0.022119787,0.027598893,0.017666738,1264.568583679565
57680109412530944,52.97051752361397,19.81818428627852,20.11562498845623,37.30494658491118,-41.467764478397015,14.927282,1.2206125,0.03156532,0.0370502,0.027326737,637.2697944597497
61777783090773632,51.44038901846185,22.48787529542144,16.943338334265054,158.70170562304557,-158.6241255510858,14.7448435,1.2137501,0.038715564,0.038334016,0.028406387,437.6363556079166
63411313771718656,55.34426044670463,20.613110946901685,16.7304015564147,72.35672304536976,-25.57447687041545,13.566638,1.2120309,0.01824114,0.02233334,0.016619118,917.1796037097847
144833998098820992,69.68131449942413,21.737114106920156,23.126591291194597,106.12618019048706,-48.854599530910605,15.108836,0.9996131,0.03637434,0.0415654,0.027589938,635.7941145102453
147506979585516800,69.0066741952207,23.642099670668525,21.653358919063827,249.74151701482424,-158.52907581629935,15.715212,1.1568657,0.049881406,0.061776023,0.046117194,434.09680390853106
147747772631449472,69.57648712060578,24.920097454920032,16.524763885709117,-21.945030999514657,-59.42219284677424,15.046754,1.0786327,0.03314746,0.036822554,0.026448844,498.5227792931681
147933315219119488,68.76413338910318,24.85383557557036,16.801593396818856,70.77124250105052,-44.27628138864269,13.478539,1.1733502,0.01826577,0.023878414,0.01668536,919.8404117000737
148965206882342400,64.36889140708914,23.467187320055984,27.11295331842848,492.2722977634805,-286.7211405713722,10.800983,1.0563844,0.018423095,0.02149953,0.0142892,1471.6828697039493
149814820133223552,63.621973551408274,24.252469169130958,15.098096819234192,19.571376681780915,41.186440732915855,15.678884,0.99234265,0.040160827,0.046458922,0.035028897,375.94088436560804
3273746707214409600,60.23843828373482,6.050170020413799,16.195732314243784,8.4148231837253,-32.10724161900276,15.47365,0.98245907,0.038368683,0.04177982,0.03093466,422.10811130118236
3276857706646840704,56.5851235728217,6.736576716944641,18.74210305242088,108.65142824357945,16.36308178077518,14.163176,1.1327416,0.023633601,0.025159534,0.01713391,793.0278188423711
3277015039888106496,57.53733220479246,6.620524176795481,27.929941073110488,64.5736449784055,-38.03386250000082,7.5721917,0.9830568,0.025480263,0.023931947,0.018011598,1096.140219318399
3285374386274890368,64.72787923712488,7.096316940653123,18.69567422605633,38.174792135100496,-58.04475638613927,15.166214,1.0803617,0.03208488,0.03877886,0.028105205,582.6942231373883
3298631404130765568,60.986582196837794,8.197384566256215,28.41984201421472,164.46591253551486,26.609208668617896,5.347587,1.1780258,0.078130335,0.07699032,0.057872575,363.74913808080714
3299573475139651584,65.9618028617579,9.20539197328998,22.35759064919424,114.287285596903,-5.402224394030945,11.811197,1.2588031,0.024482844,0.025904512,0.018622046,913.1941799406245
3301997524618877568,59.79304014393249,9.28394105704811,23.676876791683675,142.80688464997613,-0.1240223072731733,15.938112,1.1982896,0.06346343,0.06789101,0.04983745,373.07905973067756
3305881652522411520,67.83203158167387,10.923734199280052,23.292372952962687,115.19505203618496,-9.523897095419862,14.855795,1.0794003,0.03168764,0.04110023,0.03139543,735.0617765463974
3306422337365988224,69.16641858503415,11.906898393295885,16.753571481581535,165.49440304043574,-28.919474694059907,14.463373,1.0028088,0.0205971,0.023857178,0.016548326,813.3946760263112
3306830943374154240,66.4225678922814,11.50336770168119,20.430457930106613,-36.19102153576587,40.24423136260427,11.043975,1.0193614,0.018428527,0.01925095,0.014411142,1108.6321728321864
3306998653257238656,66.25155355209206,11.97785818484594,18.2141627236493,43.99388920262452,-15.37470004679672,8.270116,1.0869398,0.02612663,0.027854986,0.022232004,697.1493347457861
3307371215900262784,67.8030685961577,12.477266173914687,20.34943187479348,96.20909429432398,-12.593081779986914,15.380332,0.99021405,0.036521833,0.044330083,0.03513157,557.1853930440316
3311785239689504512,62.81142129185698,15.086263771352034,22.161311312651208,123.42393077852108,-24.77845893083363,17.11659,1.0203401,0.09521701,0.114097245,0.08353231,232.74529742796173
3312136499294830848,63.9433848777668,15.400600422560654,21.303677442165004,115.59655062933147,-21.520782477177725,6.218952,0.96104157,0.030425297,0.04429735,0.028120738,700.1962032503743
3312824381256280576,67.43392363530376,15.840372941849012,16.030424783833627,15.444563952472686,-150.93418892050047,12.338865,1.1346481,0.01442284,0.016646275,0.01225295,1111.4610426125248
3312903580452944640,67.21223971187007,16.288355807011353,20.898134172767943,109.99610818061524,-20.799253009149773,14.808764,0.98285544,0.08078069,0.09364072,0.05997279,258.7021003753241
3313173957234728576,69.38416312823124,16.75879068634628,21.41008523788961,95.44066329763558,-14.250744828838087,14.560182,1.002443,0.095767885,0.19675049,0.16644166,223.5622645095442
3313259169388356608,68.40865079618047,16.762386244728727,20.61556113871976,97.99880517969228,-25.49159863900907,9.15698,1.0408796,0.017517813,0.019153092,0.0121052,1176.8341823673857
3313978112552491136,66.02452121402943,17.443985101312077,21.61924104437301,110.58004635581656,-32.8087266938356,4.7558556,1.0224682,0.099429496,0.13815111,0.09229544,217.43287368542036
3314329097279891584,67.78020065982034,18.36073027087017,17.290990299626838,46.291319964220165,-110.93953699576598,13.522226,1.1369263,0.018116308,0.02001864,0.01463079,954.4433832559502
3411223795700252928,69.61550593840451,20.574755071520404,16.817210631923604,-21.587880968287585,-90.75859976994046,12.807696,1.0841678,0.019923406,0.021208616,0.014539384,844.0931551524676
36110577493459968,56.165597799202345,10.176919362275688,21.08214953647396,170.10089502933033,-230.6455198261085,8.448276,1.1143658,0.023081042,0.02758672,0.024287114,913.3967840998669
41934381346979968,52.77236942709968,14.932192642919436,21.03516530114968,87.66475068201525,-50.122567537162965,10.899703,1.367207,0.019096648,0.021831665,0.018363021,1101.5108673076907
42263307123999488,53.76561132258509,14.965590275379636,15.111989972388288,42.37272442343343,-18.21227607016955,14.732478,1.1497858,0.030623402,0.038973577,0.027029246,493.4784832981093
42768532716776704,53.23960555371188,16.598001931984328,20.744294058130397,-24.14119805985302,-95.99442963556923,6.919528,1.1489581,0.024694411,0.03205703,0.023633521,840.0400421832453
43803894713689216,57.62273888607896,17.528991956016853,26.08262175415472,17.429178823329682,-37.38959352474495,9.689,1.3024217,0.024171839,0.02691901,0.016260372,1079.0499537149292
46456122917536128,60.02904839733308,16.667445904086236,20.9027758279832,159.40833615142088,-120.53927423300368,15.083215,1.1945173,0.03192305,0.03840772,0.023724493,654.7863010577998
47760521664503296,65.11560537190881,18.89705576636259,19.67296483860973,104.71947674211428,-32.569704428144654,13.988257,1.2785263,0.022342267,0.026093526,0.01921168,880.5267987626202
48762211116765824,62.89163440453234,19.66166784383428,24.94362733073103,389.29443925010656,-216.8340387297918,13.07066,1.1688285,0.019435901,0.018700613,0.01522234,1283.3790072675833
50298125783225088,61.35753568748664,19.44200665087869,21.198268225584627,122.02644919286638,-32.58516730288186,10.836196,1.3560333,0.023146871,0.024344785,0.01596629,915.815715462562
50317023639234048,60.84574374198143,19.2921346596198,17.950635587494407,50.76583688223227,56.62394087833593,14.086261,1.2029842,0.022462554,0.03478384,0.0155860605,799.1360015203261
53021581725641600,60.14563488438343,21.629450831326263,20.635776671999437,-47.805524570240486,-38.68621139598202,15.378264,1.1142187,0.04098739,0.044979915,0.030333428,503.4664727858846
53748427629899776,62.508385049443525,23.70328919373549,18.379913151469296,28.522097256644955,-28.994165129641587,13.53592,1.347231,0.025069823,0.027400805,0.02014709,733.1488998334489
54099721593798784,50.86320478783027,15.113650992728369,19.41846053316272,-60.79779400838424,-139.94525380946448,14.286776,1.2621323,0.07041046,0.09425135,0.06732862,275.7894286326594
57083830512424448,55.22966549448127,19.49634784448384,24.999557032937005,163.43361115461505,-31.708953930474134,17.05713,0.9140348,0.09628015,0.12362631,0.09418072,259.6543216118484
58164306845332864,54.43163553825851,20.529524814708747,24.22224616275452,374.2445372167495,-264.81124058614216,13.6944685,1.2737194,0.022794448,0.025160968,0.01875684,1062.6379793340257
59293299127742720,50.30430617941597,19.41714313072156,15.815107142128786,-41.039978894206165,-134.48387534753945,15.361106,0.8930779,0.086030975,0.09499895,0.0724823,183.83038367435435
63678907415301120,58.12004608371124,21.56578256146038,16.67975216786305,37.710929688829694,-106.11073647316448,12.651562,1.3638678,0.02005177,0.021773968,0.013929979,831.8344050357175
64114210941134848,57.31650761312842,22.613300249607143,20.630284149829784,-68.38801680482113,-191.7690931468925,16.516811,1.129754,0.070291094,0.08754143,0.052454144,293.49783842928645
65012718099202432,57.0147843841178,23.737797205650445,16.990979259330928,35.23238020180065,-125.7697083918154,12.883492,0.94385487,0.05053044,0.056345664,0.04468157,336.2523512427544
65319619282119808,59.21732789669424,22.477466785802235,22.59574684560173,70.67438488767382,-114.02624412163672,5.5315943,0.8303468,0.03849631,0.048805952,0.029328654,586.9587720381961
65360679169452032,59.1205547610188,22.67336932265094,21.34379161585563,176.62429117206872,-231.56935133437835,7.680655,1.0099373,0.021885063,0.026937965,0.016856922,975.2675427918864
65371399405314304,59.44832786146088,22.923793860365997,28.43562122741293,167.11042887738182,1.879051821780964,10.531012,1.0488484,0.02254997,0.026702698,0.016859934,1261.0048362553446
67730264164802304,54.455290144276624,23.040325480275857,15.703717163325214,-24.299591134732974,-21.54562837274639,16.588411,1.0120124,0.08040971,0.099249914,0.06469051,195.29627906039227
68001499939741440,53.20944929038271,23.692011674946134,23.825022114319605,162.22969924356906,-39.423203503087386,8.641026,1.0779055,0.02383677,0.02810877,0.018116536,999.5071527862041
149767987808179968,62.98472617200985,23.63472253338374,25.828152137059057,134.5174999472795,-62.45239582664449,13.289128,1.2644478,0.017651223,0.022482872,0.016716102,1463.2500046630794
149952843201891968,64.18155377008456,24.788224361290435,19.43472502737369,380.83100528016985,27.26247066310705,13.359422,1.2361872,0.017950946,0.02177658,0.014630024,1082.6574280471732
3284145132275338496,66.48933843777674,5.1501657921023645,21.00341544103485,95.83217975718856,4.668129543760749,7.222252,1.0601771,0.024232185,0.026787905,0.019788291,866.7569780040409
3287450745264292864,66.40562804145627,8.591355844852567,22.61907055195553,112.61499000772233,0.2689988257774989,15.941398,1.1410502,0.066409476,0.07214014,0.056206778,340.6000455711401
3296736739437207552,61.47273937173053,5.523489105784231,15.87647755564691,34.953578937079016,-35.54774861493195,14.011938,1.3359871,0.025942741,0.028493948,0.01813418,611.9815001678855
3297249936488848384,63.74291392211045,6.66867084673939,18.79333677997626,69.53554915988227,-109.55680954624488,15.357615,1.0430138,0.040521685,0.042590085,0.030879222,463.7846817074922
3300059394856687488,63.95086454934791,8.966106240287248,24.769914260658656,131.94057322100932,-3.007024120871176,13.599587,1.3408638,0.022652078,0.02592187,0.01933238,1093.4941271462449
3301102522153022976,64.27463086030204,11.637747469933236,18.10520090992973,304.8556329998911,-45.42674256575131,12.556533,1.1306477,0.015428802,0.01872206,0.013756606,1173.4677073391526
3301232470684621952,58.39495570179835,7.805248251679457,17.162777086306896,153.93899482438067,50.06100394271719,12.005809,1.158028,0.021217816,0.019403866,0.014263195,808.885188103568
3304271864420428672,62.91331686716601,11.823563899574062,26.8916120040319,-58.86024846335293,-307.20768985572624,14.288552,1.141183,0.027010335,0.027757775,0.020815019,995.6045344877025
3307782570688378496,67.65616639413629,13.72431676410995,21.491451797641616,106.56507793489249,-19.248993711890343,5.3405814,0.9745147,0.073748454,0.11393561,0.07837307,291.41562476199994
3310913395688436736,67.24446678457033,14.588773671275929,15.329000649870393,-86.17385734213399,-73.2886628022659,9.700565,1.0649266,0.015874406,0.019067954,0.013577614,965.6424719054302
3312602348628348032,68.63451075082207,15.827466076708385,19.196267295270147,90.27940471974104,-20.41792654543152,9.416291,1.180311,0.024968268,0.031875793,0.018815836,768.8265479716154
3312644885984344704,68.24817726690902,15.818854771000632,21.35731378098158,100.37574321605688,-25.47369149898669,8.475605,0.96138,0.019992784,0.022570068,0.015865257,1068.2511140510287
3312908906213736320,66.92021718932686,16.248607862645795,18.8055441535833,92.26337778265044,-21.21159228544068,14.2993765,1.2251562,0.02423533,0.027959833,0.019573724,775.9557700919813
3314213025787054592,67.38219601870492,17.89303687476587,22.00647700341757,107.65175197214356,-32.96408044400983,8.7407255,0.9210177,0.01661287,0.020561956,0.013236852,1324.6643718645587
11023119464589696,50.40005666859358,8.340328019154672,20.484302833933,81.49324441179027,51.89722064293587,15.645367,1.0260499,0.03571642,0.04332232,0.036061022,573.5262054240878
17705405678085120,51.365401545957866,13.507491384682105,18.683855109941096,17.3349808610933,23.421759471117618,10.37254,1.000069,0.016442139,0.020159831,0.015891979,1136.3396885247773
38535825266420224,59.97207560211466,13.428963376887122,29.387397797288138,228.1854077106055,-9.75285955901016,13.551019,1.2890325,0.022838606,0.032000143,0.017582722,1286.7421854594863
38625985220078464,58.819945461008594,13.355074571843112,15.021650844018282,19.89993583667732,-73.96613723261656,14.672948,1.0915405,0.03026482,0.04012628,0.025630616,496.34033323238936
45770783575075968,63.89569436950035,16.762287744082474,20.881553135526133,111.02996428477658,-23.49033945351936,13.9761,1.1216772,0.021271825,0.02423682,0.018531432,981.6531085379901
46458115782368384,59.813208220111264,16.66430695266399,23.772311569431768,140.91602205947726,-26.36458631822669,14.316654,1.3792962,0.027816055,0.03143524,0.020956969,854.6255595709661
49231668222673920,65.38237014650547,21.03971713386797,20.56339390615933,104.84915616019371,-35.96321883698717,6.688817,0.97479224,0.024978096,0.02870971,0.019860394,823.257061153073
51497418090942720,59.55958140514105,21.05098587404604,21.405052458848488,129.22455529786708,-32.84380045716108,15.810151,1.3505808,0.07060388,0.080842145,0.05105689,303.1710503565596
62977144118041088,50.85323194493892,24.14308798723432,15.487974578769824,229.64409790221995,-83.9637907214051,17.353294,1.0474432,0.13365601,0.13450931,0.12953483,115.8793725682057
63846445499673472,57.749692161604,21.95819099694412,15.603184871191583,94.56585496951362,-126.84848384050387,17.744108,1.0473474,0.11673021,0.1450614,0.089019544,133.66878095389004
64420871604166272,55.180346290621685,22.25188614818644,26.756440289564114,-144.52113207249158,-16.107427718077247,16.940031,0.99670345,0.077945784,0.09772445,0.077448495,343.26988473891174
65154726896576512,55.55101919083791,23.77458668339533,18.1874597365871,83.74572358565172,-80.01630459534562,12.889624,1.1728253,0.020613534,0.025568524,0.015833553,882.3067280257283
144663157183364864,67.40635910633415,21.668436922120613,23.43697635241612,112.64002348755557,-46.45635223497865,13.008914,1.1314651,0.020746619,0.02443025,0.017016165,1129.6769055437958
144663814316653824,67.45265620097047,21.734022390626603,23.856824604485848,75.07496297834506,-74.40037103696179,12.713595,1.1858294,0.019484425,0.025521813,0.017915577,1224.4048569298734
146677879098433152,69.71422712830996,23.14973232447624,23.03443158539416,105.62660408914958,-54.23912659588554,7.3807282,0.9371711,0.02227559,0.024333948,0.017797831,1034.0660599963528
146687018788948224,69.98842303882871,23.137636553392788,23.15742025497623,101.63475387705022,-55.30738549301776,10.748996,0.9478545,0.014905446,0.016003428,0.012414433,1553.6214250131281
149543000243089024,65.25317818281587,24.51860700660108,20.38889188666459,106.5867372937434,-48.88078498667054,13.559337,1.2247479,0.022714717,0.029574294,0.018683104,897.6071278662461
3273595833603606272,59.39867440788105,5.245538981936564,24.70864056555875,190.1110211008948,-130.16265512853124,12.952233,1.2955729,0.026287591,0.025858082,0.020069636,939.9355218802191
3273807936268126464,59.81287303302201,6.2279170090543925,18.44951102582868,110.72333176866329,8.289431647999974,14.524374,1.1873397,0.029645598,0.035256013,0.023859018,622.3356002408412
3277270538903180160,57.05021787943685,7.1462724156730175,27.4460845903378,175.4456550115101,6.444470001029592,10.243204,0.9750418,0.0182514,0.023572067,0.015249174,1503.779687604118
3284709353539537920,63.61057699332648,5.180643492238627,18.1000146924546,89.67782093140318,16.494130213544057,9.245772,1.066787,0.016517973,0.020120293,0.0135325305,1095.7769874339062
3287167277423046272,67.03374474598286,7.9457726573411325,19.89125758728529,98.93009133895414,1.112558817082283,13.74676,1.2239777,0.02173974,0.023624413,0.01735654,914.9721931948261
3297163075071392384,61.8540902524636,6.619347109328206,20.54536720655716,131.96684807069232,-24.843919737942404,13.805148,1.1507109,0.020400688,0.024394624,0.014529655,1007.0918787913996
3297731728740278016,63.214487032351286,7.952788615081698,15.934490336961089,-26.709801827755143,-6.091321592127611,15.4728155,1.0827701,0.039364256,0.04247647,0.036365826,404.795922904299
3298378207219150208,62.04368814527614,7.714064188757636,28.12076387796973,143.58943155918536,73.87560305849817,17.900286,0.9565513,0.20789573,0.26207364,0.18658605,135.26378765917764
3300315443626902016,62.45631860001651,9.305467514731117,27.818817765165903,154.7534868866938,-5.497239462112666,9.632934,1.0248393,0.022345021,0.026420876,0.018552123,1244.967179272998
3303984513928122752,63.20866953785506,11.246193181682669,24.902210825169767,139.0632372498501,-10.33560442817442,15.4684925,1.2628089,0.055690676,0.07044481,0.051306613,447.15224547049434
3305966417997207296,67.19172554363917,10.749392168536104,25.49503742241785,-16.517204235576553,-98.8521457943053,13.250763,1.2887601,0.016366176,0.01728245,0.012817626,1557.7882959597803
3306588707218380288,67.81746221983852,12.200079444708868,22.063923806490635,107.3012182448806,-13.760062387872184,14.376487,1.1169895,0.02396687,0.028303264,0.020186402,920.6009715282235
3306592418070112384,68.18963644754525,12.066606552219351,20.603160486735938,97.52678487718173,-14.337339520037467,13.739463,1.2159138,0.020846251,0.026030429,0.0186761,988.338885813854
3307844864892259328,67.01839738870764,13.868048854275552,21.02113488986537,100.60360410082912,-14.953317279596014,12.487943,1.3084584,0.07609495,0.10203445,0.07891493,276.24875093373964
3307844864893938304,67.01894114867126,13.867854184261594,20.87561036886644,102.26882886369415,-18.99106792317413,8.839648,1.0212765,0.021009251,0.021477444,0.015163996,993.6389626106347
3309956850635519488,69.02238770364617,15.68389752025828,19.993054066507124,95.39931453844356,-24.0218109907978,9.142798,0.98594046,0.017727327,0.020721328,0.013690723,1127.8098534825426
3311883817778820480,65.15179237979066,15.095358731795551,21.089906328443732,108.44328858667495,-21.17075959243724,5.2019286,1.0272727,0.11995638,0.12573308,0.10044636,175.8131274755351
3312324550143212288,64.97907765724916,16.522417532947376,21.72533378313141,106.06273081506647,-32.65447460692883,7.0219374,1.2684435,0.069723524,0.07464837,0.047169156,311.59259510651543
3312381071912436864,64.47973597435556,16.54438228291828,22.43113673226544,116.30472723578748,-26.587973156205532,12.951096,1.1125696,0.024212373,0.027131911,0.020559313,926.4328090545046
3312613000147191808,67.9373303656096,15.629243097689292,21.9411429349474,103.60681970600947,-23.577862998495743,11.270382,1.3949715,0.0278443,0.030827016,0.020381782,787.9940574892313
3411010013703308672,69.7914346658691,20.20133053231305,21.951137851541432,114.05611574589072,-256.2755802094786,14.74143,1.0683068,0.027722681,0.036167298,0.025402272,791.8115081128493
9877806305711744,51.119088401381326,6.98488087033674,21.7013428989857,-28.693735592552056,-30.589773033080142,9.915004,0.90368533,0.015488569,0.01672073,0.015787749,1401.119942002757
16498244989914112,52.58708335162854,11.854413599949506,17.220007306182417,106.93221837847136,-122.07085846285176,14.761507,1.209575,0.032705333,0.038352825,0.029374208,526.5198585864396
38535825266420352,59.97117351482536,13.428194355765902,29.427383789668923,223.64986628568784,-11.533675044861734,13.709113,1.3176042,0.024170931,0.033725586,0.018377192,1217.470017587197
43615328469218176,58.28787273988303,17.328899218901928,23.273191348045327,139.9517975329768,-29.41092933548325,15.225754,1.2485197,0.044926956,0.057340335,0.03614338,518.0228847030128
44388010264995200,55.19166625487718,17.57982551321185,23.716166449899408,159.77467413564077,-26.296557975563985,16.24908,1.1630465,0.08018311,0.09814205,0.082538135,295.7750884182393
47055528553760768,61.62923554447645,18.196424099984533,17.682429576727927,205.11716099702676,-132.80996919808308,14.28253,1.1293812,0.022545379,0.025173964,0.019362703,784.3039399216987
48000730596272128,66.98692335283957,19.06069583093364,16.97797729222924,82.54904553849278,-27.300966423678545,10.797335,1.0117904,0.021073252,0.0252532,0.017020907,805.6647968822866
48482454126911360,63.68892769220725,19.06383619142225,19.22192112619168,103.6500637338152,-28.38343609416531,14.965482,1.0830694,0.03633473,0.03911003,0.028816247,529.0233648685894
49131681384221184,65.43537023809772,20.402754686332496,20.282688061310395,104.08247386373684,-33.55629455480451,17.242485,1.0050027,0.11537205,0.14141431,0.10146574,175.8024414172271
49761186151049728,59.59434006828112,18.150346589894667,18.979488855083943,47.25264268238405,-505.76397379992375,14.527359,1.0695094,0.022000695,0.025418933,0.016533049,862.6767861235267
49814649903803008,59.88708518627248,18.647143689156056,15.610435198563176,-39.44707810022422,-10.099429845381636,16.895416,0.9095572,0.07815053,0.103568755,0.05466414,199.74829599445042
53428401027681920,59.966473382980574,22.60358074982286,16.072271483392942,105.06329170631398,-32.68425484512804,13.735072,1.3930117,0.02610039,0.028804623,0.016859293,615.7866408660154
56805855932354816,52.98038705193705,18.747026939176774,18.725129782547658,89.25369871364495,27.73927029463237,13.500749,1.1400763,0.017702283,0.020347247,0.01621613,1057.7805011109392
58245258388825600,54.2097190108954,21.093972948522666,19.53760595229959,384.9080437340614,65.58962744948215,14.343266,1.2950016,0.02746605,0.031742457,0.024567712,711.3365756015004
59289858858508544,50.329138201659305,19.353445778693786,23.97207661409424,276.60187494971615,-143.81325576797616,12.602906,1.2188289,0.022322321,0.028703816,0.021763993,1073.9060966865516
64217565032311808,55.11604294280841,21.244342220738915,26.884210216700644,273.2986050397699,-508.9371927401416,15.259333,1.1709254,0.0412273,0.04726122,0.032340787,652.0972806053427
64426575320796032,55.65409796794648,22.20823421523376,25.3421228423985,60.00902786761037,-81.57865771755861,14.994504,1.2862297,0.07016992,0.07071187,0.047154665,361.1536516273426
65389300831383040,58.86312229178461,22.76447777632679,16.67572388003914,-64.32043764324392,-36.47697987041202,13.996708,1.1200618,0.019059006,0.023217067,0.0145339025,874.952444006741
149858216482858112,63.2182413946703,24.204709346369206,16.039221333557816,43.09693969161764,-89.61311250816189,14.296043,1.1353176,0.025610248,0.032106046,0.019849503,626.2813750791408
3276710062849119360,55.71041450180186,6.032241468892978,16.84886778371628,47.095399157257205,-65.36632952729948,14.304124,1.2353252,0.02669895,0.035052463,0.025635106,631.0685545205441
3294231188658456576,69.30791904595169,11.14786702090327,29.998461439979465,199.0969589461517,-207.52599669028052,11.814321,1.2624866,0.023612207,0.027204888,0.017373268,1270.4641052816226
3299135667649859456,65.49107079491212,8.515297222827527,15.90685858176758,59.02911169022816,2.462512314367041,10.3884,0.9079436,0.0169129,0.018321423,0.013785067,940.516326695456
3299454697820755328,66.04427266578075,8.516462452539436,26.84978254211404,37.762352868122335,-46.05184694904959,12.252532,1.184339,0.020562168,0.030006511,0.02151208,1305.785583607431
3302846072717868416,58.84239878109967,9.788346084659436,28.58730854046993,173.27410124015998,-5.569188780863079,14.54784,1.0342387,0.037111998,0.03520729,0.02492708,770.2982884529669
3303882706024344448,62.19512757164039,11.675771990996829,21.092858138976304,-153.6012529231797,-189.4523810216582,15.035881,1.2139567,0.03610318,0.048361637,0.03662622,584.238234387561
3304096595394580608,64.04579641854981,11.533700148804412,22.155187173749795,117.3807408578851,-11.249655875651674,15.822491,1.1517107,0.05399155,0.06630351,0.051600095,410.3454554231133
3304478125929665152,62.77739952085224,12.796656305532592,23.069811081863524,132.35436986363968,-13.390464852866112,16.51471,0.78237844,0.096398816,0.13474517,0.10107835,239.3163322863169
3304849176745102080,60.29641649002439,12.098370014663557,20.670897672407094,89.38949633438797,0.4492702139200054,11.32913,1.1256096,0.021269387,0.026609322,0.016387874,971.861467958954
3305082857325605760,61.89189971299583,12.188005311219875,16.95449888046844,70.00346241572005,-12.023456434926551,16.299545,1.0287272,0.070133425,0.0942799,0.053278748,241.74634107015933
3306095473174253184,67.37459465106288,11.22477007078053,20.357770327605216,34.735401355962026,57.90871566873965,15.154878,1.1141397,0.03488258,0.04162954,0.028442457,583.6085039468186
3311148828615843328,65.88522390284595,14.67039844789645,21.47606756520902,109.24196419712032,-17.947133876529186,8.887173,0.9755319,0.018978797,0.022689065,0.0153806405,1131.5821316392721
3312960205303089664,67.48275769215242,16.913911822491304,22.72646779815639,109.78026960512184,-31.23702514412812,11.965812,1.2046871,0.017441224,0.020239381,0.014459811,1303.0317022564693
3313606340183243136,65.98260314349544,16.354077059105514,22.088260260658192,114.60982694374128,-27.79161336804319,14.329463,1.1103308,0.032218892,0.04029375,0.029749956,685.5685869227965
10813357557424768,50.944366380686,8.083631442538644,26.076298063568952,64.97290977913462,-298.8750099408725,15.950438,1.0538352,0.050290577,0.0592532,0.050008614,518.5126045296507
11279889789590656,53.30499801210235,7.452548509540562,19.587084361645225,-65.21378914191497,-70.76440123272846,10.728853,1.063036,0.015039447,0.01979921,0.014617756,1302.3806235458808
11589475327804160,53.21687099389035,8.366617590396853,21.36091774393805,3.8768344776718378,-39.87015589670175,16.65711,1.0652043,0.076568395,0.083037086,0.07235876,278.97826177417
16036828063265664,51.29343704903323,11.213285106103722,19.795769622060785,220.79055104850568,-42.99116511359352,10.314437,1.3176414,0.024249079,0.027784545,0.019255312,816.3514013072738
17525291928845952,50.349622178044456,12.478438745708214,16.558597615884914,337.21882780043893,-538.9068622331457,15.749768,0.9872184,0.08749732,0.093025036,0.0734106,189.24691197267427
17525291929400832,50.34972187682506,12.478075257578778,15.133793700977684,341.86376349007423,-540.6136760198974,16.75055,0.92831844,0.1173933,0.12503679,0.099059984,128.91531033694156
30015331704220928,50.39409988474839,14.319173907804084,27.309617282563103,466.9440011528385,-302.8425907264461,14.004757,1.2063694,0.023065923,0.030080948,0.021462075,1183.981117190199
37919171042054784,57.07357684671196,13.31745789090274,20.90871203755435,84.34153745455453,-17.05626173748721,13.666759,1.2763431,0.022427408,0.023196194,0.017664589,932.2839285553796
38017646052130176,55.38942715989635,12.869092101497186,27.93174412535668,17.73512072559749,-337.78930760368905,12.5516405,1.372588,0.02148912,0.023505528,0.017612066,1299.808653186202
38670343642226816,58.444399279536576,13.391924810121866,24.18670910183764,148.26057936245402,-13.882789936215294,14.806908,1.220758,0.035649095,0.039709035,0.025609316,678.466286502859
39837784473087360,57.810332382664,14.669702099444438,15.175433793010155,243.39754553102307,-145.88459200329845,15.254986,1.1049086,0.03564364,0.04086903,0.02665971,425.7543223141676
42871268333859584,56.04552566847743,15.172686012247354,18.366979856199865,23.02743752372053,-41.71489760951847,16.449705,0.9475122,0.06217061,0.06957098,0.054363616,295.42865762777404
43999951379783552,54.33533733622821,16.30592366373673,16.0101575152236,216.3150976635725,-101.86408260782494,14.652306,1.1007124,0.03092887,0.03204275,0.029313475,517.6444375505345
46975436002187136,62.67708099718692,18.423116547059568,21.412299104141248,121.42944939639628,-30.96376816159961,6.5024347,0.86649096,0.02434263,0.03553094,0.022423655,879.621433844299
47279347886774400,61.84221534686166,19.193506649003652,18.90217581779628,99.04723174340538,-137.11511294347653,14.373311,1.359067,0.030533254,0.033260673,0.025786689,619.0685020927111
55839698744164352,50.635923553461865,17.725225330538517,24.16604011963371,41.09446701534267,-28.98605763773231,8.621102,1.0716141,0.018748248,0.021768395,0.018291356,1288.9759149566248
57355680465856512,54.45478223566801,19.94265538309861,16.904072012960192,98.2074768468316,14.295399711785956,13.225742,1.1927743,0.048926402,0.059834167,0.046147883,345.50000249272756
66483658500056832,57.982400168118666,23.947554002036124,16.395678086516217,374.8865436995337,-204.19667748734025,14.951171,1.1050152,0.0314086,0.033578504,0.02351428,522.012381529779
68937115615092992,52.89836717357602,24.926376210656944,19.700743464084784,-91.21182146584806,-174.5373038528724,13.581611,1.1996527,0.023065865,0.025196005,0.019393507,854.1081578377738
144959686022835584,68.18278057136962,21.401323035926666,15.453781178727969,219.34520923121724,-29.55400963226326,15.702761,1.125103,0.04424039,0.054546878,0.03743524,349.3138550254184
145110800150961408,69.07862254978951,22.270808296234023,18.485179976126137,93.47349100327808,-146.88380673471215,16.392221,1.1035022,0.07692035,0.091002874,0.060131505,240.31585888683733
145664777917536512,66.03147802349007,22.118672707891832,21.97239358755164,110.55785272690656,-43.889716888500814,10.500138,1.0518627,0.016493019,0.019261189,0.014202077,1332.2238692353194
145674574739951872,66.34285323849276,22.29367359328652,20.91185281250576,104.35453085558618,-44.435815183648266,4.167236,1.1911019,0.157056,0.18281499,0.11904103,133.1490220845161
148867315986268672,65.48339584626218,23.41804933109506,23.10886204825741,117.84927878553006,-52.011288633990034,12.44766,1.2490463,0.01913044,0.027091894,0.017374692,1207.9629139872063
149327461604162688,66.76358969231461,24.10416450594337,21.185878117312757,104.7327978184749,-47.78656317905104,14.591046,1.1376319,0.027633581,0.03196585,0.025209578,766.6714682151675
3273601331161715072,59.62378696399099,5.35357401896589,21.889237022698115,100.15708355423524,-32.95223892251944,15.092081,1.1173387,0.048538614,0.04456374,0.03439281,450.96543182502313
3278207082291970432,56.95871335343197,8.072342057187752,29.91105177217796,-126.70979110596114,-32.29247291358706,14.199749,1.2523859,0.027708994,0.026904749,0.023295248,1079.4708668303858
3292227607891547264,69.77608805537724,7.870986341030237,20.63072383367189,94.83053442527412,-0.1615898701897752,5.3237796,1.0437951,0.091687545,0.10412651,0.058891114,225.01119245445923
3293276919941407488,68.74311328891152,8.665946692410314,29.934750219819048,171.42605114914787,-283.25911122154173,14.166343,1.0807899,0.02041141,0.022902,0.015557842,1466.5694442382494
3302867234019572864,59.30345380402332,10.004858955085572,23.915885659699157,113.87969129915454,-161.21611103522383,17.190237,0.9675732,0.082195975,0.09365813,0.06256078,290.96176132346085
3303329239358666368,58.87820831899176,11.31339973700255,15.045149880622686,-48.82864817016827,-89.59250879039973,13.373753,1.1255628,0.015253609,0.018117959,0.012234257,986.3337837375199
3304976960612420736,60.86678860897882,12.462696333905445,21.802493351825746,-32.673018431840035,-106.71288584751086,16.148552,1.0779364,0.054594412,0.065543704,0.041090492,399.35393665977654
3305283621276219520,62.92051388774722,13.386408727716365,15.933235932394926,75.70999454837988,-156.85571993643913,16.472603,1.0325902,0.059256263,0.066654615,0.05341183,268.88695178760975
3305294440297446272,62.29714712508287,13.134896997729616,16.563065038959017,46.49043178068501,-31.681279947840935,17.482761,1.0609225,0.13728133,0.18261527,0.123571396,120.65052865498183
3307504222447587584,68.10736950520888,13.113150564848766,21.33021990255656,104.4183193016359,-18.568574281999176,10.519593,1.2273793,0.020638045,0.02440603,0.01633932,1033.5387825036994
3309508803943800960,69.22951988196822,15.261052878805971,15.460060233329944,46.63738704803584,-28.812747736881438,7.209437,0.8273023,0.019289155,0.0231251,0.015843961,801.4897611289839
3310178784482082816,64.67653033004555,12.510638445649487,20.74999895456128,110.03357949625426,-12.110017411549151,14.114566,1.2902544,0.023574201,0.027685206,0.02076578,880.1994584911396
3310201908586060544,64.90441004159466,12.624243707350356,22.02790864233449,168.74847375565352,-18.085569678279924,9.534493,1.032249,0.019822706,0.021924844,0.015404247,1111.246297167223
3310814886318365568,66.13187780097878,13.928549141036688,21.993423194312864,113.07056240121685,-18.252254939822112,15.081756,1.2444993,0.039120864,0.047610726,0.03164132,562.1916528815127
3311810043124387712,63.46885198450028,15.36495687120656,22.2959209162106,119.15064085645162,-27.7120908074048,14.314616,1.1904306,0.11555437,0.119088225,0.100743085,192.94744903382366
3312846371490133504,67.51789320736421,16.06860426033561,21.387746214507576,94.67902202409914,-56.10590490928818,16.552427,1.0225025,0.08663524,0.09640459,0.05948586,246.87120638792686
3313714023603261568,67.16468609875307,16.969906003224942,20.707493378225784,102.49011854574022,-27.08546350145112,14.05441,1.0559669,0.033891197,0.044861067,0.028362382,610.9991741579911
3313751441358252160,66.57982992496277,17.05047474838996,21.204050746536424,101.85154123967044,-28.253993605040456,16.338469,1.0596411,0.06137174,0.072177716,0.049759902,345.50186692664124
3314109916508904064,67.20174925382867,17.285341899758865,21.5489076022758,108.67985266985404,-28.446330982590844,7.7025585,0.99831164,0.022407819,0.025702167,0.017931456,961.6691210454619
3314597408180024960,66.9971739315349,18.75895052871627,19.12817304877517,94.52775529815136,-27.9373293393555,12.942235,1.0694257,0.023379557,0.028249294,0.019597758,818.1580621384388
3410881302123955328,68.9902565284182,20.251157610251003,15.337635803593152,-59.63146047140821,-39.821482538354246,14.426004,1.0909073,0.026928235,0.03292398,0.021982335,569.5744932259078
9345956210879616,50.00407420773542,5.928543840844646,17.69468572720719,-2.569109356912011,-15.49428128700462,14.766563,0.934524,0.06961477,0.07535072,0.058301773,254.18005011303188
11210487413640832,50.17834490751591,9.035802987286036,16.99670093357672,289.6484254456521,-62.05011112586435,13.901377,1.2842485,0.023044249,0.026780061,0.02115504,737.5680124605805
16679664408473344,51.045367905347526,11.813663180736048,15.358163242339996,310.6688127383777,-232.46982692894875,17.73513,1.0021342,0.11716339,0.11812753,0.10661482,131.08329523701897
38329666836450304,59.560442195261466,12.62796900981299,21.94775521269117,129.70709549745908,-12.256301508950882,15.08387,1.2253011,0.044486865,0.054735366,0.03928214,493.35360477055804
40432792062334464,59.2884335516969,16.197372064867643,15.21179961847806,134.52912058575978,-112.10208964938133,14.537828,1.1249386,0.024739418,0.029401863,0.01929083,614.881062217311
40506356262145024,59.19869584837552,16.531790669312684,16.55593262958111,83.37090391610258,-91.11211179940042,15.1438055,1.0103705,0.036159568,0.042832594,0.023295274,457.857589160941
41609166424575360,54.33606713672364,15.09512743683264,15.881705360903087,-24.1929543268168,-62.68262964481513,8.118742,0.9901528,0.028979206,0.031080794,0.029166529,548.0379745705624
42768945033709568,53.37493156055484,16.597006758489762,20.46803082728475,-23.89137153001734,-95.60844607068904,15.290902,1.0975139,0.042946585,0.045106076,0.035945144,476.5927448546782
43733079289895424,56.55852280116942,17.154375679853356,18.583617159529755,49.660662539599215,-111.75446809955598,12.016204,1.3662215,0.02351682,0.026017789,0.019402709,790.2266190552019
44228959036060032,54.586444784569565,16.732833588361263,18.947700008125413,2.598789662400552,-165.4023839575649,13.877752,1.0497706,0.02022023,0.03112001,0.01846377,937.066492721666
47803952373768960,64.01545924155742,18.85907582957696,20.81802907900175,112.99087732712964,-28.06927769236524,12.993462,0.95159847,0.018925542,0.018371228,0.013359691,1099.9964534173844
49457274264750720,64.75123965715696,21.369321481679048,15.42256189351998,-34.73964457455196,-24.490223254428344,15.663113,1.0261112,0.03997948,0.057186622,0.04018014,385.7619432148687
50248991357476736,61.053870909733526,18.99560993436233,18.548821287530497,108.44179454760634,-26.06368641087637,15.043557,1.1715671,0.03675067,0.04413757,0.02624488,504.72062924377974
51013701693137920,57.27144675463215,19.621389275900068,25.43254628016572,287.95592568256086,-293.5784048697018,14.4974375,1.3311821,0.031424668,0.03540928,0.025016602,809.3178989246829
54099481075631360,50.861603009047336,15.094995739821812,19.22539089624192,-61.56547644894542,-144.67096705491642,14.652241,1.0620524,0.026165793,0.03310882,0.026498476,734.7528468272267
57577854831218688,52.92575769965397,19.225621214308035,17.990152367551577,41.32752172486166,-126.64063121920108,11.994686,1.1476767,0.0188468,0.01989664,0.014641231,954.5467860619085
58061261990141696,53.09859992609668,20.00130341677436,25.862073305098463,-70.17605357040682,-57.8797505844998,16.688923,0.9692679,0.075941496,0.09705984,0.0698474,340.5525920255569
58324212771048832,52.81373010119667,20.76721140500656,18.62605442722269,-112.3658037780742,-194.65873609168835,7.9244623,1.0141369,0.025139915,0.02515595,0.019482918,740.8956803244041
61059320962449536,51.39693810860594,21.05729903953081,16.75626162029468,83.34277464474627,-56.03725721319064,15.547237,1.0130002,0.04406274,0.051868476,0.040529337,380.2818803436799
64757356522247552,56.07067941366925,22.25968595277056,21.41747782331228,-61.85100152794536,-155.85964788545036,14.631931,1.0988841,0.029152721,0.035672594,0.024479076,734.6647958971747
69027275567598720,51.760581977282,24.85109898438758,21.00905723346026,20.06251942737989,-128.02155316739731,12.585179,1.2405938,0.017303543,0.019845882,0.01679773,1214.1477172311047
144121239687649536,67.40471772409747,19.63925560363172,19.524138151619663,-45.53548134595326,-59.70835677179086,9.142133,1.0783749,0.019778851,0.029784298,0.021044772,987.1219592897314
144534724778235392,66.6989688020843,21.23471643479264,23.21149309264509,114.75103790406108,-46.02510604331055,10.67892,1.1111956,0.015837342,0.020656677,0.015367551,1465.6179738143614
145784835140102016,66.32628208468356,23.060624403370937,20.7536113300791,106.44698152807058,-43.957385307406525,12.954094,1.17332,0.020000981,0.025907803,0.019844921,1037.6296707686038
148792171240741120,65.3206545066974,23.197726636625895,19.969745919206343,103.63324897637474,-45.679315847735,15.223174,1.0582846,0.03354526,0.045503356,0.034002203,595.3075313533519
149242249454230144,66.23942381318409,24.033860832529715,29.724034135645123,-21.980809377749555,15.62989986745818,17.439268,0.9905424,0.1246916,0.16672836,0.114548445,238.38040522092206
3276017439242646656,53.83007136500084,5.725127099902244,16.152642353943016,7.863075391065941,-36.5612082889979,11.606597,1.0793899,0.019142633,0.01976609,0.014305999,843.8046299034734
3284783776732748928,63.1409985500531,5.542132471004177,19.99572205841267,175.9716944386691,-96.26959915203685,16.60184,1.0138355,0.09540607,0.103021674,0.07726782,209.58542845767226
3297375379597627136,64.28039936536567,6.969233071083505,16.25767285751973,125.90876039729858,87.20665789066409,17.427282,1.0124062,0.12166653,0.14130554,0.10227813,133.62485851712654
3298981804741290368,64.16701218270445,7.847753723588418,15.071457289199811,79.10510539798955,-13.159605911412562,14.451984,1.3873968,0.029629985,0.034166023,0.023232464,508.6555828225971
3303530209469039616,61.85267271178611,10.740581426524551,21.21141476610331,119.7844629063574,-7.558021096718419,16.219955,1.0895038,0.06348634,0.08263284,0.04858084,334.109900903144
3304387519299731200,63.57776051605098,12.347825561691478,26.521913292561965,339.41926455131954,-61.01563901719243,6.575496,1.0376855,0.025785731,0.030503625,0.020434689,1028.5499872996413
3304897280378768512,59.53387267808468,12.154077564625874,19.097105208335357,-18.211701843796405,-83.46156759562449,13.496222,1.211118,0.017099554,0.019397601,0.012302213,1116.8189069922735
3306722607119077120,68.43779586213405,12.71114645559168,21.1317743941902,98.9922681465868,-14.39769732761123,14.242379,1.0895413,0.034443296,0.04025603,0.028651884,613.5235836370073
3307843524864280192,67.09389131915107,13.822676224049486,20.77181149357056,105.07476082538018,-19.53295525173183,14.891436,1.0380604,0.035072938,0.04016605,0.027413795,592.2461213135484
3310634944368705664,64.9909642432842,14.035119724261309,21.97774049011765,115.369072100897,-18.825387132746577,5.5111136,1.2135509,0.062129736,0.07848216,0.052461706,353.73947975760996
3311232425859274368,65.62766802462878,15.220167414714908,18.11368489032656,93.53061496608102,-16.996589044770936,13.449509,1.2337285,0.019181447,0.0236482,0.0196688,944.3335995624606
3311492803955469696,63.79389433144968,14.398373872357954,20.978217741068452,114.58061638282337,-18.38846027027257,10.929824,1.0539469,0.017638173,0.023334252,0.017261993,1189.3645527271135
3311661819509111168,62.71393006175147,14.638981093410091,17.31701284603192,-117.41154041457132,-164.833462991931,13.672,1.1410102,0.016871745,0.020424664,0.017496068,1026.3913333227783
3312139626030966016,63.66504514850538,15.424310178917333,16.35205631053045,-24.018028532904346,-48.42755574867961,11.37116,1.1320829,0.018468225,0.021201484,0.017281057,885.4156969893127
3312440445540818304,67.81866462842426,15.00322280399349,21.05318989100504,101.15523679833852,-20.258241111458684,16.090866,1.1030897,0.05802669,0.068922274,0.04936512,362.8190732748161
3312536927686011520,67.53632737172786,15.637736095425185,21.4201372807942,108.88056712014205,-21.81897870414946,5.6056676,0.9843407,0.05598455,0.05974353,0.040107563,382.6080102598699
3411434528270795648,69.98328390096087,21.494221405275734,16.142500167534887,72.56155857236848,-32.53436457104458,12.735786,1.1489198,0.017852757,0.021095771,0.014373518,904.2020886485425
10937945968805632,50.893207480336464,8.465182158000985,24.211391137911477,61.858615922073255,-104.53215870187584,13.54105,1.2399366,0.017370736,0.018488327,0.015634535,1393.8034138514035
17576213061640064,50.39867852963368,12.896776387403923,15.586224861971122,96.3864536709224,-130.6545456905198,14.902539,0.9603072,0.032995604,0.038096122,0.031893514,472.37277008086056
38354680725946240,58.75660281000282,12.48554075907131,21.77744563055385,131.17406424290564,-10.255282530117126,9.769129,1.2162788,0.016434181,0.018535033,0.013599133,1325.1311781556897
38557609340522112,59.83518068901602,13.767148461208793,16.2389403223113,-75.2858084938464,59.54167552934745,17.086298,1.0130109,0.107542925,0.1142832,0.07621627,150.99961547736683
42871199614383616,56.04793875663364,15.162542812460218,18.52410465929204,22.576859197246197,-41.157272706408925,16.808086,1.0302739,0.07551056,0.081500016,0.0650912,245.31806755627343
43789772861265792,57.60462004191989,17.24640938413766,21.01286843657661,127.2782830609336,-22.32068277832132,9.210812,1.0372365,0.015778624,0.017956149,0.011847139,1331.7300948787808
46269171580976128,60.46362581287911,16.43283576316359,16.6535935097919,69.08734299151332,-116.36065626341288,14.49923,1.1250327,0.022884574,0.026725627,0.01631765,727.7213685424906
47019347749289216,61.415911881822005,17.937590072728447,21.953883088547247,128.35318981625193,-27.322745774321383,9.03908,1.0556073,0.018208072,0.021801062,0.012180657,1205.7225547299709
49013552603400320,65.03202416992305,19.88526360596589,15.61882710809546,-121.31422630799872,-170.36349482851134,15.082877,1.0465292,0.029884594,0.04245302,0.029681537,522.6380893143624
49324572659092992,64.2360793916038,20.876563189284862,21.73044866504696,119.73868657307236,-38.57141950830933,17.729204,0.9794646,0.15253635,0.18669495,0.118486434,142.46078829765472
49335915668441088,63.649217938018616,20.656314437707504,18.859926129729708,198.4247200199873,-189.53911566627988,16.38905,0.9779996,0.058110617,0.069334686,0.052966546,324.55215765011934
52898264623866496,63.51262818777487,23.08040696907256,16.467208488767405,127.49974141810496,-11.905279647697464,11.163684,1.3763922,0.02371318,0.028354976,0.022254169,694.4327369322632
53278867446391040,59.61145708005414,21.9561221265342,27.673401020035044,222.45060913667,-257.5642761144165,16.646381,1.031632,0.07140552,0.07156762,0.044438522,387.55268528308517
53725750202606208,62.16788238864409,23.55712619668823,21.742827135612444,123.39914086025011,-42.166920825578174,12.554228,1.0887728,0.04796531,0.055785727,0.031714745,453.3031713046876
54253618862057728,51.63193424424977,15.954748999786805,25.91432592710913,180.6673861650664,143.94223586615053,17.415731,1.0151302,0.093822084,0.11289303,0.09081284,276.207102019916
57504080175935360,51.98050364864704,18.882065960686035,15.02769334219504,14.180583667450918,-60.50893079661025,8.305555,0.83652806,0.025316307,0.027006943,0.026001493,593.5973735108773
57890562810508160,52.62756964988678,20.10301686772545,26.753434177054164,161.69732021349492,-57.98385409813745,8.132049,1.0384293,0.024477283,0.028543787,0.023689903,1092.9903526079331
60835261108333056,50.91290328101938,19.87304368810325,21.588858976219093,128.88205322791995,61.04995894684387,13.689289,1.1619965,0.018839354,0.018491201,0.015741495,1145.9447588393473
61497407625478272,52.10557922458336,21.88537262630973,17.92084210889686,100.1027000951677,-93.77183774303086,15.469968,1.1550231,0.050349474,0.07985446,0.050379332,355.92908297109244
61557468448003968,53.00663934870446,21.98900089625842,20.548465787313734,61.5279266441365,25.039740674870977,14.921372,1.1336032,0.029835511,0.033256587,0.025664236,688.7251164330229
64758352954660096,56.03665237716925,22.279180295051752,20.99766013222297,91.70285731902824,80.8517987523358,14.389304,1.1353506,0.026881069,0.03357585,0.02309686,781.1318862439201
144631584882018944,66.91900852275626,21.41454273459563,22.73506086454097,99.91900927371591,-71.48509875868288,16.230604,1.0568495,0.063663386,0.07559316,0.05169286,357.1135984589473
145673853185350272,66.27268961387765,22.30289563010432,15.815167031362083,-34.351984902502366,-76.44680397396232,15.642139,1.1442175,0.05104901,0.058503084,0.038354028,309.80359915622427
3276758578799642624,55.67478039838309,6.109708770295868,17.90893361147441,-25.96666594499556,-36.49166985921449,14.830815,1.0702617,0.028607022,0.032549422,0.024350654,626.0327835408526
3278177739074808832,56.2928201169025,8.084832707528017,18.832742503800823,33.395397312935444,-185.3584948049865,9.58997,1.1711768,0.020333055,0.020630213,0.013932202,926.2131294977968
3299407109583164160,64.28787101029437,9.062116294545936,15.85244075735905,38.57854677872923,-97.71159481477724,17.26128,1.1597182,0.11808626,0.13348155,0.10182044,134.24458321704023
3302997083768142464,59.82920498195217,10.626386345457735,15.592173141383777,76.98244644141371,-156.26345320743263,14.907933,1.0959585,0.026676638,0.029976027,0.020927805,584.487938149619
3303772170746554240,60.85997984290263,10.95956181584854,15.480367871484638,-5.122712723800168,-4.967270755873703,14.588053,1.2480878,0.028508732,0.032799285,0.02218596,543.0044335709017
3305182053890142976,61.42769373004889,12.803953166544956,16.694024481601133,-22.32420126902548,-51.52983853263574,15.1869545,1.1215048,0.038008466,0.042473577,0.025316728,439.21858044997487
3306422440445201920,69.17280049119856,11.912240793222027,16.733018785028737,164.96794743357205,-28.06890118311564,9.729554,0.973891,0.014821635,0.017656911,0.011482036,1128.9590375844998
3306634646189021440,68.96612144430583,12.255504212746066,19.93168903026439,91.50547443358722,-13.112977959986104,17.494774,0.93769985,0.1287544,0.14457996,0.09581839,154.8039447992798
3307717596422556928,66.4657421464766,13.502584738819609,22.739119775786293,113.38304331107248,-19.155673748306107,13.912734,1.177181,0.019374017,0.024070166,0.016765704,1173.6915362356858
3309967059774839808,69.1701171674695,15.869204695827204,21.607898747664954,99.90459107635893,-33.823473739301406,6.5345774,1.2725254,0.034783777,0.035308465,0.023471281,621.2062234548293
3311024789960504576,65.39545704764056,14.409703887220196,20.67979693450329,104.19978440400168,-19.148581742579594,6.4990244,1.0944234,0.027044397,0.03289224,0.023072831,764.6610473327725
3312348872541805184,64.22748221254695,16.356806031614795,21.063924177565333,115.22802477350784,-25.82165237738849,13.190009,1.1301515,0.014529831,0.01737914,0.012830296,1449.7019392424684
3312613000147191680,67.93658293586253,15.630149907181586,21.928109289904448,104.99937028732845,-31.718638053931382,13.436778,1.2680652,0.021251561,0.023308018,0.015581603,1031.8352280053427
3314063908819076352,66.35479242496689,17.91521008711174,21.447339313427232,109.61815254023466,-31.353316361727813,10.60706,1.0993385,0.017244447,0.020198686,0.013751903,1243.7243892730937
3314074044941823360,65.85826456175681,17.895348977818017,17.78096847187854,140.8387752213764,-145.86508831913238,15.695655,1.078324,0.04011067,0.057008345,0.04068255,443.29771783614035
3314079508140198528,66.07110065917192,18.00278420332121,21.496896698223075,110.9135626017914,-30.66859095747958,9.650242,1.0220522,0.014711817,0.019237688,0.014686067,1461.1992997345653
3314150048683152896,67.87161425364759,17.718518754515433,22.235741889084355,104.71801159828372,-32.00552823368455,11.184438,1.1826293,0.022544263,0.027211282,0.018482573,986.3148726167875
3314185129974409088,67.12085643340095,17.695913779971516,21.900849300814187,106.32425148690284,-19.884672335302955,13.227805,1.1497588,0.14046049,0.16649777,0.102521665,155.92177772421402
3410453489023420416,68.42516726156403,19.01388394635447,20.871118754097125,99.964197711193,-33.84079829485312,10.271567,1.0452945,0.021693328,0.021887966,0.015375534,962.0985196046049
3410466133403330944,69.12875677750323,19.090699082204896,16.874389942046417,83.0261813017122,-30.797447475229674,14.006111,1.1825663,0.06432981,0.07535452,0.049561772,262.3105826372939
12688815156948736,51.07642600615255,9.267276561254272,29.839441889691937,-87.51060733024113,13.04617820573067,13.65822,1.3436279,0.024033038,0.023336193,0.022071887,1241.6009116155826
37520769874997376,53.91262016035234,12.0381122622461,16.666864784513066,61.63888793000248,-340.13189354946604,10.195127,1.0727675,0.01681864,0.020583414,0.015893439,990.9757735769995
39496867148963840,57.23510605286923,13.826632748631228,21.89612240489779,69.2528115026046,-57.57250721348888,13.220195,1.1754801,0.015497689,0.020637976,0.012505869,1412.8637118023073
42212248550903552,51.82261640924995,15.519362651480806,17.329333526523804,268.05376425991125,-290.7053564526465,13.368885,1.2394553,0.017868081,0.020427156,0.017526181,969.8486102969761
42775954420319232,53.47836114615831,16.690888212022003,17.959317223431274,21.25569751189369,-62.402692032671645,14.122956,1.1941109,0.061205737,0.060729608,0.046624575,293.4253895746942
43732323377309696,56.56199338847901,17.152282882687405,18.54487572884597,47.5775765720343,-112.4546565865902,10.790469,1.1212096,0.018093556,0.02032514,0.01447219,1024.9436721474744
44894472808190720,55.48193979938311,18.759809245175813,24.25605181584388,155.80825103551467,-28.50592294208692,12.231873,1.3976413,0.022213245,0.028796405,0.018202353,1091.963457650779
47279347888305664,61.84162262666359,19.193561848764823,18.768313405446424,101.696792620174,-131.36909383865333,14.614426,1.1063032,0.06295938,0.07142624,0.0544989,298.1019413699186
48522895539002624,63.28838878707487,18.99360656104884,16.762764559639255,83.29973966722659,-42.44502482561487,16.272144,1.055339,0.067640044,0.08761611,0.055573557,247.82308775019803
48635247587724416,63.80594383102538,19.39859377955244,15.193829480355866,-13.191818418119157,-29.472480486404447,17.678175,1.0784314,0.14019321,0.17088382,0.12833259,108.37778434744354
48977371798954368,64.76349608728894,19.54416507668267,23.15525128761623,124.0352746848689,-34.86756842243287,13.95013,1.1786107,0.022345932,0.025170524,0.019047597,1036.217745924235
49013483883923968,65.03781915450301,19.878896563422373,15.6808489061842,-120.54879292024424,-169.90612781761882,17.767756,1.0179987,0.111285396,0.16580361,0.11491648,140.9066191055671
50756415973201152,57.27308195699206,18.83772334741152,16.516166377059392,105.96382708706354,-22.921175746896267,14.242717,1.2461574,0.027686108,0.03251639,0.022992598,596.550673610729
57142860543383936,54.21316608169534,18.990511047479224,22.342288715891044,-51.994771030815215,-3.440120360303063,15.485751,1.0857304,0.0412405,0.047930174,0.038559727,541.7560096480655
63679113573574272,58.05691951210024,21.57846814700445,15.022687669406148,-69.0384537735498,27.410702257458773,14.934946,1.0262877,0.026057975,0.030445425,0.022011885,576.5101727745977
63879740086051072,58.2695756021381,22.30451713182254,18.178003753870417,314.4258319852676,-60.46874984810309,14.337454,1.0936748,0.024789484,0.031634167,0.018344788,733.2949630524951
64540958889723008,54.08363848805788,22.06132876302397,15.902385420740815,92.86442276516668,-20.63503474472091,15.188299,1.0231605,0.042907406,0.04534428,0.034408484,370.6209930458349
65010690873940480,56.82126025036113,23.726630871297488,15.064495732715876,-34.22966447067361,-26.459941776415956,6.8663635,1.006565,0.026202561,0.026971804,0.020330518,574.9245553789905
67696694700442624,54.13100332615401,22.782286636889808,25.792730125826846,169.54245696260466,-44.49105911765975,12.968981,1.2102064,0.025706902,0.034677655,0.02387438,1003.3387191434754
144377803854541184,68.40543499042356,21.15064523402506,22.870414579345397,108.25728082834638,-46.29095905269867,10.200552,1.2177482,0.021423718,0.026503514,0.017120637,1067.527801633003
144582897132979072,67.98414042988836,21.311040199510323,16.443057817698794,86.1228105863215,-99.2755559846105,14.500201,1.1273462,0.025993904,0.03277639,0.022787329,632.5736148636539
144805651314461824,68.82180913796483,21.7773564038685,15.051591090684871,51.27858376528628,-20.972787403390296,15.708418,0.97295314,0.049436487,0.058664586,0.03579928,304.4632012522425
145668974102570624,65.98973921339132,22.18137709233843,23.217396571266843,114.55826214095832,-48.52743044392452,13.819638,1.1722838,0.020758655,0.023832705,0.017799208,1118.444165639192
147526805154379904,68.92587758587541,23.89912655890207,17.378295020688913,50.58489860682103,-65.77527188148446,14.395543,1.2239947,0.025105346,0.029468583,0.024028555,692.2149179178376
147665584137560448,69.46703714086958,24.440689988597352,20.665845219456315,-6.109701469933626,-227.74347662367484,11.231847,1.1822501,0.024803307,0.031731617,0.022986356,833.1891073821856
3273607206677020032,59.24918180732375,5.2846060183297885,26.679005780316835,-22.962113571808604,-63.116135229689085,15.056621,1.1224284,0.04317359,0.041394196,0.032133646,617.9473557866472
3275198268720292608,54.275240923479984,5.485369200305611,15.06028958269066,59.23823172434456,-37.45668678025506,15.091956,1.3091998,0.0492524,0.054137234,0.03831772,305.7777810358614
3276081898111783296,54.2095563250361,6.4138503206512585,15.169551129517687,65.7107519803712,-38.91912573760112,9.66651,1.1690935,0.018178873,0.017852614,0.015404995,834.4604822046826
3278142520343028096,55.92627627477049,7.77022665161056,21.38541079496226,72.16866212177557,4.314381237040177,14.370861,1.3896341,0.03763368,0.040850054,0.03630656,568.2519167661058
3285549792739715456,68.2217224138651,5.855858204340074,16.457687772646235,45.23172377479229,-25.541188816983396,16.181154,1.0121305,0.047020372,0.05066896,0.03755206,350.0118581079332
3286725239388942208,66.67325274155385,7.180489536250524,19.99909102271023,-56.788615064706384,-157.0565478400107,15.118722,1.0166943,0.030609315,0.03369285,0.024937954,653.3661737516906
3299556814963128704,66.0382596557757,9.082712361907737,20.031495668289097,-34.926087610934644,-40.36317933626867,14.527725,1.1553531,0.02742043,0.029901534,0.02357409,730.5317848147931
3300629354196190208,64.92331409098664,10.148042348487705,15.123451285902776,109.03914887592032,-124.49098656890814,14.622352,1.0815908,0.027720489,0.03345287,0.020542461,545.5694264954263
3309978501567767808,69.61596544100632,16.00290935094271,20.892995227960203,98.74019918834688,-25.3597968168199,17.021824,1.0031333,0.09939415,0.11707548,0.070340164,210.20347000261285
3310218298181227264,64.41602968407521,12.41473319622884,23.53767726526472,120.20680987626211,-9.140552360871236,14.27761,1.3206253,0.06472555,0.08161342,0.06855033,363.6535690351757
3311173120950799872,66.46067898955343,15.002464972130216,21.39808326312012,107.05284803871862,-22.616431639961323,14.749543,1.1544725,0.030094508,0.038719792,0.027534828,711.0295095410804
3311221258944195200,65.66660974089085,15.062399584369444,23.376665408586792,84.40576431748806,-23.434784824028057,14.077939,1.3902847,0.027112383,0.03220361,0.024652625,862.2136021236787
3312709379213017728,66.90003194033417,15.589085472787543,21.284016509945317,105.16744918201684,-23.914466137534937,7.289236,0.9956746,0.022408782,0.02516313,0.017309325,949.8069332793419
3313665885609887616,66.77789108447449,16.429579986614307,21.7524975456685,108.78997030370748,-26.28176339967887,16.60488,0.9490485,0.065174945,0.077835225,0.05592598,333.75551825426936
3409328757345441024,69.95410804784174,17.792769852456246,18.83213308775296,75.04603354632357,157.6947104412314,14.827179,1.1183249,0.027678598,0.032694664,0.02218361,680.3860906449439
15798165320627712,50.957902068590144,9.942280603788566,20.41151709745326,86.88547515112825,-108.0691604734399,15.421659,1.026576,0.040053967,0.048216138,0.03495365,509.60038733375046
41251790785624576,55.71684008349988,14.209914773535557,20.889164716391583,100.43634419539345,-173.44401413448298,13.927086,1.2027639,0.020600898,0.021637863,0.016989877,1013.9929199392951
41641739456522752,54.70441017045821,15.34714317104566,19.99042598355001,79.14751944350022,-36.78850554034054,15.326551,1.1804653,0.042920113,0.06776047,0.044890087,465.75893179847895
45478347841942912,61.76390706278417,15.985092104488828,18.1874822631376,-82.89730912743175,-261.5528953001621,11.9806595,1.0265024,0.018136228,0.021738967,0.01456651,1002.8260707318854
45567511362945152,61.93056278228586,16.51867914556769,21.59088818952663,122.30377721103991,-24.96347377048117,9.604419,1.0342455,0.017761739,0.01896086,0.0146508245,1215.584137877864
46531748701629312,59.24149231703746,16.849220562148354,15.842114563603827,85.4310956658341,-58.66833883178045,11.400742,1.3181231,0.021663345,0.02734401,0.018522548,731.2866301858659
47345009348203392,64.78389360834417,17.524630513050628,21.390700254048006,113.12486444102618,-27.85180674507326,8.279239,0.9394181,0.026578559,0.04265978,0.02841903,804.8103832133264
48928336156268800,62.65910001027318,20.038940894528636,19.137644213551443,35.1177274585247,-219.14054570541964,12.301873,1.145983,0.017136455,0.02161917,0.015691236,1116.7796497905456
49729231594420096,60.20380195133232,18.19387756746013,21.85669141594702,130.27507482032178,-27.86443910589072,5.804048,1.015157,0.042020794,0.040346712,0.024790788,520.1398958798118
49968306654050944,58.98887225768766,18.432146391229274,22.85518383898429,136.73872500331092,-30.79173209582898,13.001957,1.2765797,0.01826501,0.022217965,0.01520542,1251.3096811326293
50667424250956288,57.63286464142223,18.316009443845413,15.828742379011183,54.539746280341205,-60.45180454063552,16.488777,1.0890026,0.061444394,0.07232247,0.05169298,257.6108469555609
53715888957724928,62.0209089849217,23.36088446407784,19.75129213915336,-64.34034313987178,-23.08535392958908,16.746733,1.0367465,0.09988898,0.11703583,0.07353242,197.73244395080778
54934560157144192,51.99372036109168,16.957812849123687,16.456214511874673,217.02286239311724,8.06547607816808,15.545405,1.1280845,0.045832463,0.058560982,0.049014974,359.0514983206265
61310078332607872,50.06147820553558,21.2994134091863,15.350386741215289,-53.32556507944747,-47.97543800941351,15.92207,1.0365984,0.050594028,0.053270757,0.04650805,303.4031356668279
61801491310173056,51.87890742512378,22.21025089082787,25.89588870140064,66.6683942245472,-80.36763767509743,13.12409,1.3308412,0.03026012,0.032665666,0.022673126,855.7761403920618
64549651903456128,53.68856182986521,22.03604349634984,15.11103961426354,-4.899990888504391,89.42659614688942,15.482558,1.0082116,0.043098833,0.049125142,0.036816884,350.6136607982759
65866248360249984,60.42968316944676,23.36992886744565,16.86059900776206,89.33466685284053,-73.96090725539267,17.425812,1.373342,0.17285387,0.22964807,0.11894808,97.54250227525749
145168558871003776,69.27173075653609,22.85712173500254,21.05986050557147,96.80446177731169,-46.45883820174364,17.316448,0.9884779,0.1256771,0.13975753,0.08406748,167.57118445262876
146160558879786624,66.33395210360244,23.10848135731293,18.80154835020197,93.3124178276501,-40.355415089357656,12.030182,1.3173752,0.016706966,0.020613886,0.015767649,1125.3717970217913
3276921169083746816,56.055048906821945,6.936458733620517,15.969932408819444,134.08437755553496,-22.372175517650057,14.449718,1.151266,0.02740916,0.030251412,0.022052549,582.649464953302
3296669944105874176,61.856009673440525,5.354776399894819,16.661366227028573,-58.54954918336042,-74.31573442274919,13.546453,1.161134,0.05403463,0.05708469,0.045268342,308.34607782136334
3301771025223950336,60.74834873825633,9.20774461651762,22.131454823845687,89.84390562691871,-165.82267103251843,6.792206,1.0273341,0.02462211,0.029873816,0.0176525,898.8447709739615
3302264224908436480,60.443310630912855,10.770954118650277,21.13118243597061,-71.53146453407861,-151.3948458716948,14.208393,1.1350718,0.022004025,0.026264992,0.01665495,960.3325953306548
3302788107839881984,57.20835569949455,10.308172039489437,17.233828742655604,27.78436016042333,-243.08525542707156,17.074516,1.028199,0.09037025,0.10644771,0.07107431,190.70245730929818
3304160126550780928,64.26278004077811,12.12803386740243,15.224902699118562,-17.05849831639772,11.400249451321864,13.737927,1.2379574,0.021174299,0.023357099,0.017821973,719.0274728395289
3304412601908736512,63.61408308649261,12.435256533217302,21.0556560695836,114.7307597892001,-13.098735856191263,7.8848915,1.0200107,0.032478068,0.036845673,0.023584103,648.3038359789011
3304860755976947072,60.05301794479689,12.106210701266528,27.877979671603907,-93.93238800530156,-29.68709166362987,15.328427,1.1149318,0.042329382,0.050966155,0.032010254,658.5964253294297
3306922958753764992,66.94247703953242,11.736363784648624,22.151685825715028,110.05162568142823,-12.422514774076658,7.3707113,0.9077239,0.020549797,0.023084603,0.017145403,1077.9515644711735
3307198077178624128,66.06454223428409,12.24723490104269,19.53082071254342,99.6209113564213,-12.87603975637328,14.668587,1.0949206,0.029761707,0.032439735,0.023506774,656.2399365245892
3309420014084185600,68.4696324759209,14.850761740625993,21.94460899596352,101.81615258036,-25.70815437780425,15.195518,1.1336387,0.038933992,0.04984362,0.032886323,563.6362435160391
3310765992410674560,66.20245359398852,13.811020757866771,16.13857245204953,58.40747768165868,-65.80081640497413,14.74773,1.0291643,0.0256801,0.031397264,0.022005856,628.4466358016335
3310903740601986432,66.94644176768678,14.417664583381969,20.35256529381705,100.55014107182478,-19.20040671441904,9.218413,1.027065,0.01585619,0.019484995,0.012495649,1283.5722385905474
3312628358950130176,67.66251575060892,15.691769659062851,21.86843191355519,103.48821587457375,-24.353763331160515,5.4175873,1.1170361,0.070041776,0.097661644,0.059235174,312.21983739468845
3312837025641272320,67.69551967147464,16.148532608296946,22.452802624244807,114.04477575771098,-33.38083251325954,6.406904,1.0014025,0.025360918,0.032032453,0.020730328,885.3308316459526
3312884613878851584,67.89243528868754,16.466131428055878,16.641672425901213,-107.8856606427168,-296.5233747551628,12.917879,0.93220776,0.017924564,0.02314782,0.014155269,928.4282968278176
3313207698500079360,69.63189917287164,17.04055509824066,22.85331654281413,106.24672866768168,-31.389098407894696,13.618415,1.2659032,0.020877853,0.023440316,0.01687569,1094.6200523020318
3313689422030650496,66.6676726168485,16.74677258632566,21.85212884110757,107.47186617521814,-31.53080384333542,7.950683,1.191092,0.03444133,0.039101847,0.02628931,634.4740125049634
3313958836739285120,66.17664639061334,17.20099678941487,24.02339625842065,268.45112859881044,-81.74951120328419,12.332814,1.371541,0.021410057,0.024339033,0.018817255,1122.0612938312424
3314128127170127232,67.76473619377825,17.494315660113706,16.92027097559127,19.220831191815783,-74.66756054943664,15.384506,1.2225577,0.044889126,0.051273696,0.032930665,376.93473861779506
3410395077467626752,69.4115990545873,18.702581398701444,16.81095798555707,-4.286449699579195,-10.783238733312148,16.114481,1.1090125,0.15463814,0.38115233,0.19599026,108.71158942778975
17900495976985728,50.63631811855708,13.608248620644932,20.65634406758052,185.5928024798077,-31.555351315800745,16.348785,1.04792,0.09654814,0.092682175,0.078699045,213.9486484936998
40092905530416512,58.87940649285069,15.28420693732352,16.265881776030213,36.66114278334909,-99.65129317690192,11.560935,1.2779382,0.02125857,0.024944603,0.017463012,765.1446816992024
42358208721260032,53.37604213559754,15.53648843363525,19.675046480379915,59.411847856997866,1.3132993240058626,14.81668,1.2166092,0.032718457,0.03358596,0.026727684,601.3439594776709
47752481485851136,65.1051418046824,18.74248853643707,21.794230173638944,117.29271215734462,-43.34123943938491,6.014479,1.172725,0.030968318,0.038673766,0.030846048,703.7589246415947
47813504381625088,64.35533003429076,19.029775860591062,20.89852976070232,112.7095032886203,-29.841473775204143,10.348098,1.132101,0.022057392,0.024647472,0.018457722,947.4615022801572
53725750200743040,62.16815352932989,23.556708485778447,21.90406538612904,120.59242913114277,-51.25469196088383,12.654072,1.0429065,0.04532025,0.053381674,0.031174717,483.31739975240737
56237137839020032,50.48743471151192,18.85033637140953,17.11690918132948,91.7917112903716,-145.71265170623792,13.652601,1.0477829,0.015873278,0.018179486,0.016264325,1078.3474705936278
57242194546827776,53.65312021105191,19.66018809816383,15.56824105184893,-33.31844160665852,-21.864470721044448,12.382482,1.2847754,0.017846318,0.02191167,0.016851835,872.3503106830736
61386868050158848,51.82423395034274,21.11382431008108,20.355010048073414,-52.64746680749192,19.707082224236263,9.859146,0.93517524,0.015807396,0.020505529,0.013674792,1287.6890063406656
62669933697249024,51.59384762940528,23.21961288997886,21.63186277292021,241.94192618798596,-85.16808402774728,14.456469,1.0957658,0.029410547,0.034704316,0.02781495,735.513786021056
63181034805012224,56.091542997654,20.499064677669264,20.031139820262,1.1982385222631056,-78.43425714375017,9.109594,1.1470499,0.018474407,0.020811563,0.01373029,1084.2642916907696
63489997572513024,56.398657834401526,21.181600799793006,15.518426846833862,378.9711007515099,113.5684495807767,14.782223,1.0786376,0.02528601,0.030442415,0.022949675,613.7159182818428
64552022725337856,53.54488887835572,22.072393411060222,28.35095788073398,187.57673733491808,-43.44999694461686,14.583329,1.2270802,0.032363154,0.04305404,0.028748533,876.0258002274433
69057787016249728,50.80995576776064,24.747965400126542,26.134905319394008,-82.88784303477824,-152.2336099729731,14.854202,1.1093309,0.036535043,0.039488386,0.031952944,715.338019976985
69116748327393536,52.04108673172127,24.95825072680058,17.56103753149892,-30.808507887101754,-21.72939882598949,11.944057,1.2591625,0.01591317,0.017570673,0.014028859,1103.5536936700178
145227760700173568,68.82173637148654,23.044882719940937,22.21858583672443,-12.0843229526897,-65.60977139390938,8.699103,0.8739418,0.019024502,0.022027748,0.013764388,1167.8931641272097
145429108768875008,67.3706945730484,21.99002966934505,22.99772762057586,38.012779135921,-90.7882790787323,16.47273,1.0301228,0.055386335,0.07455384,0.05075906,415.22385658079486
145484634106814592,66.35476960697082,22.19979147131272,22.017740203586687,112.37063071226235,-46.63900490521837,5.224731,1.3905345,0.12881888,0.17783113,0.10385797,170.9201337846338
149005270337201792,63.63522486407845,23.57472991646869,21.993958087904776,119.8042884064642,-48.1830774523606,7.896926,0.9932552,0.02388899,0.02948102,0.022761488,920.6734185038705
3272696055134814592,61.104470375186736,5.120218934954747,21.485317691309064,64.20244182336295,-19.189038634475537,13.889304,1.2165433,0.02511562,0.027298523,0.018199531,855.4563929263567
3273806561878598656,59.69907173451824,6.168340769839584,15.15026734373306,-15.36128196642374,-46.3604374223963,16.254156,1.0664003,0.0631385,0.0722153,0.04803808,239.9529184844914
3276016992566050816,53.7912294503104,5.713473457694872,16.102309561748633,8.309589160929777,-39.79750734779308,14.250335,1.2457312,0.064059585,0.06432606,0.050390188,251.36456256700123
3277194981837704320,58.48568962324476,7.582789489020344,21.56260281997741,-50.49535856423346,-191.91575842352844,15.11163,1.2157178,0.035293225,0.040179305,0.030470602,610.9558653247872
3277663339431421824,55.49873344678928,6.970693236787692,22.1022361517442,214.38910918874797,215.0741118766615,12.923452,1.1163169,0.02227436,0.023458848,0.018710684,992.2725569553604
3285426613077584384,68.02053657414086,5.410075628864494,23.10894339681868,112.17371246858416,7.755933147532206,6.2678084,0.9502784,0.02776059,0.034991827,0.021945577,832.4370410289796
3292453179573841664,69.94238945639621,8.241309538832565,15.677730054936433,-42.86313186552688,-62.35569595621404,17.470808,0.982856,0.11330413,0.13760146,0.09431539,138.36856657331407
3299441950357981696,64.73298023395927,9.39630970086901,22.04584792581988,114.38203149101864,-3.320155639836364,14.725554,1.0800737,0.031199733,0.03831612,0.027513342,706.6037368274876
3300751125108664576,65.42347449266924,10.771618834124396,17.68979332418088,-31.31314423201873,-11.790751029059049,8.534999,0.91137224,0.018593498,0.02110099,0.0145064695,951.3967368690323
3305574716979955328,61.67174034115848,13.706367171952072,18.30058538962413,228.89429513914905,-233.78417920781175,15.611272,0.9872806,0.043082472,0.054620136,0.027621357,424.7803002024612
3305860933598991104,67.8154958252843,10.703330766016288,21.61705731519776,104.53162699235996,-9.981458849004817,17.599026,0.988842,0.19431859,0.21699204,0.14246601,111.24544139188
3306016372760404992,66.1838628217439,10.77199736532266,20.47144649891011,102.92424133416888,-10.281400058163516,12.969965,1.0844646,0.02506536,0.02559606,0.019164031,816.7226203377934
3310097489342277376,69.71024385274637,16.28699343230004,18.895842810331576,134.0686118088412,-226.721627844707,16.108124,1.0483623,0.050680585,0.066576615,0.04122032,372.84184486685734
3310820624394671488,65.9772483642147,14.052019583524013,23.11137844797413,115.51631633334895,-19.06604078860303,10.364231,1.0642196,0.019188384,0.023407787,0.017412532,1204.4463175207527
3311229745799686912,65.75678797400016,15.228121233684698,20.706527940234576,107.43366431136246,-19.466892830338374,15.144566,1.0752293,0.036348913,0.048968133,0.03268822,569.6601694866248
3312025586059836928,65.85591280295498,15.763005166817576,24.13445982542496,125.17305802663108,-26.473774863980964,10.021945,1.2297627,0.024665598,0.02878474,0.02205211,978.466438374004
3312134953106549120,63.77783771684369,15.331069407908547,24.625478497033495,112.82786009229066,-84.74865115942916,14.962751,1.0494701,0.028341526,0.033249483,0.027129428,868.8832950291207
3312281634829711488,64.55462493665708,16.098024004388698,20.725496302360657,107.2614855943022,-23.893462096674515,14.750199,1.1234928,0.029271381,0.035528187,0.024991795,708.0464123766711
3312564037520033792,67.96911967367434,15.49937349658422,21.871807832755163,105.36486514556807,-24.24098903749085,10.49808,1.097665,0.015987119,0.019464698,0.013876551,1368.0893870093269
3312842042162993536,67.2190620079301,15.981472635522984,22.15827839888896,110.42404683449864,-27.23903776948722,11.251079,1.2794079,0.024848884,0.030280454,0.021163445,891.7212700131305
3313662896313355008,66.11855100326646,16.886053964801455,21.781982400489085,112.37591155236862,-25.540146749299083,7.6696334,0.9669478,0.034885153,0.03977904,0.030610695,624.3911958903859
3314393590508675456,66.59090387218913,18.00015324250052,19.427532599125374,97.8577223001976,-29.7341267710622,14.301552,1.1506572,0.032498553,0.038055804,0.02568033,597.7968495743603
