source_id,ra,dec,parallax,parallax_error,pmra,pmra_error,pmdec,pmdec_error,phot_g_mean_mag,ruwe,dr2_source_id,dr3_source_id,angular_distance,Proba,plx_sn
64380636350910464,55.879802083014745,22.158174613753417,7.407734326818096,0.018777253,19.658834319467623,0.021704167,-45.71134755190139,0.014998409,10.233227,1.0394521,64380636350588544,64380636350910464,0.073546804,1.0,394.5057503835733
64401389632616960,55.34784133301275,22.031509901246583,7.300314696756316,0.07231247,19.504751573171244,0.08715113,-44.142929038949134,0.06575536,16.889109,0.98250765,64401389632616960,64401389632616960,0.054888554,1.0,100.95513290849078
64441143849872512,55.411994972363985,22.27773027977489,7.502620664779662,0.066151336,21.008023379143744,0.076477334,-44.60347297604497,0.05502749,16.556376,0.9225882,64441143849872512,64441143849872512,0.15581018,1.0,113.41601148375129
64574352259640192,54.42237617359707,22.2884749156679,7.417864263812696,0.11629466,20.242806493693568,0.13209137,-44.97565344431043,0.10366074,17.296213,0.9769417,64574352259640192,64574352259640192,0.2720579,0.9,63.785080799031874
64720179284934016,55.09941652410235,23.069039348143807,7.405449545963815,0.06818649,20.74053987817549,0.08151361,-44.93251892351401,0.061928846,16.604225,0.9961211,64720179284934016,64720179284934016,0.07438561,0.9,108.60581558475205
64837242912474624,55.872124314048335,22.734611125652357,7.532518558405384,0.022165086,20.07361040924858,0.027618198,-45.96376909847048,0.019842343,8.88526,1.0980439,64837242912474624,64837242912474624,0.11397168,1.0,339.8370986469529
64956127609659008,56.45578142319428,23.142873769171167,7.620617578753752,0.0667985,21.004832827248883,0.0870306,-45.229861724922955,0.053000037,16.65293,1.0455467,64956127609659008,64956127609659008,0.097726844,0.9,114.08366201324222
64960663095015680,56.73798824228322,23.25047049143303,7.384762820159983,0.027009666,20.41595636540456,0.030640602,-46.05522995907874,0.021909427,14.486368,1.0136526,64960663095015680,64960663095015680,0.08120318,1.0,273.4118529805851
63995562466405760,56.70921754523774,22.211633483804448,7.066697909247392,0.13903295,20.74025760401136,0.16051309,-44.14092913446135,0.1117817,17.78173,0.99503624,63995562466405760,63995562466405760,0.19556186,1.0,50.82750644009202
64094037476647040,57.70410557714868,22.66984055724213,7.386205225594046,0.03354169,18.29780707062388,0.044494182,-44.92903716810198,0.025902785,14.9738245,1.2357466,64094037476647040,64094037476647040,0.029001476,0.9,220.20968838105873
64148738180119680,57.691890731724996,22.93047700918125,7.329901757417433,0.012998136,19.432050778551144,0.015992705,-44.96311213605481,0.010610592,12.54847,1.0103427,64148738180119680,64148738180119680,0.115072176,1.0,563.9194644922611
64276315888567424,54.62432671280883,21.56488406650005,7.363461148744048,0.015609099,19.52966342242958,0.01801136,-45.21088722635951,0.013119669,12.370164,1.1444457,64276315888567424,64276315888567424,0.0981185,1.0,471.7416000894008
64331123967672448,55.63799159070933,21.704494346750018,7.450155858497535,0.053203147,20.53869806925626,0.07031797,-45.722884651284645,0.048475586,16.246473,1.0158869,64331123967672448,64331123967672448,0.13264437,1.0,140.03224042069604
64768763955442944,56.360732948219095,22.525409252257422,7.33043869209861,0.053152155,19.916122118909534,0.06212655,-44.2544686931443,0.051234093,16.099396,1.0771861,64768763955442944,64768763955442944,0.0558932,1.0,137.91423271582934
64909153549943296,57.099724735801715,23.135471631187595,7.440941514656794,0.08653669,18.02642279431928,0.110820934,-46.27659449132801,0.07284799,17.242805,0.9964595,64909153549943296,64909153549943296,0.121037014,1.0,85.98597269767598
64453887017111808,55.45675204081487,22.49340284922183,7.375999275620265,0.1449308,21.207757057570976,0.17512552,-46.047218658806685,0.11092561,17.75966,1.0313549,64453887017111808,64453887017111808,0.042882465,1.0,50.89325069950136
64667535869958784,55.2270611799686,22.9069549713295,7.198159429661968,0.08160863,19.80067674453128,0.09651093,-44.30913428211956,0.070285425,17.04338,0.96593577,64667535869958784,64667535869958784,0.15011548,1.0,88.20340895855871
64795289673433728,56.557800866024586,22.70530804048819,7.446592878019465,0.07163346,19.323375340959032,0.076803684,-46.23261997050603,0.055955417,16.55351,0.97679853,64795289673433728,64795289673433728,0.10087346,1.0,103.95411685590419
64798691287540224,56.41633572294943,22.694265149860293,7.291631614082201,0.031539224,19.830372611939126,0.03537454,-44.158154915313965,0.026671257,7.800061,0.8843448,64798691287540224,64798691287540224,0.24006444,1.0,231.19248570265637
64943758103791104,57.38580185574098,23.41124239957272,7.488137995795465,0.06682858,20.361216760707396,0.07653795,-45.12416162836422,0.052803833,16.382866,1.1180046,64943758103791104,64943758103791104,0.20512207,1.0,112.04993642357176
64971933089093760,56.534933945361814,23.3473212122962,7.388568334356815,0.015051717,19.54291585018702,0.01882543,-45.246857647763434,0.013102093,13.21777,1.0232012,64971933089093760,64971933089093760,0.053719547,1.0,490.87877246758524
64092907903452800,57.77559689630136,22.633376347393465,7.500111920385244,0.08733891,20.882520277954452,0.10918093,-45.90535315467692,0.066018395,17.126387,0.97746164,64092907903452800,64092907903452800,0.076649345,1.0,85.87366115215227
64449321467581056,55.50707154580541,22.39060459879524,7.5227639640978365,0.06459279,21.50447046062442,0.07476213,-46.90881537959989,0.052851208,16.414602,1.0223658,64449321467581056,64449321467581056,0.12082301,0.9,116.46444667747605
64656201452146304,54.93671006565371,22.654103017730275,7.604703051583063,0.0850034,20.751404188856693,0.086623296,-46.504809433409434,0.061035465,16.780579,0.9682968,64656201452146304,64656201452146304,0.086890474,1.0,89.46351791114981
64922283267331968,57.3013765497648,23.228140474524007,7.450991731973961,0.018298406,19.729432027709375,0.020170998,-46.0451440559743,0.014120278,13.63343,1.1251582,64922283267331968,64922283267331968,0.07974693,1.0,407.19348282576277
63876402894075904,58.470183837285894,22.41833148614529,7.449216493422733,0.016391812,19.46628363123858,0.019011863,-45.26295888165422,0.012543497,11.673621,1.1952622,63876402894075904,63876402894075904,0.049047742,1.0,454.4474120570505
63989691247627776,56.413086086113154,22.072941790439312,7.595165178454831,0.11115422,20.3006957339678,0.13716105,-45.655047436779554,0.099042945,17.306427,1.0100056,63989691247627776,63989691247627776,0.20634079,1.0,68.32997532834914
64006905476619776,56.84689444035548,22.244354276021415,7.121282586312011,0.019014506,19.56523367259846,0.021979593,-44.07548166486084,0.016248746,13.896054,1.0081398,64006905476619776,64006905476619776,0.05712268,1.0,374.5184182065977
64104933811828480,57.96086681799793,22.89551471851388,7.315539042944565,0.04423047,18.2409132166166,0.05016511,-44.87318051720924,0.035216637,15.906264,1.0408431,64104933811828480,64104933811828480,0.09552492,1.0,165.3959200357708
64215125490886656,55.2058631607871,21.21523008243146,7.335249178807896,0.060269754,20.562833137566372,0.06855867,-43.76859549291748,0.048165593,16.56197,0.99651676,64215125490886656,64215125490886656,0.1328691,0.9,121.70696984362574
64438184617001472,55.73439850136928,22.37724568518697,7.094847771842623,0.20001799,20.677419395891977,0.23755771,-45.90058591801566,0.13585782,17.829464,1.0974432,64438184617001472,64438184617001472,0.087267384,0.9,35.47104847219393
64453685154291968,55.43784879484009,22.46704884658764,7.48747040106267,0.13660239,20.484618144590446,0.1621131,-45.33844201798303,0.10141765,17.73309,0.9308283,64453685154291968,64453685154291968,0.123454265,0.9,54.812149148302275
64808483812941440,56.645075788192386,22.935281042623288,7.2607543201303235,0.023177821,19.45079799157423,0.026987115,-45.27898452661234,0.020895539,14.011793,1.1200577,64808483812941440,64808483812941440,0.031570233,1.0,313.2630224761805
64857721317916032,56.48745217516747,23.024581569648877,7.389054111887702,0.083187446,20.838575638732898,0.087808765,-46.31017377392607,0.060053848,16.504587,1.125552,64857721317916032,64857721317916032,0.085719734,1.0,88.8241491636648
64917094946846848,57.274755692608174,23.105917656349703,7.430479853340606,0.055344395,18.89321440089389,0.06847556,-46.58328631284021,0.04578208,16.074583,1.1603554,64917094946846848,64917094946846848,0.12123145,1.0,134.25894000216599
63892006512622848,58.21556121209022,22.525604769152533,7.4162821627048805,0.04182554,18.998406473715193,0.053825267,-46.56403228084043,0.034135826,15.772704,1.0604233,63892006512622848,63892006512622848,0.10671067,1.0,177.31467658755443
64956123313498368,56.45303174951979,23.147850803372048,7.404869641412335,0.018651934,19.02937718369986,0.024696719,-45.46310824022036,0.014802787,10.126517,0.9006892,64956123313498368,64956123313498368,0.110724345,1.0,397.00277226987293
64967569402404480,56.81416804545098,23.43481220068229,7.069719258509363,0.07068639,20.60752142794995,0.082975514,-46.19192929295871,0.06317905,16.54838,1.0966136,64967569402404480,64967569402404480,0.108272016,0.9,100.01527889402523
63436396380626688,55.14725093305028,20.965557633826194,7.589501273110353,0.025133824,21.391571909544552,0.032165777,-45.20769139946536,0.022734314,14.841508,1.0194958,63436396380626688,63436396380626688,0.077445716,1.0,301.9636518653681
63773774653147904,58.19032854954304,21.688685952062063,7.149206756696743,0.051077396,17.87536259125583,0.059168167,-44.37111557160527,0.038665667,15.726802,1.1235491,63773774653147904,63773774653147904,0.124005795,1.0,139.96811430690687
63795455648004608,58.64505953991257,21.88371044606809,7.257017840659242,0.026235495,18.870919452909376,0.033784017,-44.55006354269242,0.019000633,14.622399,1.0450507,63795455648004608,63795455648004608,0.0834319,1.0,276.6106721565679
64032503481665280,56.843674396417384,22.519560464164275,7.412149673861739,0.14067242,20.57447316080448,0.14934547,-45.52042201939867,0.12324532,17.588257,1.0717633,64032503481665280,64032503481665280,0.024922227,1.0,52.6908537667747
64871740091177600,56.2951245214628,23.049309323098104,7.3307637033988735,0.060016222,19.70437457927786,0.06740147,-45.59557687910834,0.043497443,16.29566,1.0224223,64871740091177600,64871740091177600,0.099446684,1.0,122.14637014275087
64951111087777536,56.650363065254425,23.071293292300773,7.834199597535483,0.053876076,20.97089199836786,0.06998189,-46.8799865625298,0.047297996,15.922808,1.0419477,64951111087777536,64951111087777536,0.07335178,0.9,145.41147378664647
64952829074688896,56.66674719150831,23.110124081170717,7.391158486799486,0.020554867,19.26270138389062,0.026191497,-46.76202027354881,0.018054469,9.295629,1.1259955,64952829074688896,64952829074688896,0.113306545,1.0,359.58192362014114
63546038305742720,56.01050989862372,21.22094570695962,6.93362204519199,0.09373433,19.849817119868604,0.10663762,-43.696947383979456,0.077081874,16.90566,1.041533,63546038305742720,63546038305742720,0.11373259,0.9,73.97099802694582
63849572235829248,57.849549024507716,22.11318468183651,7.293487191777333,0.0153987305,18.72094455267673,0.019641692,-44.616996176998065,0.011238499,12.724305,0.9994613,63849572235829248,63849572235829248,0.16273886,1.0,473.6421083845012
64131150292139648,57.156918510526815,22.769113512032003,7.232192097987376,0.02286525,19.031578474328004,0.029613242,-44.591028325201925,0.019023916,13.846435,1.3086542,64131150292139648,64131150292139648,0.13970199,1.0,316.29620819669543
64346276612274816,55.684889188557875,21.853444783997144,7.60031218737857,0.07404796,20.812982593646595,0.09030313,-46.60686632968775,0.0671247,16.967855,1.0590118,64346276612274816,64346276612274816,0.05575028,0.9,102.64039890336728
64770241424108032,56.174349922317965,22.464346002407783,7.552546175586704,0.018995658,22.07658515026903,0.022160053,-45.371615655295926,0.015413303,10.5909195,1.1492659,64770241424108032,64770241424108032,0.106923334,1.0,397.59329996632215
63627264728628224,57.81933478424535,21.059534771691627,7.287873038911874,0.066088505,19.478693528215878,0.082989104,-44.728922308426654,0.042277094,16.346361,0.9920918,63627264728628224,63627264728628224,0.09938904,1.0,110.27444226596202
63677326867342464,58.10251694951161,21.506109143477744,7.419674106187213,0.03233742,19.852902320182725,0.035327725,-44.94200921290559,0.022733541,15.199719,1.0695143,63677326867342464,63677326867342464,0.07560522,1.0,229.4454590877445
63826448131945984,57.9663345193002,21.822564566552924,7.463877991507574,0.042945378,20.386327802554828,0.052010972,-45.64281530094115,0.033992,15.841362,1.0005019,63826448131945984,63826448131945984,0.14978977,1.0,173.7993335027778
64232271000313472,55.15764956916067,21.40611667943829,7.171304722852725,0.10699352,19.849417449339732,0.11429753,-44.282608494962744,0.070760004,17.184954,1.034359,64232271000313472,64232271000313472,0.06836659,0.9,67.02559935696637
64272128296706432,54.301389030023266,21.46795287013027,7.404830067593029,0.015107123,21.395581424316624,0.017841293,-45.155416096028816,0.013475882,12.039249,1.117163,64272128296706432,64272128296706432,0.09528664,1.0,490.15487454264235
64912009705490304,56.849467055307045,23.149004829363466,7.346863076857361,0.051714923,19.44531824588345,0.06531846,-45.5403292607655,0.045195494,15.890427,1.099646,64912009705490304,64912009705490304,0.080821306,1.0,142.0646617570249
64933759417769984,57.18299036630866,23.2596150203104,7.318904571155356,0.031011451,19.293731697883047,0.03854353,-44.88499205938077,0.023564722,8.33693,1.3925788,64933759417769984,64933759417769984,0.12160621,1.0,236.00651780921044
64982344089813248,56.46988426929079,23.46487435939193,7.216786495064386,0.058647167,20.003641467123558,0.07758923,-46.246385433920125,0.050357424,16.27454,1.0719284,64982344089813248,64982344089813248,0.1447011,1.0,123.05430717129522
63632178171114624,57.46000788790077,20.96651689252344,7.384702800891043,0.056211427,19.64071321155057,0.061259136,-45.235371698623595,0.039649446,16.383282,0.9899319,63632178171114624,63632178171114624,0.043293234,1.0,131.37369417883752
64174546641593984,57.66222912452411,23.21722758953147,7.301312904999704,0.035013244,18.264910026129144,0.040552225,-45.37654930409289,0.02482583,15.392325,0.9832702,64174546641593984,64174546641593984,0.073566645,1.0,208.5300350228136
64653383953596032,55.02925859013083,22.64639061215007,7.401384626754442,0.10471005,20.846684754196072,0.10341274,-45.53023058759697,0.075149104,17.14754,0.99503756,64653383953596032,64653383953596032,0.13991971,1.0,70.68456783181585
64891634380723712,57.25428791296075,22.980211869536916,7.479338623504139,0.025225181,19.782617691627937,0.030793412,-45.89295356467363,0.019124938,14.505948,1.049947,64891634380723712,64891634380723712,0.042020034,1.0,296.50287084961644
64941211186036352,57.14388698332008,23.434590988620933,7.380077777631508,0.01621292,19.371696632671146,0.018467281,-45.077613013343736,0.013893746,10.21041,0.95619994,64941211186036352,64941211186036352,0.07875441,1.0,455.19733039545196
63289920816208768,56.5806826142567,20.879588727250898,7.33271113773573,0.021578562,20.261180552721815,0.026612338,-44.14982886757803,0.018591544,11.310213,1.2028999,63289920815872256,63289920816208768,0.1471095,1.0,339.8146411552501
63661521387693824,58.24225480179571,21.424001124250438,7.375073715479337,0.050020155,18.876573294568246,0.05749682,-45.55953104184667,0.042399127,16.022692,1.0631554,63661521387693824,63661521387693824,0.04273698,0.9,147.44204170363284
63705433133130368,57.20100053548862,21.41108489367433,7.137253476855223,0.062629685,19.169363780474185,0.08361842,-43.503989083043685,0.052926853,16.604872,1.0174967,63705433133130368,63705433133130368,0.0345278,1.0,113.95959438368871
63884584809145600,58.23743741144484,22.43351088238098,7.425312317573574,0.03291782,18.812148988685426,0.03995051,-45.97078665314908,0.025738902,15.189425,1.0516557,63884584809145600,63884584809145600,0.062767915,1.0,225.571205391196
63916431989200256,56.89244333570318,21.746606304672703,7.637128618750358,0.014081778,19.064739272210343,0.016833287,-46.162083625654475,0.009613247,11.985237,0.88940537,63916431989200256,63916431989200256,0.08626937,1.0,542.3412168666362
64168705486089216,57.6160313902337,23.06512486371312,7.249398579166355,0.07077046,18.265411612126584,0.080318026,-44.09683354582957,0.052526597,16.96899,1.0051093,64168705486089216,64168705486089216,0.16178688,1.0,102.43537836030765
64870296982175488,56.03679639519022,23.079705895594124,7.34148627265026,0.029887352,21.63438626120532,0.028862135,-45.152473501335294,0.022137877,14.497981,1.1346939,64870296982175488,64870296982175488,0.05506364,1.0,245.63856438556405
64930495244783616,57.38645295572227,23.380204240051093,7.231276897025075,0.020891242,20.34647137610763,0.023624873,-44.301346464210745,0.015800737,9.034874,1.1984136,64930495244783616,64930495244783616,0.10465965,1.0,346.13916160365034
64974338270788864,56.30068677483327,23.36456659754402,7.400842842890291,0.05960634,20.3498907854033,0.07312076,-45.84120467577862,0.046997488,16.11487,1.050245,64974338270788864,64974338270788864,0.11712327,0.9,124.16200810011912
63547270960574336,56.002772277578515,21.281872338918273,7.436217258402496,0.015804969,20.147855316576678,0.019420547,-46.019560668530474,0.012928858,12.420944,1.1329408,63547270960574336,63547270960574336,0.061602756,1.0,470.4986997813951
64114245300877184,57.29700152037766,22.609258005731753,7.455976057919426,0.029010396,21.057238451322103,0.036593974,-47.309507094315066,0.02336674,7.7059603,1.1223998,64114245300877184,64114245300877184,0.06224298,1.0,257.0104848644568
64856312568645248,56.52195568292751,22.981419243413214,7.602128024288136,0.018777581,20.514283661276494,0.020303842,-47.91048805067051,0.014524859,13.413954,1.0812526,64856312568645248,64856312568645248,0.057255607,1.0,404.8512985728028
64889126119831040,57.094462930924884,22.872477336102378,7.617353781069092,0.03413077,20.539052849387254,0.044744853,-46.74773678544327,0.027145123,15.062484,1.1173615,64889126119831040,64889126119831040,0.08712235,1.0,223.18141729355813
64923279699744256,57.25981898022836,23.25223911265763,7.266831729278644,0.020944558,19.730996700492646,0.02427146,-44.42819858102819,0.01704622,11.473286,1.1447881,64923279699744256,64923279699744256,0.1195904,1.0,346.9556005970873
64962174923490304,56.88419556070246,23.30633191106529,7.339722266111578,0.06421835,20.729001925708243,0.072896786,-45.43158657295105,0.054036416,16.41158,1.0396391,64962174923490304,64962174923490304,0.14799449,1.0,114.29322450880622
64963377514329984,56.84184912038183,23.359958000577215,7.456198708615304,0.06880964,21.312007944847327,0.081965916,-44.50127002300362,0.058664735,16.68825,0.9374413,64963377514329984,64963377514329984,0.13458288,1.0,108.35979292312231
64980832261312640,56.70879817515686,23.53208141913091,7.435614097188134,0.04823119,20.87945193664808,0.056650817,-45.02175262335697,0.04124148,16.288599,0.9718782,64980832261312640,64980832261312640,0.12411192,1.0,154.16609819236538
64027143362491008,56.93624264298835,22.397962763767943,7.551832932850046,0.07385354,21.0570556765474,0.087171614,-46.67305383314692,0.062851965,16.656425,1.0140587,64027143362491008,64027143362491008,0.02708173,1.0,102.2541802950823
64066107307543296,57.7244693872803,22.547865345919984,7.265606256190289,0.014892689,17.873394979928694,0.020576183,-45.12251929683014,0.01115941,12.36464,1.0412614,64066107307543296,64066107307543296,0.09569776,1.0,487.863963278845
64078167575681152,58.023304456290134,22.5818520695269,7.516364021774598,0.029886523,18.648030432198013,0.037116196,-45.63048241385099,0.021863384,15.099433,1.0850873,64078167575681152,64078167575681152,0.20096123,0.9,251.4967684921518
64438841747360768,55.749067726136026,22.424067531711877,7.451832197267993,0.016621763,21.407386970466742,0.021107519,-44.390267261350516,0.012865195,13.361495,1.0982671,64438841747360768,64438841747360768,0.0497563,0.9,448.31780167288935
64642801154268672,55.355615544447744,22.548726260993725,7.301884780583152,0.035308156,21.130083979586356,0.044404972,-44.50126629460796,0.029709408,15.303823,1.0215476,64642801154268672,64642801154268672,0.044741604,1.0,206.80447732748618
64665203703566848,55.18006539676142,22.83147815980321,7.382203157174722,0.07987329,20.699290987858724,0.09736094,-44.363767855385284,0.06424828,16.899952,0.951585,64665203703566848,64665203703566848,0.1503821,1.0,92.42392320280396
64798038452412928,56.301887263098536,22.69730741222624,7.290828186403347,0.05517477,19.383744770885322,0.06313525,-46.04101016663466,0.053323645,16.174246,1.0635617,64798038452412928,64798038452412928,0.13790725,1.0,132.140613585691
64905618794174720,56.703355129215566,23.06855140288392,7.2387256119114145,0.042743936,20.84081773712675,0.054025363,-45.29591983791391,0.034456056,15.04029,1.2245486,64905618794174720,64905618794174720,0.11723884,1.0,169.35093626490803
64928674178659968,57.38409775234471,23.271498869578785,7.354278323471858,0.09994091,20.4549652303075,0.113565266,-44.87002052000801,0.083096094,17.513542,0.9231417,64928674178659968,64928674178659968,0.2173812,1.0,73.58626467018486
64959662365552384,56.78069149429426,23.226156744121546,7.309612988988913,0.015793763,19.295192861656584,0.018829763,-45.43850995081102,0.013172669,13.143335,1.0686795,64959662365552384,64959662365552384,0.06707357,1.0,462.8164258383354
63693785181958912,57.4659251417893,21.307130860806396,7.215799510913274,0.030754028,19.91533893013088,0.037615784,-44.129929635462005,0.021416768,14.509014,1.211051,63693785181958912,63693785181958912,0.060752954,1.0,234.62941300404
64095656682494720,57.91274273726911,22.750074669732147,7.284987335263736,0.017025813,19.604490971156867,0.021057004,-45.596747505378964,0.013641431,11.850179,1.272211,64095656682494720,64095656682494720,0.07037881,1.0,427.8789587486742
64679840952155264,54.66976712540925,22.659409622396907,7.3735646873637215,0.038997106,20.157222248000696,0.04506038,-45.35939552579252,0.033973265,6.7019362,0.95297456,64679840952155264,64679840952155264,0.013680541,1.0,189.07979067263082
64929391436043264,57.42060476339698,23.341369648361887,7.3159120319680895,0.04082006,18.7330771968439,0.040723853,-45.13349681432525,0.038173627,8.094326,1.2130493,64929391436043264,64929391436043264,0.14595188,1.0,179.22345808449722
64956127609464320,56.45349543711508,23.14694333291917,7.4211396976655095,0.041989394,20.513910371784853,0.05286644,-45.699760208111584,0.033643007,6.895188,1.0942224,64956127609464320,64956127609464320,0.13896185,1.0,176.7384349564628
64979732749686016,56.75601002050891,23.494741451278703,7.386528543828836,0.01865727,19.0718927796905,0.022934148,-45.023437835823266,0.015802365,11.273634,0.9098149,64979732749686016,64979732749686016,0.123386405,1.0,395.90616524293097
63824901943723392,58.01832823927351,21.760705033269936,7.3591452377643,0.101247855,18.176978689225006,0.1257934,-44.522902687547614,0.07493024,17.552294,0.971319,63824901943723392,63824901943723392,0.17040074,0.9,72.68445609901588
64021714523841280,56.83519780827225,22.365563362379287,7.3267714619524815,0.087684184,19.471856841625943,0.097058006,-46.254349896532375,0.078045875,17.03976,1.0793995,64021714523841280,64021714523841280,0.12655205,1.0,83.55864309364652
64050645425295872,57.76638978663602,22.404544971048768,7.434510624162738,0.018818285,19.342089985005458,0.026083885,-45.99644636903686,0.014085068,13.859603,1.0405931,64050645425295872,64050645425295872,0.0685192,1.0,395.0684400427931
64059407158605568,57.39781407380614,22.39046720119339,7.399756837891425,0.09320872,19.47132579352298,0.10602998,-45.00153299664306,0.071098305,17.05874,0.9411865,64059407158605568,64059407158605568,0.14623307,1.0,79.38910241409404
64103009666497024,57.849313048424804,22.841272958150647,7.430605491985016,0.016472751,19.641777668946855,0.01943968,-44.98903735020462,0.013182995,13.666987,0.99236435,64103009666497024,64103009666497024,0.06863529,1.0,451.08466509751975
64879402312818944,56.21358052689102,23.26872443224326,7.394624876379964,0.018698333,20.545926181047776,0.022892917,-44.30031551839597,0.016449539,8.886077,0.9805125,64879402312818944,64879402312818944,0.03763786,1.0,395.4697428433929
64884624994048256,56.89500778235771,22.801125159997,7.307114829720655,0.04966351,20.063807137477315,0.060456045,-44.55267649851964,0.038488965,16.003756,1.0177438,64884624994048256,64884624994048256,0.14644696,1.0,147.13246816796604
64895139073954944,57.02435006099223,23.0339500921625,7.309302082629353,0.031006156,19.293114387985597,0.038238708,-44.997770784618794,0.024521362,15.133998,1.1005108,64895139073954944,64895139073954944,0.111366816,1.0,235.73712884985454
64900739711320960,56.91586191032635,23.00110222643323,7.46137150586521,0.097947486,18.68608706268651,0.13129589,-45.00641029139872,0.08176051,17.231815,1.0069556,64900739711320960,64900739711320960,0.052655566,0.9,76.17726426683356
64916751349465856,57.24294597152945,23.09402124719942,7.38945455734106,0.033159323,20.627002035060737,0.040310703,-46.77767940688765,0.026018068,15.26213,1.0955359,64916751349465856,64916751349465856,0.010217553,1.0,222.8469667239319
64984951133439232,56.552852464053856,23.587012648241203,7.280859159894756,0.09170236,20.858783200882606,0.09618676,-44.736201780282386,0.06820962,17.09217,1.0779377,64984951133439232,64984951133439232,0.038631,0.9,79.39664151807429
63826070174824192,57.96492519317743,21.821211162958722,7.520908413838251,0.058240574,20.684256689137317,0.07128362,-45.116088434998034,0.04518986,16.288523,1.1198117,63826070174824192,63826070174824192,0.20971102,1.0,129.13520448456234
63999999169130112,56.630577272862354,22.305310419986274,7.432473633593599,0.06450196,19.543662369430454,0.07703707,-46.412852716344204,0.05918031,16.615885,1.0838587,63999999169130112,63999999169130112,0.041840322,1.0,115.22864148410554
64804360644343424,56.66843414271722,22.84418456402768,7.498059675999509,0.10608541,20.17711425081245,0.12077569,-46.9291652190401,0.09301123,17.284359,0.9240154,64804360644343424,64804360644343424,0.07580501,1.0,70.67946025945704
64934893291213952,57.11688600086402,23.300556775545953,7.461381901990386,0.01333222,20.398676841565134,0.016288392,-45.457547140444355,0.010648313,12.242328,1.0005586,64934893291213952,64934893291213952,0.06302996,1.0,559.6503820863032
64936508198907904,57.18936995061114,23.33871256339361,7.447798847561577,0.013643309,18.982770188489233,0.016061822,-45.7642685493916,0.011030738,12.882789,0.91519207,64936508198907904,64936508198907904,0.111213215,1.0,545.8938954776936
64946025846426752,57.2033347873996,23.41318138675708,7.362773276027829,0.093172885,19.200505579399927,0.10576362,-47.02477563440708,0.0806117,17.347544,1.0406598,64946025846426752,64946025846426752,0.0683622,1.0,79.02270320695877
64981137202021376,56.51728508779695,23.40531966531974,7.349143996550216,0.014684566,19.01388855774152,0.017904876,-45.462388901362175,0.012832305,12.397641,1.0410229,64981137202021376,64981137202021376,0.097914845,1.0,500.4672149039402
63717665199974016,57.343901720159984,21.632098141735444,7.557019272421872,0.0676869,20.408068946671825,0.084389806,-46.356015875885454,0.05279446,16.790188,0.98182935,63717665199974016,63717665199974016,0.18407595,1.0,111.64670293647957
64129294866302336,56.97574688018189,22.656941491685657,7.334420448765222,0.08047028,21.156998323062908,0.09934401,-46.783284011777134,0.06635867,16.8719,1.0449551,64129294866302336,64129294866302336,0.12801167,0.9,91.14446417669272
64671903852618624,54.59418238508955,22.499479201832393,7.388471608091407,0.016214505,21.468512882706108,0.021254351,-44.80755231263008,0.012798345,9.941272,0.8698339,64671903852618624,64671903852618624,0.09105968,1.0,455.67050501477985
64808204638390912,56.66006365313638,22.919584206915975,7.1525685788631295,0.020364206,19.92415292387568,0.022785291,-43.54934665259477,0.017274095,9.306278,1.0373341,64808204638390912,64808204638390912,0.19045712,1.0,351.23237699585127
64840541448791424,55.829295125583606,22.78609278822735,7.563829913298237,0.07538171,20.644452369350773,0.09665626,-46.401402692649455,0.06615741,16.816063,1.0582237,64840541448791424,64840541448791424,0.10041451,1.0,100.34038496046047
64899017426872960,56.696182198354265,22.91437971648443,7.188082380653626,0.01971732,18.758200870264197,0.024406588,-45.00169638409588,0.017078228,10.343078,1.0573627,64899017426872960,64899017426872960,0.10764154,1.0,364.5567495517182
64952068862923520,56.58921758662981,23.08569959940112,7.082300122602656,0.17132999,18.171048121636094,0.22342484,-45.3603468650091,0.14870223,17.905458,0.87581253,64952068862923520,64952068862923520,0.24736913,1.0,41.33718866959619
64964717544035200,56.63706230536038,23.305130986179122,7.4331628168469965,0.021423005,20.539250037585216,0.025057968,-45.044832979748406,0.017550686,14.018696,1.0649348,64964717544035200,64964717544035200,0.029269597,1.0,346.9710699721752
64977705525131904,56.64730542253092,23.41153106180494,7.223361814603207,0.018994845,20.296996397713922,0.025167681,-44.83110777745387,0.01568919,14.081177,1.008254,64977705525131904,64977705525131904,0.05954318,1.0,380.2801046023741
64985127228608128,56.61581566561294,23.592514924329777,7.350579885028082,0.016052943,18.427570634978657,0.019042322,-44.855479132862804,0.013261496,12.563813,1.177594,64985127228608128,64985127228608128,0.14319652,1.0,457.89610116032327
63391178965446656,55.62382697122327,20.810895062445955,7.478133274099747,0.08032191,19.635252923015344,0.0961645,-46.74624082918962,0.072673716,16.40713,1.055023,63391174669006080,63391178965446656,0.21470085,0.9,93.10203729680855
64057895330132224,57.356540141478256,22.312209187153343,7.124079011263999,0.14594857,19.556734054911658,0.1556048,-44.42785716407235,0.11286611,17.548912,0.94495887,64057895330132224,64057895330132224,0.102891505,0.9,48.812255019725995
64128294135554688,57.023886074906926,22.635778085249903,7.267997117214958,0.07013673,19.48222424687009,0.0777619,-45.44550891815411,0.054179914,16.372732,1.0750756,64128294135554688,64128294135554688,0.24415259,1.0,103.6261138741755
64136063734692224,57.361046520859134,22.848352698939507,7.470198853658967,0.061192833,19.037363240164904,0.0788235,-45.87916701288922,0.047597684,16.388481,1.0277227,64136063734692224,64136063734692224,0.033244967,1.0,122.07636909754635
64942001460286080,57.315180555656895,23.38016998746235,7.436806910305677,0.12998131,20.16036278151955,0.15636723,-46.2237778208242,0.107248604,17.678764,1.0598555,64942001460286080,64942001460286080,0.12544428,1.0,57.21443304025381
64981931772948480,56.575062291586306,23.486457610450035,7.179336279416077,0.019664617,19.818583154771783,0.023772229,-43.24129115752879,0.015966,10.363573,1.3110294,64981931772948480,64981931772948480,0.04620298,1.0,365.0890422222747
63502259702709888,56.383382651277834,21.246480352393984,7.7480712178475075,0.029144812,20.65280679243452,0.03600102,-47.762058421602056,0.02627126,7.728319,1.0431212,63502259702709888,63502259702709888,0.144094,0.9,265.847352800667
63953819680971008,57.07348073664716,22.066808749749143,7.598022917417946,0.054657515,20.284017118807654,0.06510971,-45.30198551821394,0.046597984,16.483202,0.9693371,63953819680971008,63953819680971008,0.12988797,1.0,139.01149545822688
64843805623922688,55.85491728898192,22.895492287024965,7.5264024127197535,0.07351991,20.222442233716116,0.08841846,-46.15960948932732,0.062151253,16.934334,0.97739536,64843805623922688,64843805623922688,0.16916013,0.9,102.37230470693082
64913452814489216,56.95058643018479,23.21788377589549,7.411184638689342,0.020458069,20.053661610566117,0.02706992,-45.84753613421944,0.016234322,10.945833,0.90876555,64913452814489216,64913452814489216,0.052047215,1.0,362.26218358433505
64966916567283456,56.730541115448666,23.380212988770477,7.294694239567216,0.119221516,18.858429537627444,0.1381728,-45.66888505121055,0.09883255,17.4539,1.0561346,64966916567283456,64966916567283456,0.2043743,1.0,61.186055060815285
64974574492213248,56.42870174000814,23.336589161292384,7.492486097833367,0.0977831,21.406088529779186,0.13026962,-45.052319844566526,0.076506026,17.363674,0.9524142,64974574492213248,64974574492213248,0.06482549,0.9,76.62352516047653
64981863053470592,56.593679900426444,23.485427897777026,7.150415256448715,0.08726354,19.859186488699244,0.10187264,-44.830015852542616,0.06970668,17.219704,0.9135021,64981863053470592,64981863053470592,0.03804078,1.0,81.94046795339366
53335045618385536,59.84548312183911,22.57116993056076,7.460595639590168,0.019523792,17.952584340610734,0.025673974,-45.482100216381994,0.013761428,13.755472,1.0315162,53335045618385536,53335045618385536,0.090479545,1.0,382.1284129386333
64109915973846528,57.409171523077866,22.53328562479943,7.295865291844413,0.028811403,18.218374885497603,0.036336496,-44.56881799548171,0.021936465,7.0043597,1.0065733,64109915973846528,64109915973846528,0.14917423,1.0,253.22839669951313
64157023175179776,57.83246207983878,23.067645295503368,7.370749551185829,0.1310374,19.23268388146952,0.13327566,-43.413694043478245,0.08674997,17.615984,1.0775449,64157023175179776,64157023175179776,0.20613982,1.0,56.24920517131852
64445988572906752,55.22943355100129,22.349516222822036,7.315890465343226,0.03145779,20.13982097120118,0.039130922,-44.13541902105238,0.029032895,15.090019,1.0322741,64445988572906752,64445988572906752,0.064797476,1.0,232.56212981150566
64874454510493440,56.391676137260475,23.18501072439178,7.391450378010349,0.087295204,19.867425915830438,0.1131215,-45.280806446540474,0.068591125,17.110922,1.0255045,64874454510493440,64874454510493440,0.08991284,1.0,84.67189496522106
65179946945247488,56.087034239879095,23.56092855087351,7.372910720374971,0.042416297,19.28602141734942,0.062154878,-46.30352599636022,0.03651717,15.793812,1.0418881,65179946945247488,65179946945247488,0.049278818,1.0,173.82259318571957
65184894747573376,55.90468213861298,23.642095008724848,7.380512084447238,0.0614245,19.871268352271496,0.077629685,-44.6156897748046,0.051787585,15.929374,1.1792295,65184894747573376,65184894747573376,0.118082784,0.9,120.15583253300478
65221487868870784,56.46524526083272,24.03867637774549,7.295877939593721,0.034636375,19.8061014454413,0.036550045,-45.00296374339572,0.025210094,7.8336287,1.3362249,65221487868870784,65221487868870784,0.19059116,1.0,210.64207878707822
65254885534508672,55.674440494307696,24.004169380506745,7.361057342556959,0.06261922,19.45472846866403,0.08122334,-46.510573037379245,0.05345175,16.582888,1.0475366,65254885534508672,65254885534508672,0.15814911,0.9,117.5526895059262
65023232178029440,55.62266700134463,22.790383366074938,7.2107244103887105,0.020424386,20.443968442355224,0.02651824,-43.615631895788304,0.017278627,14.220257,1.0311948,65023232178029440,65023232178029440,0.056924533,1.0,353.0448474026969
65161250950264192,55.51227170472401,23.9315503764995,7.128559860596797,0.070635475,21.649997198461733,0.090326056,-44.00589987129682,0.060092866,15.541395,0.9305524,65161250950264192,65161250950264192,1.3467678,0.9,100.92039217639966
65167577439502592,56.15126273681793,23.502902827384098,7.196435385252507,0.036829636,19.261618283223093,0.054714415,-44.18167451157026,0.033114728,15.381319,1.0963196,65167577439502592,65167577439502592,0.082624055,1.0,195.39795296304538
65202383854448384,56.49673767202074,23.812867344430007,7.584054434284224,0.101854555,20.4579022335004,0.10520784,-46.74669948230612,0.095333606,17.039532,1.0317597,65202383854448384,65202383854448384,0.12500928,1.0,74.45964896994232
65008010814357248,56.68002306054683,23.62260295725321,7.331377767684079,0.10076093,19.032958763484334,0.11078766,-44.73395614195889,0.08754032,17.381496,1.0776341,65008010814357248,65008010814357248,0.10502599,1.0,72.76012458003203
65058760147520000,56.03890906143864,23.146191500145903,7.24755258395974,0.08582432,19.61969983571182,0.078162916,-44.38208098727167,0.07040221,16.57428,0.99937665,65058760147520000,65058760147520000,0.19031724,1.0,84.44637526306038
65078929312363392,55.676709429387024,23.33896669258058,7.478305728429821,0.09894003,20.645758346090915,0.09537765,-46.35373552612505,0.07207463,16.412167,1.06617,65078929312363392,65078929312363392,0.15751022,1.0,75.58422761804812
65147438335354624,55.395066430632234,23.637539929718397,7.346245651129198,0.10150507,20.699690576685796,0.11160283,-45.86647144833789,0.07535826,17.286898,0.9835673,65147438335354624,65147438335354624,0.16987634,1.0,72.37318869098308
65168844452782208,56.318456582513555,23.566974495922615,7.089320664949418,0.13253304,19.654261864324322,0.16745098,-44.79677199809907,0.104911745,17.820105,0.9112794,65168844452782208,65168844452782208,0.2041566,1.0,53.4909670158718
65194584193758336,56.26375187558317,23.839209317701982,7.434634406907008,0.016497875,20.34332411764256,0.01953231,-45.77202907717511,0.014463554,11.684071,1.0351657,65194584193758336,65194584193758336,0.06757791,1.0,450.64195070746666
65211145587780992,56.64972601817595,23.966825124571223,7.232270978962829,0.021978041,19.293091542047552,0.021973943,-44.06839315224453,0.016105747,13.736212,1.0316483,65211145587780992,65211145587780992,0.06415596,1.0,329.0680423818275
65212107660378880,56.767658409458,23.995012914402537,7.401981307676885,0.027329711,21.32317472970832,0.03173103,-45.436982058241185,0.023802638,8.332108,0.8982019,65212107660378880,65212107660378880,0.06487721,1.0,270.84008468748715
65212760495396736,56.855682971871175,24.04895316921223,7.381110433788618,0.04158474,18.361796049409968,0.04725917,-45.828109859833404,0.030816667,15.390224,1.0565096,65212760495396736,65212760495396736,0.06304972,1.0,177.4956438047061
65214409762926720,56.454022199513645,23.852686378846506,7.4607736871596835,0.016927756,21.187427183234853,0.018791787,-45.39186369950472,0.013739385,13.566717,0.9892889,65214409762926720,65214409762926720,0.065965414,1.0,440.7420289184027
65214856439472640,56.46044167389074,23.873754046000364,7.212553394372475,0.014310282,19.875287535982068,0.015670028,-44.652175526037105,0.011228337,13.134053,1.0177566,65214856439472640,65214856439472640,0.055821218,1.0,504.0119777941465
65241313437941504,56.13322156163397,23.875211468904485,7.357232412939338,0.03812598,19.612794179791926,0.04893924,-46.53499963859164,0.0379061,14.404743,0.9595992,65241313437941504,65241313437941504,0.06046841,1.0,192.9716242937741
65010239900405504,56.77834370556732,23.71495241087836,7.3503939491290735,0.015928173,19.425567035566697,0.017522084,-44.40913844613404,0.012399845,11.99486,1.1385349,65010239900405504,65010239900405504,0.10380862,1.0,461.47124011877474
65020414679879296,56.96895425474899,23.94102406851244,7.376293478669214,0.020493563,19.684597110725647,0.025270917,-46.393807800230576,0.017065316,9.761056,1.3117672,65020414679879296,65020414679879296,0.1476889,1.0,359.9322081488775
65136791113382912,55.70385233585675,23.580003136612984,7.410691983881695,0.09458024,21.679338642754335,0.102118306,-46.49129154083005,0.070989124,16.743004,1.0497593,65136791113382912,65136791113382912,0.03552193,1.0,78.35349054909203
65165653294149760,56.30591985851103,23.51671671299534,7.172780984631883,0.056789428,20.675289820301945,0.067311436,-44.85616584762688,0.04661371,16.157358,1.0579132,65165653294149760,65165653294149760,0.13250348,1.0,126.30486408803584
65200283613608704,56.61546284551448,23.812491723079685,7.3976813023598815,0.10949784,19.371365646455065,0.10971089,-43.87192840251005,0.08346944,17.136478,0.8381101,65200283613608704,65200283613608704,0.08821705,1.0,67.56006745193646
65226092073881856,56.724915748846826,24.132370680376567,7.1171559330370835,0.110612564,19.309047531519298,0.1350046,-44.32380590885371,0.09332753,17.303078,0.9730997,65226092073881856,65226092073881856,0.05073819,1.0,64.3431061467891
65241863193865856,56.05066499276738,23.876887924642986,7.423976552521405,0.06346344,19.99343255069661,0.07469429,-45.11111429836059,0.057549708,16.52288,1.0594523,65241863193865856,65241863193865856,0.09489178,1.0,116.9803640542597
65247704349267584,56.05452292932521,24.030615863047565,7.594803806906587,0.019991616,21.404856037527303,0.022041071,-45.88621865204381,0.015385619,11.167223,0.95421356,65247704349267584,65247704349267584,0.089934036,0.9,379.89944823713915
65257187636977536,55.6716335456923,24.028395789556246,7.165841660739484,0.09170266,21.017719353305196,0.11441664,-44.67677495515933,0.08028251,17.168375,1.1185441,65257187636977536,65257187636977536,0.14625126,1.0,78.1421332003426
64987876007763968,57.06355849715922,23.434685520365303,7.353462097116693,0.07306821,18.67680196333135,0.07998351,-45.76653225878188,0.06677032,16.418585,1.0564281,64987876007763968,64987876007763968,0.055494837,1.0,100.63832408802259
64997187496822912,57.254848933906466,23.637477098863307,7.406563177256344,0.15276346,19.64784256494785,0.1728733,-45.61113132238155,0.11567833,17.813745,0.8294257,64997187496822912,64997187496822912,0.1613046,1.0,48.48386758223145
64999558318784768,57.057450573687056,23.632990088333862,7.437404133116667,0.05842575,20.121801104173304,0.06002424,-45.97765650888577,0.048582457,15.923727,1.0796728,64999558318784768,64999558318784768,0.006137791,1.0,127.29668098142474
65014195567317504,57.03323531524461,23.739708845865792,7.607866490051984,0.053744268,19.479681726603236,0.057573028,-46.647898608854916,0.041790597,15.997229,1.0254738,65014195567317504,65014195567317504,0.07062823,1.0,141.5567988839312
65056526764528128,55.93744520454143,23.055694268704652,7.183729162793427,0.037428692,20.21799379712614,0.044520486,-44.39095671123844,0.032091554,15.538341,1.0226176,65056526764528128,65056526764528128,0.048347507,1.0,191.93107699337884
65079788307324672,55.651179029374646,23.36783880666926,7.456015960593475,0.07108709,19.555682528777616,0.064785615,-43.92896916132491,0.058681395,16.140701,1.0383351,65079788307324672,65079788307324672,0.0757205,1.0,104.88565130344836
65134592089910656,55.536924227074216,23.587895919357532,7.259168619515059,0.029539676,19.04030741626996,0.03303879,-44.249658033810164,0.023876192,14.803357,1.1159865,65134592089910656,65134592089910656,0.036859646,1.0,245.74299749806502
65156891560085504,55.609551265925255,23.86060771230318,7.238355792828112,0.10821099,21.479147948029535,0.14001355,-44.34702859826589,0.09327433,17.641811,1.0018151,65156891560085504,65156891560085504,0.13112001,1.0,66.89113465908262
65163110673516928,56.24181931752337,23.408471301585465,7.4255680209980675,0.06269569,18.802964800017666,0.08106922,-44.67446134102455,0.052099824,16.323061,1.0671307,65163110673516928,65163110673516928,0.0680776,1.0,118.43825437268238
64988322684358144,57.09464904982035,23.461746193162426,7.509023760722854,0.075521074,20.586114440560067,0.08276335,-45.14237539307773,0.064756274,16.84718,0.9564138,64988322684358144,64988322684358144,0.05507455,1.0,99.42951469828459
65010519075247616,56.84458758907592,23.73506530393574,7.481431550014758,0.05813675,20.220945081172403,0.06310185,-45.791995280139076,0.045618996,16.342907,0.91359335,65010519075247616,65010519075247616,0.069846235,1.0,128.6867867293691
65027595864800000,55.519783485203185,22.858358168943482,7.451380363496461,0.018865816,20.956669492460257,0.023744551,-44.68794288703312,0.016789766,9.057103,1.1695522,65027595864800000,65027595864800000,0.0825379,1.0,394.9672914716794
65098514364769408,55.21602761544148,23.230535528423577,7.287877913694783,0.049338832,20.825910225757177,0.06466323,-45.02650905828326,0.04407725,16.232439,0.9655239,65098514364769408,65098514364769408,0.07679789,1.0,147.7107897526714
65108714911246720,55.04043570167992,23.17554600042617,7.430003206051548,0.06347481,19.684433890715137,0.08451513,-44.69982920331617,0.059686344,16.459938,0.9652924,65108714911246720,65108714911246720,0.104322575,1.0,117.0543561639232
65162492198224768,56.285083015982494,23.416768795341113,7.462238224855825,0.13638216,20.62067712169717,0.18898007,-46.40973690595329,0.11124432,17.780386,0.9456038,65162492198224768,65162492198224768,0.04093483,0.9,54.71564671057013
65208396808627840,56.92276375783222,23.97172758846156,7.3675798561772385,0.01742896,20.52465570040364,0.020008793,-45.03220218366824,0.013694794,13.007188,1.0548341,65208396808627840,65208396808627840,0.091910034,1.0,422.72055136501695
65004437401569664,56.74245105010891,23.56061715976777,7.355182666949437,0.061603993,20.16316093085053,0.0765661,-46.009191586085336,0.055921752,16.694729,1.0239232,65004437401569664,65004437401569664,0.16831674,1.0,119.3945763510358
65175480179315840,56.36469576574965,23.632340550413826,7.566883576477941,0.09540024,20.970122285631863,0.11163846,-45.66117693144511,0.08091703,17.297462,1.0161119,65175480179315840,65175480179315840,0.14541383,1.0,79.31724123923493
65202830531043968,56.52724342554522,23.838809459032934,7.1765118083800425,0.029876087,19.691236808686746,0.028782118,-45.97218248922506,0.020700531,14.606908,1.0041559,65202830531043968,65202830531043968,0.09776005,1.0,240.20922960206636
65223618172733952,56.664208814994886,24.029479832481186,7.316839029051112,0.01424549,20.265107296934566,0.015368688,-46.22769834800418,0.011555679,11.957084,0.92620397,65223618172733952,65223618172733952,0.052476477,1.0,513.6249597748983
65244435877629824,56.11636811943141,23.999769098826523,7.233113577210932,0.13837585,19.08858362212825,0.14387506,-45.099395076699054,0.113236986,17.847445,0.989104,65244435877629824,65244435877629824,0.13135114,0.9,52.271502967894875
65011962184337664,56.96658486416223,23.66317575454774,7.8091896514290235,0.10996326,20.613921327030738,0.1104931,-47.069554481239216,0.09280457,17.058777,1.0405909,65011962184337664,65011962184337664,0.07417115,0.9,71.01635227489818
65014985841292032,57.07240387537332,23.806397361704857,7.160999926269235,0.08132009,19.836314489992358,0.08828972,-43.429277219843186,0.06338292,16.735138,1.0162568,65014985841292032,65014985841292032,0.06477549,1.0,88.05941733374186
65017627244152064,56.837462886443596,23.803141100251725,7.312944753255134,0.039188825,19.09568001950756,0.04289787,-45.519794998351045,0.02832335,6.997606,1.0218508,65017627244152064,65017627244152064,0.13275437,1.0,186.6079125621668
65017906418989312,56.80702207600254,23.83129346815246,7.390669390750133,0.031746693,20.66186880960353,0.03670297,-45.95186620571028,0.023719914,14.748187,1.0817058,65017906418989312,65017906418989312,0.07578114,1.0,232.8012370016367
65053915424355584,55.564114916711006,23.191815889549062,7.248243663666067,0.099340156,19.927100246483942,0.105095245,-45.17265679717415,0.084126055,17.104906,1.0374994,65053915424355584,65053915424355584,0.15590218,1.0,72.96388465550724
65161976802151680,56.245746416315335,23.38872896889856,7.5470189892983015,0.017958445,19.889033018800962,0.022016658,-46.94423051275082,0.015588151,13.3745775,0.94657576,65161976802151680,65161976802151680,0.05130462,1.0,420.24901320174797
65170016980919808,56.23629783447908,23.60638236898229,7.500034623921711,0.06425519,21.21935363059592,0.08703651,-46.27851751485042,0.054645967,16.171886,1.154042,65170016980919808,65170016980919808,0.038834676,1.0,116.72262253435936
65213172812266240,56.74722551551796,24.02839263224941,7.1077553498191515,0.06474641,19.231314049232395,0.075657845,-43.90906851628049,0.057895012,16.13903,1.1177913,65213172812266240,65213172812266240,0.18550645,1.0,109.77837053413
64988803720689408,57.085813664095504,23.51687667697139,7.206584546538967,0.15694188,19.379611669304243,0.17754592,-44.93597341377126,0.13510184,17.757591,1.0376607,64988803720689408,64988803720689408,0.17883,1.0,45.91881235710454
64998905483757568,57.082701624279416,23.603137970026417,7.327464562394925,0.037981857,20.807873955640147,0.036718085,-44.44900236993458,0.027520703,15.042486,0.97364295,64998905483757568,64998905483757568,0.061875887,1.0,192.9201259642025
65120470237460480,55.345801507755894,23.48673483571187,7.4801116586688075,0.017506294,21.626674943484065,0.017876578,-45.324354884444176,0.013660543,9.069493,0.98665714,65120470237460480,65120470237460480,0.02275471,1.0,427.2812783207913
65173620458875008,56.462718551320094,23.621278347196252,7.224087278284057,0.11069285,20.374159257125207,0.13445398,-44.819773567344086,0.10781323,16.997486,0.98196167,65173620458875008,65173620458875008,0.29321125,0.9,65.26245549740548
65188090203295744,56.27211037045957,23.70246592516979,7.47060055813846,0.019710807,19.74960133387602,0.022846967,-46.401071174135026,0.016473966,8.888269,1.1877493,65188090203295744,65188090203295744,0.06496383,1.0,379.0103829318293
65201039527567232,56.51159600199895,23.73718212047578,7.4257959863862055,0.016195484,19.495712257918264,0.01696212,-44.25712868823951,0.0127769075,12.133683,1.0954742,65201039527567232,65201039527567232,0.07122854,1.0,458.5102991065898
65232066371441792,55.9155727826314,23.69221985705829,7.244614096975412,0.13935013,19.969143551789713,0.19076408,-45.53035596799632,0.12861155,17.853973,0.9533538,65232066371441792,65232066371441792,0.11798165,1.0,51.98857035136934
65008388771477120,56.71926880123131,23.645138846504032,7.263568493862063,0.063897744,19.341465818406746,0.06765062,-45.10348228374381,0.049843736,16.497435,1.0335654,65008388771477120,65008388771477120,0.10932752,1.0,113.67488207711192
65013474012743936,56.92168447899226,23.740085880970906,7.415330238219003,0.01706705,19.389676621809908,0.017508078,-44.41979686439394,0.01216655,13.317822,1.0288638,65013474012743936,65013474012743936,0.023440665,1.0,434.48223297759574
65027905102436608,55.60962925402735,22.894458319172863,7.3911225554567395,0.016662074,20.931199055488744,0.022423405,-44.495503230336666,0.015635528,13.702901,0.98453134,65027905102436608,65027905102436608,0.044932183,1.0,443.58958213995203
65206674525036672,56.75155954236713,23.87989483651996,7.258803479406005,0.12227168,19.58388880290639,0.13785316,-45.499123808652925,0.09306599,17.452063,1.0392975,65206674525036672,65206674525036672,0.20594478,1.0,59.366187808012796
65212932294091264,56.788355136999364,24.05197806630918,7.303127989157264,0.042878542,19.443262497972405,0.053262614,-43.83037106514393,0.047040492,15.380993,0.98439646,65212932294091264,65212932294091264,0.1684036,1.0,170.32127568387796
65244749411766528,56.14763096345229,24.001134217971668,7.328443682577038,0.018997936,21.423837772886003,0.020184925,-45.87308933879669,0.01540891,13.679698,1.1517475,65244749411766528,65244749411766528,0.039625943,0.9,385.7494753785745
65040686925109760,55.49448945797651,22.950342697552426,7.485443374199612,0.04615499,21.190758956691525,0.05842444,-45.75072890563626,0.044474743,15.615843,1.141276,65040686925109760,65040686925109760,0.059227563,1.0,162.18058428152784
65088275162687104,55.75590442819679,23.49166437151513,7.500634830364743,0.091507256,20.33014330525751,0.09720215,-46.80745783805581,0.07303676,16.996695,0.9035413,65088275162687104,65088275162687104,0.1613032,0.9,81.96765104420533
65119164567417856,55.21027734303729,23.418239557613678,7.563300505452855,0.017408878,21.697122292421838,0.019891141,-45.497866176963164,0.012943894,10.658403,1.0724381,65119164567417856,65119164567417856,0.084842525,1.0,434.4507827778778
65196370900147968,56.22443336960459,23.921085821362638,7.226440781576337,0.014336304,21.062076818946018,0.016704356,-45.346349053981676,0.011661332,10.590246,1.1517957,65196370900147968,65196370900147968,0.043375004,1.0,504.0658232735777
65201249983083392,56.52329273640923,23.757058284763335,7.3094182053318,0.025500584,20.57697227505834,0.025556497,-44.183315125821814,0.019087184,14.375109,1.0223185,65201249983083392,65201249983083392,0.15235126,1.0,286.63728220778484
65004712279475712,56.72404434206554,23.58335393181007,7.497436461447746,0.015502698,20.79610781492648,0.018105298,-45.153767216869234,0.01301925,10.388345,0.99693227,65004712279475712,65004712279475712,0.14882062,1.0,483.6214034414496
65107860213588096,55.30763642249146,23.384742153238573,7.224446903964589,0.017731464,19.485467093679205,0.018704949,-44.451635700060436,0.012439563,13.492777,1.0215166,65107860213588096,65107860213588096,0.038438052,1.0,407.43658238047885
65135176205557888,55.722275885926074,23.518556750116925,7.764517612049255,0.059579995,21.313117784499422,0.06423478,-47.16556106923917,0.04548424,16.075401,1.041539,65135176205557888,65135176205557888,0.043545164,1.0,130.32088494413426
65190048708380160,56.3383718087484,23.727270954059602,7.277032576643956,0.013647615,19.69124947738876,0.01705619,-44.56064014037388,0.012664601,12.071662,1.0951537,65190048708380160,65190048708380160,0.07399016,1.0,533.2091056378133
65222518661019520,56.43373928124347,24.073923595288683,7.32594365757548,0.01919131,19.954843057789002,0.022238605,-43.35273923240335,0.015212085,13.691072,1.1184418,65222518661019520,65222518661019520,0.03644347,1.0,381.7323429315125
65222759179728640,56.39758231507854,24.08301110684446,7.2998022120351305,0.021675875,18.42957215998396,0.021544913,-45.20699962860034,0.015381121,9.984646,1.0200727,65222759179189248,65222759179728640,0.18261622,1.0,336.7708142721681
65225611037551360,56.663989544588695,24.10299456629025,7.360921813307845,0.020525496,20.529234552319263,0.024284527,-46.94187273360423,0.019191343,9.199545,1.0005049,65225611037551360,65225611037551360,0.08313451,1.0,358.62332636612996
65230764996027776,56.56677710161743,24.189728475046618,7.399226753718945,0.032742243,19.60554501391406,0.039749216,-43.75937028293768,0.027051663,8.228746,1.2529333,65230764996027776,65230764996027776,0.15689833,1.0,225.9841115628598
65231486552803328,56.61376023966258,24.254800329035454,7.345983258822864,0.029391356,20.450350564327135,0.040488202,-44.64674558353142,0.027193671,7.352819,1.0897243,65231486552803328,65231486552803328,0.08234376,1.0,249.93686258210172
65232757863112192,55.91274812352996,23.73464542725762,7.388158879058593,0.07691624,20.467241710492118,0.09745511,-45.16644419655399,0.06779065,16.385273,1.1453283,65232757863112192,65232757863112192,0.12438114,1.0,96.0546025664176
65245539685760640,55.98757249612545,23.951447980307357,7.402115833370591,0.05644979,20.851458975858712,0.06302881,-45.58232051561048,0.046870254,16.285315,0.9595332,65245539685760640,65245539685760640,0.057935435,1.0,131.12743009086606
65263612908043392,55.869797428461034,24.15158636442973,7.596763629614335,0.09692694,20.970523789670626,0.10009282,-45.9841385820174,0.07849598,17.377176,1.0018568,65263612908043392,65263612908043392,0.014823686,0.9,78.37618144353112
64989490915460608,57.04583326091851,23.506811183809983,7.318953310037485,0.019202262,19.7071210125859,0.020182494,-44.53956232297974,0.0153440535,13.712051,1.0550884,64989490915460608,64989490915460608,0.03642567,1.0,381.15057735636077
65164171528305792,56.34254222359188,23.471510349419837,7.307413485207008,0.014412273,20.223885800497982,0.018050222,-44.65017753769459,0.012163093,12.190561,0.9438896,65164171528305792,65164171528305792,0.072368324,1.0,507.02714460094955
65196405259884544,56.24422047135836,23.927876856061392,7.274297226962083,0.050903227,21.06580795418214,0.057706937,-45.625139391925956,0.043250028,16.095974,1.1529555,65196405259884544,65196405259884544,0.07098261,1.0,142.90444103287643
65203758244032512,56.59257354759629,23.87793117845342,7.1116603531842495,0.07202958,19.385201134094537,0.07009145,-43.29755614690463,0.05413867,16.309023,1.1299676,65203758244032512,65203758244032512,0.17127037,0.9,98.73249353354208
65263097511969792,55.79855132706159,24.1144320201991,7.293955605946162,0.107664876,20.25602380241091,0.12920107,-45.77238477763018,0.09057534,17.451342,1.1470174,65263097511969792,65263097511969792,0.26790828,1.0,67.7468446367527
65012408860856832,56.93613786706123,23.700704540102134,7.252925571892042,0.07700363,20.328177414703305,0.081023626,-45.216292132663604,0.060450424,16.648165,0.9428905,65012408860856832,65012408860856832,0.062452324,1.0,94.18940066603605
65019246448775424,57.02449569519243,23.883443039373205,7.392645465941637,0.10585207,20.181137542829056,0.12842105,-43.46642919787849,0.081522636,17.37894,1.0650707,65019246448775424,65019246448775424,0.28395197,1.0,69.83940552694797
65190220507070208,56.373319246952896,23.760302335308378,7.399616619911859,0.015352413,19.065021323928246,0.01813691,-45.755836459670746,0.013500314,12.855757,1.0100722,65190220507070208,65190220507070208,0.08126608,1.0,481.98394557398757
65212691773969280,56.82547570016037,24.036436385994815,7.2721699909797355,0.070744686,21.437427455270193,0.13300417,-44.729548972091585,0.119677596,14.673646,1.0385517,65212691773969280,65212691773969280,0.26353973,1.0,102.7945760984777
65229184450247296,56.519106151072684,24.165368569020757,7.497115632105594,0.10239434,18.937810788453277,0.11629534,-44.62061805868336,0.07551054,17.291239,1.0340664,65229184450247296,65229184450247296,0.07842798,1.0,73.21806512680196
65241313435901568,56.1334290890114,23.874849276465046,7.367449998542193,0.039420117,19.57888027760635,0.04786971,-45.42340532837509,0.036977574,14.320809,1.1024199,65241313435901568,65241313435901568,0.08005207,1.0,186.89569226697162
65000863988835200,57.03735109356826,23.706329978281527,7.548655100367121,0.0839179,20.935367912891873,0.089493304,-47.27674284468649,0.06577417,16.795107,1.0614438,65000863988835200,65000863988835200,0.086249486,1.0,89.95285889682899
65018417518780672,56.881922360095274,23.87181815563443,7.33883323931341,0.086343035,19.272619406218368,0.09804622,-46.356623741699735,0.0698245,16.862331,1.1373919,65018417518780672,65018417518780672,0.09031816,1.0,84.99623890511951
65038281743395584,55.71537887938673,23.145328961490378,7.3190037313926535,0.07520478,19.91290055599684,0.08540685,-43.60728849473782,0.05980935,16.831034,0.9722538,65038281743395584,65038281743395584,0.03773259,1.0,97.32098835287195
64990349908937984,56.86723342159842,23.44802253199141,7.190891560508792,0.046991937,20.033422449529546,0.050190408,-44.36039825874826,0.037411034,15.722567,1.0598742,64990349908937984,64990349908937984,0.11303556,1.0,153.0239449706951
64990792288875264,56.900223814089344,23.47393838707442,7.548538567542814,0.10260747,19.302490159035983,0.11040373,-46.086822658837626,0.090910785,17.404692,0.96674895,64990792288875264,64990792288875264,0.033861235,1.0,73.56714712075772
65003612767943040,56.759854923492746,23.543160259903228,7.582012654647615,0.11968213,20.174479794914443,0.1479145,-47.09982488667018,0.11324481,17.898127,0.94226295,65003612767943040,65003612767943040,0.17545973,0.9,63.351249280606694
65010549138050944,56.80648230098543,23.714085620776036,7.417636325472424,0.013752326,19.730513631399994,0.016473472,-45.608867809732224,0.011239885,12.215946,0.9788415,65010549138050944,65010549138050944,0.053429257,1.0,539.373203215927
65181527493208192,56.1322400085094,23.59042529757861,7.24946466059114,0.047923893,20.500960783305388,0.060457066,-45.03641678694634,0.04024333,16.055323,1.0818568,65181527493208192,65181527493208192,0.03423785,1.0,151.27036320819602
64999588381514496,57.07052147815302,23.63658449525568,7.19439797679517,0.020810504,18.291523231258868,0.022341633,-44.75731337240399,0.016583046,9.99203,0.9410188,64999588381514496,64999588381514496,0.14577341,1.0,345.7099426946585
65005846150835200,56.86159637689897,23.633878170833444,7.203188984556041,0.072295666,19.562190919181592,0.07971796,-43.405458911462645,0.061979424,16.335794,1.2707179,65005846150835200,65005846150835200,0.18282685,1.0,99.63514286409439
65037731987586304,55.68490896589497,23.10432423094935,7.645945267923222,0.085692264,20.177869277037477,0.09334466,-46.43088378877516,0.070301965,17.058886,1.0118152,65037731987586304,65037731987586304,0.14209588,1.0,89.22561849296761
65089336018173440,55.90730074032356,23.535787848747553,7.524981265385147,0.015248472,19.527245020995085,0.020671353,-45.2924067830061,0.013281016,10.5763235,0.98257875,65089336018173440,65089336018173440,0.08335559,1.0,493.4908447899816
65112739296356608,55.10957950826757,23.35793606987987,7.106110705709444,0.074900605,21.185362190355754,0.08785941,-44.55818284056245,0.06639339,16.70023,1.1939926,65112739296356608,65112739296356608,0.036134247,0.9,94.87387620107793
65150947325369600,55.36604390474277,23.70813709776343,7.45004084678047,0.018220881,20.259840824477635,0.019559624,-45.71660093350053,0.013898344,10.972593,0.9286118,65150947325369600,65150947325369600,0.052643016,1.0,408.87379961016
65189739470654464,56.27089546399231,23.768291787187913,7.502788343313917,0.08588642,20.57710525757045,0.098461375,-46.42513221012004,0.074474424,17.109238,1.0821106,65189739470654464,65189739470654464,0.02989881,1.0,87.35709843820834
65199222758514048,56.66684126540061,23.78274102188195,7.423995688819728,0.05679077,18.573060512208645,0.056434568,-43.7319165447048,0.04324707,16.09085,0.9855092,65199222758514048,65199222758514048,0.06416194,1.0,130.72539439855893
65199978672758272,56.65709673682824,23.78750955142278,7.471863203927212,0.020728955,20.01127262219112,0.022356384,-47.26742342923304,0.01750329,10.045166,1.1117623,65199978672758272,65199978672758272,0.07214702,1.0,360.4553720910332
65207709611941376,56.85182143112869,23.9144778917631,7.220987406121659,0.03438313,20.049108040161617,0.041598886,-44.13258985442616,0.02927154,7.286501,1.0006701,65207709611941376,65207709611941376,0.13236089,1.0,210.0154217242369
65216643145862144,56.51799855172368,23.927842380057047,7.012785824941394,0.052610826,18.57884758828444,0.051190708,-43.37462125979527,0.038293865,15.73245,1.1348923,65216643145862144,65216643145862144,0.06341194,0.9,133.29549052568817
65237911823760640,55.81925319484357,23.83358475980971,7.267268144617627,0.06575415,20.109771966703775,0.088590875,-45.41689926668445,0.059215397,16.364956,1.0550666,65237911823760640,65237911823760640,0.031122193,1.0,110.52181240808217
65125864716379264,55.21373303656764,23.59821916838355,7.522153825366353,0.017643074,21.13498186162849,0.017057333,-45.75717959178242,0.012303779,12.452076,1.1481409,65125864716379264,65125864716379264,0.08935713,1.0,426.35166678530226
65169943964429952,56.27833987281683,23.614139359630546,7.2309171672488475,0.08655477,19.068891767681066,0.120184906,-44.98068962263365,0.07828888,16.988838,1.0175426,65169943964429952,65169943964429952,0.15465324,1.0,83.54151832344378
65211557904569856,56.681723015516134,23.994936841909595,7.2862829876032436,0.034790307,20.502140434050677,0.036663756,-45.335559973427976,0.027594736,15.067968,1.047322,65211557904569856,65211557904569856,0.15479587,1.0,209.43428088315682
65223515093523328,56.59787068226333,24.030747315256395,7.373004713955718,0.08887297,19.227117530342714,0.0923055,-44.209033757952795,0.07801971,16.894072,0.9753783,65223515093523328,65223515093523328,0.06391811,1.0,82.96116113175513
65224442806459008,56.553722556107694,24.054171168916735,7.3324984757352,0.01875288,22.067799911606258,0.021627981,-46.12808704052617,0.016697275,13.603668,1.0267986,65224442806459008,65224442806459008,0.05788141,0.9,391.00651854537807
64990586130069504,56.9084671444444,23.46784903102607,7.272149432844637,0.016218245,21.22160226198077,0.018200055,-44.86687402523243,0.014294092,13.113663,1.1117022,64990586130069504,64990586130069504,0.09351067,1.0,448.393116495632
65084358152509440,55.90259101572706,23.453753860057788,7.234753689152002,0.019799236,20.104480832584933,0.026372368,-44.02245494436507,0.015942927,13.831366,1.1825956,65084358152509440,65084358152509440,0.09376685,1.0,365.4056961124343
65153833543386624,55.49459139514297,23.707135284771677,7.327419894069631,0.02070901,19.953576720669552,0.025127687,-45.7529298125275,0.014962327,13.935524,0.98458207,65153833543386624,65153833543386624,0.061523773,1.0,353.8276310793385
65216363971331072,56.41253094148423,23.950117908380683,7.626957463557727,0.09724306,19.581562775963143,0.10634163,-46.711820349595975,0.07927585,17.420778,0.98140705,65216363971331072,65216363971331072,0.21815823,1.0,78.43189237723735
65254576296865152,55.68530669041346,23.970766125807877,7.302248027937386,0.09385504,19.709346367300665,0.122951694,-45.071551231511194,0.08167303,17.378773,0.99530447,65254576296865152,65254576296865152,0.07091192,1.0,77.80347396741263
65000417312240896,57.04676066618868,23.66195219778092,7.2799358540794135,0.077106945,19.68836366974725,0.080837674,-45.0455575658892,0.05923068,15.7003355,1.0621207,65000417312240896,65000417312240896,0.13289769,1.0,94.41349068652882
65005262035285888,56.76583191330965,23.616114992542006,7.209191094463601,0.022680594,20.780047946237538,0.024606442,-44.242085995364654,0.017609062,14.2646475,1.1201135,65005262035285888,65005262035285888,0.08437607,0.9,317.8572485482097
65026839950559744,55.446290775382565,22.856829510979935,7.414311257263757,0.021684585,21.03875282773397,0.027149094,-45.91094789901183,0.019166159,13.883523,1.1278907,65026839950559744,65026839950559744,0.026118848,1.0,341.91621419936206
65086591535491584,56.00257297938471,23.543743984874723,7.297531268657663,0.015349895,19.55870683741184,0.021816893,-44.75242968274938,0.013080624,10.823086,1.1061329,65086591535491584,65086591535491584,0.05029982,1.0,475.41246254695557
65089473457126784,55.9526140176657,23.539193471582006,7.241582954749215,0.015352061,21.483314424987046,0.021675624,-44.38909546773306,0.013233407,13.418813,1.0401119,65089473457126784,65089473457126784,0.038840882,1.0,471.7010273796181
65101606741121792,55.358274790613365,23.25980604541485,7.353979850941794,0.06497678,21.430531919380343,0.07575682,-45.768936753226264,0.057454545,16.835623,0.97007865,65101606741121792,65101606741121792,0.064635836,1.0,113.17857962645564
65213172812266752,56.74283055817035,24.027995653471557,7.449628020763334,0.09741063,19.211601348098558,0.115643784,-43.36324766229127,0.08165107,17.144829,0.95862824,65213172812266752,65213172812266752,0.13180995,1.0,76.47654339585286
65225469302220800,56.71438897122719,24.10432284781211,7.422710671658224,0.14431289,21.454720070774023,0.17788406,-45.221757813240025,0.12358278,17.444145,1.0897739,65225469302220800,65225469302220800,0.020558944,1.0,51.43484240932223
65295430026352512,56.23507805711012,24.432404748893706,7.3971054023640885,0.023178987,19.698151724297123,0.02821788,-46.135081435179735,0.022394326,10.2749605,1.1424334,65295425728422528,65295430026352512,0.062918484,1.0,319.12979358991726
66462939577861248,57.667058127725106,23.932844783221913,7.251408520456074,0.021524437,18.70635797044318,0.026679248,-44.35811453871019,0.016209349,10.161764,1.2033594,66462939577861248,66462939577861248,0.063149296,1.0,336.8919055727841
65284469269256704,56.42449682534324,24.431316803451438,7.374518162509229,0.019830715,20.51139814322395,0.025520446,-44.71388534229041,0.015254843,11.090695,0.93806535,65284469269256704,65284469269256704,0.11004087,1.0,371.87354039041196
65299965511216384,56.16515315807857,24.52875146114693,7.422471130114677,0.04137065,19.99497293917839,0.055803344,-46.24616712348573,0.04196828,15.661935,1.133611,65299965511216384,65299965511216384,0.07538003,1.0,179.4139402966236
65772789871345024,59.50825675474172,23.898337035153258,7.487762389712789,0.09014466,18.995087333339008,0.11329764,-47.26774623211701,0.061055638,17.190685,1.0579605,65772789871345024,65772789871345024,0.06786565,0.9,83.06385172731069
66451429065390080,57.37428421162854,23.648515417234574,7.4006288091952,0.093945585,19.230632867310945,0.12436848,-46.265249340902585,0.07364942,16.797077,1.3766471,66451429065390080,66451429065390080,0.25696692,1.0,78.77569546380876
66469742806047744,57.91338206199028,23.854915222382793,7.570281067984224,0.08894464,18.862964293747872,0.10885134,-46.428949981441505,0.07064051,17.095089,1.055996,66469742806047744,66469742806047744,0.1614178,0.9,85.1122831477017
66480944080770176,57.82037107284832,23.826399611095386,7.332011141563543,0.017303022,19.840058870006157,0.021188576,-46.76124451832967,0.012711211,12.090216,1.1693642,66480944080770176,66480944080770176,0.0847846,1.0,423.74166204033185
66507469798631808,57.491988012399965,23.84848726390722,7.389021187429237,0.038253613,18.377840455207256,0.045998238,-45.870328430863225,0.025840128,6.806421,0.9739202,66507469798631808,66507469798631808,0.14881577,1.0,193.15878013681953
66517468482370304,57.07140351416555,23.890150538515897,7.288929036654956,0.015746474,17.88603537123723,0.018114332,-45.49537923971175,0.012060741,10.245731,0.8990129,66517468482370304,66517468482370304,0.13860187,1.0,462.8927665648383
66536331978799616,57.739304037058716,24.10836898081129,7.2832093920825285,0.03453801,19.00204493245024,0.03809677,-44.096572621397236,0.024350328,15.43928,1.0341716,66536331978799616,66536331978799616,0.093104795,1.0,210.875199710066
66539252556578816,57.52114270787197,24.12375084194353,7.422949703786111,0.016218755,18.326223989836638,0.020270934,-46.97900933587258,0.012245346,13.446994,1.0460765,66539252556578816,66539252556578816,0.0776022,1.0,457.67690080777237
65671634801986048,57.83124732910963,23.16358608120615,7.282151258469367,0.05306098,18.816939814241895,0.060433485,-43.442427037819215,0.03721254,16.071117,1.0601745,65671634801986048,65671634801986048,0.13592136,0.9,137.2411788022253
66473178779856768,58.138996019792735,23.851738078375988,7.437968020642974,0.060377244,19.552198149833778,0.06676899,-44.83384243068203,0.044101574,16.476507,1.0843358,66473178779856768,66473178779856768,0.1929585,1.0,123.19157913519554
66642641008348416,58.07318033775237,24.455326780874916,7.408523325027352,0.062360518,19.24845000057392,0.07894985,-45.38210001648304,0.04863827,16.535604,1.0566463,66642641008348416,66642641008348416,0.23371568,1.0,118.80150455079941
65304604076598784,59.16859512505392,22.146141741954974,7.321304362716817,0.111871354,19.01763190898732,0.12755533,-46.00891040923719,0.08752876,17.650377,1.0128171,65304604076598784,65304604076598784,0.06847207,1.0,65.44395935592246
65437644983224320,59.11726653104686,23.150073028495136,7.364247553292616,0.022099156,18.51543341545685,0.026059762,-45.74470912887277,0.016157525,8.301424,0.99234116,65437644983224320,65437644983224320,0.20592766,1.0,333.23659852580545
65680499614460800,57.989007972376015,23.3392212985117,7.484240264221193,0.014865068,20.844310650459583,0.018879486,-46.48490377044484,0.011128478,12.713165,1.0727754,65680499614460800,65680499614460800,0.08451277,1.0,503.4783810761069
66452734735432192,57.493149308189984,23.70921379286682,7.272111078001381,0.028765585,17.403520565966943,0.038068987,-44.874753299167956,0.022438964,15.160209,1.0517503,66452734735432192,66452734735432192,0.07715449,1.0,252.8059488050696
66483795939004416,57.9931707213807,23.97188582540666,7.323122391078233,0.07445583,17.542877824267492,0.072093345,-45.79189088058622,0.05193153,16.654318,1.00307,66483795939004416,66483795939004416,0.046270903,1.0,98.35526162914562
66521381194879232,57.055515054741626,23.97951838435878,7.547372277549449,0.055892754,19.656892472424325,0.0707115,-45.83816214998953,0.047198564,16.340902,1.0021007,66521381194879232,66521381194879232,0.04724578,1.0,135.03310698932697
65281239453865856,56.37602962223804,24.312444915657963,7.338781422028091,0.026541505,18.946319933632715,0.03180253,-47.250448256608685,0.022565119,14.607255,1.0718954,65281239453865856,65281239453865856,0.13248006,0.9,276.5020830415339
65419434321982464,59.39702269491067,22.985421583355603,7.430986194789563,0.042873062,18.61231286206045,0.05009405,-45.5792368331218,0.028970653,15.45358,1.0802506,65419434321982464,65419434321982464,0.1283286,1.0,173.32529599284373
65673593307063552,57.81600521946067,23.282072324477088,7.39121408595741,0.019582776,20.266120356445313,0.023781037,-45.198913858633816,0.014768439,14.110739,1.0752883,65673593307063552,65673593307063552,0.054188903,1.0,377.43443283079176
65720734868130816,58.35055879613578,23.799400414244115,7.3122275822989975,0.063898586,20.125369913789854,0.06820663,-44.914801582099315,0.04533708,16.478794,1.0887698,65720734868130816,65720734868130816,0.15749082,1.0,114.43488925441643
65775195052996608,59.604827774425196,24.016123941933326,7.477131647479549,0.07620309,19.664738605534893,0.09301925,-45.62571034716192,0.04813535,16.437164,1.097115,65775195052996608,65775195052996608,0.28758466,1.0,98.12110453420821
66453181412027392,57.49021652557216,23.724321434845983,7.226296204120492,0.11827104,19.09542860220549,0.1511218,-45.252255916425355,0.08595796,17.699118,1.0172051,66453181412027392,66453181412027392,0.29083815,1.0,61.09945706249731
66522107047046656,57.038448290869866,23.97778621777134,7.268901985724207,0.06341707,18.50190436130725,0.089545846,-46.78460799602044,0.055103526,16.513573,1.1327714,66522107047046656,66522107047046656,0.12683581,1.0,114.62059079637974
66522137109124096,57.042454617718754,23.9887810553353,7.155010040680028,0.118429884,20.40412533095061,0.16085918,-46.03483853838782,0.09881076,17.764944,0.99524105,66522137109124096,66522137109124096,0.10608544,1.0,60.41557907527031
66531178017967872,57.19179572682798,24.169978738090546,7.266633947167958,0.083195254,19.04569974764892,0.10180718,-45.24692745584717,0.057470348,16.580677,1.0282629,66531178017967872,66531178017967872,0.07100246,1.0,87.34433251586208
66640712564777856,57.972539587398884,24.386761624747308,7.348432689535009,0.016493533,20.07659425306009,0.022170236,-46.265278945627536,0.013323563,12.341359,1.3256525,66640712564777856,66640712564777856,0.1037374,1.0,445.5341845610501
66451497784867712,57.33962532353392,23.6515782545828,7.376227208651057,0.045091506,18.204462282608745,0.05493896,-45.55520366974744,0.041579086,15.786174,1.0369788,66451497784867712,66451497784867712,0.03054065,1.0,163.58351821996504
66512074003566976,57.40055541252771,23.939616754347057,7.28785562194042,0.063518226,19.411524359447647,0.08237592,-44.5730025382453,0.04334372,16.154657,1.0865008,66512074003566976,66512074003566976,0.036405053,1.0,114.73644753725982
66560727393001216,57.72778472773581,24.365326702461758,7.474582166375677,0.07193563,19.168660031261574,0.07375774,-47.10024451822018,0.05332464,16.679499,0.9842361,66560727393001216,66560727393001216,0.16962995,0.9,103.90653460160343
66657415696297344,57.86348961016656,24.518448754707425,7.251437641917489,0.027222686,19.74663141605784,0.032505643,-45.451294562195194,0.020635752,8.769578,0.93897635,66657415695597056,66657415696297344,0.14399455,1.0,266.37480852825126
65270450496044416,56.31729783783005,24.12099472373946,7.52998049381524,0.038131975,19.870546455968466,0.041409034,-44.98035671662727,0.034556367,15.178773,1.1365216,65270450496044416,65270450496044416,0.044652127,0.9,197.47155937758333
65287458566524928,56.20099235353907,24.28926774500748,7.385246890845397,0.0723769,19.84914439143686,0.07948993,-44.96559622643841,0.058427114,5.4413247,0.9633128,65287458566524928,65287458566524928,0.38780937,1.0,102.03872989729979
65819965792011904,58.590039916938494,24.075488278861247,7.38953573788731,0.015949212,19.32826700251732,0.019951185,-45.65249948875221,0.012852498,9.597126,0.99219394,65819965792011904,65819965792011904,0.13637479,1.0,463.31666612043733
66471220274934272,57.9870267667612,23.90175276491097,7.5653725973483175,0.016987473,20.569032402298205,0.020630557,-45.934426876990045,0.01255043,9.926686,1.0842375,66471220274934272,66471220274934272,0.10413532,1.0,445.3500940735388
66501181966524800,57.38809269499062,23.795195713242105,7.263685576556919,0.016816406,19.92369547226627,0.022005746,-43.75212075508752,0.013236567,10.746968,1.1350733,66501181966524800,66501181966524800,0.1371852,1.0,431.94043710709906
66511970924353792,57.385640805744764,23.928295867174427,7.528337727096914,0.06445256,18.378447709251535,0.086953,-45.352257911091556,0.04600542,16.304827,1.0333118,66511970924353792,66511970924353792,0.121408895,1.0,116.80432666159636
66541142342159232,57.6768887678008,24.21524450768627,7.334389583114657,0.09518787,19.76106528764419,0.10046192,-44.78950070037432,0.071073964,17.168797,1.0646722,66541142342159232,66541142342159232,0.09730131,0.9,77.05172286199144
65292268929825408,56.112090967849646,24.408645421392894,7.176701000098328,0.029531645,20.199761658090104,0.03621974,-43.419547832495866,0.025287518,15.011795,1.0468746,65292268929825408,65292268929825408,0.031683113,1.0,243.01731526948421
65437644983223936,59.119359567338776,23.150822860501343,7.293223370439239,0.059365094,18.388670560532795,0.07451004,-46.78689957669854,0.051791865,15.836971,1.2734071,65437644983223936,65437644983223936,0.17655084,1.0,122.85373297493338
65506467539939584,60.108994347075345,23.438034039043746,7.32609101226264,0.05274904,17.78721356415285,0.07187666,-45.60853237350602,0.040590428,16.037605,1.082603,65506467539939584,65506467539939584,0.22666834,1.0,138.88576566306276
65544538129847936,59.330591983935534,23.460322675022162,7.140164284709472,0.08816251,18.178372451726833,0.09501135,-43.71991150931614,0.062821,17.184761,1.0169874,65544538129847936,65544538129847936,0.19534668,1.0,80.98866690806422
65750627840192256,58.870949393255714,23.772242308625067,7.250917408676775,0.015259131,17.75908308968357,0.018393671,-44.95246810382396,0.0114627825,13.494305,1.1209916,65750627840192256,65750627840192256,0.096446775,1.0,475.1854791867122
66522381924952704,57.02772402473882,24.001720385327307,7.189384900282409,0.05957135,19.080368487026863,0.07990885,-44.48204907370185,0.051117804,16.501642,1.0318178,66522381924952704,66522381924952704,0.12776873,1.0,120.68527364733808
66523893753437824,57.1091158768964,24.048182417276898,7.419126279193348,0.017497888,19.673447078688287,0.023574661,-46.25819665857012,0.013016202,9.903484,0.8739928,66523893753437824,66523893753437824,0.07530304,1.0,424.001247990224
66546742979468416,57.92638266259304,24.361311807427377,7.336717461362355,0.06703637,19.79467123420374,0.07647202,-44.488169793929515,0.04783228,16.63125,0.99140495,66546742979468416,66546742979468416,0.14116208,1.0,109.4438389998324
66648001127514368,58.18023060080065,24.466110780522413,7.329962061772594,0.07383415,18.086389860928335,0.098427474,-44.6909379196907,0.058897495,16.8203,1.0686117,66648001127514368,66648001127514368,0.18682522,1.0,99.27603906267352
65283094877491200,56.48651262988783,24.368679378469434,7.309588337637114,0.14476661,20.47253405385219,0.20200992,-44.49840350420613,0.12024269,17.706953,0.9898644,65283094877491200,65283094877491200,0.28355587,1.0,50.49222430292186
65701527774387840,58.59373152659763,23.63651277018731,7.4050316715605184,0.060840942,18.36910938785275,0.06575589,-45.979828036328726,0.04639091,16.473394,1.0372041,65701527774387840,65701527774387840,0.1881716,1.0,121.7113251755672
65864427293364864,58.99343210356197,24.54973327420377,7.504791433754841,0.01609771,18.608912286604085,0.017696148,-46.92634401642668,0.011434095,12.307622,1.0008076,65864427293364864,65864427293364864,0.111490406,0.9,466.2024380992842
66517468482370176,57.07512164513408,23.891273678457935,7.295109846533388,0.02168634,19.104444028563226,0.02612894,-45.3486188239001,0.018848723,13.975899,1.109031,66517468482370176,66517468482370176,0.0627885,1.0,336.3919375207316
66555573432261376,57.553681045693764,24.3516155481885,7.243086363411307,0.02929124,17.833343166460896,0.031035457,-44.351060633719605,0.026031284,14.462538,1.071376,66555573432261376,66555573432261376,0.1226044,1.0,247.27823882368938
66558249192653952,57.48590927641627,24.348794070150266,7.315576014582632,0.031920027,19.505374073802887,0.034020554,-44.599599471397354,0.02340281,7.546007,0.8341919,66558249192653952,66558249192653952,0.06973378,1.0,229.18451846487258
65275020341243520,56.19942719256715,24.214450818193416,7.226131411222815,0.07371257,19.303777387711943,0.07607105,-44.73235024108452,0.060042463,16.460293,1.0059536,65275020341243520,65275020341243520,0.1023588,1.0,98.03119292294947
65289279632598016,55.96571153528893,24.237623054397357,7.258986318244718,0.061165422,18.739842453436488,0.067766555,-45.7796111765911,0.050062336,16.479933,1.0665101,65289279632598016,65289279632598016,0.049768064,1.0,118.6779401991515
65296357738731008,56.39368645440966,24.463106878376045,7.351642646560689,0.03236741,18.45262299245357,0.039106637,-46.101289273382704,0.023752518,8.54996,1.2320466,65296357738731008,65296357738731008,0.22098318,1.0,227.1310258752389
65298208867376384,56.157474125161585,24.427286641096313,7.1937748508307235,0.14655015,20.052625862739475,0.17102176,-43.731594850314394,0.124899134,17.7707,1.0870405,65298208867376384,65298208867376384,0.12483187,0.9,49.08746196023832
65688539793220480,57.96486380442858,23.58017097963821,7.326865311897123,0.11028499,20.0452507330728,0.14771363,-47.20577088380842,0.07710268,17.595358,1.0502069,65688539793220480,65688539793220480,0.21144274,1.0,66.43574259833677
65699569269925888,58.51141173896991,23.583472053671844,7.410325385253006,0.10991494,18.720162968475606,0.1252786,-46.105024423670734,0.085103884,17.145609,1.0951525,65699564971805184,65699569269925888,0.07500305,1.0,67.4187252813234
65823676643738368,58.7874571658436,24.083901130667407,7.323080413458586,0.04266217,18.337982236034204,0.053602055,-45.31658974362531,0.0318036,15.64664,1.1166182,65823676643738368,65823676643738368,0.12743615,1.0,171.65278865286993
65844361206181376,59.10811041445935,24.280794607195674,7.185120293680008,0.023313658,18.2714406518312,0.029103335,-45.33992631001985,0.015919866,14.184004,1.0593263,65844361206181376,65844361206181376,0.06516217,1.0,308.1936004008887
66483761579269888,57.9794373962889,23.96153929783951,7.5226590840494225,0.06515594,18.940460795684174,0.07275873,-46.25269448409783,0.049362104,16.594847,0.98965865,66483761579269888,66483761579269888,0.096070126,1.0,115.45623137435126
66555573432261120,57.5542317446932,24.35181775807784,7.242842948139719,0.046472624,18.91281125677541,0.049399678,-46.54540443340967,0.041866496,15.331129,1.163449,66555573432261120,66555573432261120,0.10189354,0.9,155.85181841299487
66565365957676416,57.58720760547455,24.466545088074653,7.247913855179051,0.023266941,20.345935596036103,0.02792225,-45.482774434852004,0.022153514,10.915199,1.2305748,66565365957676416,66565365957676416,0.1860609,1.0,311.5112450291508
65264506261240448,55.83802446730886,24.18570143772121,7.5405934166305375,0.097846955,19.330017856024007,0.10170716,-45.375585014003214,0.07397067,17.445004,1.0160483,65264506261240448,65264506261240448,0.1670105,1.0,77.06518217079655
65588484235454592,58.26896651993362,22.801152586524747,7.293432572419531,0.01490857,19.036700125001953,0.017367879,-45.56094834136595,0.011600015,13.100869,1.0444378,65588484235454592,65588484235454592,0.07376111,1.0,489.21074512832894
66445038154189952,57.79958344537178,23.74521180500478,7.360262849437637,0.12483405,18.659365680315418,0.16002807,-45.624193765025254,0.08270442,17.512774,0.9986065,66445038154189952,66445038154189952,0.16798237,0.9,58.96037707405664
66452769091505024,57.459924115814104,23.705388529695107,7.208992297855638,0.020567656,19.586708265427433,0.02696684,-44.02362241603657,0.015924485,11.35299,1.1626065,66452769091505024,66452769091505024,0.1360631,1.0,350.5014110942202
66460225158376192,57.552561036719965,23.8134127071611,7.440036984242798,0.13064224,19.48863478188771,0.18912283,-46.437842518425406,0.09083983,17.770643,1.0642482,66460225158376192,66460225158376192,0.15113573,1.0,56.94970671888068
66566946505629440,57.644175638875446,24.507572021342792,7.217253321624427,0.017900186,19.843612051501747,0.019563891,-45.04069139111231,0.015265566,12.286877,1.0799271,66566946505629440,66566946505629440,0.08754759,1.0,403.1943276399974
66570554277316992,58.348871614505505,24.064836614014734,7.264549191017467,0.022204397,19.43292773085072,0.026587753,-45.30034146560551,0.017341685,11.173697,1.1799468,66570554277316992,66570554277316992,0.115580246,1.0,327.16714218608666
66612473157921024,58.71911266637741,24.57605411468916,7.208138391902515,0.016893439,18.67246102022614,0.018988704,-43.91358350807733,0.011543541,12.603814,1.0526134,66612473157921024,66612473157921024,0.087089024,0.9,426.68271357212785
65272817023559040,56.09705800204935,24.132377233709853,7.25107773889799,0.037444804,20.325850542233443,0.039259054,-47.786933718396135,0.029576976,14.205825,0.99422127,65272817023559040,65272817023559040,0.02166405,1.0,193.64710161868476
65297251091930624,56.333272927295575,24.47333141898755,7.337793941106909,0.07710426,20.589522430997057,0.10321721,-44.03912568448305,0.060413625,16.519524,1.0265754,65297251091930624,65297251091930624,0.12398684,0.9,95.16716268178003
65787289680918528,59.38888478791151,24.052986460733216,7.284318379289529,0.019256461,18.76077290795085,0.0236853,-45.312683297975326,0.013181733,11.822466,1.0724282,65787289680918528,65787289680918528,0.04672632,1.0,378.2791772354477
66489259137570816,57.85177827355964,24.087172363395553,7.47403630098569,0.01710725,19.14041254467395,0.018889673,-45.078411978289786,0.012871299,12.779283,1.1050173,66489259137570816,66489259137570816,0.10026009,1.0,436.89290956675853
65289004754691200,55.98874523518619,24.22217609900833,7.511405170900618,0.05730281,20.996867317412804,0.060567006,-44.783064841288336,0.046109017,16.33304,1.0448743,65289004754691200,65289004754691200,0.10083292,1.0,131.08266659009274
65471729844532864,59.864780390913005,23.12358794121916,7.396599891504868,0.016272841,19.56575360766323,0.018250957,-44.96977416916024,0.0121155195,12.829326,1.0108391,65471729844532864,65471729844532864,0.065832004,1.0,454.53648086215225
65603946117575936,58.256848955762266,22.97990043814057,7.420786200411975,0.066168286,18.67910400073735,0.07558624,-45.22834943525854,0.052259706,16.564484,1.0472369,65603946117575936,65603946117575936,0.12777369,1.0,112.15019550179647
65783029073414144,59.077544104505236,23.964214301726617,7.444990183139546,0.026032036,18.991027601357587,0.035082318,-46.59379000993002,0.021175466,14.732029,1.073541,65783029073414144,65783029073414144,0.10846178,1.0,285.9933865494321
66481734354737792,57.85568054293428,23.889171778893992,7.370803781679368,0.018221663,19.113518113426856,0.020081712,-46.862222868873786,0.012158865,13.465058,1.0155,66481734354737792,66481734354737792,0.061418276,1.0,404.5077365236842
66497952151148544,58.018711167354724,24.24417935611303,7.514225040745198,0.07694303,19.02891889259654,0.10713827,-44.582926550567805,0.06633824,16.873875,1.0511786,66497952151148544,66497952151148544,0.19129527,0.9,97.65959050627072
66515922294233728,57.48126199309243,24.10123486773792,7.305320987164373,0.06841665,18.959841346880506,0.08601956,-43.54104335376583,0.054137267,16.615265,1.057341,66515922294233728,66515922294233728,0.04186575,0.9,106.77695037736822
66537981246228096,57.72961087519808,24.19724656530266,7.156892922325294,0.020666307,18.856737930398275,0.023888523,-43.38606614358302,0.016301924,11.425587,1.0684023,66537981246228096,66537981246228096,0.090741694,0.9,346.3073000072488
66652467893487488,58.08614920432304,24.565304174952797,7.180182816201832,0.02191585,18.501039956746688,0.030688416,-44.61576308443143,0.016690245,14.509749,0.98088205,66652467893487488,66652467893487488,0.07078256,1.0,327.6251227361223
65330099002345216,59.024307561150344,22.439264785850384,7.750298936212662,0.01664551,20.369792737524676,0.017878473,-47.36402848117112,0.011793038,12.854562,0.991129,65330099002345216,65330099002345216,0.116823256,1.0,465.6089872150164
65800930496992512,58.61658885428691,23.835174746032443,7.622049546859551,0.014963847,19.62306986735035,0.017764907,-47.43860470284522,0.011759509,12.519773,1.0911793,65800930496992512,65800930496992512,0.12593924,0.9,509.3643180963076
66481837433947392,57.87484201908012,23.899035571281136,7.49850135876853,0.024634525,18.763216353022994,0.029313238,-45.89026741192703,0.018829305,13.02816,1.2987894,66481837433947392,66481837433947392,0.1186662,1.0,304.3899285259225
66542551091588352,57.82952312547876,24.170125158790004,7.705673625166558,0.029058678,20.71478716149459,0.032383334,-48.224630468574475,0.021176737,14.994947,1.0737038,66542551091588352,66542551091588352,0.119006135,0.9,265.17633063349774
65267388182879104,56.221816244942886,24.018344601810703,7.574034930346783,0.10042205,20.616762386374205,0.110973984,-44.13114421068058,0.09759641,17.134035,0.9704903,65267388182879104,65267388182879104,0.1615705,0.9,75.4220328173344
65281166437426176,56.387342327527634,24.303034287977688,7.522663209747789,0.017934922,20.256423623849187,0.022203077,-45.16538946574379,0.015791336,12.989489,1.2143942,65281166437426176,65281166437426176,0.13389733,1.0,419.44220084565
65349684053273600,59.642486607819095,22.669617630478907,7.386335129308047,0.10598538,19.167195056497466,0.13885477,-45.36313189897573,0.07290653,17.253536,1.076588,65349684053273600,65349684053273600,0.15338285,1.0,69.69201865280351
65434518247043072,59.043355967436035,23.039795774197692,7.401322942096517,0.034953292,19.15024658812861,0.045326807,-44.76231192792038,0.024261152,15.266522,1.043466,65434518247043072,65434518247043072,0.04713784,1.0,211.7489489931569
65552681387907200,59.82917533829612,23.523195667052423,7.485000062011078,0.06885667,19.106047377216203,0.09504073,-46.42107261717893,0.05292577,16.760855,1.0372151,65552681387907200,65552681387907200,0.19595797,1.0,108.70406460428602
65674383581036800,57.96320232011635,23.294606604742206,7.3552931632241805,0.034577947,18.71857105545529,0.042373694,-46.02887604433456,0.024966475,15.41097,0.9858418,65674383581036800,65674383581036800,0.111538224,1.0,212.71630556431376
65677372878285312,57.71444143460519,23.328868779468966,7.333804587650971,0.016009878,18.888363146076816,0.017318599,-46.332224202292636,0.01137872,12.194483,1.130002,65677372878285312,65677372878285312,0.11157834,1.0,458.07996909474303
66441323003146112,57.76373831664205,23.583228242863537,7.255212370705698,0.12233252,17.978631826672903,0.15400997,-44.82521311083765,0.08692829,17.535738,1.0513706,66441323003146112,66441323003146112,0.07629719,1.0,59.307307037173665
66506331628024832,57.3008750959372,23.886587601561303,7.417763214315631,0.032488454,19.620728847184104,0.04096634,-45.17323902020466,0.024343917,8.101668,1.0928063,66506331628024832,66506331628024832,0.032079242,1.0,228.31998050405633
66556535504957568,57.40227687241278,24.30373739744004,7.176475690564863,0.056926314,18.7101485350458,0.060767554,-45.75714788234882,0.043965187,16.240494,1.0286475,66556535504957568,66556535504957568,0.03721527,1.0,126.06605299139594
66581961710329984,58.60525412078834,24.35988384412902,7.343930547078326,0.01744692,18.209856952725627,0.022919107,-45.54060796174583,0.013031698,10.85027,1.1533413,66581961710329984,66581961710329984,0.15533678,1.0,420.9299080314995
66658240329321088,57.76509213509881,24.542956563812567,7.468706765589364,0.055209234,19.24737560473578,0.06840699,-46.16751787518278,0.045110535,16.36067,0.9989945,66658240329321088,66658240329321088,0.16705823,0.9,135.2800279263176
65269935099961600,56.41378202777228,24.138865613858307,7.258451579517981,0.09427919,19.60135679255054,0.10216059,-45.7889373460749,0.070053175,17.16973,1.0806322,65269935099961600,65269935099961600,0.07609763,1.0,76.98890280733255
65275089060719104,56.1833687967795,24.231003278419283,7.465089779730926,0.026360298,21.46729347046291,0.026485916,-46.4541970849661,0.020605858,11.193486,1.2194091,65275089060719104,65275089060719104,0.08628724,1.0,283.1944426394812
65282098447322752,56.353359973199396,24.345769619048642,6.975272360665578,0.058904808,19.667398564243655,0.070701,-43.51382742212487,0.049011815,16.211872,1.0265061,65282098447322752,65282098447322752,0.15598668,0.9,118.41601043726348
65435102362687616,59.10418014852836,23.090594019048243,7.422215701590819,0.022585288,19.733607949420545,0.028124481,-46.26980424605291,0.017058609,14.358019,1.0797757,65435102362687616,65435102362687616,0.07237476,1.0,328.6305582383026
66507469798631936,57.491183690526064,23.847947494502325,7.361154060952656,0.033577144,21.026665618554475,0.0386648,-48.1328432589328,0.0253434,10.005213,1.1162924,66507469794885120,66507469798631936,0.11870845,1.0,219.23109448952727
66533170882790784,57.2976457525844,24.240006059135766,7.18561969642408,0.074049294,19.355334746538567,0.087651394,-45.80423043004015,0.05440301,16.850975,1.0136846,66533170882790784,66533170882790784,0.03750659,1.0,97.03832823738509
66593437863017984,58.18540466189003,24.349683324365028,7.340703499896584,0.08461292,18.2859172670935,0.10573325,-44.60077798837206,0.06949783,17.161787,0.95261717,66593437863017984,66593437863017984,0.08032248,0.9,86.756294706807
66655560269868544,58.22291567603581,24.71553110367964,7.35145204021169,0.019859549,18.175993661279783,0.026811171,-45.040845638425715,0.017145196,9.341612,1.0172889,66655560269868544,66655560269868544,0.052125257,1.0,370.1721608462257
65265674492422784,55.9314251981591,24.213757929647073,7.427304424110286,0.12562232,20.931081673152953,0.13848646,-45.14194402105124,0.10446699,17.757893,0.9560146,65265674492422784,65265674492422784,0.16066398,1.0,59.124083920412936
65277975278721408,56.4177969686723,24.28890740696102,7.476717798256291,0.08458555,21.796597384732486,0.10991395,-45.31177658951856,0.07439361,16.776691,0.88658035,65277975278721408,65277975278721408,0.19365612,1.0,88.39237935916893
65289623229979136,56.02026285603311,24.275319181164605,7.285423899385576,0.020213522,20.133680883909427,0.020558178,-45.35637699913802,0.0150993755,11.209136,0.9129053,65289623229979136,65289623229979136,0.11935346,1.0,360.4232796866188
65393698877913728,58.60168673714938,22.688898820464534,7.218516929270328,0.082055576,19.38080260263068,0.09124236,-45.07821393358127,0.062401734,17.043106,0.92976254,65393698877913728,65393698877913728,0.07983533,1.0,87.9710711732428
66470567439742208,58.07804391540805,23.87669033680424,7.524097803760037,0.096038185,18.479408209856437,0.10962397,-45.773577704994594,0.07201011,17.230505,1.0682292,66470567439742208,66470567439742208,0.06457639,1.0,78.34485625751303
66482868226100096,57.800396950236845,23.93243025022529,7.523942582220989,0.019901518,19.626753173263534,0.02450403,-46.632699110412986,0.01573791,14.081378,1.0512938,66482868226100096,66482868226100096,0.075390644,1.0,378.05873229921207
66553443128503552,57.56367778980366,24.22654240156528,7.416513000247243,0.055680756,19.30252252790308,0.05836341,-44.28117503899102,0.042320553,16.20243,0.97568065,66553443128503552,66553443128503552,0.039914344,1.0,133.1970611786528
66555985749157760,57.35836849831732,24.24749646235856,7.454869915597753,0.03234104,21.248523208475092,0.04150034,-46.07484917184325,0.024979444,7.9557376,1.0117768,66555985749157760,66555985749157760,0.13116252,1.0,230.5080405873288
66556535504958848,57.40235505704586,24.295859565672455,7.462035109288245,0.022498393,18.182616410101808,0.026032448,-45.94347227111504,0.018445078,11.475932,1.1675231,66556535504958848,66556535504958848,0.12963969,1.0,331.66968708552463
66565778274538624,57.54494597991424,24.47802874104996,7.400733451814482,0.10213797,18.486871543537866,0.09908556,-45.289806255718666,0.085701756,16.925774,1.0290276,66565778274538624,66565778274538624,0.1159007,1.0,72.45820139932312
66597767189992832,58.4207475084373,24.41920320712948,7.247984898455807,0.032701615,17.974962243229875,0.04153214,-43.57887427774815,0.027586179,15.093363,1.079778,66597767189992832,66597767189992832,0.13490409,0.9,221.63996623232137
65267078945207296,56.23900505450959,23.99217866658556,7.50643101758092,0.043221835,20.608714848927015,0.04795407,-44.771864233714425,0.036534533,15.717465,1.131965,65267078945207296,65267078945207296,0.12902655,1.0,173.6721962271426
65945997312877952,60.300412133195096,23.903463478351625,7.213120892669938,0.045523535,17.8848163349788,0.05002318,-44.83071742871962,0.030725459,15.830249,1.0432324,65945997312877952,65945997312877952,0.0703843,1.0,158.44817015521207
66453490649681280,57.431468357888065,23.711649593760512,7.46248486399861,0.047006264,17.868504681193286,0.06291408,-45.57243824211501,0.03209943,6.1591687,1.0356296,66453490649681280,66453490649681280,0.10129942,1.0,158.7551142497746
66521179334108928,57.124052826324814,23.96812762181643,7.245161749059522,0.09243491,19.513016268459427,0.11273302,-44.30200784877972,0.077240005,17.046577,1.0028831,66521179334108928,66521179334108928,0.11821649,1.0,78.38122545028158
66560349435890176,57.6379095792957,24.339206308563956,7.624237364113361,0.06600861,19.409409813996277,0.064616024,-46.91155574344629,0.046411615,16.40082,1.0213555,66560349435890176,66560349435890176,0.12938644,0.9,115.50367556277887
65279418387728896,56.46397086946799,24.29548137554541,7.4136347632428805,0.084674254,18.663634706590376,0.10984064,-44.18651883515772,0.07028102,16.784777,1.1398214,65279418387728896,65279418387728896,0.06414943,1.0,87.55476910381572
65605354866829184,58.29240738957876,23.052790825962784,7.339353946453763,0.038846474,19.736552774957616,0.043649916,-46.53611248805149,0.03312954,15.395707,1.0626303,65605354866829184,65605354866829184,0.09086139,1.0,188.9323061814184
65732447241199744,58.98356165238337,23.567063288875058,7.487212114131658,0.015005789,19.137855370932986,0.016803034,-46.08277784358752,0.011021481,12.259071,1.0852377,65732447241199744,65732447241199744,0.1272673,1.0,498.954918729239
66429232674604544,57.61403231496382,23.379012559358603,7.228956227453397,0.06927697,19.83778070687911,0.07689064,-44.85419874781838,0.051321827,16.541801,1.0384145,66429232674604544,66429232674604544,0.026601512,1.0,104.34861471655542
66452047540860160,57.38016945576194,23.688630836824323,7.362058685060756,0.07405327,19.957750625646163,0.09846682,-44.52370465052084,0.061338767,16.796696,1.0409425,66452047540860160,66452047540860160,0.04847409,1.0,99.41571015147022
65293368441513344,56.07404213069598,24.446187902212245,7.20733365805876,0.041400734,20.16911764248763,0.047521293,-44.66621639384996,0.035300583,15.395012,1.1538252,65293368441513344,65293368441513344,0.06535231,1.0,174.08709709609334
65561473183104640,59.996547399284125,23.684502413509016,7.365650912464818,0.1063152,18.238053772145097,0.14910848,-44.87531613366752,0.07874906,17.376736,1.0405189,65561473183104640,65561473183104640,0.17626739,1.0,69.28125709076843
66468918172339328,57.89280600086858,23.797032725739253,7.242062708797047,0.08368073,19.108210218397666,0.096353956,-45.41617175629843,0.06129364,17.061905,0.96364164,66468918172339328,66468918172339328,0.06137037,1.0,86.54397498808613
66509771901085696,57.5519498137871,23.926474495876295,7.457034070158453,0.075219125,20.69247400212095,0.1003207,-45.6571137814936,0.059486613,16.25907,1.1878479,66509771901085696,66509771901085696,0.13138834,1.0,99.13747486714794
66523103479455744,57.1327139051166,24.0328031975566,7.1438013870737755,0.07595504,18.53827523276147,0.099425465,-44.38353799103615,0.055569828,16.80336,0.99710137,66523103479455744,66523103479455744,0.096402854,0.9,94.05302553013476
66551686483467904,57.49815604974855,24.19589894135323,7.205215857775971,0.117894374,19.92888791242963,0.1466905,-43.61824072889623,0.09805822,17.795551,1.0355865,66551686483467904,66551686483467904,0.08630676,1.0,61.11585840315897
66581549393480704,58.61864199674141,24.320930193016103,7.419621943102175,0.015879964,18.822255467157277,0.02037844,-46.75656400286956,0.011785393,13.582582,1.0209115,66581549393480704,66581549393480704,0.06655887,1.0,467.23164675072405
66714418501518848,56.87239647545671,24.114112461279156,7.311236732528621,0.095931165,20.936026699698907,0.1294728,-44.53787427995938,0.08944689,16.843014,0.9165302,66714418501518848,66714418501518848,0.3223694,0.9,76.21336339030738
66719194505127168,57.147957099171315,24.200692552456047,7.210367345445619,0.11553316,20.715969900055256,0.18965948,-45.71541499343871,0.102322735,17.41301,1.0471992,66719194505127168,66719194505127168,0.0068997433,1.0,62.40950614384291
66742765285619584,56.96235820156938,24.505016189025188,7.355850981343791,0.037125397,18.640018588177448,0.04339118,-45.03502657120565,0.03257628,15.015844,1.1241056,66742765285619584,66742765285619584,0.089962214,1.0,198.13527886347282
66779358406877568,57.25420132319898,24.902607776194206,7.629451775111978,0.047509544,20.28361932283305,0.056530125,-47.39279179600212,0.043659437,15.694813,1.0742036,66779358406877568,66779358406877568,0.09610901,1.0,160.58777242140496
66799768088857856,56.52886446572594,24.562605127900447,7.375676434135071,0.016680803,19.40326285830028,0.02380375,-46.97160287418177,0.013827605,12.692504,1.0467386,66799768088857856,66799768088857856,0.10057783,1.0,442.1655460973549
66832100605159424,57.07381062715844,25.04764063408678,7.499269077311336,0.019107254,19.516684921075115,0.02406022,-47.057326027126166,0.01610001,10.744773,1.3372483,66832100605159424,66832100605159424,0.14195919,0.9,392.48282302450434
66846291177113088,56.83687734919407,25.086565724768334,7.256440119595136,0.031353235,18.658646636187495,0.03260498,-45.977086468875946,0.029459007,14.673388,1.005088,66846291177113088,66846291177113088,0.11760662,1.0,231.44151035609565
66898002584817280,58.22613014091119,25.295217515232924,7.248975775349272,0.06682602,18.551292963029198,0.07848986,-45.02180369338154,0.059419885,16.320951,0.9729033,66898002584817280,66898002584817280,0.33141103,1.0,108.47534287413941
66960743466922624,57.561546788631134,25.42482323104547,7.443343423871985,0.0931404,19.420070860663902,0.10315629,-45.37822394377018,0.08038472,16.939152,1.0182151,66960743466922624,66960743466922624,0.08361004,0.9,79.91530365191578
66710948167949696,56.89387479189458,24.039553949276844,7.493789781759396,0.07348523,19.01304665662284,0.09467606,-44.97089053166092,0.059380207,16.773333,1.0432895,66710948167949696,66710948167949696,0.117557384,1.0,101.97681203531474
66715827250786432,56.88340577218757,24.173392342814555,7.490687523590323,0.107790254,20.5733425299048,0.15835992,-45.742144344088786,0.08988094,16.851921,0.8414757,66715827250786432,66715827250786432,0.061252777,1.0,69.4931799647413
66739982146803456,57.07214182983378,24.504220723934463,7.443940703770764,0.01958719,19.948050725702974,0.022291059,-46.219669158617926,0.018083746,13.717735,1.2109858,66739982146803456,66739982146803456,0.080069944,1.0,380.0412612255996
66767843597097856,56.99745157519385,24.593481650943612,7.360473013880846,0.13720988,19.789732135352605,0.14472686,-45.6850455441756,0.1400369,17.77927,1.0213176,66767843597097856,66767843597097856,0.019948708,1.0,53.643900533025665
66665902550940672,57.995147229750785,24.66772413079618,7.266969975379016,0.03739442,18.00523712707878,0.048752718,-44.88706041466088,0.029361319,15.61589,1.0646888,66665902550940672,66665902550940672,0.14323339,1.0,194.333007678349
66765855029760768,57.18905902932668,24.62379553563966,7.2470152566928165,0.12882957,18.353170480447446,0.12518986,-47.146310391060766,0.105665684,17.289736,1.0324576,66765855029760768,66765855029760768,0.17461048,1.0,56.25273245939305
66793583338514816,56.70512196594524,24.599825599962905,7.386768646636278,0.02061157,19.352159230912562,0.027618961,-44.34839052032413,0.018127594,14.310514,1.1212512,66793583338514816,66793583338514816,0.06930461,1.0,358.3797305463401
66818322350220416,57.09512296362547,24.814693582624564,7.455007092647663,0.054515798,20.025932282537518,0.06398178,-47.51493543992956,0.053829152,15.761837,1.0198263,66818322350220416,66818322350220416,0.019057725,1.0,136.74948207148597
66852647730267264,57.77331327973776,24.7365778100684,7.243738617452612,0.017676247,19.98616428855798,0.02256341,-45.29769641617262,0.015453374,13.310761,1.1109239,66852647730267264,66852647730267264,0.06275275,1.0,409.8007060630278
66957994687842176,57.64893550920422,25.4263087706472,7.2922429808358755,0.024515567,18.294899007126467,0.026344167,-44.33948783446367,0.018056903,11.730169,1.3848734,66957994687842176,66957994687842176,0.18329991,1.0,297.45356807363754
66982458821495424,57.671764133234255,25.65830715785549,7.5531174702120305,0.12226855,20.202756856391737,0.13674496,-47.39138443471077,0.115181595,17.51472,1.0171729,66982458821495424,66982458821495424,0.3459339,1.0,61.77481833359158
66716136489019008,56.87290125295112,24.2053413548071,7.38930585590348,0.1452486,19.19732918641361,0.2011062,-44.76750253968112,0.118518285,17.665154,0.82112074,66716136488429312,66716136489019008,0.21375175,1.0,50.87350590581311
66719228864863360,57.16636349176905,24.211712564846707,7.3876554613403265,0.039408434,18.46508333799995,0.057177395,-46.533021317926284,0.033825204,15.501962,1.1296408,66719228864863360,66719228864863360,0.03881047,0.9,187.4638161756415
66737405166459264,56.87755475112934,24.370334652904095,7.390213974601189,0.04050967,19.619007237982416,0.05616278,-46.59133783173657,0.030329663,14.798532,1.0457706,66737405166459264,66737405166459264,0.07661385,1.0,182.43085656160753
66741116018188416,56.91405558689937,24.45873245787969,7.179641625812423,0.07574236,19.09158069716053,0.086618975,-45.39827478952388,0.061184756,16.133425,1.0969669,66741116018188416,66741116018188416,0.12440437,1.0,94.79031231074916
66781316909399424,56.531386444741095,24.3741778959859,7.432728772573676,0.021524457,18.93156538453851,0.031248005,-47.08706292205727,0.018392202,14.0124,1.227079,66781316909399424,66781316909399424,0.0820652,1.0,345.31550238214913
66788669895935616,56.596037054500854,24.6048505016741,7.307118521203142,0.06813792,18.97836540820686,0.09096464,-43.60990886676683,0.061052777,16.643583,0.95860523,66788669895935616,66788669895935616,0.086272046,1.0,107.24011492905117
66930403817997696,57.50781770847946,25.211222315495508,7.3111335986996,0.06535202,18.13843096158596,0.08797633,-46.09848832840133,0.04510397,16.304043,1.0151677,66930403817997696,66930403817997696,0.13585582,1.0,111.87310357775544
66733763034205696,56.78401518543688,24.306630324930296,7.383106353077731,0.05705579,21.055021775947182,0.07287903,-47.460814017984816,0.052208103,15.690887,1.1348422,66733763034205696,66733763034205696,0.14095293,1.0,129.4015271020449
66745170467302656,57.296064164609405,24.347399016105328,7.333918726452952,0.042854734,20.412294770494363,0.05467338,-45.02321719830596,0.035474032,16.013287,1.0396141,66745170467302656,66745170467302656,0.08100008,1.0,171.1343901154093
66754241438299520,57.551775384114954,24.532726387836213,7.223150189887358,0.016751178,19.107476326659604,0.01892343,-45.534887888264535,0.013003883,12.7328415,1.031239,66754241438299520,66754241438299520,0.12844832,1.0,431.20253145789815
66800244832257280,56.523814101890245,24.613683357394308,7.347148990756307,0.10306942,21.355364281628134,0.1317843,-45.16090854605797,0.09270173,17.224361,1.009063,66800244832257280,66800244832257280,0.26434952,1.0,71.28350185606344
66808869124393600,56.65748307121974,24.747477728499646,7.632741644567266,0.015386245,20.422639395318274,0.01794227,-47.62659983841286,0.0128416065,11.587448,0.80998343,66808869124393600,66808869124393600,0.1449297,1.0,496.0756532006616
66702048996405632,58.35214695354688,25.03513354258102,7.458047576791752,0.07595035,19.219973089193786,0.08531357,-46.07461645091544,0.055925183,16.605087,1.0633842,66702048995630848,66702048996405632,0.17577577,1.0,98.19635962791553
66711532283494656,56.94067213271087,24.093478715572004,7.361301794834977,0.058309663,20.163471457940336,0.07229964,-43.67557168646647,0.046178002,16.304049,1.0365573,66711532283494656,66711532283494656,0.16846615,1.0,126.24497218986335
66771764904729984,57.3386267284366,24.694528039922922,7.370698641712576,0.118083775,19.561189732691787,0.13515887,-44.659659199542276,0.08462416,17.683437,0.963428,66771764904729984,66771764904729984,0.26561785,1.0,62.419232777730194
66867800374681344,57.849636200471934,25.097804937613382,7.28649632525377,0.03336538,19.06011331005313,0.042049922,-44.90507734289051,0.024295809,15.381897,1.0132973,66867800374681344,66867800374681344,0.09268651,1.0,218.38493435757312
66665902550940800,57.99722936044795,24.666178384513103,7.254904557109769,0.0421137,17.577519038694266,0.054643475,-44.62503895358003,0.032951154,15.811114,1.0751644,66665902550940800,66665902550940800,0.22262488,0.9,172.2694687504026
66804406656115328,56.40309754227572,24.651676322824763,7.201061397315414,0.05701036,21.417715899391748,0.07044845,-46.242681287895564,0.04664872,15.301958,1.2912995,66804406656115328,66804406656115328,0.14871033,0.9,126.31145268103289
67381787700522240,58.398054567533606,26.118798687539105,7.156593213590406,0.10382315,17.58749587725939,0.10200649,-45.23920402507784,0.06315568,17.003773,1.0807465,67381787700522240,67381787700522240,0.609392,0.9,68.93061298136564
66729880383767168,56.87281395748792,24.288130246334337,7.230057778664303,0.048574015,18.551020432929977,0.057043727,-46.92179879334844,0.0325241,6.815936,1.1449239,66729880383767168,66729880383767168,0.2343085,1.0,148.84620315028278
66737095928811648,56.918616532110974,24.364356080566463,7.396118503759566,0.021419695,19.316594733162717,0.025703246,-45.4554205499203,0.016754748,10.402332,1.023037,66737095928811648,66737095928811648,0.13252133,1.0,345.2952353234795
66737576965143296,56.90697333793039,24.40625196187756,7.342869628062257,0.109597206,20.067565805501125,0.15285268,-47.76913267954702,0.08762533,16.923494,0.91802347,66737576965143296,66737576965143296,0.12551029,1.0,66.99869356440519
66800180408292992,56.523586281705164,24.612159232258236,7.342569093725325,0.036498327,21.31815347205297,0.04826905,-44.54099990974814,0.033042442,15.064789,1.0981,66800180408292992,66800180408292992,0.0621676,1.0,201.17549860046822
66807464672814336,56.57483292830163,24.68579851334693,7.373324442202136,0.040124435,20.782566863578815,0.048379093,-44.5278180928463,0.035523467,15.306499,1.110405,66807464672814336,66807464672814336,0.063159965,1.0,183.7614522494131
66974453002505088,57.535148903959175,25.548658926226246,7.746078028052952,0.056976605,20.025605993834702,0.06346964,-47.3334367245468,0.042977817,16.260448,1.0135275,66974453002505088,66974453002505088,0.26007387,1.0,135.95190517139253
67352066526730240,58.16220136420259,25.840244145086956,7.515898557915286,0.05119948,20.317399685234925,0.06962682,-45.71550048962557,0.03853139,16.171669,1.0450416,67352066526730240,67352066526730240,0.056523323,1.0,146.79638205478417
67618285777617664,53.88216141527742,22.82338338603445,7.532695664265256,0.018618654,21.394415701598184,0.022584325,-45.46661573078261,0.015919238,9.733864,1.1501563,67618285777617664,67618285777617664,0.17665255,1.0,404.5778754078991
66727234683931520,56.76502117317897,24.159487376870935,7.276889102352219,0.021857217,19.333333440782077,0.027407184,-44.72484181110621,0.020201921,13.826407,1.031376,66727234683931520,66727234683931520,0.10341105,1.0,332.9284381259487
66740497542906368,56.883975666463144,24.40493750874421,7.580216981202935,0.10743892,19.454855978660017,0.13374068,-46.58009288982839,0.08719092,17.043259,1.060084,66740497542906368,66740497542906368,0.1258871,1.0,70.55373271759163
66779564565300224,57.34143853206736,24.911869279534624,7.397308082411872,0.07127445,20.535736201611773,0.09690056,-45.84534167733388,0.060385752,16.700275,1.0642352,66779564565300224,66779564565300224,0.098746985,1.0,103.78624996797174
66786505232432512,56.51218035590119,24.527697326214305,7.423127367767808,0.035905674,19.582296508324045,0.04518582,-44.877584847283686,0.028640086,6.4252644,0.78916544,66786505232432512,66786505232432512,0.19118644,1.0,206.73967426735754
66798526845337344,56.47976397387461,24.554604059172803,7.3551891416930175,0.024002949,19.533204676406434,0.03228313,-45.55090168896121,0.019224782,13.832768,1.2913687,66798526845337344,66798526845337344,0.12260298,1.0,306.42856468875937
66960262430594816,57.573731542368556,25.379363743861116,7.23941620088313,0.03129381,19.347753197883975,0.028891403,-45.86003924563756,0.022539066,9.52466,1.0734888,66960262430594816,66960262430594816,0.12886918,1.0,231.33700679039902
67085641114472320,58.547946463112645,25.31173412692351,7.44152801463991,0.063671574,19.45661899469809,0.08195558,-45.611562941253766,0.049345206,16.777615,0.98098475,67085641114472320,67085641114472320,0.07744317,1.0,116.87363053163784
67368353043627648,57.824864278483496,26.022656116606907,7.311513112665016,0.10168726,19.310613657171864,0.15095815,-43.88758080502819,0.08244017,17.051666,1.1489267,67368353042978560,67368353043627648,0.28133765,0.9,71.90195816733979
66710845088732160,56.94337881610533,24.050481718343995,7.555830848391911,0.02870886,20.172732693758086,0.03497097,-46.513945005186066,0.022096828,14.752962,1.0793425,66710845088732160,66710845088732160,0.1281365,1.0,263.1881159750513
66728265476081408,56.73055847874693,24.187798191519004,7.225399757694413,0.14798135,20.392590515354556,0.17107093,-44.02063830180597,0.1155257,17.19236,1.0476388,66728265476081408,66728265476081408,0.14552703,1.0,48.82642285610182
66729261908482048,56.791988143840086,24.276453622807093,7.357064223916837,0.02060636,19.959460137901697,0.025991986,-44.498036812412536,0.017977556,9.376594,1.0107602,66729261908482048,66729261908482048,0.111288235,1.0,357.0288209196191
66732423004453376,56.723447112517924,24.287294176897756,7.368695724018906,0.03657004,19.249077626062416,0.065386504,-47.50404014517325,0.03363414,14.973033,1.0109967,66732423004453376,66732423004453376,0.056505397,1.0,201.49543169083537
66800592725851776,56.54907922003248,24.622119094596144,7.550076412992421,0.02076642,21.195216191185757,0.027433112,-44.69592411866067,0.018441977,11.405896,1.2001574,66800592725150848,66800592725851776,0.0950074,1.0,363.5713959171826
66801623517295104,56.536336992339514,24.675721556933823,7.373604115597466,0.08579178,20.873189844183816,0.10285207,-45.69153438245064,0.0658847,16.6805,0.99294305,66801623517295104,66801623517295104,0.22991215,0.9,85.94767450722378
66969676998824576,57.77650195986893,25.594492433140854,7.309821489243173,0.01884424,20.12835332681689,0.019902049,-45.270036288204764,0.014017098,9.013485,0.89512056,66969676998824576,66969676998824576,0.12069647,1.0,387.90748348877395
67899520235887616,53.15763413329577,23.432917294381728,7.2748694971298065,0.09032407,21.09767049728122,0.14286757,-44.375770540667794,0.09103066,17.188633,1.0421113,67899520235887616,67899520235887616,0.07591502,1.0,80.54187297622902
66747816167123712,57.426245257389006,24.462799736001262,7.547732480662261,0.018327165,18.676157331737542,0.020423349,-46.77229142531257,0.012882485,11.899782,1.1796322,66747816167123712,66747816167123712,0.096326105,0.9,411.83305317431126
66749121837171840,57.38774921504782,24.533832683321616,7.418666857726491,0.035878733,20.208257770798163,0.044577777,-46.08040738976238,0.025125641,15.359683,1.0772529,66749121837171840,66749121837171840,0.13357079,1.0,206.77059301343203
66820590092840960,56.908632149092455,24.81955061391246,7.321610715925585,0.03866026,18.77571686440077,0.040424813,-44.18426716411387,0.029524622,15.393848,1.0841954,66820590092840960,66820590092840960,0.14795478,1.0,189.3833714211627
66897933865345920,58.18906123797251,25.279659903374622,7.224048040147685,0.017462691,19.494968153501564,0.01934242,-45.0654688095901,0.014464087,13.247913,0.99487203,66897933865345920,66897933865345920,0.041678835,1.0,413.68469036546486
66728089380491648,56.796014445411146,24.230810652961136,7.219228074892927,0.13816188,19.51262477045458,0.22960587,-45.79436569802546,0.12339637,17.542105,1.052468,66728089380491648,66728089380491648,0.21934167,0.9,52.25195206358438
66735446661374976,56.782901747246996,24.39366460107138,7.034787986819494,0.10991367,19.49858518138614,0.15904829,-44.450118046415774,0.10008563,17.16143,1.0650328,66735446661374976,66735446661374976,0.09529953,1.0,64.00284893698769
66765751950550144,57.168551370949324,24.609291605540086,7.481852062532634,0.05812273,21.09433557700707,0.063373856,-46.54092951892664,0.04614008,16.251667,1.0530705,66765751950550144,66765751950550144,0.21591741,1.0,128.72505881737
66781832308018176,56.618484292947535,24.433739343907018,7.373997130574647,0.016248994,20.11114396745309,0.023521593,-43.52995455982669,0.013414132,10.873117,0.9885728,66781832308018176,66781832308018176,0.055508852,1.0,453.81254514494617
66787119410915072,56.662143404284386,24.5201075850397,7.412614947686768,0.013819418,20.23976526440455,0.02095666,-46.04620425308153,0.012448456,12.868829,0.9290448,66787119410915072,66787119410915072,0.06588002,1.0,536.391257042504
66831069813319936,57.175686739164334,25.007696354218737,7.342300530836172,0.04011301,19.764167455834702,0.053702384,-46.08059701474693,0.033656947,15.47262,1.1613567,66831069813319936,66831069813319936,0.13010372,1.0,183.04038066657634
66899239535574400,58.1308067637997,25.251934445389914,7.340439849598904,0.04951113,19.837582004550185,0.05248322,-45.54461759190832,0.044908043,15.598198,1.0918032,66899239535574400,66899239535574400,0.1574384,1.0,148.25837576896996
67667935599570432,53.45758590718418,22.938664370319767,7.228278661249061,0.08161502,20.599604432459408,0.10011466,-44.495426010874446,0.07321601,17.20123,0.96708107,67667935599570432,67667935599570432,0.042989004,1.0,88.56554060341429
66745754582838272,57.36500889975356,24.403636922425783,7.403613021258438,0.06536394,19.23342251807069,0.06940505,-44.35961797471904,0.046497032,16.6729,1.0273799,66745754582838272,66745754582838272,0.056316685,1.0,113.26753889257076
66791659193405952,56.941383283337046,24.633524455345714,7.560485614137077,0.08593996,18.290355820768706,0.09542781,-45.16310974427681,0.079129286,16.691021,1.1355588,66791659193405952,66791659193405952,0.18926668,1.0,87.9740429160379
66886011036187392,58.00692191346169,25.024623815074253,7.57156755425043,0.07357302,18.579319697998052,0.09400867,-46.9529738677311,0.06575896,16.50337,1.1009638,66886011036187392,66886011036187392,0.14739981,1.0,102.91228003411607
66980362877378432,57.470573906210106,25.647246431442863,7.246003957202509,0.017314317,18.623312387093794,0.018656163,-45.93795176933582,0.012443527,9.434445,1.014025,66980362877378432,66980362877378432,0.078945994,1.0,418.4978293232173
67724697887107200,54.16008003272868,23.14547753490501,7.492629956560324,0.12504229,20.142887156953577,0.12840025,-44.89040243405877,0.08977986,17.51643,1.0043994,67724697887107200,67724697887107200,0.16698973,1.0,59.92076750027739
68014964661425280,53.81787672859215,23.79924439729251,7.41927553409548,0.09845349,21.212686658137393,0.11587313,-46.594055883247364,0.083654985,17.378237,1.0343736,68014964661425280,68014964661425280,0.0481017,0.9,75.35817561105321
66658996243552000,57.913750384057074,24.548696125636305,7.479410227862506,0.014954205,21.2311257075505,0.01963291,-46.05927353044224,0.012135752,12.009029,1.1484572,66658996243552000,66658996243552000,0.08611313,0.9,500.15433066290234
66694455493470464,58.24652162702127,24.9013424551909,7.295031761348758,0.017931039,20.668957748588877,0.021645527,-45.24839513108357,0.013349616,13.737393,0.9828631,66694455493470464,66694455493470464,0.052801613,1.0,406.8382183074714
66745617143891968,57.340716620829006,24.380752387790455,7.189385624305486,0.036079854,18.566769795996994,0.04530931,-45.34756663616908,0.028274706,6.604883,0.9828397,66745617143891968,66745617143891968,0.181115,1.0,199.2631585902453
66774513683782912,57.33590317007083,24.776462360298346,7.349364198624109,0.015047797,19.201379543302817,0.017449709,-44.489666559611294,0.011706895,12.459594,1.1289179,66774513683782912,66774513683782912,0.08329163,1.0,488.4013385944123
66782897460055424,56.74397999975443,24.46092173710442,7.467139144883223,0.048534807,19.301604877866893,0.068548776,-46.139399761153214,0.04347155,16.011278,1.0880636,66782897460055424,66782897460055424,0.047168583,1.0,153.851218011839
66788291938818304,56.59455349459927,24.569949769064657,7.393670835522528,0.015775258,19.683164514250493,0.022914998,-44.9936072177932,0.014031689,10.296593,0.8482524,66788291938818304,66788291938818304,0.068409294,1.0,468.6877999733367
67369658709673344,57.98934328927283,25.998665776464502,7.337022096802651,0.029982504,19.174378854485525,0.039634302,-46.704154454545126,0.021424428,7.648581,0.8300703,67369658709673344,67369658709673344,0.110700265,1.0,244.71012221948823
66728128034922624,56.825655460069,24.2305614540442,7.652274856009464,0.14655477,19.7293757744864,0.21076885,-46.55480539729653,0.12792361,17.556929,0.90118986,66728128034922624,66728128034922624,0.16300571,0.9,52.214438028697835
66738023641737088,56.957489521440976,24.428489800524442,7.336132894725513,0.07787946,20.413652152090826,0.09323788,-45.894555782921664,0.06612515,16.653147,1.0552306,66738023641737088,66738023641737088,0.16426699,0.9,94.19856044714142
66798496781121792,56.47708455753871,24.55430537374798,7.3052753639807255,0.0838769,20.33140314206862,0.094874665,-46.022054798281474,0.06275386,5.752026,0.8798977,66798496781121792,66798496781121792,0.24205086,1.0,87.09519940924928
66798977817468288,56.34039171856011,24.54350590311485,7.342700786360437,0.07262516,19.75073677504067,0.10722329,-44.3592580791877,0.058724593,16.209143,1.0740938,66798977817468288,66798977817468288,0.14547938,1.0,101.10409070895017
66885942316710784,58.01500229553912,25.02030871800869,7.349344579395844,0.08456238,19.587360838137478,0.10615312,-46.49312161763032,0.07203465,16.95706,1.00609,66885942316710784,66885942316710784,0.2823234,1.0,86.91032900449055
66903293984399872,57.8423312184945,25.165928880530256,7.207573585446735,0.018511295,19.598903434367212,0.02223983,-45.434094042339595,0.012342448,13.613075,1.1168429,66903293984399872,66903293984399872,0.041514385,1.0,389.36084490010023
67368868438779392,57.85075265100442,26.053004292026344,7.5490941562573015,0.03580963,18.734513286680105,0.048859652,-46.23739946604758,0.026948966,15.409541,0.99967563,67368868438779392,67368868438779392,0.168855,1.0,210.81185249880667
66659408560406528,57.91303365598468,24.591264585269954,7.351766950892662,0.06404901,19.755724092916576,0.08618859,-44.265570209454935,0.052213956,16.571566,1.0390334,66659408560406528,66659408560406528,0.040231045,0.9,114.78345428364973
66720534534913792,57.1294732995043,24.281273105178414,7.341192082208167,0.029249312,20.55980824986601,0.037314743,-46.52895034490698,0.024031108,14.94409,1.0710096,66720534534913792,66720534534913792,0.050279684,1.0,250.98682638511795
66755959425257856,57.57598217276832,24.58746632894919,7.546025078304683,0.08160137,19.59404308135298,0.091878645,-46.28803083358288,0.06172738,16.821295,0.9516909,66755959425257856,66755959425257856,0.09420378,1.0,92.47424903706298
66761903659793152,57.48251419167079,24.741904532006497,7.531095617508779,0.029123874,20.01171871162373,0.036420576,-45.628015653581286,0.02294662,15.173774,1.0768366,66761903659793152,66761903659793152,0.085870594,1.0,258.5883841874496
66802276352348416,56.30003774761142,24.585988634934,7.5214363388011725,0.020496517,20.809393414603466,0.03309192,-44.70206664623241,0.017603824,13.399992,1.0836426,66802276352348416,66802276352348416,0.075926326,1.0,366.96167376853026
66811450402457216,56.585399836649145,24.785282982842787,7.454756179233914,0.016104769,18.583779121327936,0.019467436,-45.18087140683727,0.014230603,13.337562,1.0836929,66811450402457216,66811450402457216,0.065778285,1.0,462.89122166095353
66816295125702144,56.8904124483072,24.683996791687626,7.422158629100373,0.013427517,19.582483258933237,0.015437465,-46.27140917710216,0.011355215,12.540388,0.990435,66816295125702144,66816295125702144,0.07669977,1.0,552.7573281641899
66823132713476480,56.899529478888994,24.873965156738215,7.429236579015259,0.09306064,20.359214900915827,0.10082453,-44.68201751202432,0.06692294,16.87391,1.0942961,66823132713476480,66823132713476480,0.06286422,1.0,79.8322081275554
67074096242336384,58.98515881188635,25.29982950141954,7.160615933777657,0.039763857,18.358723920733823,0.05792672,-45.053509089007406,0.032053873,15.520327,1.072395,67074096242336384,67074096242336384,0.10824092,1.0,180.07850675920696
67527885307288192,59.21518684477463,26.807229843379318,7.296589514363688,0.07587438,18.485340686092243,0.07334911,-45.3869254834319,0.055725973,16.362728,1.0075488,67527885307288192,67527885307288192,0.096983746,1.0,96.16670924455136
66717987616472704,56.986050095884856,24.258670981441913,7.4346115300961575,0.12178454,20.50994817693033,0.16383578,-44.71688224010662,0.0925519,17.494467,1.0295058,66717987616472704,66717987616472704,0.28316918,1.0,61.047253208996224
66757746131459200,57.535995314673684,24.671456925853356,7.308001091922433,0.1052049,19.46188347990571,0.13262573,-46.864166573104114,0.08303857,17.477245,0.92295635,66757746131459200,66757746131459200,0.06302883,1.0,69.46445376647527
66792999222948992,56.868516896867085,24.675696492327,7.372727624081626,0.067076884,19.22354218151959,0.0721297,-47.19616446940896,0.056612805,16.739185,1.0551442,66792999222948992,66792999222948992,0.12654099,1.0,109.91458102000541
66799763794633856,56.527189243760176,24.56722164752902,7.359134122682988,0.014687185,19.74939422977356,0.020438882,-46.62428769429713,0.012173225,12.414279,0.9501909,66799763794633856,66799763794633856,0.06840926,1.0,501.0581697335883
66894772769437952,58.17593010462482,25.17824275473932,7.4889550001615754,0.14921814,18.539162983119052,0.15204018,-45.57185680235519,0.115393,17.874992,1.0505677,66894772769437952,66894772769437952,0.30275685,0.9,50.18796574028028
66715105696289024,56.837760020213594,24.116067483641807,7.199902345703015,0.059760366,20.344160878448307,0.06873804,-45.07643568357508,0.039935954,6.29883,1.157944,66715105696289024,66715105696289024,0.2428274,1.0,120.47955646153811
66763965244167808,57.08979895346553,24.578586778083682,7.302744961813066,0.08917098,18.457817188300933,0.09854259,-45.79389190581427,0.07515998,16.977882,1.0157425,66763965244167808,66763965244167808,0.097610496,1.0,81.89598419511606
66783584654831872,56.61261347529189,24.45374227557123,7.203917977597592,0.043916557,20.29794758999426,0.06656982,-44.70787539997106,0.038316905,15.896999,0.98888147,66783584654831872,66783584654831872,0.10260564,1.0,164.0364926647514
66838452861270272,56.661659316992534,24.959436887087797,7.4069576100515615,0.019041356,20.610307326877866,0.01891045,-46.954463131057246,0.013955429,10.10806,0.9594057,66838452861270272,66838452861270272,0.033915855,1.0,388.99318551795966
67069835634816896,58.74187604266361,25.24127596267843,7.530544181332642,0.04237989,19.534612737435197,0.054554682,-47.54001042641008,0.033273906,15.76675,1.0616418,67069835634816896,67069835634816896,0.14901482,1.0,177.6914533235798
67832346947351424,54.046206014769425,23.806258139558725,7.317767257828139,0.093787715,21.5121934352566,0.12973557,-44.74466594862251,0.08391724,17.240038,0.99358135,67832346947351424,67832346947351424,0.084929176,1.0,78.024795362501
67998201404864896,53.17636721373867,23.56656052165308,7.255933297286534,0.07610268,20.55044920727818,0.09693969,-44.62603258252215,0.065015614,16.64228,1.0198,67998201404864896,67998201404864896,0.1804887,1.0,95.34398996560098
66712253837994880,57.026765715524206,24.114207274352665,7.217691953294109,0.0763905,20.11224968831819,0.1082183,-46.853801212355826,0.057575002,16.740343,0.9946763,66712253837994880,66712253837994880,0.21197005,1.0,94.48415968258699
66729635568719872,56.84331611744425,24.238406871747408,7.500762900049822,0.14132895,20.214841140132233,0.18410343,-44.31925434107877,0.11010443,17.617458,0.9481336,66729635568719872,66729635568719872,0.15160458,0.9,53.073083223884325
66791624833561856,56.93522462565709,24.615331041000534,7.365399225658677,0.10403964,20.029976741282752,0.11532048,-43.499459079977576,0.096957035,17.191496,1.1320454,66791624833561856,66791624833561856,0.1162094,0.9,70.79416345393521
66808220587759104,56.619370547231206,24.758790465145772,7.300009059416653,0.030375024,20.486566587041196,0.035791375,-46.516538720071175,0.027392542,13.698108,1.0965658,66808220587051264,66808220587759104,0.037000716,1.0,240.32932406591905
66850517426494208,57.67018622911764,24.667248287920742,7.21695823861784,0.11554198,19.463760308571743,0.15915784,-44.37617719432432,0.10476373,17.439728,0.98710555,66850517426494208,66850517426494208,0.25862914,1.0,62.461784532318575
66911231083913600,57.80779965610001,25.386302306443408,7.494606979507357,0.043466873,19.43880335389787,0.0454371,-46.52088425027251,0.03007238,15.793973,1.0412433,66911231083913600,66911231083913600,0.12984292,0.9,172.4211193888302
66926211929978880,57.18360002514792,25.10607888928261,7.336499163047003,0.06379947,18.277633549560008,0.10510221,-45.99954302701701,0.05555033,16.598265,1.004534,66926211929978880,66926211929978880,0.20337777,1.0,114.99310396776725
66659271121456768,57.891738387194295,24.568991301553485,7.421206266094838,0.06500095,20.34257441414748,0.09111916,-46.71852154545581,0.0529406,16.468485,1.1151683,66659271121456768,66659271121456768,0.1903748,1.0,114.17073317851016
66715273197982848,56.83070036887997,24.138920132623063,7.269312246192696,0.027773846,19.017069653993058,0.032082487,-43.927570681464154,0.02470716,8.243902,0.874114,66715273197982848,66715273197982848,0.115536004,1.0,261.73228805545455
66728089380492160,56.799503754015504,24.23144167346539,7.1911527684325165,0.16482066,19.07404745779211,0.2441829,-43.299155859962404,0.14097326,17.551449,1.2849022,66728089380492160,66728089380492160,0.2337238,0.9,43.63016708635372
66729674225341696,56.85469975761968,24.25462065234576,7.5495680701742245,0.100397095,21.087168165577484,0.13427204,-46.027592700818865,0.079594396,17.056747,0.9836351,66729674225341696,66729674225341696,0.11717323,0.9,75.19707680628962
66786539592171392,56.602739910078235,24.479398837694735,7.320709076268946,0.06251443,20.307721821964204,0.09284854,-45.75159001135238,0.05471866,16.471231,1.1160098,66786539592171392,66786539592171392,0.0636569,1.0,117.10430485335537
66808839062339712,56.68666506758425,24.74939162434088,7.382649848312971,0.09851447,20.16782120245168,0.11341955,-44.18388468038046,0.09406659,17.464863,1.030175,66808839062339712,66808839062339712,0.10139765,1.0,74.9397528842832
66809491897360896,56.728918631435576,24.796134519995736,7.406586641921977,0.01864788,19.300650310901055,0.020284966,-46.34158408595681,0.014834507,10.408444,1.0771662,66809491897360896,66809491897360896,0.09191149,1.0,397.18117530150005
66939848447027584,57.07039222938601,25.21491968688357,7.358738230374514,0.030612484,18.11105149210825,0.048222587,-45.7244672361417,0.027914919,9.118056,1.2645075,66939852745876736,66939848447027584,0.11397345,1.0,240.38357428183735
67368834079044224,57.828036864609324,26.054150719366156,7.274217633056106,0.07254123,18.95464920923878,0.102320105,-46.073171609353494,0.057421178,16.899532,0.99135786,67368834079044224,67368834079044224,0.17644754,0.9,100.2770106121552
67373094686549632,58.05557458367478,26.143438461375514,7.360596113610154,0.05323919,18.750344103076316,0.059870217,-46.15502930421356,0.040315267,15.564647,1.041076,67373094686549632,67373094686549632,0.11696608,1.0,138.25522589001224
67732257029618048,54.59755350922265,23.107846178922333,7.41348516289367,0.025197025,21.57072434828168,0.031425435,-45.486146541863064,0.019997183,14.31126,1.1676027,67732257029618048,67732257029618048,0.06535944,1.0,294.22064900896265
68046133239891584,53.789279180431066,24.238698906437666,7.539687879108131,0.02450523,21.915036001221143,0.03298733,-46.31853232725302,0.02755744,14.357129,1.0059556,68046133239891584,68046133239891584,0.023032274,0.9,307.67668704260467
68303728198686080,56.079500230471574,24.5882578307589,7.293191575999419,0.05885268,19.376287909920762,0.07326407,-45.97903948741636,0.050253753,16.39733,1.028139,68303728198686080,68303728198686080,0.2657469,1.0,123.92284552875779
68323966084583680,55.800589547384604,24.745746758247314,7.278881418037203,0.04321329,19.59711686499867,0.05361414,-46.91534249809131,0.03816795,15.649356,1.1202147,68323966084583680,68323966084583680,0.14860147,1.0,168.44080947221914
68348155340347776,55.10089179724542,24.584305576488273,7.297294496883986,0.03370392,20.815545173730907,0.041291665,-44.23701968914629,0.034465026,15.177081,1.0474195,68348155340347776,68348155340347776,0.08791876,1.0,216.51174715331317
68395606138958592,55.405307633174154,25.14226701996682,7.523789987380409,0.080523804,20.633050296957002,0.123145945,-46.288960282882016,0.07442061,16.7538,1.0201783,68395606138958592,68395606138958592,0.1088074,0.9,93.43560077279442
68468203969427200,54.4480325877061,24.89598496190662,7.0344918820298545,0.0887061,19.984505583113126,0.1138158,-43.851144321919904,0.08905511,17.405783,0.9480529,68468203969427200,68468203969427200,0.1089006,0.9,79.30110782940797
69834282744302208,56.262098904649356,25.088651762657655,7.392752847218599,0.078041255,20.68709891680141,0.08032427,-45.78757340549822,0.059337232,16.973806,0.87161964,69834282744302208,69834282744302208,0.13676254,1.0,94.72877905805817
69872044096705664,56.496515250865976,25.39839015777669,7.412431557949202,0.034260195,20.318909900230626,0.03532415,-45.41323411860892,0.025309471,8.016677,1.3044506,69872044096705664,69872044096705664,0.25277862,1.0,216.3569592155758
69878503727603072,56.009591673177034,25.064755191892758,7.472112695373374,0.026407745,20.525841511035054,0.033756092,-44.50217440357429,0.02496152,14.705767,1.0198548,69878503727603072,69878503727603072,0.053305183,1.0,282.951564786009
69400010010608768,54.35069069014938,25.72212307884839,7.520010336377549,0.025618864,21.76066343425471,0.032506853,-46.73333001453739,0.02275186,14.538095,1.0996279,69400010010608768,69400010010608768,0.120951556,0.9,293.53410326131063
69942515919994368,56.13788197135758,25.752519740211472,7.149068071202813,0.06229673,19.71595980126822,0.08496714,-44.83680822050025,0.055149734,16.459324,1.1406668,69942515919994368,69942515919994368,0.14461337,1.0,114.75832077511919
68120728231661824,54.871767713772435,23.499172809593553,7.4248451511728,0.016301263,21.952550134686536,0.020280343,-45.244621881741246,0.016027104,13.659394,1.0745244,68120728231661824,68120728231661824,0.09366728,1.0,455.47667654998565
68141408498321280,54.64378947102655,23.67271376809515,7.228431844899335,0.08716904,20.455009282168664,0.10464465,-45.04122743597192,0.082589366,17.13838,1.032703,68141408498321280,68141408498321280,0.0795652,1.0,82.9242989992793
68167835432980480,55.36208894086606,24.0171827154947,7.331133587575553,0.046636347,20.348207602315583,0.06005212,-45.023526762777635,0.042940486,15.505199,1.1819943,68167835432980480,68167835432980480,0.16472082,1.0,157.19785321939418
68254245878512384,54.80623332660652,24.46632471871234,7.118104224750291,0.018402463,19.811126884811692,0.022295369,-44.51509163145818,0.015330699,10.22619,1.1078361,68254245878512384,68254245878512384,0.11889902,1.0,386.80171737725084
68261946756899456,55.641609320434284,24.183383816297255,7.486610378982209,0.12179756,21.322857580850933,0.13737822,-43.9430880244945,0.10301351,17.688309,1.0890057,68261946756899456,68261946756899456,0.22277533,1.0,61.46765401405992
68314414077327744,55.80453808024451,24.655242876769755,7.217567238529469,0.032048956,20.551216953824404,0.03465985,-43.95459477600215,0.025788315,14.889832,1.0124867,68314414077327744,68314414077327744,0.064257935,1.0,225.20444465274034
68367190635351936,55.63011375428247,24.822480219877267,7.376373066555206,0.09368312,20.141859639629043,0.11398238,-45.80907314562114,0.0778471,17.305487,1.0256048,68367190635351936,68367190635351936,0.073018886,1.0,78.73747996438287
68390830135333504,55.50015912504816,25.029602171661214,7.25899117883176,0.061878096,19.93211124667289,0.07609997,-45.037566573852786,0.04992074,15.981778,1.0519222,68390830135333504,68390830135333504,0.074541025,1.0,117.31115873696739
68395399980532864,55.3905828925233,25.113310467653303,7.290173911930219,0.05448923,19.96269992321523,0.07665983,-44.170530044774594,0.048836544,15.965155,1.0892282,68395399980532864,68395399980532864,0.2684601,1.0,133.79110078302568
69812945346809344,56.2865856843926,24.84194865005806,7.377864703423147,0.07577354,20.86138532272807,0.26306668,-45.364970916611675,0.12899776,15.99179,1.1523504,69812945346809344,69812945346809344,0.009457527,1.0,97.36729972028428
69812945346809600,56.29068291043696,24.839057004118633,7.222157170572348,0.055079572,20.218136384021552,0.06800887,-46.12398123648605,0.043639757,5.6404076,0.89882505,69812945346809600,69812945346809600,0.16837883,1.0,131.12224589043166
69847610026687104,56.614070394987166,25.13533113169354,7.435385667487052,0.020255685,20.86626267854035,0.020950142,-45.53996049628101,0.016101887,10.402031,1.0625377,69847610026687104,69847610026687104,0.08911711,1.0,367.0764884818307
69877163697813248,55.94994861466845,25.05300565392932,7.4822151427087125,0.019924905,20.977326174300586,0.02610037,-46.051783609112135,0.018499218,13.9155445,1.1381932,69877163697813248,69877163697813248,0.089601226,0.9,375.5207407993526
69898294936767488,55.654025634157705,25.23250873853018,7.335305240582374,0.12529974,19.838197493850103,0.13990936,-44.48416981759517,0.10035598,17.410069,1.056955,69898294936767488,69898294936767488,0.11132277,0.9,58.5420642098366
69904101732529408,55.86311858120914,25.387387734138116,7.173660816351542,0.020604732,20.239121616848287,0.02452334,-44.00363001302027,0.01763025,11.151539,1.0701579,69904101732529408,69904101732529408,0.10091403,1.0,348.1559956804978
69906571336964608,56.021340450904624,25.483630341529256,7.428714539269931,0.014240386,20.772845832208723,0.015211567,-45.66424166197637,0.0111265695,12.185305,0.98806936,69906571336964608,69906571336964608,0.10966539,1.0,521.6652524575077
68129764842889600,55.14330480576736,23.68240599457382,7.498550540761937,0.018651677,20.545720040636127,0.019217445,-45.62887996372441,0.013809455,10.699779,0.9385416,68129764842889600,68129764842889600,0.08893875,1.0,402.0308963068271
68175806892217216,54.94318764852998,23.98123193567468,7.270878825569996,0.041032735,20.559818902988496,0.04588465,-44.36520201194455,0.030607989,15.53727,1.0578907,68175806892217216,68175806892217216,0.13268895,1.0,177.19703012223698
68283421593270400,55.3435988820874,24.397548525073397,7.416619725713781,0.12550455,20.12459547363482,0.15623295,-45.74648397558014,0.11983232,17.57024,0.92650163,68283421593270400,68283421593270400,0.16240075,1.0,59.094427489976034
68310359628169472,56.09137691950323,24.768206717219375,7.409644234463458,0.017603276,21.237661235420852,0.025199149,-46.651102602560094,0.014651806,12.553257,1.1281407,68310359628169472,68310359628169472,0.10696834,1.0,420.92415691599336
68595751615127296,55.06220014487003,25.321731267946834,7.429406078180151,0.032553103,21.09334184908934,0.041186675,-46.227011886895404,0.02499382,15.024521,1.1364865,68595751615127296,68595751615127296,0.07907058,1.0,228.22420704431147
68606918530067072,55.135840976768414,25.47778442647646,7.435514579666062,0.09669627,20.165172086635003,0.13120914,-46.174314775373645,0.088665396,17.212824,0.89566875,68606918530067072,68606918530067072,0.23011234,1.0,76.89556575461371
69876712724339456,55.951482385995824,25.004185022844748,7.435405583801451,0.022914376,19.85967336466963,0.03172604,-45.6027373395702,0.02090213,11.434036,1.1137286,69876712724339456,69876712724339456,0.10950343,1.0,324.4864947734272
68170721650939264,55.07859767517824,23.90637216703363,7.508409802864794,0.07595384,20.96857757122531,0.081231944,-46.637626167120075,0.055559576,16.658615,0.8909109,68170721650939264,68170721650939264,0.045172606,1.0,98.85490560198829
68186114813689344,55.251691989287046,24.22626696033306,7.2492674091900104,0.08166509,20.668062497077784,0.11154914,-44.92118727245915,0.07711072,17.018175,1.0101063,68186114813689344,68186114813689344,0.16052644,1.0,88.76825215275872
68310561489710336,55.729745748660456,24.492868817275667,7.270583160634106,0.021176837,21.20960169235345,0.020013254,-45.11720953111689,0.015567854,9.3706045,1.0204512,68310561489710336,68310561489710336,0.093503386,1.0,343.32714694625486
68322145018429952,56.05809868574246,24.779195241070113,7.33309960496548,0.016678132,20.641313656639063,0.024786549,-45.23559883830963,0.014229601,10.600085,0.97184104,68322145018429952,68322145018429952,0.055550493,1.0,439.6835061392263
68327402058399232,55.86760937923613,24.891795944870776,7.397119658177524,0.050215777,20.93307748939296,0.07417443,-45.634432777707325,0.045496296,15.965781,1.0600492,68327402058399232,68327402058399232,0.105365396,1.0,147.3066852424664
69834866859848192,56.325703284283655,25.099341098152607,7.4380772139423605,0.017500846,20.86351880164022,0.01782212,-46.2940528962849,0.013483973,13.570004,1.0589367,69834866859848192,69834866859848192,0.08603483,1.0,425.01244424980314
69837134602589952,56.21473010374198,25.08777464661099,7.1556032681894095,0.08404761,19.550841497341686,0.08494754,-45.85813750178682,0.06611428,16.97633,1.0292149,69837134602589952,69837134602589952,0.042844515,1.0,85.13750042224916
69948253997063424,56.94524283764543,25.38549346832899,7.2009784966893235,0.02851277,19.422889821125843,0.033697005,-45.7770402267978,0.020342307,8.26957,0.82473665,69948253997063424,69948253997063424,0.11176327,1.0,252.55274806294815
68433814167849728,54.50858925830159,24.33739433338546,7.208137384695206,0.06095661,20.70236533378469,0.07781155,-43.68569078322568,0.04913419,16.179638,1.0556787,68433814167849728,68433814167849728,0.29363337,1.0,118.25030233129641
68584034944338560,55.3780129439643,25.19773344723855,7.049790089959684,0.13730262,20.271196541114662,0.18007599,-44.6678922943786,0.11463486,17.426853,1.1026388,68584034944338560,68584034944338560,0.15751608,1.0,51.34490497740853
69829541100441600,55.98635194866267,24.993324257800918,7.489878731778486,0.03582036,21.268953201729552,0.049868528,-45.12454657473461,0.031848103,15.050903,1.0688877,69829541100441600,69829541100441600,0.10910273,1.0,209.095566746416
69894962042148096,55.67556599462249,25.19670128433248,7.529091809216199,0.13391635,20.80471927227085,0.16649804,-47.20535047371144,0.11256663,17.730902,0.927768,69894962042148096,69894962042148096,0.1598189,1.0,56.222350066685834
69934334006064768,56.04490060536961,25.62714909234563,7.319788244552368,0.061828904,19.59944125744274,0.067440666,-46.148501667040016,0.04506372,16.46216,1.0376313,69934334006064768,69934334006064768,0.15381691,1.0,118.3878055132535
69962719446879232,57.1904090545785,25.70026259761734,7.418253803653885,0.041547816,18.322003904114005,0.042440232,-45.477806642304294,0.03136916,15.570668,1.0659646,69962719446879232,69962719446879232,0.049819455,1.0,178.54738163848808
68097020012324352,53.53056707846046,24.344244949131976,7.368017028297914,0.018027972,21.590979151615052,0.027697675,-45.057868171096345,0.0190593,9.433693,1.052103,68097020012324352,68097020012324352,0.044068683,1.0,408.69915110590654
68317609532996480,55.76236248275604,24.6695581256056,7.42177512010508,0.016919572,19.448560594792347,0.020463498,-46.251957092365615,0.013668462,11.684883,0.9533442,68317609532996480,68317609532996480,0.09032321,1.0,438.65028980604484
68448142178730752,54.55441333229951,24.637856403038533,7.334908451148601,0.07559211,21.09136160678619,0.09743514,-45.7117627807807,0.06714227,16.846962,1.0341412,68448142178730752,68448142178730752,0.11885926,0.9,97.03272786457808
68581694185489920,55.24698532160135,25.198561920518507,7.306643159453647,0.17849547,21.12464976090914,0.22231366,-45.97008590278055,0.13929631,17.913898,0.98057616,68581694185489920,68581694185489920,0.34494537,1.0,40.93461472251289
68660554081641472,55.0249543783144,25.672340069931327,7.346215279595457,0.0747317,20.99054493754399,0.09588543,-45.58165874546525,0.07363161,16.92848,1.0583377,68660554081641472,68660554081641472,0.13150878,1.0,98.3011930354545
69486733990130048,53.67316799130213,26.157434577086487,7.280874528818413,0.14618541,21.292185398670263,0.18362238,-44.54337417738449,0.124161586,17.628166,0.8851792,69486733990130048,69486733990130048,0.087078355,1.0,49.80575270304567
69917635172718720,56.1832111805621,25.4990904084966,7.186533778949462,0.015603356,20.32485977606972,0.017403273,-43.83160913236325,0.013020939,11.862408,1.022739,69917635172718720,69917635172718720,0.12597147,1.0,460.57615744745056
69935162935991168,56.01189022138177,25.656149201293164,7.323156582407243,0.016472578,19.773088992553234,0.018202193,-46.019073391669544,0.01225465,12.610382,1.196614,69935162935991168,69935162935991168,0.07014499,1.0,444.5665129498347
68268303308484224,55.75532685027968,24.24773108224273,7.468803484431587,0.10686129,19.281719350539277,0.11238578,-45.75332459094989,0.08737816,17.534178,1.0231262,68268303308484224,68268303308484224,0.064151354,1.0,69.8925050659215
68323485048225152,55.96738194580432,24.841417159243488,7.374984049012138,0.020608423,21.07795817540528,0.030238,-44.25781713802527,0.017782511,13.734854,1.1107836,68323485048225152,68323485048225152,0.07240962,0.9,357.8626054803375
68356367317952256,55.166905206554425,24.73568048752452,7.546891212349643,0.04470205,21.054175573782974,0.052771624,-47.18961144353148,0.038368635,15.603813,1.0915166,68356367317952256,68356367317952256,0.26469323,0.9,168.82651518148452
68363411064150272,55.58985581891144,24.664471459088475,7.367549758589729,0.01871885,20.382744156700035,0.022074126,-45.1690359507745,0.015126495,13.830462,1.1203123,68363411064150272,68363411064150272,0.09405843,1.0,393.5898738815679
69351219182301184,53.55617770252821,25.423579863502788,7.308317598967427,0.078896575,20.971734501976677,0.11523569,-45.55859534691584,0.08666835,16.92915,1.0288146,69351219182301184,69351219182301184,0.123796135,1.0,92.6316209414244
69859124835119360,56.46653993674255,25.16698929532755,7.368127350969552,0.076481946,18.782484712686713,0.083846875,-45.49913875760345,0.05560042,16.831028,0.92855597,69859124835119360,69859124835119360,0.05947638,1.0,96.33812624241378
69918086146123520,56.27224584037732,25.486232262260643,7.307102820399967,0.032731805,20.48440956570171,0.034423422,-46.506191978474355,0.02651374,15.064909,0.9624008,69918086146123520,69918086146123520,0.08263152,1.0,223.24167033043895
68174191984522368,54.92806066590466,23.9075504224956,7.278890838079187,0.060484666,20.454982963912418,0.06456959,-45.01606595633935,0.045712125,16.293001,0.97891575,68174191984522368,68174191984522368,0.0588063,1.0,120.34274592296084
68322454256073344,56.04572406548333,24.812595170028413,7.343438733418157,0.09575198,19.086552281373905,0.14110725,-44.398418532675215,0.08260158,17.02367,1.0472443,68322454256073344,68322454256073344,0.2716158,1.0,76.69229243882326
68390417818463872,55.61508149875522,25.046828247599056,7.132319559813701,0.015758917,19.37116282424195,0.020264031,-43.26684972856321,0.011951237,12.376555,1.0151106,68390417818463872,68390417818463872,0.081659034,0.9,452.58945646176875
68444878003882240,54.73703549837036,24.56961635010271,7.1600478835138714,0.02113173,20.161375137724104,0.023409324,-43.46365281158042,0.017420135,10.378874,1.3256876,68444878003584384,68444878003882240,0.13037376,1.0,338.8292384366804
69806039039416832,56.27740714247925,24.678409040272616,7.5284014269211195,0.11225359,20.24411977407674,0.15253994,-44.80748682496666,0.09292266,17.622309,1.0478622,69806039039416832,69806039039416832,0.09554399,1.0,67.06601839463349
68458514523905408,54.392500153283585,24.704074258298697,7.192328275553237,0.11416299,20.078843408301385,0.15030865,-44.22225444994749,0.107650004,17.69337,0.97433466,68458514523905408,68458514523905408,0.0217496,1.0,63.00052531058425
68605058807852928,55.26734730073163,25.50698102635492,7.038790280080035,0.14266299,19.962279032630583,0.1709317,-45.81169533119183,0.13092552,17.910791,0.95036906,68605058807852928,68605058807852928,0.12825797,1.0,49.338587551828184
69807963184755840,56.25481939508828,24.777907828400753,7.4811645664167425,0.06247579,20.69991043384025,0.081224546,-46.87193783784339,0.05153441,16.527004,1.0551254,69807963184755840,69807963184755840,0.061891187,1.0,119.74501876080316
69876923179646080,55.95194192919897,25.043404964099803,7.201589805683961,0.058217473,19.278146177105445,0.07573463,-46.133960498251554,0.05446726,15.993855,1.3087212,69876923179646080,69876923179646080,0.10975559,1.0,123.70151767143544
68117635855255168,54.911295650757275,23.38883701888097,7.377559616270141,0.068468235,20.477999618780313,0.090881415,-44.508144396680514,0.06644633,16.598715,1.0489192,68117635855255168,68117635855255168,0.13359341,1.0,107.75156639575651
68162028637205888,55.33071458119611,23.86146815087619,7.411967132291862,0.08500949,20.085951759718974,0.10494491,-43.36242692609376,0.06894423,16.882187,0.9455469,68162028637205888,68162028637205888,0.06131251,1.0,87.18987581855332
68296650092601088,55.93219893605275,24.487532595140085,7.324938514001506,0.038560495,19.112839839652107,0.04018363,-46.1780430803015,0.026716541,15.147523,1.1733079,68296650092601088,68296650092601088,0.14429854,1.0,189.95966093510896
69904617128601984,55.89680277271759,25.408460504484726,7.602327314027255,0.03953252,20.19817904330972,0.0444697,-47.36809058359031,0.033629693,15.61384,1.0605189,69904617128601984,69904617128601984,0.06755851,1.0,192.30565968699014
69906472554465792,55.97455348593456,25.47487895307199,7.26266420477807,0.032461815,19.00230019109934,0.03491542,-45.790530423392774,0.023943262,15.019618,1.1150742,69906472554465792,69906472554465792,0.069171675,1.0,223.7294586953673
69906713072633856,55.970030289721734,25.491626639175383,7.232947154619978,0.06266377,20.38386716875307,0.06609456,-45.44393680977453,0.044606123,16.485218,1.0233552,69906713072633856,69906713072633856,0.1432366,1.0,115.42470257875617
69930764889482752,56.10458705678782,25.56760995826113,7.320168724172881,0.11696887,20.873708971453578,0.13037333,-46.7635571412532,0.090819865,17.323833,1.1231356,69930764889482752,69930764889482752,0.052100662,1.0,62.582195707065
68152820227358720,55.26256117985148,23.72247915263373,7.500368854873981,0.048109494,20.539656838226605,0.052792262,-44.917294566974064,0.037831794,15.784899,1.0471059,68152820227358720,68152820227358720,0.05264909,1.0,155.9020519221798
68195598101454336,54.51024535830732,23.909656490716014,7.510715182625756,0.060642127,21.55407134628564,0.06610711,-44.709096962151094,0.049307425,16.495232,1.0644646,68195598101454336,68195598101454336,0.12105736,1.0,123.85309620011405
68233531252642432,55.112406328123726,24.237139167005697,7.448122361236067,0.06566874,20.505100504678424,0.090103574,-45.806710356269164,0.054836407,16.483887,0.97000706,68233531252642432,68233531252642432,0.062091228,1.0,113.4196031739266
68306099020642432,56.00122131401905,24.556792926212825,7.412449484379191,0.027752403,20.53463871701449,0.031506263,-46.18983462732439,0.022334551,8.041619,0.94553983,68306099020642432,68306099020642432,0.008494029,1.0,267.0921663615271
68354374452892160,55.00785428462176,24.77371460602442,7.553124059345441,0.059865672,21.63172470092146,0.06592468,-46.3791664473849,0.052126944,16.329308,1.0783483,68354374452892160,68354374452892160,0.27930072,1.0,126.16786530879018
69898810332838400,55.678567723369966,25.280897389489994,6.993866596372297,0.021282872,19.564432701860884,0.024863314,-43.22849922328383,0.017076094,13.756668,1.1171854,69898810332838400,69898810332838400,0.07211963,1.0,328.61479106494977
69918979499309952,56.28772677585699,25.546813749362023,7.490897652344597,0.06659034,19.883603965289023,0.088104956,-45.44641569266047,0.060324933,16.726799,0.9686813,69918979499309952,69918979499309952,0.27381298,1.0,112.49225895197704
68120418994061312,54.92139561721088,23.47300154429505,7.2703253135617745,0.079357505,20.794171871057205,0.10201702,-44.543631001832466,0.08207122,17.177141,0.96693814,68120418994061312,68120418994061312,0.12755194,1.0,91.61484257591916
68254765570883712,54.69069200480823,24.46757118115734,7.343794226671882,0.10900396,20.48662881723542,0.12832598,-46.14199897219629,0.09034857,17.32352,1.095516,68254765570883712,68254765570883712,0.12700935,1.0,67.37181065245419
68265588889169664,55.512030567887706,24.20989889241827,7.373741972330631,0.035662267,20.322957238161404,0.04109065,-45.864470978991804,0.031692166,15.268429,1.0553981,68265588889169664,68265588889169664,0.07317649,1.0,206.76593270114452
68294554148575232,55.90390788823755,24.39378107217672,7.396111724020851,0.018691756,19.55133983597039,0.018595636,-44.492940934097646,0.013181884,13.636955,1.0529833,68294554148575232,68294554148575232,0.08003209,1.0,395.6884409788249
68296890611072384,56.01485828940102,24.50404176791731,7.386998687843288,0.018833453,22.07258673357898,0.023028173,-45.87187150601032,0.013349686,10.5296545,1.0499159,68296886313838848,68296890611072384,0.082939945,1.0,392.2275300389412
68506347575444096,54.264567775408686,24.743022931744804,7.3915386050814895,0.029275285,20.064749700387782,0.035507508,-45.39836295502678,0.026137056,15.023798,1.0197415,68506347575444096,68506347575444096,0.0780184,1.0,252.48391552341073
68624613795266432,54.60099903259686,25.330201254399686,7.1401376918502075,0.09051608,19.258512452782078,0.09881103,-44.08692682240532,0.07112865,17.096783,0.95087904,68624613795266432,68624613795266432,0.23779131,1.0,78.8825307032682
69854348831573504,56.725205994094026,25.24564655686341,7.177210726519302,0.033257093,19.379964752822495,0.036323443,-43.662358221933445,0.026946051,15.038713,1.0530971,69854348831573504,69854348831573504,0.09717176,1.0,215.80992259224234
69889876800977408,55.98631467387493,25.26208174501833,7.4793004006386585,0.02723052,19.99247462636992,0.03125465,-45.783661946124276,0.02348408,14.827288,1.054227,69889876800977408,69889876800977408,0.11860302,1.0,274.66608993119917
69932276717968512,56.125404530638,25.596210762222004,7.110221839905991,0.02098068,20.052721267974036,0.02601652,-43.57713254051983,0.018019004,14.340455,1.0751115,69932276717968512,69932276717968512,0.087916285,0.9,338.8937688117417
68291977168100480,55.513837871122,24.536880391599198,7.219944321360041,0.034687944,19.159797994693193,0.035958074,-44.290963819389965,0.026707515,15.252396,1.0722638,68291977168100480,68291977168100480,0.066918984,1.0,208.13987626436943
68398732874994944,54.12635880697465,24.011984796048488,7.033976866053791,0.0136597175,19.756069206650054,0.018121524,-43.167536910950076,0.012663644,11.978131,1.1092664,68398732874994944,68398732874994944,0.17788716,0.9,514.9430695233999
68513356962056704,54.377946007264235,24.84832840205574,7.6497537347849605,0.08496897,22.351721495935905,0.11839295,-46.40825384572891,0.08502617,17.071465,1.0900918,68513356962056704,68513356962056704,0.2014574,0.9,90.0299698169655
68514559552895488,54.34278163126909,24.90432863222203,7.1542297466143525,0.07112214,20.01189690313016,0.096447445,-43.75090282049841,0.07159735,16.784979,1.0766789,68514559552895488,68514559552895488,0.1228574,1.0,100.59075524956747
69834759483788928,56.306465913388266,25.08756084913728,7.505058121310262,0.01632549,20.585544507614465,0.017351627,-46.24529324895428,0.012668061,12.777334,1.0887399,69834759483788928,69834759483788928,0.10229481,1.0,459.71409549313285
69860293066219136,56.412758094613054,25.224208945373555,7.282245692610075,0.023906868,19.832396859021433,0.025905773,-45.07769249739836,0.018425398,14.256176,1.0119166,69860293066219136,69860293066219136,0.048390374,1.0,304.60893946830623
69951449452730752,56.8579741062699,25.440566366115203,7.235428938011102,0.08104551,20.062196487855136,0.106665514,-45.204694104718186,0.065508984,16.65519,1.0557957,69951449452730752,69951449452730752,0.20639293,1.0,89.27612500949672
68261053403709312,55.57465383102236,24.115879200282908,7.320116788280949,0.077533424,20.988189418763042,0.099938326,-45.19580121506285,0.072081916,17.022444,0.99574137,68261053403709312,68261053403709312,0.10283866,1.0,94.412402032769
68262973252098304,55.47065675738656,24.12341385042586,7.2730943367033065,0.10837309,19.99213843563659,0.14747542,-46.07738211039895,0.09355751,17.22576,1.0468141,68262973252098304,68262973252098304,0.09004036,1.0,67.11162609436845
68381793524163968,55.41607227662017,24.874865531724303,7.4843194075496635,0.12350938,21.256245694455195,0.15015396,-46.41398930723031,0.10350257,17.43678,0.89564085,68381793524163968,68381793524163968,0.14060092,1.0,60.597175491684204
69811948914407168,56.169922338576605,24.818333957946873,7.489501972504944,0.021575358,20.238677643478304,0.02753543,-45.445803609583365,0.017658161,9.715471,1.1954098,69811948914407168,69811948914407168,0.22923417,1.0,347.13222622285724
69945814454871680,56.17999120209439,25.875322446353035,7.573754288408809,0.021448413,19.765767321605686,0.03191197,-45.89511551848927,0.01781647,11.437774,1.0513775,69945814454871680,69945814454871680,0.07664622,1.0,353.11490505859325
68150861722174848,54.865972772521204,23.89479513531878,7.3887946659635775,0.025709353,21.164750174314186,0.026237397,-45.34759525391402,0.017974311,11.304962,1.0996524,68150861722174848,68150861722174848,0.07890601,1.0,287.39714121310743
68232191222851456,55.02968901109932,24.21745010720196,7.3311977139771844,0.123022094,21.004541730395342,0.14672327,-46.72419357942475,0.106855236,17.691679,0.79382396,68232191222851456,68232191222851456,0.20115538,1.0,59.59252889965795
68600321460320768,55.0460741774819,25.39058935918636,7.544997506047376,0.08250757,20.391724290968668,0.114009514,-45.91124823550244,0.066230565,16.925434,1.0123941,68600321460320768,68600321460320768,0.10492218,1.0,91.44612094960132
69814388455816960,56.20917356922093,24.91091026357742,7.4733806175867645,0.015080329,20.085431297811194,0.017434824,-48.023407865786695,0.011237728,12.985639,0.82991743,69814388455816960,69814388455816960,0.10492938,1.0,495.5714561895076
69838131035001856,56.13412411806881,25.13659429380858,7.662160127462412,0.10171975,21.463357658961304,0.10641124,-48.07332552456981,0.08463865,17.42494,0.946606,69838131035001856,69838131035001856,0.139203,0.9,75.32617785896184
69857235049588736,56.811777082442,25.371626043110563,7.473088690859399,0.018639917,19.5615504543579,0.024828209,-45.937804813456154,0.016755968,11.425433,0.96752083,69857235049588736,69857235049588736,0.038902376,1.0,400.91857005756253
69911867033651200,56.25512663573019,25.351427914366585,7.338951516005683,0.0935944,19.72096734544033,0.09867371,-46.16514955455619,0.07821704,17.140594,1.0328075,69911867033651200,69911867033651200,0.05381704,1.0,78.41229126224192
68236795427794816,54.88473033037803,24.266864029139793,7.182498896457282,0.057205863,19.773563485274593,0.063102424,-45.54958301411696,0.0461056,16.123356,0.967869,68236795427794816,68236795427794816,0.11564571,1.0,125.55529245611004
68268165869533568,55.73575580016508,24.22917036681453,7.53592059810258,0.088769585,19.901504654785434,0.090990655,-46.99139134250538,0.069249965,17.094841,1.0597413,68268165869533568,68268165869533568,0.14632481,0.9,84.89304762533177
68303487680516224,56.109579035829455,24.58950062402356,7.465685925621427,0.019542068,19.65581279402085,0.027865015,-46.0475584579759,0.016938547,11.282754,0.9851145,68303487680516224,68303487680516224,0.079357035,1.0,382.03151441175805
68142374866825216,54.64259896949574,23.71853047856418,7.484155963925398,0.087118775,21.01251130526328,0.110573165,-46.68696199242911,0.087427184,17.183352,0.9777166,68142374866825216,68142374866825216,0.09596078,1.0,85.90749805400591
68162921990400256,55.3454099178269,23.929907412099855,7.4679281450793535,0.06323023,20.87002088439918,0.079402454,-43.94528385521718,0.05231791,16.227856,1.125092,68162921990400256,68162921990400256,0.27266896,1.0,118.10692415987208
69250235911393408,53.50763487451828,24.88070575164937,7.156091026598196,0.021502381,21.298905914146786,0.024460707,-44.65588757463758,0.016093811,10.720195,1.2662133,69250235911393408,69250235911393408,0.047572255,0.9,332.8045839735826
69824730737081600,56.04708125749789,24.876052864566486,7.304577520790359,0.118613005,21.31058632521194,0.15028265,-44.48411389935676,0.09943701,17.5378,0.9636664,69824730737081600,69824730737081600,0.1893889,0.9,61.583276978970986
69840879814047872,56.26681313037545,25.257646866907518,7.428143353032573,0.020095354,18.647569844836685,0.019928286,-45.40830146952662,0.015787633,10.546825,1.1489583,69840879814047872,69840879814047872,0.086551666,1.0,369.64481307272416
69873418486230272,56.516010356725836,25.452796196778696,7.318591468953866,0.01851313,22.57188830405141,0.023004113,-44.96015851641579,0.015707357,13.811097,1.044891,69873418486230272,69873418486230272,0.102750786,1.0,395.3189687230825
68185221460637824,55.193032686945266,24.15698842702024,7.313755069457189,0.06649628,21.151802316635575,0.09194762,-45.716889789305,0.066816084,16.584269,1.0239469,68185221460637824,68185221460637824,0.008622862,1.0,109.98742726269707
68265279651517056,55.6096175581733,24.23535016563705,7.57228714125954,0.055348236,19.868715221579592,0.05988802,-46.09518805063374,0.045445357,16.258966,0.98980755,68265279651517056,68265279651517056,0.15409411,1.0,136.811715655982
68284104491279872,55.556263419518594,24.31367196396033,7.2306568674940594,0.12936121,18.714216042268447,0.15375024,-45.28656130692565,0.11986016,17.849161,1.0448145,68284104491279872,68284104491279872,0.06604831,1.0,55.895092056811514
68298093201624960,55.835796179377716,24.442916087967557,7.584572766317957,0.10867055,21.33759087827145,0.11073546,-45.45382690982051,0.07809203,17.32333,1.0291365,68298093201624960,68298093201624960,0.17005257,0.9,69.79418925831966
68378563708730624,55.61946862852414,25.016595598106125,7.45337654581492,0.047156304,20.52420211977235,0.06733053,-46.80795882578826,0.033280198,15.265487,1.1158209,68378563708730624,68378563708730624,0.06552792,1.0,158.0568427645916
68452265347345664,54.36004148465337,24.566847608055824,7.6843995450564755,0.057075754,21.86722337948649,0.07139313,-47.38561218246143,0.05494059,16.482616,1.0397055,68452265347345664,68452265347345664,0.056864265,0.9,134.6350951562289
69819027020489088,56.350629556134706,24.88577921413498,7.384165584979173,0.0156025095,20.543402898057757,0.02033306,-45.56968459352292,0.012904941,9.570481,1.0151197,69819027020489088,69819027020489088,0.109147385,1.0,473.2678156145119
69863454162150656,56.32088462821245,25.263083122576166,7.324419380236703,0.03601355,19.925733136652973,0.034718927,-43.96283417147319,0.025325984,14.92041,1.1241428,69863454162150656,69863454162150656,0.055829316,1.0,203.3795381291098
69947635521777152,56.905696548985354,25.33384802905008,7.208952742799342,0.06527383,18.452672337497226,0.09248493,-45.72217892673376,0.054383565,16.461193,1.006535,69947635521777152,69947635521777152,0.1411581,1.0,110.44170190156109
68303659479211776,56.04008371332776,24.589372669344755,7.234274294425554,0.04615596,20.89388577967105,0.056015063,-44.314259118680184,0.040558103,15.863776,1.0643665,68303659479211776,68303659479211776,0.08446354,0.9,156.73543337677748
69294319455655808,53.98363478173581,25.366356644857383,7.3592640392044775,0.03377259,22.337696331366647,0.036146525,-45.527383228337285,0.030206645,15.154167,1.0538728,69294319455655808,69294319455655808,0.11390172,1.0,217.90640611287412
69811364798863744,56.103485703428014,24.768212832129016,7.383367795347211,0.025824912,20.0096511843737,0.036148015,-45.86504913512492,0.021562146,14.463644,1.0521954,69811364798863744,69811364798863744,0.059691243,1.0,285.9009868496794
69811639676769536,56.08380493090035,24.7959610969443,7.509212453253538,0.019412043,19.89864206870716,0.027445775,-46.56763611816304,0.016257709,10.473494,1.2359731,69811639676769536,69811639676769536,0.08845578,1.0,386.8326800221176
69871219462957952,56.69080914397628,25.45824837858355,7.422793427745172,0.03803826,20.648906381777124,0.05158128,-46.51161940726877,0.032983687,15.6527,1.0399888,69871219462957952,69871219462957952,0.10208136,1.0,195.1401874532068
71100404743364992,55.485423565219484,27.049300667730154,7.582136892000841,0.09021635,21.17369495320468,0.09011833,-47.08196462791402,0.069544226,16.844255,1.0609542,71100404743364992,71100404743364992,0.08228922,0.9,84.04392989575325
71103428400426368,55.471078189588205,27.078469980586092,7.352313329316505,0.09685953,20.29106205358053,0.0958114,-45.68373385130346,0.074047424,16.893152,1.0431647,71103428400426368,71103428400426368,0.44016904,0.9,75.90696918085962
71108440625265280,55.912152687390275,27.01689344109369,7.469524192307425,0.13896443,20.951342267326574,0.18907116,-45.77451941328795,0.12771666,17.805464,1.0361651,71108440625265280,71108440625265280,0.38243762,0.9,53.75133924059352
70072773688658432,56.87751552406311,26.278915634638096,7.392871542707543,0.05059735,20.972828410771882,0.054147717,-46.211325096638944,0.0400052,15.803625,1.1019601,70072773688658432,70072773688658432,0.14289726,0.9,146.11182977183486
69968113925681408,56.88781044276308,25.638312433124966,7.160889198044508,0.06340412,18.80303468296861,0.07605813,-44.158558927294074,0.05204141,16.606457,1.0144483,69968113925681408,69968113925681408,0.26322803,1.0,112.94043890248516
69988489250631680,57.33572618441402,25.81781951369322,7.747734110425985,0.017780812,19.652589032555056,0.018518,-47.62953161731615,0.012593997,13.315139,1.1851069,69988489250631680,69988489250631680,0.09758817,0.9,435.7356633209977
70200935512668800,55.4953184075574,26.205753750089364,7.042131602648405,0.04379681,19.524101171738504,0.05992522,-44.17768915147208,0.037627,15.668273,0.84203464,70200935512668800,70200935512668800,0.08322239,1.0,160.79096631020093
70252681278085376,56.064126288551066,26.331020873579526,7.252740248540545,0.018496506,20.03882786956428,0.018502748,-44.72280594741012,0.014305511,10.86981,1.0061343,70252681278085376,70252681278085376,0.11258069,1.0,392.1140717836987
70461554129560448,57.051972156311926,26.58360374254647,7.582671190496229,0.01881058,20.9839848688399,0.028171523,-46.5651161931697,0.015705133,13.178868,1.029075,70461554129560448,70461554129560448,0.053424012,1.0,403.1067287976007
70495707709395584,57.526829832795514,26.97174736066095,7.469647336402018,0.075587675,19.551514295073243,0.082304396,-45.636413127877326,0.05677974,16.917927,1.0062532,70495707709395584,70495707709395584,0.09960253,0.9,98.82096967307817
70158977974956672,55.17747786165172,25.70526832583363,7.396323568957691,0.015220846,20.785015570847214,0.017531838,-45.87098952659123,0.014633431,12.313311,1.1459452,70158977974956672,70158977974956672,0.100756675,1.0,485.9338005857229
70165476262750976,55.168079441605656,25.846594275332414,7.256145998522227,0.049516518,20.865652578504715,0.052784935,-45.70745967540279,0.04256391,16.019033,1.014686,70165476262750976,70165476262750976,0.030688703,1.0,146.5399091073495
70356580830628864,56.02056349331565,26.96946450921715,7.474264263220654,0.09915172,20.58947399635434,0.13269654,-45.55254574314508,0.08265476,17.315113,0.95486456,70356580830628864,70356580830628864,0.10611039,1.0,75.38209151115738
70493268167993984,57.409403943429396,26.851435079305364,7.310328046118832,0.05131594,19.59946001609844,0.05616553,-45.50857523991807,0.0400625,16.096619,1.0729588,70493268167993984,70493268167993984,0.28266597,1.0,142.4572543258744
70010303387697024,57.401390021101875,26.037727888727037,7.402525727526368,0.14160812,20.3860061379901,0.17729297,-44.998275638273896,0.11713224,17.725769,1.0504239,70010303387697024,70010303387697024,0.19397119,0.9,52.27472675458143
70127955428529536,55.77098887380925,25.742928469245964,7.525572168680947,0.0775419,20.486585613944392,0.084156714,-47.0037030119274,0.06652268,16.52787,1.0766809,70127955428529536,70127955428529536,0.09832705,1.0,97.05168315962102
70189837317110016,55.04559055682499,26.11121030197882,7.124132246599021,0.07682649,20.132120655612773,0.08588973,-43.72299645323373,0.06576003,16.743217,1.0204114,70189837317110016,70189837317110016,0.06466506,1.0,92.73015341158752
71161771235981312,54.95066129651742,27.189358701917822,7.2850501607867075,0.04997279,19.866940764230577,0.048587963,-44.06275743425881,0.03687296,15.792248,1.0180703,71161771235981312,71161771235981312,0.095222265,0.9,145.78033330232103
69964879813013248,56.83709232128784,25.525638838893478,7.44663752434784,0.02141899,19.303587860106475,0.031532314,-45.56852791313415,0.018631194,9.696473,1.1370097,69964879813013248,69964879813013248,0.14817742,1.0,347.66519462907195
70153484713977472,55.82948712890788,26.078747132934307,7.333114923095777,0.06654145,20.089343981375066,0.08870939,-45.585505053169854,0.051336523,16.255726,1.1012641,70153484713977472,70153484713977472,0.078732364,1.0,110.20371689449114
70274190474468864,56.868431608315476,26.534764624622056,7.372225510083305,0.05685108,20.170626566598024,0.08393523,-46.3115765151861,0.05601539,16.338064,1.0026253,70274190474468864,70274190474468864,0.3188965,1.0,129.67608195076764
70097581419826944,55.68259731255876,25.534924792183052,7.281823665960581,0.038002826,20.132943253920264,0.0423813,-45.387221011575406,0.03426891,15.527512,1.0474272,70097581419826944,70097581419826944,0.06317889,1.0,191.61268726609322
70132658415356672,56.01878964027544,25.856103737794054,7.308381076735373,0.0190633,19.256685715816424,0.024754882,-43.26668931115148,0.016977781,12.512795,1.1794591,70132658415356672,70132658415356672,0.09369821,0.9,383.374403175921
70152144684310144,55.94626178163878,26.07635238903365,7.123962622313409,0.053442292,20.134319603109525,0.08024901,-44.8751076038033,0.046707314,15.8355,1.1097306,70152144684310144,70152144684310144,0.104682475,1.0,133.30196679417355
70175474946486784,55.04463153936919,25.824830637268388,7.083079593121529,0.08727159,18.865772908616623,0.09735536,-43.41389944645241,0.07873516,17.180622,1.0204391,70175474946486784,70175474946486784,0.06562925,0.9,81.16134137301236
70313016978627584,55.90868834592439,26.612313861082,7.034812837832362,0.020927692,18.96927253509914,0.018791556,-43.74373870479166,0.013638297,13.390502,1.0334506,70313016978627584,70313016978627584,0.12505347,0.9,336.14852962491983
70044628765739776,56.581037881379835,26.043073251837463,7.478152057866121,0.021972712,20.32368054054732,0.02301888,-45.981859892008316,0.017742243,14.088978,1.0073797,70044628765739776,70044628765739776,0.034031507,1.0,340.33814368667186
71021927100882560,54.40012598188154,26.546680445444792,7.385659108154691,0.025470547,20.966945823907082,0.025984513,-45.68616378212249,0.020174209,14.186597,1.1519417,71021927100882560,71021927100882560,0.033218857,1.0,289.9686056419688
69983369649631872,57.30272250751295,25.701870446427428,7.316276018466569,0.04719304,18.700357787215395,0.046948805,-45.534717517686616,0.03327201,15.634993,1.0931144,69983369649631872,69983369649631872,0.063777044,1.0,155.02871061386273
70215705904150272,55.29810728691407,26.27180407732168,7.132856574908565,0.113114305,19.351208005030358,0.14467186,-44.35235596193266,0.09789741,17.529934,0.8872926,70215705904150272,70215705904150272,0.33430022,1.0,63.05883756225499
70334384440377472,56.267614732161,26.67893635265186,7.298202957063744,0.068067715,20.27005069560436,0.07952121,-46.1055272257311,0.061172895,16.74325,0.96633023,70334384440377472,70334384440377472,0.17565037,1.0,107.21974438188285
70404894921335936,58.05086694633157,26.36901020529036,7.54602310802559,0.042776063,19.160902473229925,0.04528918,-45.61156928947737,0.029814798,15.24355,1.0936141,70404894921335936,70404894921335936,0.17638889,1.0,176.40761126382975
71079441007018880,55.55263764668938,26.829034565564307,7.086826200784055,0.08505451,19.35806358409925,0.07928431,-43.6276910142518,0.05987492,16.544268,1.145876,71079441007018880,71079441007018880,0.17734067,1.0,83.32099327399415
70462688000922880,56.99008522853177,26.629052685627993,7.56666014095888,0.020971194,19.924911254896276,0.032539006,-47.516873975998095,0.01671395,11.462444,0.8562191,70462688000922880,70462688000922880,0.13997722,1.0,360.8120822095311
70938810893886208,54.84346435803241,26.19321979914525,7.299654038284225,0.08634946,20.813997433170137,0.080821395,-46.9775282840436,0.06726177,16.576252,1.0285347,70938810893886208,70938810893886208,0.051277604,1.0,84.5361887546808
69985637392346496,57.38677013764583,25.796211207355963,7.371013649320316,0.06741372,19.710225185339752,0.07571912,-46.362178155307696,0.050071668,16.544926,1.078974,69985637392346496,69985637392346496,0.13841783,1.0,109.33996702393753
70160287942261376,55.29287492170479,25.76541903413525,7.797466246499463,0.048503,21.563527220546952,0.05241033,-47.149997250522,0.038666125,16.040766,1.0487144,70160287942261376,70160287942261376,0.099233836,0.9,160.7625548936489
70403589251055232,57.66551653056659,26.572152647659053,7.4260770760735255,0.076153435,20.43277827187154,0.0762051,-46.53089579671571,0.054485638,16.577065,1.0436798,70403589251055232,70403589251055232,0.08977737,0.9,97.51467014333055
71042439864623104,54.826330715713276,26.793219430085944,7.363458335150091,0.019031681,20.26272089965141,0.02293483,-45.49681699821517,0.015724605,13.478973,1.1605082,71042439864623104,71042439864623104,0.06488477,1.0,386.90530219418724
69990241597280640,57.28688342330232,25.896715001014076,7.293267658349723,0.033220295,18.813621738748836,0.034767594,-46.1659037655231,0.024738854,15.00792,1.0934405,69990241597280640,69990241597280640,0.07578583,1.0,219.54253231135394
70049477786093056,56.53968722097999,26.138648534145094,7.485472360190818,0.022358008,20.089646263149955,0.024185034,-45.749888817886266,0.018253962,11.516263,1.1745491,70049477786093056,70049477786093056,0.18345916,1.0,334.80050865461027
70060610341280128,56.93293309774499,26.224011715764593,7.117148539463226,0.073083125,20.062687055667485,0.084446244,-44.78331391588192,0.06284233,16.817139,0.9817764,70060610341280128,70060610341280128,0.09601198,0.9,97.3842940367292
71056252479453056,54.61606337251374,26.856931797117696,7.0861817693181415,0.09674208,20.1204783360033,0.12709774,-45.02501870256141,0.08699747,16.93793,1.0791752,71056252479453056,71056252479453056,0.052255463,0.9,73.24818597377866
70150357977789056,55.85925726123208,26.04171814484886,7.531798746166224,0.041320127,21.04499085890347,0.055109035,-46.57714171018587,0.03303694,15.682308,0.94088715,70150357977789056,70150357977789056,0.12748958,1.0,182.27917926366226
69974504837007232,56.89244548480664,25.718164825630673,7.673490988631685,0.061190385,20.19878544649288,0.072547905,-46.51248487600978,0.049131535,16.268084,1.0261426,69974504837007232,69974504837007232,0.07187323,1.0,125.4035408022186
70028170451469312,56.84109229961472,25.897739265702654,7.171909892274891,0.024377132,20.30233114114823,0.023567459,-45.190117254010005,0.016276434,14.385638,1.0687273,70028170451469312,70028170451469312,0.08832953,1.0,294.20646944558257
70037795475083008,56.46921136036221,25.91649075166607,7.026509807199092,0.0538138,19.50747216059418,0.068441264,-44.04160172413718,0.04709239,15.976979,1.2229246,70037795475083008,70037795475083008,0.16418134,0.9,130.57077885286333
70121805035254144,55.51973531138045,25.885673026076415,7.455247491858338,0.018205592,21.057609030003384,0.018350184,-46.89673268846661,0.013836534,12.406143,1.1817119,70121805035254144,70121805035254144,0.092643194,1.0,409.5031529028642
69996976105980800,57.39710417795447,25.992811633357707,7.548105197674344,0.07340198,20.634656702016997,0.09392334,-46.82215032006613,0.062155847,16.722004,1.0806928,69996976105980800,69996976105980800,0.098679565,0.9,102.83244657949331
70042743277270016,56.42996532020241,26.040585885875117,7.286612572195774,0.056471862,20.260907066879618,0.065138854,-44.030689839099395,0.045519736,16.206894,1.1960437,70042743277270016,70042743277270016,0.09748547,1.0,129.03085407810553
70091259227969920,55.65988578713487,25.478848353058403,7.234602964116197,0.13170081,20.460033482893287,0.1428001,-44.29195405773243,0.12016019,17.84341,1.0223122,70091259227969920,70091259227969920,0.059838858,1.0,54.932105254371635
70169251536714624,55.49621763545559,25.920717603367972,7.291083068714323,0.016311152,20.577735288715886,0.016477574,-45.13735752166035,0.012680586,12.449474,1.0878749,70169251536714624,70169251536714624,0.0868951,1.0,446.9998875832484
70234882933734400,56.22103743980827,26.14179686806,7.831227884182649,0.01509799,21.608963391389935,0.018705988,-48.860303460513464,0.012931634,12.130169,0.9503228,70234882933734400,70234882933734400,0.07089265,0.9,518.6934180913906
70242785673539712,56.28429366184955,26.29231185969051,7.363967286383346,0.02564819,19.67389418735072,0.026386384,-45.70708260116016,0.018574245,11.22545,1.0814631,70242785673539712,70242785673539712,0.20523803,1.0,287.114504768221
70019378655328768,56.667843836000486,25.73135614781764,7.286429472382369,0.04829554,20.282933618253516,0.06396331,-44.51992939679294,0.038450267,15.82318,1.0549431,70019378655328768,70019378655328768,0.22288936,1.0,150.8716879963068
70098612211973248,55.78162924002444,25.574598690436172,7.407633218727595,0.057617493,20.444284880819517,0.060771182,-45.94911671972156,0.045768145,16.097664,0.92638355,70098612211973248,70098612211973248,0.18499438,1.0,128.56569830442712
