star_index,delta_R_signed,delta_R_abs,R_after,E_real_after,source_id,ruwe,aen,phot_g_mean_mag
0,-0.0033774403524473,0.0033774403524473,0.840430487770128,14.166734701082556,1.7674619351804672e+16,0.7844211,,17.063295
1,-0.0019970524669183,0.0019970524669183,0.8418108756556569,14.166734701082556,1.7919668711041664e+16,1.1111869,,14.311394
2,-0.0028707277628051,0.0028707277628051,0.8409372003597702,14.166734701082556,3.616462536180813e+16,1.0243692,,9.448895
3,-0.0012249568090682,0.0012249568090682,0.8425829713135071,14.226454088140471,3.878534568645939e+16,1.132905,,16.027376
4,-0.0064845040287409,0.0064845040287409,0.8373234240938344,14.097148403769236,4.09031425183529e+16,1.1444765,,14.044017
5,-0.0198253484818577,0.0198253484818577,0.8239825796407175,13.877752466814364,4.271640899380608e+16,1.3469818,,12.962056
6,-0.0021958688686694,0.0021958688686694,0.8416120592539059,14.166734701082556,4.325681895853005e+16,1.1461537,,14.913305
7,-0.0069094639266417,0.0069094639266417,0.8368984641959336,13.97894590310902,4.419707319884006e+16,1.3095304,,7.5167327
8,-0.0011661272687835,0.0011661272687835,0.8426418008537918,14.226454088140471,4.578926911435763e+16,1.0511117,,16.566332
9,-0.0006995275143508,0.0006995275143508,0.8431084006082245,14.226454088140471,4.731996109884019e+16,1.2429767,,14.702765
10,-0.000815532033357,0.000815532033357,0.8429923960892183,14.226454088140471,4.754110037501197e+16,1.0341549,,6.7013855
11,0.0027117086959419,0.0027117086959419,0.8465196368185173,14.267154858687086,4.78818115406368e+16,1.0048102,,15.451751
12,-0.0018829934462202,0.0018829934462202,0.8419249346763551,14.226454088140471,4.820348741142746e+16,1.0189565,,7.3269024
13,-0.0048835153486,0.0048835153486,0.8389244127739752,14.097148403769236,4.83777600046048e+16,1.0843853,,16.27469
14,-0.0026782231608928,0.0026782231608928,0.8411297049616825,14.166734701082556,4.95186063976887e+16,1.2826312,,12.767507
15,0.0056774086853561,0.0056774086853561,0.8494853368079315,14.267154858687086,5.824525838882496e+16,1.277386,,12.20945
16,-0.0029373370099021,0.0029373370099021,0.8408705911126731,14.166734701082556,6.080499017886618e+16,1.268524,,15.437747
17,-0.0026494663773177,0.0026494663773177,0.8411584617452575,14.166734701082556,6.681876902683648e+16,1.0360358,,16.275337
18,0.0002691125814948,0.0002691125814948,0.8440770407040702,14.226454088140471,6.823009527881779e+16,1.153167,,15.720553
19,-0.0017319390488471,0.0017319390488471,0.8420759890737282,14.226454088140471,1.4539148485548134e+17,0.9711737,,5.6573215
20,-0.0045552524894966,0.0045552524894966,0.8392526756330787,14.166734701082556,1.499565196941047e+17,1.0423055,,15.712513
21,0.0022143683815987,0.0022143683815987,0.846022296504174,14.226454088140471,3.286525162632366e+18,1.088816,,15.582938
22,-0.0068477093355939,0.0068477093355939,0.8369602187869813,14.097148403769236,3.2875180517004785e+18,1.3381318,,12.571866
23,-0.0035599918986943,0.0035599918986943,0.8402479362238809,14.166734701082556,3.2998436500590024e+18,0.94374764,,17.226814
24,-0.0033920049000656,0.0033920049000656,0.8404159232225097,14.166734701082556,3.301057132938704e+18,1.0380728,,17.264894
25,-0.0016768877439724,0.0016768877439724,0.8421310403786029,14.166734701082556,3.301326990027725e+18,1.0470241,,15.227621
26,0.0020867339981734,0.0020867339981734,0.8458946621207488,14.267154858687086,3.3040852910407096e+18,1.277032,,12.671817
27,-0.0070244263226419,0.0070244263226419,0.8367835017999333,14.097148403769236,3.305847670741197e+18,1.196319,,13.627426
28,-0.0007297531226291,0.0007297531226291,0.8430781749999462,14.226454088140471,3.306247446297683e+18,1.139482,,14.648657
29,-0.0027245124600352,0.0027245124600352,0.8410834156625401,14.166734701082556,3.309540449262797e+18,1.0351243,,15.278489
30,-0.0047533416771008,0.0047533416771008,0.8390545864454745,14.097148403769236,3.3102412848461133e+18,1.0326922,,14.548188
31,-0.0013662517543063,0.0013662517543063,0.8424416763682689,14.226454088140471,3.310870961411515e+18,1.0306729,,15.941237
32,-0.0015960301805936,0.0015960301805936,0.8422118979419817,14.226454088140471,3.311221224583178e+18,1.1603436,,7.1384563
33,-0.0017457349742733,0.0017457349742733,0.842062193148302,14.226454088140471,3.311221224584456e+18,1.041326,,8.366908
34,-0.0017236766229379,0.0017236766229379,0.8420842514996374,14.226454088140471,3.313541056680391e+18,1.2141644,,13.549859
35,-0.0051389261387732,0.0051389261387732,0.8386690019838021,14.153430356740984,3.313759000500605e+18,1.0585245,,9.9699745
36,-0.0016777609601474,0.0016777609601474,0.8421301671624278,14.226454088140471,3.31417217635487e+18,1.3391236,,15.966055
37,0.0020801897684858,0.0020801897684858,0.8458881178910612,14.226454088140471,3.314267971305605e+18,1.0752541,,14.910454
38,-0.0016789675425813,0.0016789675425813,0.842128960579994,14.226454088140471,3.41043974512743e+18,1.1980227,,13.956485
39,-0.00181002917066,0.00181002917066,0.8419978989519152,14.226454088140471,3.410639993682265e+18,1.236391,,13.744849
40,-0.0030185264785315,0.0030185264785315,0.8407894016440438,14.166734701082556,9020084156912384.0,0.9738647,,17.301596
41,-0.0019825456774521,0.0019825456774521,0.8418253824451232,14.226454088140471,3.829575377463078e+16,1.1516732,,13.132474
42,-0.0060992975156609,0.0060992975156609,0.8377086306069144,14.097148403769236,4.090314251899174e+16,0.9270899,,9.475451
43,-0.0069301084171181,0.0069301084171181,0.8368778197054572,14.097148403769236,4.352286641339456e+16,0.9800398,,15.386196
44,-0.0016466444040155,0.0016466444040155,0.8421612837185598,14.226454088140471,4.771506373074688e+16,1.1971184,,14.589073
45,0.0147535450454552,0.0147535450454552,0.8585614731680306,14.429759608229274,4.801182879123482e+16,1.0545962,,7.7753973
46,-0.0017676291892008,0.0017676291892008,0.8420402989333745,14.226454088140471,5.26401542687145e+16,1.0036745,,16.29227
47,-0.0006813840530243,0.0006813840530243,0.843126544069551,14.226454088140471,6.166927503716006e+16,1.2141445,,14.367213
48,-0.0002329625024974,0.0002329625024974,0.8435749656200778,14.226454088140471,6.56930752787895e+16,1.1348873,,15.846509
49,0.00054982832246,0.00054982832246,0.8443577564450354,14.226454088140471,1.443873902208754e+17,1.1361194,,16.130373
50,-0.0017723154731049,0.0017723154731049,0.8420356126494704,14.226454088140471,1.452931816430382e+17,1.1262136,,15.070739
51,-0.0012016821440925,0.0012016821440925,0.8426062459784828,14.226454088140471,1.478729451583012e+17,0.9886598,,15.403056
52,0.0021426392311973,0.0021426392311973,0.8459505673537727,14.226454088140471,1.499527744824155e+17,1.1873564,,13.109989
53,-0.0027479430093966,0.0027479430093966,0.8410599851131787,14.166734701082556,3.276041594138711e+18,1.1122813,,10.547561
54,0.0008263129383874,0.0008263129383874,0.8446342410609627,14.226454088140471,3.2771756029452365e+18,1.3329722,,13.711104
55,0.0042819990220454,0.0042819990220454,0.8480899271446207,14.267154858687086,3.296669944105874e+18,1.194276,,10.615284
56,-0.0024795572678316,0.0024795572678316,0.8413283708547437,14.166734701082556,3.299240189974188e+18,1.0814495,,12.392045
57,0.0028035386736883,0.0028035386736883,0.8466114667962636,14.267154858687086,3.2994071095831644e+18,1.207897,,14.366852
58,-0.0036638050229785,0.0036638050229785,0.8401441230995967,14.166734701082556,3.3037385282650286e+18,1.0056497,,17.829847
59,-0.0014861276120969,0.0014861276120969,0.8423218005104783,14.226454088140471,3.305512074880682e+18,1.091716,,8.535169
60,-0.0010371148561596,0.0010371148561596,0.8427708132664157,14.166734701082556,3.309143388126132e+18,1.0808465,,13.11472
61,-0.0071535006588822,0.0071535006588822,0.8366544274636931,14.097148403769236,3.30928952009335e+18,1.0646737,,14.493251
62,-0.0027078136484327,0.0027078136484327,0.8411001144741426,14.166734701082556,3.3093500232968443e+18,0.9487724,,17.334433
63,-0.0023213152026982,0.0023213152026982,0.841486612919877,14.226454088140471,3.310857011357832e+18,1.0941074,,14.462616
64,0.0031171671778252,0.0031171671778252,0.8469250953004006,14.226454088140471,3.311207923069228e+18,1.0990951,,12.915172
65,-0.0020173988726767,0.0020173988726767,0.8417905292498986,14.226454088140471,3.311514210073309e+18,0.9563937,,8.303924
66,-0.0019456646013288,0.0019456646013288,0.8418622635212465,14.226454088140471,3.3118045155027886e+18,1.3029861,,14.355454
67,-0.0024176864489365,0.0024176864489365,0.8413902416736387,14.226454088140471,3.3122816691894497e+18,1.0427548,,9.294652
68,-0.0049208144492823,0.0049208144492823,0.8388871136732929,14.097148403769236,3.31239206702869e+18,1.1148694,,14.053024
69,-0.0027284078181883,0.0027284078181883,0.8410795203043869,14.226454088140471,3.312899491645516e+18,1.2348258,,9.932404
70,-0.0026012071316994,0.0026012071316994,0.8412067209908759,14.226454088140471,3.3129517485109074e+18,0.96152544,,8.859189
71,0.0013494691039843,0.0013494691039843,0.8451573972265597,14.226454088140471,3.312989136204156e+18,1.3811661,,15.112911
72,-0.0025028267361167,0.0025028267361167,0.8413051013864585,14.226454088140471,3.313842529024546e+18,1.2823561,,5.573977
73,-0.0001896104647377,0.0001896104647377,0.8436183176578376,14.226454088140471,3.410806054296962e+18,1.068587,,7.1246424
74,-0.0010794969437827,0.0010794969437827,0.8427284311787926,14.226454088140471,1.5962198711564032e+16,1.0304494,,13.403662
75,-0.000331502015311,0.000331502015311,0.8434764261072643,14.226454088140471,4.353829393587968e+16,1.0472568,,8.745134
76,0.0006391212625388,0.0006391212625388,0.8444470493851142,14.226454088140471,4.455657914106854e+16,1.037478,,17.251453
77,-0.005081590177994,0.005081590177994,0.8387263379445813,14.166734701082556,4.536705665075328e+16,0.9715326,,7.7056403
78,-0.0030115167330099,0.0030115167330099,0.8407964113895654,14.166734701082556,4.622982538360614e+16,1.2206408,,14.2412615
79,-0.0016072755708567,0.0016072755708567,0.8422006525517186,14.226454088140471,4.732229756102771e+16,1.2812126,,14.369595
80,0.0001151087355332,0.0001151087355332,0.8439230368581085,14.226454088140471,4.757748733824512e+16,1.07039,,15.318497
81,0.0003327823978125,0.0003327823978125,0.8441407105203879,14.226454088140471,4.920603585791923e+16,1.0469764,,14.999049
82,-0.0026221925574757,0.0026221925574757,0.8411857355650996,14.226454088140471,5.199590917395635e+16,1.1451414,,14.934368
83,-0.0037806934115646,0.0037806934115646,0.8400272347110107,14.166734701082556,5.204023323635878e+16,1.05956,,12.362413
84,-0.0024334573711636,0.0024334573711636,0.8413744707514117,14.226454088140471,5.254824196846541e+16,1.0237026,,8.929961
85,-0.002190685325908,0.002190685325908,0.8416172427966673,14.226454088140471,5.38257714027063e+16,1.3598814,,13.104071
86,-0.0059406257127155,0.0059406257127155,0.8378673024098597,14.040982317365716,5.641378125497408e+16,0.94371486,,5.914572
87,-0.0039468556902787,0.0039468556902787,0.8398610724322966,14.166734701082556,5.702112398993446e+16,1.0352622,,15.837281
88,-0.0012920129697757,0.0012920129697757,0.8425159151527996,14.166734701082556,5.78331476879872e+16,1.2046438,,13.0851145
89,-0.0003275897134192,0.0003275897134192,0.843480338409156,14.226454088140471,6.801252941581683e+16,1.2167352,,16.295265
90,-0.0016171881835703,0.0016171881835703,0.842190739939005,14.226454088140471,1.445747882347556e+17,1.0093867,,15.912512
91,-0.0038826024011067,0.0038826024011067,0.8399253257214686,14.166734701082556,1.493587289643392e+17,0.986558,,17.054653
92,0.0002919747523428,0.0002919747523428,0.8440999028749182,14.226454088140471,3.276017095645266e+18,0.9412901,,7.368983
93,-0.0026173827694557,0.0026173827694557,0.8411905453531195,14.166734701082556,3.2773193941535124e+18,1.1264645,,14.663408
94,-0.0038335724135726,0.0038335724135726,0.8399743557090027,14.166734701082556,3.2775793985891994e+18,1.0855185,,15.2894335
95,-0.0017559890924649,0.0017559890924649,0.8420519390301103,14.166734701082556,3.296914825961791e+18,1.1048558,,13.313228
96,-0.0056792920957654,0.0056792920957654,0.8381286360268099,14.097148403769236,3.29728178796628e+18,1.1572468,,14.203828
97,-0.0020844979514274,0.0020844979514274,0.8417234301711479,14.166734701082556,3.301061324826769e+18,1.2644835,,15.998837
98,-0.0089029504632579,0.0089029504632579,0.8349049776593174,14.040982317365716,3.30192255167004e+18,1.014756,,10.689714
99,-0.0016986252345441,0.0016986252345441,0.8421093028880312,14.226454088140471,3.305027297628962e+18,1.2376113,,13.481202
100,-0.0024383517188957,0.0024383517188957,0.8413695764036796,14.226454088140471,3.310702770492165e+18,1.1053181,,11.98053
101,-0.0047460233479289,0.0047460233479289,0.8390619047746464,14.117487462885048,3.310850036330955e+18,1.0411904,,15.130323
102,-0.0026964650704593,0.0026964650704593,0.8411114630521159,14.226454088140471,3.311120722349949e+18,1.0222328,,15.127425
103,-0.0014286478560779,0.0014286478560779,0.8423792802664973,14.226454088140471,3.3118673251043533e+18,1.1081271,,15.160064
104,-0.0024040752558208,0.0024040752558208,0.8414038528667545,14.226454088140471,3.312575685471394e+18,0.99662864,,7.782416
105,0.0038535146113203,0.0038535146113203,0.8476614427338957,14.226454088140471,3.312824381257598e+18,1.2668233,,12.317213
106,-0.0014427800503005,0.0014427800503005,0.8423651480722748,14.226454088140471,3.3133464087638395e+18,1.0268568,,15.977622
107,-0.0025557597678247,0.0025557597678247,0.8412521683547506,14.166734701082556,3.313742056853382e+18,1.040371,,17.462467
108,-0.0055001899538358,0.0055001899538358,0.8383077381687395,14.166734701082556,3.313787381644566e+18,1.1364163,,15.094378
109,-0.0022748798043038,0.0022748798043038,0.8415330483182715,14.226454088140471,3.410856112139584e+18,1.0597311,,17.741829
110,-0.0040727251793071,0.0040727251793071,0.8397352029432682,14.166734701082556,1.6353968448495616e+16,1.261193,,14.490755
111,-0.0169237802990693,0.0169237802990693,0.8268841478235059,13.919179985724549,3.746387014833331e+16,1.2378039,,12.815305
112,-0.0037550465436886,0.0037550465436886,0.8400528815788867,14.166734701082556,4.143887955933043e+16,1.3003983,,14.19929
113,-0.0046411106432993,0.0046411106432993,0.839166817479276,14.166734701082556,4.378685228345626e+16,1.0760516,,14.911006
114,-0.0028029189120433,0.0028029189120433,0.841005009210532,14.226454088140471,4.596890182638502e+16,1.1694524,,10.819927
115,-0.0028061336732841,0.0028061336732841,0.8410017944492911,14.226454088140471,4.706820729721958e+16,1.3522114,,11.886165
116,-0.0029158352462315,0.0029158352462315,0.8408920928763438,14.226454088140471,4.798279481161408e+16,1.1425462,,15.132381
117,0.0044601976955827,0.0044601976955827,0.848268125818158,14.267154858687086,4.89282717322999e+16,1.1493336,,12.229612
118,-0.0027404035059334,0.0027404035059334,0.8410675246166419,14.226454088140471,4.934161938498394e+16,1.005421,,16.126862
119,-0.0027578358280235,0.0027578358280235,0.8410500922945517,14.226454088140471,4.940752136373363e+16,0.9981908,,16.82824
120,-0.0018596008286737,0.0018596008286737,0.8419483272939016,14.166734701082556,5.141516087742349e+16,0.9871985,,17.546206
121,-0.0020872918503652,0.0020872918503652,0.84172063627221,14.166734701082556,5.212362432344333e+16,1.1128623,,13.520589
122,-0.0029950073297725,0.0029950073297725,0.8408129207928028,14.166734701082556,5.312957438399053e+16,1.1100142,,15.663285
123,-0.0022202771774146,0.0022202771774146,0.8415876509451606,14.226454088140471,5.508670508054669e+16,1.1763669,,12.598526
124,-0.0026503894213028,0.0026503894213028,0.8411575387012725,14.166734701082556,5.680671922274547e+16,1.1208035,,14.478801
125,0.0013848979135451,0.0013848979135451,0.8451928260361204,14.226454088140471,5.774934428625882e+16,1.3442007,,14.217901
126,-0.0034868853651909,0.0034868853651909,0.8403210427573844,14.166734701082556,6.496155644820186e+16,1.1525114,,15.831441
127,-0.0042055678586695,0.0042055678586695,0.8396023602639058,14.166734701082556,6.502251062352627e+16,1.0431587,,7.293389
128,-0.0020992265465308,0.0020992265465308,0.8417087015760445,14.226454088140471,1.445747882347552e+17,1.1820005,,15.845898
129,-0.004371508661595,0.004371508661595,0.8394364194609802,14.166734701082556,1.4497885875682637e+17,1.1017748,,6.938979
130,-0.0019297168407393,0.0019297168407393,0.8418782112818359,14.226454088140471,1.453100522729682e+17,1.3524691,,12.076958
131,-0.0016966078479928,0.0016966078479928,0.8421113202745825,14.226454088140471,1.4537337727225766e+17,0.9829513,,7.0066395
132,-0.0032492020371657,0.0032492020371657,0.8405587260854096,14.226454088140471,1.4570573902246707e+17,1.0898572,,15.415481
133,-0.0024270520814041,0.0024270520814041,0.8413808760411712,14.226454088140471,1.4787754936324352e+17,1.0567849,,14.66773
134,-0.0003545118956052,0.0003545118956052,0.8434534162269701,14.226454088140471,1.6215085956104435e+17,1.0250592,,13.460632
135,0.004218728478968,0.004218728478968,0.8480266566015434,14.267154858687086,3.278207082289473e+18,1.1702569,,12.961828
136,-0.0034008114023567,0.0034008114023567,0.8404071167202186,14.166734701082556,3.285193619691347e+18,1.2089427,,12.537018
137,-0.0093580879813627,0.0093580879813627,0.8344498401412126,14.040982317365716,3.297063088232792e+18,0.9896304,,17.24545
138,-0.0022032970953577,0.0022032970953577,0.8416046310272176,14.166734701082556,3.297691802724351e+18,1.0542581,,15.360768
139,-0.0025460108981086,0.0025460108981086,0.8412619172244666,14.166734701082556,3.3025798878252063e+18,1.2729092,,14.1071205
140,-0.0011639629567562,0.0011639629567562,0.8426439651658191,14.166734701082556,3.3025986138825667e+18,1.2871121,,13.684223
141,2.2572224196437677e-05,2.2572224196437677e-05,0.8438305003467718,14.226454088140471,3.3047003303589806e+18,1.1621764,,9.632968
142,-0.0031349676049073,0.0031349676049073,0.8406729605176679,14.166734701082556,3.3048987922072525e+18,1.0060157,,15.885338
143,-0.0030305533846535,0.0030305533846535,0.8407773747379218,14.166734701082556,3.3052714235692124e+18,1.2653801,,17.995031
144,0.0039862018794295,0.0039862018794295,0.8477941300020049,14.267154858687086,3.3059663836374666e+18,1.3431464,,10.812435
145,-0.0027596242971202,0.0027596242971202,0.841048303825455,14.166734701082556,3.305972018634635e+18,0.93801093,,16.913305
146,-0.0007754901041929,0.0007754901041929,0.8430324380183823,14.226454088140471,3.306443434245315e+18,1.0930027,,14.798864
147,-0.002074983120364,0.002074983120364,0.8417329450022113,14.226454088140471,3.3073423537200645e+18,1.221669,,12.82486
148,-0.0015154556986234,0.0015154556986234,0.8422924724239519,14.226454088140471,3.307516660672932e+18,1.1834246,,13.70326
149,-0.0015797762670273,0.0015797762670273,0.842228151855548,14.226454088140471,3.3082697574183767e+18,1.238572,,13.615199
150,-0.0022481999412433,0.0022481999412433,0.841559728181332,14.166734701082556,3.309411909481617e+18,0.9790503,,16.928297
151,-0.0043086545848506,0.0043086545848506,0.8394992735377247,14.166734701082556,3.3099239726629985e+18,1.0463206,,15.625179
152,-0.0184292124761802,0.0184292124761802,0.8253787156463951,13.877752466814364,3.3099764056237445e+18,1.2069429,,13.46985
153,0.0002790319984903,0.0002790319984903,0.8440869601210657,14.166734701082556,3.3124257696359424e+18,1.2792013,,11.689961
154,-0.0018450086129055,0.0018450086129055,0.8419629195096697,14.226454088140471,3.3132851109907937e+18,1.2430022,,13.742438
155,-0.0021022396731862,0.0021022396731862,0.8417056884493891,14.166734701082556,9717316263341824.0,1.0738927,,15.162764
156,-0.0045967414448073,0.0045967414448073,0.839211186677768,14.166734701082556,3.621688652489101e+16,1.2509478,,16.83011
157,-0.0037451481574329,0.0037451481574329,0.8400627799651423,14.166734701082556,3.84534649736105e+16,1.0443559,,8.847413
158,-0.0018372453786101,0.0018372453786101,0.8419706827439651,14.166734701082556,4.33178418537536e+16,1.1663136,,13.397084
159,-0.0012849009538896,0.0012849009538896,0.8425230271686857,14.226454088140471,4.610658129838528e+16,1.2037457,,13.566901
160,-0.0019889133331236,0.0019889133331236,0.8418190147894516,14.226454088140471,4.775182865082586e+16,1.0328475,,17.380816
161,-0.0019197672827238,0.0019197672827238,0.8418881608398515,14.226454088140471,4.812308562386701e+16,1.0875779,,14.825043
162,-0.0009153510564785,0.0009153510564785,0.8428925770660968,14.226454088140471,4.832220030750259e+16,1.0822481,,15.244391
163,-0.0020647304778557,0.0020647304778557,0.8417431976447196,14.166734701082556,4.910206328929894e+16,0.92898816,,10.005727
164,-0.0026253188045244,0.0026253188045244,0.8411826093180509,14.226454088140471,4.913168138422195e+16,0.94564676,,17.93693
165,-0.0016901173113234,0.0016901173113234,0.8421178108112519,14.226454088140471,5.042738711845798e+16,1.205549,,14.678405
166,-0.0031477523398134,0.0031477523398134,0.8406601757827619,14.166734701082556,5.178916662974067e+16,1.0382744,,16.966316
167,-0.0050182070131425,0.0050182070131425,0.8387897211094327,14.097148403769236,5.826398444615654e+16,1.1157084,,16.734383
168,-0.0054605304785115,0.0054605304785115,0.8383473976440637,14.097148403769236,6.315103875343091e+16,1.1115524,,15.076131
169,-0.0008435802188559,0.0008435802188559,0.8429643479037193,14.166734701082556,6.474326902960384e+16,1.1120247,,13.868805
170,-0.003088814751408,0.003088814751408,0.8407191133711672,14.166734701082556,6.602918224027802e+16,1.0402217,,16.185543
171,0.0003748615651949,0.0003748615651949,0.8441827896877703,14.267154858687086,1.441712331063991e+17,0.9009007,,8.404495
172,-0.0007478373162383,0.0007478373162383,0.8430600908063369,14.166734701082556,1.4456362131967667e+17,1.2369301,,12.674474
173,-0.0029323519918982,0.0029323519918982,0.8408755761306771,14.166734701082556,1.4492316161969715e+17,0.8866072,,9.276911
174,-0.0017523333108722,0.0017523333108722,0.8420555948117031,14.226454088140471,1.4672739148145254e+17,1.0285324,,17.21223
175,0.0007365035055647,0.0007365035055647,0.8445444316281401,14.226454088140471,3.2771756029452365e+18,1.1017222,,15.030052
176,-0.0035475670325407,0.0035475670325407,0.8402603610900345,14.166734701082556,3.2841883224664207e+18,1.1613404,,13.291485
177,-0.004617337500926,0.004617337500926,0.8391905906216492,14.166734701082556,3.285104215652246e+18,1.2714674,,11.559703
178,-0.000767639314547,0.000767639314547,0.8430402888080283,14.226454088140471,3.306541222060029e+18,1.083339,,14.329639
179,-0.0015580129392509,0.0015580129392509,0.8422499151833244,14.226454088140471,3.307650109600736e+18,1.1548831,,4.974638
180,-0.0012047344933772,0.0012047344933772,0.8426031936291981,14.166734701082556,3.308216770405335e+18,0.91010374,,8.763728
181,-0.0007026824196525,0.0007026824196525,0.8431052457029228,14.226454088140471,3.309026702454622e+18,1.0979569,,14.530704
182,-0.0055245021781322,0.0055245021781322,0.838283425944443,14.166734701082556,3.309918646903564e+18,1.0284376,,16.722443
183,-0.0023066745215843,0.0023066745215843,0.8415012536009909,14.226454088140471,3.310615565476268e+18,1.1201186,,6.0480075
184,-0.0024552143464016,0.0024552143464016,0.8413527137761737,14.226454088140471,3.310640648085374e+18,1.3031068,,11.770583
185,-0.0024349647287428,0.0024349647287428,0.8413729633938325,14.166734701082556,3.311604954142079e+18,0.9733023,,15.63984
186,-0.0023960437376716,0.0023960437376716,0.8414118843849037,14.226454088140471,3.311934086075989e+18,1.077109,,14.218251
187,-0.0025459432999206,0.0025459432999206,0.8412619848226547,14.226454088140471,3.312025001943976e+18,1.1712971,,14.3163395
188,-0.000772334012569,0.000772334012569,0.8430355941100063,14.166734701082556,3.312498341699861e+18,1.0338377,,16.517054
189,-0.0020399696695161,0.0020399696695161,0.8417679584530592,14.226454088140471,3.3129213787987543e+18,1.1496408,,10.505475
190,-0.0022646700400495,0.0022646700400495,0.8415432580825257,14.226454088140471,3.313778207594396e+18,1.2495142,,12.13662
191,-0.0021594349227846,0.0021594349227846,0.8416484931997906,14.226454088140471,3.313977356636886e+18,1.213657,,14.583092
192,-0.0017782350673458,0.0017782350673458,0.8420296930552295,14.226454088140471,3.4095485565933005e+18,1.0817941,,16.200205
193,-0.0029660384728148,0.0029660384728148,0.8408418896497605,14.166734701082556,3.410717848551558e+18,1.1288325,,13.595163
194,-0.0039526198701311,0.0039526198701311,0.8398553082524441,14.166734701082556,1.0817721244195712e+16,0.9882838,,15.033169
195,-0.0026685763928664,0.0026685763928664,0.8411393517297089,14.166734701082556,1.207064910518784e+16,1.0397114,,11.857552
196,-0.0021481284744233,0.0021481284744233,0.841659799648152,14.166734701082556,1.6439043160641152e+16,1.2780064,,11.551069
197,-0.0024731159349367,0.0024731159349367,0.8413348121876386,14.166734701082556,3.800740684822003e+16,1.0279157,,17.796648
198,0.000702031201212,0.000702031201212,0.8445099593237874,14.226454088140471,4.276853271677709e+16,1.1460392,,15.004859
199,-0.002645648359998,0.002645648359998,0.8411622797625773,14.226454088140471,4.283062076341875e+16,1.1813793,,14.037052
200,-0.0041902663073254,0.0041902663073254,0.8396176618152499,14.166734701082556,4.444291712683366e+16,1.1010736,,17.364635
201,-0.008122480551477,0.008122480551477,0.8356854475710983,14.097148403769236,4.518165150084851e+16,1.1102312,,16.652367
202,-0.0025363679966836,0.0025363679966836,0.8412715601258917,14.203254907527183,4.605686275671232e+16,1.1109091,,14.36735
203,-0.0023281719640405,0.0023281719640405,0.8414797561585348,14.226454088140471,4.664486096078234e+16,1.1629097,,17.298828
204,-0.0026416289311125,0.0026416289311125,0.8411662991914628,14.226454088140471,4.900558114411878e+16,0.99531126,,8.424586
205,-0.000589220123118,0.000589220123118,0.8432187079994573,14.166734701082556,5.474901757199603e+16,1.1003746,,8.992449
206,0.0044916604348197,0.0044916604348197,0.8482995885573951,14.267154858687086,5.686166044275187e+16,1.2799835,,15.005209
207,0.0029840359195191,0.0029840359195191,0.8467919640420944,14.267154858687086,6.155746844800422e+16,1.1507385,,13.806926
208,-0.0022981463142449,0.0022981463142449,0.8415097818083304,14.166734701082556,6.254929665608294e+16,1.3211685,,14.353294
209,-0.0050757572377365,0.0050757572377365,0.8387321708848388,14.166734701082556,6.511974868296691e+16,1.169533,,10.236533
210,0.0023791519744753,0.0023791519744753,0.8461870800970507,14.267154858687086,6.537139940774976e+16,1.0670162,,8.645234
211,-0.0025403781732923,0.0025403781732923,0.841267549949283,14.226454088140471,1.4532554851651328e+17,1.0492755,,8.648896
212,-0.003099419298767,0.003099419298767,0.8407085088238083,14.166734701082556,1.4558341835321818e+17,1.1323928,,13.123557
213,-0.0011391820714389,0.0011391820714389,0.8426687460511364,14.226454088140471,1.4772100210004147e+17,1.1486603,,14.147766
214,-0.0018659744052508,0.0018659744052508,0.8419419537173245,14.166734701082556,1.4888525177189133e+17,1.0243918,,17.417719
215,-0.0022192875560254,0.0022192875560254,0.8415886405665499,14.226454088140471,1.4931309923471168e+17,1.0086342,,7.0662723
216,0.0001241743699972,0.0001241743699972,0.8439321024925726,14.226454088140471,3.2752197435568256e+18,1.1238166,,14.948189
217,-0.0053701356716435,0.0053701356716435,0.8384377924509318,14.166734701082556,3.297465681285849e+18,1.0216279,,15.948914
218,-0.001891319405635,0.001891319405635,0.8419166087169403,14.226454088140471,3.300934223858467e+18,0.8388157,,6.98168
219,0.0018075413050516,0.0018075413050516,0.845615469427627,14.267154858687086,3.304090857318319e+18,1.130613,,13.886915
220,-0.0035706247835574,0.0035706247835574,0.8402373033390179,14.166734701082556,3.304528291149024e+18,1.1564746,,14.506033
221,-0.0037060682048717,0.0037060682048717,0.8401018599177036,14.166734701082556,3.305831143707155e+18,1.1183785,,13.427269
222,-0.004121540526212,0.004121540526212,0.8396863875963633,14.166734701082556,3.306104544145237e+18,0.9651212,,8.573483
223,-0.0006853711262363,0.0006853711262363,0.843122556996339,14.226454088140471,3.306849703791333e+18,1.308712,,13.916038
224,-0.0024598202680922,0.0024598202680922,0.8413481078544831,14.226454088140471,3.3075280337462257e+18,0.99017215,,6.5178695
225,-0.002296865860313,0.002296865860313,0.8415110622622622,14.226454088140471,3.307645131734449e+18,1.1209549,,10.08551
226,-0.0034778549506754,0.0034778549506754,0.8403300731718999,14.166734701082556,3.3091149726223846e+18,1.107468,,11.800917
227,-0.0057273377826423,0.0057273377826423,0.838080590339933,14.166734701082556,3.309974344039456e+18,1.1719139,,14.388778
228,-0.0013089485359543,0.0013089485359543,0.842498979586621,14.226454088140471,3.410640887035453e+18,1.1435659,,10.12441
229,-0.0022838795893088,0.0022838795893088,0.8415240485332665,14.226454088140471,3.4112743088105626e+18,1.1967921,,13.992728
230,-0.002604355210648,0.002604355210648,0.8412035729119273,14.166734701082556,9207142867979264.0,1.1962527,,15.036983
231,0.0129603752134042,0.0129603752134042,0.8567683033359795,14.429759608229274,1.1279894084985344e+16,1.1809788,,13.714016
232,-0.0013051335412538,0.0013051335412538,0.8425027945813215,14.226454088140471,1.2812853812343168e+16,1.2157973,,13.850189
233,-0.0031912943025884,0.0031912943025884,0.8406166338199869,14.166734701082556,1.642681109379776e+16,1.0196385,,15.922812
234,-0.0037492973369291,0.0037492973369291,0.8400586307856461,14.166734701082556,3.703069692774182e+16,1.093891,,13.4134655
235,0.0006441506977049,0.0006441506977049,0.8444520788202803,14.226454088140471,3.938732830276864e+16,1.0012823,,16.62413
236,-0.0084300481441271,0.0084300481441271,0.8353778799784481,14.097148403769236,4.145516607709696e+16,1.0027472,,15.49641
237,-0.002038734782283,0.002038734782283,0.8417691933402923,14.226454088140471,4.224849807677773e+16,1.2211825,,13.861795
238,-0.0027901826305622,0.0027901826305622,0.841017745492013,14.166734701082556,4.237284596954138e+16,1.2225533,,15.229027
239,4.504078682932011e-05,4.504078682932011e-05,0.8438529689094046,14.166734701082556,4.279375276418074e+16,1.2193956,,11.065103
240,-0.0038127734247659,0.0038127734247659,0.8399951546978094,14.166734701082556,4.405217818213082e+16,1.038489,,14.841915
241,-0.0017666660877579,0.0017666660877579,0.8420412620348173,14.226454088140471,4.52935268088512e+16,1.1304576,,13.776278
242,-0.0019309072514863,0.0019309072514863,0.841877020871089,14.226454088140471,4.54041995280672e+16,1.1325415,,16.279293
243,-0.0019431629889385,0.0019431629889385,0.8418647651336367,14.226454088140471,4.584537856704832e+16,1.2179997,,13.75481
244,-0.0060546547922833,0.0060546547922833,0.8377532733302919,14.166734701082556,4.64982823163945e+16,1.2159941,,15.947894
245,-0.0010415158613609,0.0010415158613609,0.8427664122612144,14.226454088140471,4.689695835988173e+16,1.1182599,,14.224764
246,-0.0055437828692159,0.0055437828692159,0.8382641452533593,14.140910341364592,4.86042593998528e+16,0.9293044,,9.630756
247,-0.0014158138073651,0.0014158138073651,0.8423921143152102,14.226454088140471,4.912419096127066e+16,1.1433353,,14.746433
248,-0.001614887839027,0.001614887839027,0.8421930402835482,14.226454088140471,5.217134999994163e+16,1.3071724,,14.156531
249,-0.001597246590642,0.001597246590642,0.8422106815319332,14.166734701082556,5.369276055733734e+16,1.0593919,,17.805786
250,-0.0019756994543412,0.0019756994543412,0.841832228668234,14.226454088140471,5.394225091469747e+16,0.9663456,,9.199288
251,0.0030906732186092,0.0030906732186092,0.8468986013411846,14.267154858687086,5.409971729812173e+16,1.1618521,,14.129333
252,-0.002574950729038,0.002574950729038,0.8412329773935373,14.166734701082556,5.508082956499699e+16,1.292255,,13.924292
253,-0.0026686575495851,0.0026686575495851,0.8411392705729902,14.166734701082556,5.58869777460361e+16,1.1365254,,14.330101
254,0.0046105672596244,0.0046105672596244,0.8484184953821998,14.267154858687086,5.686169480405312e+16,1.0620921,,8.033154
255,0.0030497240752517,0.0030497240752517,0.846857652197827,14.226454088140471,5.766090231874496e+16,1.2184714,,14.540353
256,-0.0069174139862502,0.0069174139862502,0.8368905141363251,14.097148403769236,6.086834953632858e+16,1.012753,,13.932785
257,-0.0037997044173442,0.0037997044173442,0.8400082237052311,14.166734701082556,6.156306908527744e+16,1.1887887,,15.234828
258,-0.0024407867155122,0.0024407867155122,0.841367141407063,14.166734701082556,6.267099884912755e+16,1.0796592,,9.541726
259,-0.0045000730520854,0.0045000730520854,0.8393078550704899,14.166734701082556,6.460950656781286e+16,1.0275459,,16.752235
260,-0.0031242160221411,0.0031242160221411,0.8406837121004341,14.166734701082556,6.51516688798761e+16,1.0112412,,15.343157
261,-0.0025314798515775,0.0025314798515775,0.8412764482709978,14.166734701082556,6.539830308285261e+16,1.1091595,,14.368693
262,-0.0025720785308064,0.0025720785308064,0.8412358495917689,14.166734701082556,6.899140400181146e+16,1.1377299,,14.071927
263,0.003194253862145,0.003194253862145,0.8470021819847203,14.267154858687086,6.911674832739366e+16,1.2211262,,14.012529
264,0.0009270437792507,0.0009270437792507,0.8447349719018261,14.226454088140471,1.444189668199831e+17,1.008293,,14.794623
265,-0.0030955959259096,0.0030955959259096,0.8407123321966656,14.166734701082556,1.448357504445724e+17,0.95130813,,13.244518
266,-0.002836234642034,0.002836234642034,0.8409716934805412,14.166734701082556,1.456739562645655e+17,1.0871693,,16.76336
267,-0.0014493094274218,0.0014493094274218,0.8423586186951535,14.226454088140471,1.489460685082779e+17,1.1132354,,9.168365
268,-0.0090440287037525,0.0090440287037525,0.8347638994188228,14.097148403769236,1.4944909507780467e+17,1.0061282,,14.784808
269,-0.0032327448214086,0.0032327448214086,0.8405751833011667,14.166734701082556,3.27790574738403e+18,1.0545839,,17.469595
270,-0.0022788319971973,0.0022788319971973,0.841529096125378,14.166734701082556,3.278372902388248e+18,1.0913087,,16.209993
271,-0.0031614413522143,0.0031614413522143,0.840646486770361,14.166734701082556,3.286314640515593e+18,1.0970969,,13.662944
272,0.0022229318438913,0.0022229318438913,0.8460308599664667,14.267154858687086,3.29898180474129e+18,1.0883558,,12.939756
273,-0.0039345331974034,0.0039345331974034,0.8398733949251719,14.166734701082556,3.301795386278348e+18,1.1180011,,13.344066
274,-0.0034492313712682,0.0034492313712682,0.840358696751307,14.166734701082556,3.3032342003223014e+18,1.1186137,,13.767592
275,-0.0015379218086446,0.0015379218086446,0.8422700063139307,14.166734701082556,3.305219231127e+18,1.2305388,,13.790991
276,-0.0035453481524706,0.0035453481524706,0.8402625799701047,14.166734701082556,3.3066897248495165e+18,0.9647381,,16.165
277,-0.0035402612423535,0.0035402612423535,0.8402676668802218,14.166734701082556,3.308191314135895e+18,0.8928225,,7.0985756
278,-0.0030821966488656,0.0030821966488656,0.8407257314737097,14.226454088140471,3.3111793400622275e+18,1.0504606,,14.782955
279,-0.0033740068493877,0.0033740068493877,0.8404339212731876,14.226454088140471,3.312520946111619e+18,1.3198472,,11.554099
280,-0.002369503258913,0.002369503258913,0.8414384248636623,14.226454088140471,3.312882483575094e+18,1.1519803,,13.791429
281,-0.0052847671169935,0.0052847671169935,0.8385231610055818,14.127558623590632,3.3129109677980314e+18,1.1108434,,4.6231513
282,-0.0025186876909253,0.0025186876909253,0.84128924043165,14.226454088140471,3.313173957237082e+18,1.293994,,14.52253
283,-0.0029911644400345,0.0029911644400345,0.8408167636825408,14.226454088140471,3.314063977537054e+18,1.0475206,,4.295662
284,0.0013318332022135,0.0013318332022135,0.8451397613247889,14.226454088140471,1.3291897284706432e+16,1.2609843,,13.5160675
285,-0.0025763803236119,0.0025763803236119,0.8412315477989634,14.166734701082556,3.654007422300058e+16,1.1107395,,11.507427
286,-0.0037010160007758,0.0037010160007758,0.8401069121217994,14.166734701082556,3.878142867630477e+16,1.2709036,,11.035399
287,-0.0017517492344834,0.0017517492344834,0.8420561788880919,14.166734701082556,3.91073995150295e+16,1.0532714,,10.20327
288,-0.0023719447451795,0.0023719447451795,0.8414359833773958,14.226454088140471,3.930503672949594e+16,1.0177372,,15.021885
289,-0.0030741867561829,0.0030741867561829,0.8407337413663923,14.166734701082556,4.447940716883699e+16,1.1979096,,12.815252
290,-0.0041394459570345,0.0041394459570345,0.8396684821655408,14.166734701082556,4.50037367761897e+16,1.1806585,,13.363241
291,-0.0056728642300579,0.0056728642300579,0.8381350638925174,14.166734701082556,4.514220652135155e+16,0.8232454,,5.984928
292,-0.0026162441705812,0.0026162441705812,0.8411916839519941,14.166734701082556,4.552102263702298e+16,1.1026752,,15.09831
293,-0.0026106571392724,0.0026106571392724,0.8411972709833029,14.166734701082556,4.854852790378829e+16,0.9827753,,8.776985
294,-0.0024129842350631,0.0024129842350631,0.8413949438875121,14.226454088140471,4.952025566512333e+16,1.1849926,,12.847304
295,-0.002795833417701,0.002795833417701,0.8410120947048743,14.166734701082556,5.030029044671834e+16,1.1428745,,13.990629
296,-0.002242363378706,0.002242363378706,0.8415655647438692,14.226454088140471,5.032729720097818e+16,1.2336773,,9.780697
297,-0.000526435478617,0.000526435478617,0.8432814926439582,14.226454088140471,5.185094543824038e+16,1.2573075,,13.72065
298,-0.0048424194046533,0.0048424194046533,0.838965508717922,14.166734701082556,5.22148150678505e+16,1.0476099,,17.784103
299,-0.0013037085257954,0.0013037085257954,0.8425042195967799,14.166734701082556,5.372894565838515e+16,1.2580178,,12.370875
300,-0.000607977333164,0.000607977333164,0.8431999507894112,14.20632112186034,5.629692378486541e+16,1.0352237,,16.028378
301,-0.0031900589526884,0.0031900589526884,0.8406178691698869,14.166734701082556,6.190738802366515e+16,1.102193,,17.765213
302,0.0009069591430933,0.0009069591430933,0.8447148872656687,14.267154858687086,6.4115585330656e+16,1.0320977,,7.165409
303,0.000272727264106,0.000272727264106,0.8440806553866814,14.226454088140471,1.4425225336932736e+17,1.0143384,,15.2533655
304,-0.0018625762120448,0.0018625762120448,0.8419453519105304,14.226454088140471,1.4451228786917914e+17,0.99379027,,17.618279
305,-0.0034395587047245,0.0034395587047245,0.8403683694178508,14.171678975697512,1.4573219602092685e+17,0.89454156,,10.151242
306,-0.0025555033809453,0.0025555033809453,0.84125242474163,14.226454088140471,1.458305335922843e+17,1.0684454,,16.144054
307,-0.0023822108692841,0.0023822108692841,0.8414257172532912,14.226454088140471,1.4621505342457114e+17,1.0985235,,14.522903
308,-0.0015022189253505,0.0015022189253505,0.8423057091972248,14.226454088140471,1.467170148403452e+17,1.0184518,,15.672466
309,0.0007757399265819,0.0007757399265819,0.8445836680491573,14.226454088140471,1.4925248435836237e+17,1.0984674,,11.743705
310,0.0033384478060891,0.0033384478060891,0.8471463759286645,14.267154858687086,3.2768577066468403e+18,1.2636465,,13.416778
311,-0.0005757851840291,0.0005757851840291,0.8432321429385462,14.226454088140471,3.284773915487856e+18,0.8929142,,5.622957
312,-0.00071189842544,0.00071189842544,0.8430960296971353,14.226454088140471,3.2853834228865203e+18,1.1228719,,15.119113
313,-0.0041876286952425,0.0041876286952425,0.8396202994273327,14.166734701082556,3.2854554752562934e+18,1.0131881,,17.65235
314,-0.0062753870270475,0.0062753870270475,0.8375325410955278,14.097148403769236,3.2872890483358715e+18,1.105959,,16.610102
315,-0.0058262480235872,0.0058262480235872,0.8379816800989881,14.112516021605911,3.2874713611073014e+18,1.0379233,,14.581472
316,-0.0004130111315777,0.0004130111315777,0.8433949169909976,14.226454088140471,3.300228444769146e+18,0.98455197,,10.650703
317,0.0009371443831945,0.0009371443831945,0.8447450725057699,14.226454088140471,3.3002354885155727e+18,1.2404491,,13.791694
318,-0.0025889886608601,0.0025889886608601,0.8412189394617152,14.166734701082556,3.3007183802781e+18,1.179993,,15.339357
319,-0.0057965281254136,0.0057965281254136,0.8380113999971617,14.097148403769236,3.3011800334265257e+18,1.1627308,,12.060176
320,-0.00521270075218,0.00521270075218,0.8385952273703953,14.166734701082556,3.304337251002414e+18,1.1396561,,10.703841
321,0.0041942654757575,0.0041942654757575,0.8480021935983328,14.267154858687086,3.30624040255134e+18,1.071299,,12.984765
322,-0.0019976177529922,0.0019976177529922,0.8418103103695831,14.166734701082556,3.306297852033722e+18,1.1302125,,13.464093
323,-0.0071068444805054,0.0071068444805054,0.8367010836420699,14.097148403769236,3.3063161314145864e+18,1.014543,,15.266762
324,-0.0019578542171297,0.0019578542171297,0.8418500739054455,14.226454088140471,3.307489031146702e+18,1.363789,,12.256755
325,-0.0020426321453633,0.0020426321453633,0.841765295977212,14.226454088140471,3.307992336891316e+18,1.276057,,9.665218
326,-0.0021258643835369,0.0021258643835369,0.8416820637390384,14.226454088140471,3.31142642094187e+18,1.2397223,,13.910441
327,-0.0021221893263718,0.0021221893263718,0.8416857387962035,14.226454088140471,3.31190677008402e+18,1.2354041,,13.256185
328,-0.0024509279555503,0.0024509279555503,0.841357000167025,14.226454088140471,3.312904233289409e+18,1.2212473,,13.074519
329,-0.0023651039843018,0.0023651039843018,0.8414428241382734,14.226454088140471,3.314212068010812e+18,0.9934814,,6.797135
330,-0.0022623959173463,0.0022623959173463,0.841545532205229,14.226454088140471,3.3142947719013043e+18,1.0239731,,14.972231
331,-0.0019321108197775,0.0019321108197775,0.8418758173027978,14.226454088140471,3.410505784542875e+18,1.1117162,,12.897306
332,0.0010105003765537,0.0010105003765537,0.844818428499129,14.226454088140471,3.410695141062232e+18,1.088756,,14.891688
333,0.0039624455350163,0.0039624455350163,0.8477703736575917,14.267154858687086,1.5897117071508096e+16,1.3153164,,13.229266
334,0.0039744308983232,0.0039744308983232,0.8477823590208986,14.267154858687086,1.5898083439754496e+16,1.1496676,,14.292163
335,-0.0007077229413696,0.0007077229413696,0.8431002051812057,14.166734701082556,4.299568494644365e+16,1.2448956,,11.121592
336,-0.0020147519438572,0.0020147519438572,0.8417931761787181,14.226454088140471,4.515990178688563e+16,0.983135,,10.051599
337,0.0032940332297785,0.0032940332297785,0.8471019613523538,14.267154858687086,4.699498669328064e+16,1.0975139,,15.417392
338,0.0021157279606488,0.0021157279606488,0.8459236560832242,14.267154858687086,4.791751130870413e+16,1.0847969,,13.683399
339,-0.0031194997039615,0.0031194997039615,0.8406884284186138,14.166734701082556,4.812754809314086e+16,1.1317962,,12.556695
340,-0.000901087374501,0.000901087374501,0.8429068407480743,14.040982317365716,5.013522626300928e+16,1.0899945,,14.590434
341,-0.0042765508641554,0.0042765508641554,0.8395313772584199,14.166734701082556,5.150542390991347e+16,1.0601046,,17.193703
342,-0.0026486376164028,0.0026486376164028,0.8411592905061724,14.166734701082556,5.37585981124489e+16,0.9886566,,11.682242
343,-0.0014726844364459,0.0014726844364459,0.8423352436861293,14.166734701082556,5.580269330664371e+16,1.3000796,,13.549844
344,-0.0078779519876381,0.0078779519876381,0.8359299761349371,14.097148403769236,6.305737410676851e+16,0.8781533,,17.493164
345,-0.0042505824570131,0.0042505824570131,0.8395573456655622,14.166734701082556,6.339598932844723e+16,1.2424577,,13.314799
346,-0.0062847605920642,0.0062847605920642,0.837523167530511,14.097148403769236,6.351356835296051e+16,1.1096276,,11.079583
347,-0.0047244711315194,0.0047244711315194,0.8390834569910559,14.166734701082556,6.550220693242022e+16,1.2022967,,14.649438
348,-0.0017295820467494,0.0017295820467494,0.8420783460758259,14.226454088140471,6.648235283003584e+16,1.1464577,,9.791235
349,-0.0008852965461659,0.0008852965461659,0.8429226315764093,14.226454088140471,1.449289684156178e+17,1.2750452,,13.122655
350,-0.0020577613093101,0.0020577613093101,0.8417501668132652,14.226454088140471,1.4591605068392013e+17,1.2327719,,10.853678
351,-0.0031871414848201,0.0031871414848201,0.8406207866377552,14.166734701082556,3.2983028219521526e+18,1.1899176,,14.803123
352,0.0006330459130295,0.0006330459130295,0.8444409740356049,14.226454088140471,3.2992286794617943e+18,1.0981156,,13.86816
353,-0.0057781397969259,0.0057781397969259,0.8380297883256493,14.097148403769236,3.304831550199372e+18,1.2684742,,11.528754
354,-0.0017237087683272,0.0017237087683272,0.842084219354248,14.226454088140471,3.305871825637255e+18,1.2400993,,6.921069
355,-0.0032393598488595,0.0032393598488595,0.8405685682737157,14.166734701082556,3.3071854327946163e+18,1.0611328,,9.086867
356,-0.0025866975437792,0.0025866975437792,0.841221230578796,14.226454088140471,3.31056979830487e+18,1.2397858,,11.273949
357,0.0032938445192468,0.0032938445192468,0.8471017726418222,14.226454088140471,3.310871854764734e+18,1.1216143,,17.174969
358,-0.0032665392534029,0.0032665392534029,0.8405413888691724,14.226454088140471,3.311102820926311e+18,1.3977338,,14.278773
359,-0.0032949795855218,0.0032949795855218,0.8405129485370535,14.226454088140471,3.3135795052275584e+18,1.0922943,,14.998649
360,-0.0028972941230619,0.0028972941230619,0.8409106339995134,14.226454088140471,3.313665885609888e+18,1.0054116,,16.533167
361,-0.003023443061188,0.003023443061188,0.8407844850613873,14.226454088140471,3.3139477041827625e+18,1.1106656,,6.855921
362,-0.0020919514986379,0.0020919514986379,0.8417159766239374,14.226454088140471,3.3142485580533053e+18,1.1358705,,14.141921
363,-0.0027410732294912,0.0027410732294912,0.8410668548930841,14.226454088140471,4.318823692021491e+16,1.1658711,,15.178843
364,-0.0027535711031607,0.0027535711031607,0.8410543570194146,14.166734701082556,4.442762704319117e+16,1.3064841,,14.372071
365,-0.0079270323256118,0.0079270323256118,0.8358808957969635,14.097148403769236,4.624188994875021e+16,1.2127235,,12.966398
366,0.0024613025429058,0.0024613025429058,0.8462692306654812,14.267154858687086,4.699498669328051e+16,1.2210451,,15.743759
367,-0.0031936610364754,0.0031936610364754,0.8406142670860999,14.226454088140471,4.780439475375706e+16,1.0755994,,11.203266
368,0.0143180224808031,0.0143180224808031,0.8581259506033785,14.429759608229274,4.799969980412621e+16,0.92585045,,9.462355
369,-0.0032832577153056,0.0032832577153056,0.8405246704072696,14.226454088140471,4.934161938366029e+16,0.91858184,,16.028763
370,-0.0025190245817722,0.0025190245817722,0.8412889035408031,14.166734701082556,5.258177707299597e+16,1.0111228,,15.441964
371,-0.0010374662753926,0.0010374662753926,0.8427704618471826,14.226454088140471,5.303188964726822e+16,1.020636,,16.508028
372,-0.0021207774817839,0.0021207774817839,0.8416871506407914,14.226454088140471,5.508670508019942e+16,1.1579417,,14.698543
373,0.0021558324331456,0.0021558324331456,0.845963760555721,14.267154858687086,5.929329483221517e+16,1.32094,,12.669931
374,-0.0063338518775792,0.0063338518775792,0.837474076244996,14.097148403769236,6.474636140606029e+16,1.2446258,,12.25204
375,-0.0032560837262821,0.0032560837262821,0.8405518443962932,14.166734701082556,6.496289218095194e+16,1.2192278,,13.486581
376,-0.0035345154512957,0.0035345154512957,0.8402734126712795,14.166734701082556,6.595891657433715e+16,1.0228554,,17.79245
377,-0.0013137824010264,0.0013137824010264,0.8424941457215489,14.226454088140471,6.604680878612403e+16,0.9485791,,9.7908945
378,-0.0096370556670096,0.0096370556670096,0.8341708724555656,14.040982317365716,6.762374897601472e+16,1.0328748,,16.877954
379,1.9328984176114616e-05,1.9328984176114616e-05,0.8438272571067514,14.226454088140471,1.447865773642871e+17,0.951922,,7.4254136
380,-0.0016458723995311,0.0016458723995311,0.8421620557230441,14.226454088140471,1.477109389920841e+17,1.1223859,,15.67829
381,-0.004443070628021,0.004443070628021,0.8393648574945543,14.166734701082556,3.284090775169022e+18,1.0455959,,16.769382
382,-0.0095472619850163,0.0095472619850163,0.834260666137559,14.040982317365716,3.285064083477831e+18,1.1671885,,11.317166
383,-0.0010241095331149,0.0010241095331149,0.8427838185894604,14.226454088140471,3.287041726938932e+18,1.3124814,,13.417475
384,0.0093908793754177,0.0093908793754177,0.853198807497993,14.429759608229274,3.300725905060808e+18,1.061675,,11.8271
385,-0.0020308337010677,0.0020308337010677,0.8417770944215076,14.226454088140471,3.302438428781888e+18,1.2315423,,13.330065
386,-0.0012475849145158,0.0012475849145158,0.8425603432080595,14.166734701082556,3.304399373409432e+18,1.0516222,,15.51742
387,-5.643376197916883e-05,5.643376197916883e-05,0.8437514943605962,14.226454088140471,3.3048216889545006e+18,1.1958843,,14.566137
388,-0.0032530185875122,0.0032530185875122,0.8405549095350631,14.166734701082556,3.3063053424567496e+18,1.0243067,,15.075494
389,-0.0026654648726133,0.0026654648726133,0.841142463249962,14.226454088140471,3.307355272981718e+18,1.1674798,,13.442018
390,-0.0021367603945995,0.0021367603945995,0.8416711677279758,14.226454088140471,3.307463673660554e+18,1.0569602,,17.894547
391,-0.001908842325327,0.001908842325327,0.8418990857972483,14.226454088140471,3.309233376280902e+18,1.002794,,16.315752
392,-0.001182581155268,0.001182581155268,0.8426253469673073,14.226454088140471,3.309505745927087e+18,1.0997646,,14.66456
393,-0.004257655959702,0.004257655959702,0.8395502721628733,14.166734701082556,3.310348551653256e+18,1.1202196,,12.676082
394,-0.0027966907851587,0.0027966907851587,0.8410112373374166,14.226454088140471,3.3104787106379387e+18,0.9528859,,14.096124
395,-0.0039080676346868,0.0039080676346868,0.8398998604878884,14.166734701082556,3.310526436314499e+18,1.1670439,,15.37089
396,-0.0029572592729667,0.0029572592729667,0.8408506688496086,14.166734701082556,3.3111589990983567e+18,1.0443416,,16.462067
397,-0.0029957551414738,0.0029957551414738,0.8408121729811014,14.166734701082556,3.311640138514119e+18,1.0700561,,14.951129
398,-0.0026242646474603,0.0026242646474603,0.841183663475115,14.226454088140471,3.312197934506931e+18,1.1388273,,10.433477
399,-0.0025146569220916,0.0025146569220916,0.8412932712004837,14.226454088140471,3.312406429399957e+18,0.9887119,,15.196015
400,-0.0026474690174672,0.0026474690174672,0.8411604591051081,14.226454088140471,3.3125369233938934e+18,1.101642,,7.944009
401,0.0011196876734602,0.0011196876734602,0.8449276157960356,14.226454088140471,3.312860733860742e+18,0.99034333,,16.438404
402,-0.0007910352638172,0.0007910352638172,0.843016892858758,14.226454088140471,3.3136300827624463e+18,0.982283,,8.081527
403,-0.0026752130500623,0.0026752130500623,0.841132715072513,14.226454088140471,3.3145819849537946e+18,1.2102776,,12.25473
404,-0.0007765926076135,0.0007765926076135,0.8430313355149618,14.226454088140471,3.314617409843986e+18,1.3621298,,11.414366
405,-0.0026150747445946,0.0026150747445946,0.8411928533779807,14.226454088140471,3.4103904689643904e+18,1.1121535,,12.300638
406,-0.0039191984252867,0.0039191984252867,0.8398887296972886,14.166734701082556,1.333330076896064e+16,0.99162036,,16.445955
407,0.0002019857764709,0.0002019857764709,0.8440099138990462,14.226454088140471,3.717517962685824e+16,1.0976729,,17.474182
408,-0.0065291121728853,0.0065291121728853,0.83727881594969,14.166734701082556,3.762295573749069e+16,0.99817806,,7.989245
409,-0.0039379348614621,0.0039379348614621,0.8398699932611132,14.166734701082556,3.763707758996518e+16,1.1082424,,12.653177
410,-0.0071807919199864,0.0071807919199864,0.8366271362025889,14.097148403769236,4.132181593233997e+16,1.0650058,,15.029866
411,-0.0048218416164191,0.0048218416164191,0.8389860865061561,14.166734701082556,4.264411610434304e+16,1.0710261,,15.065519
412,0.0015686214360777,0.0015686214360777,0.845376549558653,14.267154858687086,4.361512231078784e+16,0.8862785,,5.883992
413,-0.0050315275072942,0.0050315275072942,0.838776400615281,14.097148403769236,4.380203928782643e+16,0.9691066,,7.3485003
414,-0.0025216020905728,0.0025216020905728,0.8412863260320025,14.226454088140471,4.550645410794534e+16,1.1411465,,15.524658
415,-0.0021547880571383,0.0021547880571383,0.841653140065437,14.226454088140471,4.598037797896806e+16,1.0640622,,15.356008
416,0.0010332444989842,0.0010332444989842,0.8448411726215596,14.226454088140471,4.638084073106598e+16,1.2472597,,13.504987
417,-0.0013119702662718,0.0013119702662718,0.8424959578563035,14.226454088140471,4.65738050213047e+16,1.3283294,,13.665395
418,-0.0043994001541015,0.0043994001541015,0.8394085279684738,14.166734701082556,4.7869373315376e+16,0.9986178,,16.783115
419,-0.0019762462397093,0.0019762462397093,0.841831681882866,14.226454088140471,4.79484694330528e+16,1.1116084,,13.71307
420,-0.0037448260671014,0.0037448260671014,0.8400631020554739,14.196690194941764,5.066769912885862e+16,1.3486853,,17.209633
421,-0.002543681316775,0.002543681316775,0.8412642468058003,14.166734701082556,5.130187681977126e+16,1.1630521,,15.016357
422,0.0012154582516107,0.0012154582516107,0.8450233863741861,14.267154858687086,5.15340455721769e+16,1.0642664,,16.474619
423,0.000965141407257,0.000965141407257,0.8447730695298323,14.226454088140471,5.637316804418739e+16,1.1127933,,15.182528
424,0.0032644351385305,0.0032644351385305,0.8470723632611059,14.267154858687086,5.735568476231245e+16,1.2871519,,13.729659
425,-0.0013515187340906,0.0013515187340906,0.8424564093884847,14.226454088140471,5.740636537634893e+16,1.1471001,,13.60348
426,-0.001012005082738,0.001012005082738,0.8427959230398373,14.226454088140471,5.768010941253094e+16,1.2206125,,14.927282
427,-0.0028642049911995,0.0028642049911995,0.8409437231313758,14.166734701082556,6.177778309077363e+16,1.2137501,,14.7448435
428,-0.0012166304666928,0.0012166304666928,0.8425912976558825,14.226454088140471,6.341131377171866e+16,1.2120309,,13.566638
429,-0.0025244801844487,0.0025244801844487,0.8412834479381266,14.226454088140471,1.44833998098821e+17,0.9996131,,15.108836
430,-0.0031075638039208,0.0031075638039208,0.8407003643186545,14.166734701082556,1.475069795855168e+17,1.1568657,,15.715212
431,-0.0040536371847438,0.0040536371847438,0.8397542909378315,14.166734701082556,1.4774777263144947e+17,1.0786327,,15.046754
432,-0.0018266591214929,0.0018266591214929,0.8419812690010824,14.226454088140471,1.479333152191195e+17,1.1733502,,13.478539
433,-0.0030221935507009,0.0030221935507009,0.8407857345718743,14.166734701082556,1.489652068823424e+17,1.0563844,,10.800983
434,-0.0026538126793657,0.0026538126793657,0.8411541154432096,14.166734701082556,1.4981482013322355e+17,0.99234265,,15.678884
435,-0.0005139248996286,0.0005139248996286,0.8432940032229467,14.226454088140471,3.2737467072144097e+18,0.98245907,,15.47365
436,0.0030771857600168,0.0030771857600168,0.8468851138825921,14.267154858687086,3.276857706646841e+18,1.1327416,,14.163176
437,-0.0035140542923424,0.0035140542923424,0.8402938738302329,14.166734701082556,3.2770150398881065e+18,0.9830568,,7.5721917
438,-0.0006881238263806,0.0006881238263806,0.8431198042961947,14.226454088140471,3.28537438627489e+18,1.0803617,,15.166214
439,0.0117241087197281,0.0117241087197281,0.8555320368423035,14.429759608229274,3.298631404130766e+18,1.1780258,,5.347587
440,-0.0015408730833254,0.0015408730833254,0.8422670550392499,14.226454088140471,3.299573475139652e+18,1.2588031,,11.811197
441,-0.0075340820933099,0.0075340820933099,0.8362738460292654,14.097148403769236,3.3019975246188774e+18,1.1982896,,15.938112
442,-0.0017858007622182,0.0017858007622182,0.8420221273603571,14.226454088140471,3.3058816525224115e+18,1.0794003,,14.855795
443,0.0035058384796352,0.0035058384796352,0.8473137666022106,14.267154858687086,3.3064223373659884e+18,1.0028088,,14.463373
444,-0.0023968204237295,0.0023968204237295,0.8414111076988458,14.166734701082556,3.306830943374154e+18,1.0193614,,11.043975
445,-0.00346384583997,0.00346384583997,0.8403440822826053,14.166734701082556,3.3069986532572385e+18,1.0869398,,8.270116
446,-0.0016795630188894,0.0016795630188894,0.8421283651036858,14.226454088140471,3.307371215900263e+18,0.99021405,,15.380332
447,-0.0054224810462095,0.0054224810462095,0.8383854470763658,14.166734701082556,3.311785239689505e+18,1.0203401,,17.11659
448,-0.0023175632592077,0.0023175632592077,0.8414903648633676,14.226454088140471,3.3121364992948306e+18,0.96104157,,6.218952
449,0.0037385525261011,0.0037385525261011,0.8475464806486764,14.226454088140471,3.3128243812562806e+18,1.1346481,,12.338865
450,-0.0019966933411983,0.0019966933411983,0.841811234781377,14.226454088140471,3.312903580452945e+18,0.98285544,,14.808764
451,-0.0016396437380241,0.0016396437380241,0.8421682843845512,14.226454088140471,3.3131739572347284e+18,1.002443,,14.560182
452,-0.0013720400603751,0.0013720400603751,0.8424358880622002,14.226454088140471,3.3132591693883566e+18,1.0408796,,9.15698
453,-0.0018466986835645,0.0018466986835645,0.8419612294390107,14.226454088140471,3.313978112552491e+18,1.0224682,,4.7558556
454,-0.0003371663118271,0.0003371663118271,0.8434707618107482,14.226454088140471,3.3143290972798915e+18,1.1369263,,13.522226
455,0.0006027426281096,0.0006027426281096,0.844410670750685,14.226454088140471,3.4112237957002527e+18,1.0841678,,12.807696
456,-0.0054521776808639,0.0054521776808639,0.8383557504417114,14.097148403769236,3.611057749345997e+16,1.1143658,,8.448276
457,-0.0016419869674232,0.0016419869674232,0.8421659411551521,14.226454088140471,4.193438134697997e+16,1.367207,,10.899703
458,-0.0027941668310637,0.0027941668310637,0.8410137612915116,14.166734701082556,4.226330712399949e+16,1.1497858,,14.732478
459,-0.0022419301369419,0.0022419301369419,0.8415659979856334,14.166734701082556,4.27685327167767e+16,1.1489581,,6.919528
460,-0.0029929434840326,0.0029929434840326,0.8408149846385427,14.166734701082556,4.380389471368922e+16,1.3024217,,9.689
461,-0.00716655465421,0.00716655465421,0.8366413734683653,14.097148403769236,4.645612291753613e+16,1.1945173,,15.083215
462,-0.001633004315566,0.001633004315566,0.8421749238070093,14.226454088140471,4.77605216645033e+16,1.2785263,,13.988257
463,0.0019909294305392,0.0019909294305392,0.8457988575531146,14.226454088140471,4.876221111676582e+16,1.1688285,,13.07066
464,-0.0015509085872669,0.0015509085872669,0.8422570195353084,14.226454088140471,5.029812578322509e+16,1.3560333,,10.836196
465,-0.0020493122556408,0.0020493122556408,0.8417586158669345,14.166734701082556,5.031702363923405e+16,1.2029842,,14.086261
466,-0.0023461922361779,0.0023461922361779,0.8414617358863974,14.166734701082556,5.30215817256416e+16,1.1142187,,15.378264
467,-0.0033482985239148,0.0033482985239148,0.8404596295986605,14.166734701082556,5.374842762989978e+16,1.347231,,13.53592
468,0.0017744115686924,0.0017744115686924,0.8455823396912677,14.226454088140471,5.409972159379878e+16,1.2621323,,14.286776
469,-0.0017681815710992,0.0017681815710992,0.8420397465514761,14.226454088140471,5.708383051242445e+16,0.9140348,,17.05713
470,-0.0074987228805061,0.0074987228805061,0.8363092052420692,14.040982317365716,5.816430684533286e+16,1.2737194,,13.6944685
471,0.0031666016084086,0.0031666016084086,0.846974529730984,14.267154858687086,5.929329912774272e+16,0.8930779,,15.361106
472,-0.0033481797866377,0.0033481797866377,0.8404597483359376,14.166734701082556,6.367890741530112e+16,1.3638678,,12.651562
473,-0.0052955547681872,0.0052955547681872,0.8385123733543881,14.097148403769236,6.411421094113485e+16,1.129754,,16.516811
474,-0.0030283647382183,0.0030283647382183,0.840779563384357,14.166734701082556,6.501271809920243e+16,0.94385487,,12.883492
475,-0.0033266356204425,0.0033266356204425,0.8404812925021328,14.166734701082556,6.531961928211981e+16,0.8303468,,5.5315943
476,-0.0018034226095898,0.0018034226095898,0.8420045055129854,14.166734701082556,6.536067916945203e+16,1.0099373,,7.680655
477,0.0030822918045829,0.0030822918045829,0.8468902199271583,14.267154858687086,6.53713994053143e+16,1.0488484,,10.531012
478,-0.0028691759655568,0.0028691759655568,0.8409387521570185,14.166734701082556,6.77302641648023e+16,1.0120124,,16.588411
479,-0.0034155306461582,0.0034155306461582,0.840392397476417,14.166734701082556,6.800149993974144e+16,1.0779055,,8.641026
480,-0.0044125860749905,0.0044125860749905,0.8393953420475848,14.166734701082556,1.4976798780817997e+17,1.2644478,,13.289128
481,0.0023559954924601,0.0023559954924601,0.8461639236150355,14.226454088140471,1.4995284320189197e+17,1.2361872,,13.359422
482,-0.0043111164680695,0.0043111164680695,0.8394968116545057,14.166734701082556,3.284145132275338e+18,1.0601771,,7.222252
483,-0.0009529384613402,0.0009529384613402,0.8428549896612351,14.226454088140471,3.287450745264293e+18,1.1410502,,15.941398
484,-0.0005305645296822,0.0005305645296822,0.8432773635928931,14.226454088140471,3.296736739437208e+18,1.3359871,,14.011938
485,-0.0032715210930452,0.0032715210930452,0.84053640702953,14.166734701082556,3.2972499364888484e+18,1.0430138,,15.357615
486,-0.0010412200112327,0.0010412200112327,0.8427667081113426,14.226454088140471,3.300059394856688e+18,1.3408638,,13.599587
487,-0.0062468150821917,0.0062468150821917,0.8375611130403836,14.097148403769236,3.301102522153023e+18,1.1306477,,12.556533
488,-0.0028842922160103,0.0028842922160103,0.8409236359065649,14.166734701082556,3.301232470684622e+18,1.158028,,12.005809
489,-0.0076000968579753,0.0076000968579753,0.8362078312646,14.040982317365716,3.304271864420429e+18,1.141183,,14.288552
490,-0.0018519655624748,0.0018519655624748,0.8419559625601005,14.226454088140471,3.3077825706883784e+18,0.9745147,,5.3405814
491,-0.0021046796262177,0.0021046796262177,0.8417032484963576,14.166734701082556,3.3109133956884367e+18,1.0649266,,9.700565
492,-0.0012160124753406,0.0012160124753406,0.8425919156472347,14.226454088140471,3.312602348628348e+18,1.180311,,9.416291
493,-0.0020327795900865,0.0020327795900865,0.8417751485324888,14.226454088140471,3.3126448859843446e+18,0.96138,,8.475605
494,-0.004440794114103,0.004440794114103,0.8393671340084723,14.166734701082556,3.3129089062137364e+18,1.2251562,,14.2993765
495,-0.001943487354708,0.001943487354708,0.8418644407678673,14.226454088140471,3.3142130257870546e+18,0.9210177,,8.7407255
496,-0.0004491800581636,0.0004491800581636,0.8433587480644117,14.207789319382105,1.1023119464589696e+16,1.0260499,,15.645367
497,-0.0071019178631271,0.0071019178631271,0.8367060102594481,14.097148403769236,1.770540567808512e+16,1.000069,,10.37254
498,0.0125421386913276,0.0125421386913276,0.856350066813903,14.429759608229274,3.853582526642022e+16,1.2890325,,13.551019
499,-0.0045787697274715,0.0045787697274715,0.8392291583951038,14.166734701082556,3.862598522007846e+16,1.0915405,,14.672948
500,-0.0020855425544725,0.0020855425544725,0.8417223855681027,14.226454088140471,4.577078357507597e+16,1.1216772,,13.9761
501,-0.0013362774234527,0.0013362774234527,0.8424716506991226,14.226454088140471,4.645811578236838e+16,1.3792962,,14.316654
502,-0.0020559421294515,0.0020559421294515,0.8417519859931237,14.226454088140471,4.923166822267392e+16,0.97479224,,6.688817
503,0.0009806412639048,0.0009806412639048,0.8447885693864802,14.267154858687086,5.149741809094272e+16,1.3505808,,15.810151
504,-0.0027237637723345,0.0027237637723345,0.8410841643502408,14.166734701082556,6.297714411804109e+16,1.0474432,,17.353294
505,0.0003606644823831,0.0003606644823831,0.8441685926049585,14.226454088140471,6.384644549967347e+16,1.0473474,,17.744108
506,0.0015687354136392,0.0015687354136392,0.8453766635362145,14.226454088140471,6.442087160416627e+16,0.99670345,,16.940031
507,-0.0009319459692513,0.0009319459692513,0.8428759821533239,14.226454088140471,6.515472689657651e+16,1.1728253,,12.889624
508,-0.0057635438520435,0.0057635438520435,0.8380443842705317,14.166734701082556,1.4466315718336486e+17,1.1314651,,13.008914
509,-0.0020300832813555,0.0020300832813555,0.8417778448412198,14.226454088140471,1.4466381431665382e+17,1.1858294,,12.713595
510,-0.0012149834821292,0.0012149834821292,0.8425929446404461,14.226454088140471,1.4667787909843315e+17,0.9371711,,7.3807282
511,-0.0013073980749211,0.0013073980749211,0.8425005300476541,14.226454088140471,1.4668701878894822e+17,0.9478545,,10.748996
512,-0.0015215485863508,0.0015215485863508,0.8422863795362244,14.226454088140471,1.4954300024308902e+17,1.2247479,,13.559337
513,-0.0031964236788926,0.0031964236788926,0.8406115044436827,14.166734701082556,3.2735958336036065e+18,1.2955729,,12.952233
514,-0.0040485092310067,0.0040485092310067,0.8397594188915686,14.166734701082556,3.273807936268126e+18,1.1873397,,14.524374
515,0.0020791836416466,0.0020791836416466,0.8458871117642219,14.267154858687086,3.2772705389031803e+18,0.9750418,,10.243204
516,-0.0040721510574699,0.0040721510574699,0.8397357770651054,14.166734701082556,3.284709353539538e+18,1.066787,,9.245772
517,-0.0047176979255426,0.0047176979255426,0.8390902301970327,14.166734701082556,3.287167277423046e+18,1.2239777,,13.74676
518,-0.001269091194856,0.001269091194856,0.8425388369277192,14.226454088140471,3.2971630750713923e+18,1.1507109,,13.805148
519,-0.0040052886967353,0.0040052886967353,0.83980263942584,14.166734701082556,3.2977317287402783e+18,1.0827701,,15.4728155
520,0.0098175011988386,0.0098175011988386,0.8536254293214139,14.40634319342364,3.2983782072191503e+18,0.9565513,,17.900286
521,-0.0001324461233352,0.0001324461233352,0.84367548199924,14.267154858687086,3.300315443626902e+18,1.0248393,,9.632934
522,-0.0025079505508587,0.0025079505508587,0.8412999775717166,14.226454088140471,3.303984513928123e+18,1.2628089,,15.4684925
523,0.0032196517182383,0.0032196517182383,0.8470275798408137,14.267154858687086,3.305966417997208e+18,1.2887601,,13.250763
524,-0.0027494367164832,0.0027494367164832,0.8410584914060921,14.226454088140471,3.3065887072183803e+18,1.1169895,,14.376487
525,-0.0021702169510671,0.0021702169510671,0.8416377111715082,14.226454088140471,3.306592418070112e+18,1.2159138,,13.739463
526,-0.0029165854838099,0.0029165854838099,0.8408913426387654,14.226454088140471,3.30784486489226e+18,1.3084584,,12.487943
527,-0.0023969027661417,0.0023969027661417,0.8414110253564335,14.226454088140471,3.307844864893938e+18,1.0212765,,8.839648
528,-0.0059678759227868,0.0059678759227868,0.8378400521997885,14.166734701082556,3.3099568506355195e+18,0.98594046,,9.142798
529,-0.0027452140943005,0.0027452140943005,0.8410627140282748,14.226454088140471,3.3118838177788206e+18,1.0272727,,5.2019286
530,-0.0028518835917344,0.0028518835917344,0.8409560445308408,14.226454088140471,3.3123245501432125e+18,1.2684435,,7.0219374
531,-0.0026610810935278,0.0026610810935278,0.8411468470290475,14.226454088140471,3.3123810719124367e+18,1.1125696,,12.951096
532,-0.0023687278684285,0.0023687278684285,0.8414392002541468,14.226454088140471,3.312613000147192e+18,1.3949715,,11.270382
533,-0.0030093516692107,0.0030093516692107,0.8407985764533645,14.166734701082556,3.411010013703309e+18,1.0683068,,14.74143
534,-1.2715011052599756e-05,1.2715011052599756e-05,0.8437952131115227,14.226454088140471,9877806305711744.0,0.90368533,,9.915004
535,-0.0002090413400677,0.0002090413400677,0.8435988867825076,14.226454088140471,1.6498244989914112e+16,1.209575,,14.761507
536,0.011547685521147,0.011547685521147,0.8553556136437224,14.429759608229274,3.853582526642035e+16,1.3176042,,13.709113
537,0.0009577729179344,0.0009577729179344,0.8447657010405097,14.267154858687086,4.361532846921818e+16,1.2485197,,15.225754
538,-0.0048533548806647,0.0048533548806647,0.8389545732419106,14.166734701082556,4.43880102649952e+16,1.1630465,,16.24908
539,-0.0020776464606565,0.0020776464606565,0.8417302816619188,14.166734701082556,4.705552855376077e+16,1.1293812,,14.28253
540,-0.0001942285564713,0.0001942285564713,0.843613699566104,14.267154858687086,4.800073059627213e+16,1.0117904,,10.797335
541,-0.0045440150956853,0.0045440150956853,0.83926391302689,14.166734701082556,4.848245412691136e+16,1.0830694,,14.965482
542,-0.0022209644649778,0.0022209644649778,0.8415869636575974,14.226454088140471,4.913168138422118e+16,1.0050027,,17.242485
543,-0.0001523240049031,0.0001523240049031,0.8436556041176722,14.166734701082556,4.976118615104973e+16,1.0695094,,14.527359
544,-0.0031335926984294,0.0031335926984294,0.8406743354241458,14.166734701082556,4.981464990380301e+16,0.9095572,,16.895416
545,0.0025284347691979,0.0025284347691979,0.8463363628917733,14.267154858687086,5.342840102768192e+16,1.3930117,,13.735072
546,-0.0037679350632271,0.0037679350632271,0.8400399930593482,14.166734701082556,5.680585593235482e+16,1.1400763,,13.500749
547,0.0042988408372547,0.0042988408372547,0.8481067689598301,14.267154858687086,5.82452583888256e+16,1.2950016,,14.343266
548,-0.0025784783992158,0.0025784783992158,0.8412294497233594,14.166734701082556,5.928985885850854e+16,1.2188289,,12.602906
549,0.0005194497111893,0.0005194497111893,0.8443273778337647,14.166734701082556,6.421756503231181e+16,1.1709254,,15.259333
550,-0.0012719192377896,0.0012719192377896,0.8425360088847856,14.226454088140471,6.442657532079603e+16,1.2862297,,14.994504
551,-0.0024489804735062,0.0024489804735062,0.841358947649069,14.166734701082556,6.538930083138304e+16,1.1200618,,13.996708
552,-0.000516423243928,0.000516423243928,0.8432915048786472,14.226454088140471,1.498582164828581e+17,1.1353176,,14.296043
553,-0.0009356957345556,0.0009356957345556,0.8428722323880197,14.226454088140471,3.276710062849119e+18,1.2353252,,14.304124
554,0.0037617673396754,0.0037617673396754,0.8475696954622508,14.267154858687086,3.2942311886584566e+18,1.2624866,,11.814321
555,-0.0053092176261176,0.0053092176261176,0.8384987104964576,14.166734701082556,3.29913566764986e+18,0.9079436,,10.3884
556,-0.0009454676836485,0.0009454676836485,0.8428624604389268,14.226454088140471,3.2994546978207555e+18,1.184339,,12.252532
557,-0.0020924651165414,0.0020924651165414,0.8417154630060338,14.226454088140471,3.3028460727178685e+18,1.0342387,,14.54784
558,-0.0184908770663528,0.0184908770663528,0.8253170510562224,13.862875983482866,3.3038827060243446e+18,1.2139567,,15.035881
559,-0.0014830254708927,0.0014830254708927,0.8423249026516826,14.226454088140471,3.3040965953945805e+18,1.1517107,,15.822491
560,-0.0052420427847846,0.0052420427847846,0.8385658853377906,14.178859350883595,3.304478125929665e+18,0.78237844,,16.51471
561,-0.0052351672539469,0.0052351672539469,0.8385727608686284,14.166734701082556,3.3048491767451023e+18,1.1256096,,11.32913
562,-0.0056322566679182,0.0056322566679182,0.8381756714546571,14.166734701082556,3.305082857325606e+18,1.0287272,,16.299545
563,-0.0033057454528016,0.0033057454528016,0.8405021826697737,14.166734701082556,3.306095473174253e+18,1.1141397,,15.154878
564,-0.0026336993276684,0.0026336993276684,0.8411742287949069,14.226454088140471,3.311148828615844e+18,0.9755319,,8.887173
565,-0.002880553375771,0.002880553375771,0.8409273747468042,14.226454088140471,3.3129602053030897e+18,1.2046871,,11.965812
566,-0.0026692496929022,0.0026692496929022,0.841138678429673,14.226454088140471,3.313606340183244e+18,1.1103308,,14.329463
567,-0.0025378913336254,0.0025378913336254,0.8412700367889498,14.166734701082556,1.0813357557424768e+16,1.0538352,,15.950438
568,0.0128860371856761,0.0128860371856761,0.8566939653082515,14.429759608229274,1.1279889789590656e+16,1.063036,,10.728853
569,0.0002395828332588,0.0002395828332588,0.8440475109558342,14.226454088140471,1.158947532780416e+16,1.0652043,,16.65711
570,-0.0028436678910773,0.0028436678910773,0.840964260231498,14.166734701082556,1.6036828063265664e+16,1.3176414,,10.314437
571,-0.0081543523656906,0.0081543523656906,0.8356535757568847,14.040982317365716,1.7525291928845952e+16,0.9872184,,15.749768
572,-0.0062404598955316,0.0062404598955316,0.8375674682270436,14.097148403769236,1.7525291929400832e+16,0.92831844,,16.75055
573,-0.0025540571054202,0.0025540571054202,0.8412538710171551,14.166734701082556,3.001533170422093e+16,1.2063694,,14.004757
574,-0.0096499387919297,0.0096499387919297,0.8341579893306456,14.097148403769236,3.791917104205478e+16,1.2763431,,13.666759
575,-0.0018121530939092,0.0018121530939092,0.8419957750286661,14.166734701082556,3.801764605213018e+16,1.372588,,12.5516405
576,-0.0025216113615668,0.0025216113615668,0.8412863167610085,14.226454088140471,3.867034364222682e+16,1.220758,,14.806908
577,-0.0068256127209646,0.0068256127209646,0.8369823154016107,14.097148403769236,3.983778447308736e+16,1.1049086,,15.254986
578,0.0004281776976416,0.0004281776976416,0.844236105820217,14.267154858687086,4.287126833385958e+16,0.9475122,,16.449705
579,-0.0062702026001028,0.0062702026001028,0.8375377255224725,14.097148403769236,4.399995137978355e+16,1.1007124,,14.652306
580,-0.0021276018058233,0.0021276018058233,0.8416803263167519,14.226454088140471,4.697543600218714e+16,0.86649096,,6.5024347
581,0.001831486115978,0.001831486115978,0.8456394142385534,14.226454088140471,4.72793478867744e+16,1.359067,,14.373311
582,-0.0030740215357608,0.0030740215357608,0.8407339065868145,14.166734701082556,5.583969874416435e+16,1.0716141,,8.621102
583,0.00324967864873,0.00324967864873,0.8470576067713054,14.267154858687086,5.735568046585651e+16,1.1927743,,13.225742
584,-0.0006998310266455,0.0006998310266455,0.8431080970959298,14.166734701082556,6.648365850005683e+16,1.1050152,,14.951171
585,-0.0031187836966591,0.0031187836966591,0.8406891444259161,14.166734701082556,6.893711561509299e+16,1.1996527,,13.581611
586,0.0002367336656383,0.0002367336656383,0.8440446617882137,14.226454088140471,1.449596860228356e+17,1.125103,,15.702761
587,-0.0041777833140824,0.0041777833140824,0.8396301448084929,14.166734701082556,1.451108001509614e+17,1.1035022,,16.392221
588,-0.0024496862713717,0.0024496862713717,0.8413582418512036,14.226454088140471,1.456647779175365e+17,1.0518627,,10.500138
589,-0.0020664068894399,0.0020664068894399,0.8417415212331354,14.226454088140471,1.4567457473995187e+17,1.1911019,,4.167236
590,-0.0029799038817096,0.0029799038817096,0.8408280242408657,14.226454088140471,1.4886731598626867e+17,1.2490463,,12.44766
591,-0.00264336690521,0.00264336690521,0.8411645612173653,14.226454088140471,1.493274616041627e+17,1.1376319,,14.591046
592,-0.0048323422563782,0.0048323422563782,0.838975585866197,14.166734701082556,3.273601331161715e+18,1.1173387,,15.092081
593,0.0018037659388143,0.0018037659388143,0.8456116940613897,14.267154858687086,3.2782070822919706e+18,1.2523859,,14.199749
594,-0.0023776806303161,0.0023776806303161,0.8414302474922591,14.226454088140471,3.292227607891547e+18,1.0437951,,5.3237796
595,-0.0039701019189283,0.0039701019189283,0.839837826203647,14.166734701082556,3.293276919941408e+18,1.0807899,,14.166343
596,-0.0029874392170337,0.0029874392170337,0.8408204889055416,14.166734701082556,3.3028672340195727e+18,0.9675732,,17.190237
597,-0.0036904530416284,0.0036904530416284,0.8401174750809469,14.166734701082556,3.303329239358666e+18,1.1255628,,13.373753
598,-0.0064831546043701,0.0064831546043701,0.8373247735182052,14.097148403769236,3.3049769606124206e+18,1.0779364,,16.148552
599,-0.0024289129397914,0.0024289129397914,0.8413790151827839,14.166734701082556,3.3052836212762194e+18,1.0325902,,16.472603
600,-0.0033487876089406,0.0033487876089406,0.8404591405136347,14.226454088140471,3.3052944402974464e+18,1.0609225,,17.482761
601,-0.0028956926391364,0.0028956926391364,0.8409122354834389,14.226454088140471,3.307504222447588e+18,1.2273793,,10.519593
602,-0.001164417045968,0.001164417045968,0.8426435110766073,14.226454088140471,3.309508803943801e+18,0.8273023,,7.209437
603,-0.0027272683512834,0.0027272683512834,0.8410806597712919,14.226454088140471,3.310178784482083e+18,1.2902544,,14.114566
604,-0.0019430755639713,0.0019430755639713,0.841864852558604,14.226454088140471,3.310201908586061e+18,1.032249,,9.534493
605,-0.0029755604757323,0.0029755604757323,0.840832367646843,14.226454088140471,3.3108148863183657e+18,1.2444993,,15.081756
606,-0.0029925446942576,0.0029925446942576,0.8408153834283176,14.226454088140471,3.311810043124388e+18,1.1904306,,14.314616
607,-0.0032374413374653,0.0032374413374653,0.8405704867851099,14.226454088140471,3.312846371490133e+18,1.0225025,,16.552427
608,-0.0027629197030171,0.0027629197030171,0.8410450084195582,14.226454088140471,3.3137140236032614e+18,1.0559669,,14.05441
609,-0.002732278563144,0.002732278563144,0.8410756495594313,14.226454088140471,3.313751441358252e+18,1.0596411,,16.338469
610,-0.0029526095100512,0.0029526095100512,0.840855318612524,14.226454088140471,3.314109916508904e+18,0.99831164,,7.7025585
611,-0.0018023968944195,0.0018023968944195,0.8420055312281558,14.226454088140471,3.314597408180025e+18,1.0694257,,12.942235
612,0.0012589596796545,0.0012589596796545,0.8450668878022298,14.226454088140471,3.410881302123955e+18,1.0909073,,14.426004
613,-0.0038169319067233,0.0038169319067233,0.8399909962158519,14.166734701082556,9345956210879616.0,0.934524,,14.766563
614,-0.0063110825329358,0.0063110825329358,0.8374968455896394,14.097148403769236,1.1210487413640832e+16,1.2842485,,13.901377
615,-0.0065153830964654,0.0065153830964654,0.8372925450261098,14.097148403769236,1.6679664408473344e+16,1.0021342,,17.73513
616,-0.0002876376630785,0.0002876376630785,0.8435202904594967,14.226454088140471,3.83296668364503e+16,1.2253011,,15.08387
617,-0.0070305468915788,0.0070305468915788,0.8367773812309964,14.097148403769236,4.043279206233446e+16,1.1249386,,14.537828
618,-0.0056849549509515,0.0056849549509515,0.8381229731716238,14.166734701082556,4.050635626214502e+16,1.0103705,,15.1438055
619,-0.0037042879112456,0.0037042879112456,0.8401036402113297,14.166734701082556,4.160916642457536e+16,0.9901528,,8.118742
620,-0.0030288557116735,0.0030288557116735,0.8407790724109018,14.173308434301337,4.276894503370957e+16,1.0975139,,15.290902
621,-0.0025695020170132,0.0025695020170132,0.8412384261055621,14.226454088140471,4.373307928989542e+16,1.3662215,,12.016204
622,-0.0036175353416988,0.0036175353416988,0.8401903927808765,14.166734701082556,4.422895903606003e+16,1.0497706,,13.877752
623,-0.0028153442383664,0.0028153442383664,0.8409925838842088,14.226454088140471,4.780395237376896e+16,0.95159847,,12.993462
624,-0.0027778947273021,0.0027778947273021,0.8410300333952732,14.166734701082556,4.945727426475072e+16,1.0261112,,15.663113
625,-0.0035706190263785,0.0035706190263785,0.8402373090961968,14.166734701082556,5.024899135747674e+16,1.1715671,,15.043557
626,-0.008312800591556,0.008312800591556,0.8354951275310193,14.040982317365716,5.101370169313792e+16,1.3311821,,14.4974375
627,0.0005410969451886,0.0005410969451886,0.844349025067764,14.226454088140471,5.409948107563136e+16,1.0620524,,14.652241
628,-0.00131473197907,0.00131473197907,0.8424931961435053,14.226454088140471,5.757785483121869e+16,1.1476767,,11.994686
629,0.0014226036863987,0.0014226036863987,0.8452305318089741,14.226454088140471,5.80612619901417e+16,0.9692679,,16.688923
630,-0.0029019013998677,0.0029019013998677,0.8409060267227075,14.166734701082556,5.832421277104883e+16,1.0141369,,7.9244623
631,-0.0041017104447526,0.0041017104447526,0.8397062176778227,14.166734701082556,6.105932096244954e+16,1.0130002,,15.547237
632,-0.0060607446932805,0.0060607446932805,0.8377471834292948,14.097148403769236,6.475735652224755e+16,1.0988841,,14.631931
633,-0.003601397829629,0.003601397829629,0.8402065302929462,14.166734701082556,6.902727556759872e+16,1.2405938,,12.585179
634,-0.002787164522317,0.002787164522317,0.8410207636002582,14.166734701082556,1.4412123968764954e+17,1.0783749,,9.142133
635,-0.0027414922988339,0.0027414922988339,0.8410664358237414,14.226454088140471,1.445347247782354e+17,1.1111956,,10.67892
636,-0.0013461884051646,0.0013461884051646,0.8424617397174107,14.226454088140471,1.45784835140102e+17,1.17332,,12.954094
637,-0.0016316321600957,0.0016316321600957,0.8421762959624796,14.226454088140471,1.4879217124074112e+17,1.0582846,,15.223174
638,-0.0029568255146857,0.0029568255146857,0.8408511026078895,14.166734701082556,1.4924224945423014e+17,0.9905424,,17.439268
639,-0.0001645647859659,0.0001645647859659,0.8436433633366094,14.226454088140471,3.2760174392426465e+18,1.0793899,,11.606597
640,-0.0033941409618276,0.0033941409618276,0.8404137871607477,14.163247617779064,3.284783776732749e+18,1.0138355,,16.60184
641,-0.0034569681533724,0.0034569681533724,0.8403509599692028,14.166734701082556,3.2973753795976274e+18,1.0124062,,17.427282
642,0.0019459051637776,0.0019459051637776,0.845753833286353,14.267154858687086,3.2989818047412905e+18,1.3873968,,14.451984
643,-0.0053500201604916,0.0053500201604916,0.8384579079620836,14.166734701082556,3.30353020946904e+18,1.0895038,,16.219955
644,0.0001221790924591,0.0001221790924591,0.8439301072150345,14.226454088140471,3.3043875192997315e+18,1.0376855,,6.575496
645,-0.004239586055462,0.004239586055462,0.8395683420671133,14.166734701082556,3.3048972803787684e+18,1.211118,,13.496222
646,-0.0026339698151142,0.0026339698151142,0.8411739583074611,14.226454088140471,3.3067226071190774e+18,1.0895413,,14.242379
647,-0.002477367857058,0.002477367857058,0.8413305602655172,14.226454088140471,3.30784352486428e+18,1.0380604,,14.891436
648,-0.0030942382922638,0.0030942382922638,0.8407136898303115,14.226454088140471,3.310634944368705e+18,1.2135509,,5.5111136
649,-0.0059588219625504,0.0059588219625504,0.8378491061600248,14.14000201510675,3.311232425859274e+18,1.2337285,,13.449509
650,-0.0024727867876532,0.0024727867876532,0.841335141334922,14.226454088140471,3.31149280395547e+18,1.0539469,,10.929824
651,-0.0026196281134065,0.0026196281134065,0.8411883000091688,14.166734701082556,3.311661819509112e+18,1.1410102,,13.672
652,-0.0038244001154791,0.0038244001154791,0.8399835280070962,14.166734701082556,3.312139626030966e+18,1.1320829,,11.37116
653,-0.002515717829818,0.002515717829818,0.8412922102927572,14.226454088140471,3.3124404455408184e+18,1.1030897,,16.090866
654,-0.0026985410738659,0.0026985410738659,0.8411093870487094,14.226454088140471,3.3125369276860114e+18,0.9843407,,5.6056676
655,-0.0017395075756322,0.0017395075756322,0.8420684205469431,14.226454088140471,3.411434528270796e+18,1.1489198,,12.735786
656,-0.0006967162151637,0.0006967162151637,0.8431112119074116,14.226454088140471,1.0937945968805632e+16,1.2399366,,13.54105
657,-0.0038850534323588,0.0038850534323588,0.8399228746902164,14.166734701082556,1.7576213061640064e+16,0.9603072,,14.902539
658,-0.0007659644637744,0.0007659644637744,0.8430419636588009,14.226454088140471,3.835468072594624e+16,1.2162788,,9.769129
659,-0.0078684088110514,0.0078684088110514,0.8359395193115239,14.097148403769236,3.855760934052211e+16,1.0130109,,17.086298
660,0.0002052117784131,0.0002052117784131,0.8440131399009885,14.267154858687086,4.287119961438362e+16,1.0302739,,16.808086
661,-0.00520772559419,0.00520772559419,0.8386002025283853,14.166734701082556,4.378977286126579e+16,1.0372365,,9.210812
662,-0.0051651461087331,0.0051651461087331,0.8386427820138421,14.166734701082556,4.626917158097613e+16,1.1250327,,14.49923
663,-0.0032461198782413,0.0032461198782413,0.840561808244334,14.226454088140471,4.701934774928922e+16,1.0556073,,9.03908
664,0.0050752195712056,0.0050752195712056,0.8488831476937809,14.267154858687086,4.901355260340032e+16,1.0465292,,15.082877
665,-0.0029306845780245,0.0029306845780245,0.8408772435445507,14.226454088140471,4.932457265909299e+16,0.9794646,,17.729204
666,-0.0018405697879365,0.0018405697879365,0.8419673583346388,14.166734701082556,4.933591566844109e+16,0.9779996,,16.38905
667,-0.0036157470902259,0.0036157470902259,0.8401921810323494,14.166734701082556,5.28982646238665e+16,1.3763922,,11.163684
668,-0.0026071941460702,0.0026071941460702,0.8412007339765051,14.166734701082556,5.327886744639104e+16,1.031632,,16.646381
669,-0.0026489315133693,0.0026489315133693,0.841158996609206,14.226454088140471,5.372575020260621e+16,1.0887728,,12.554228
670,-0.000433040650961,0.000433040650961,0.8433748874716143,14.226454088140471,5.425361886205773e+16,1.0151302,,17.415731
671,-0.0014833333219883,0.0014833333219883,0.842324594800587,14.226454088140471,5.750408017593536e+16,0.83652806,,8.305555
672,-0.0020458720363251,0.0020458720363251,0.8417620560862502,14.226454088140471,5.789056281050816e+16,1.0384293,,8.132049
673,-0.0035981022350405,0.0035981022350405,0.8402098258875348,14.166734701082556,6.083526110833306e+16,1.1619965,,13.689289
674,-0.0018271592560215,0.0018271592560215,0.8419807688665538,14.226454088140471,6.149740762547827e+16,1.1550231,,15.469968
675,0.001910265442205,0.001910265442205,0.8457181935647804,14.267154858687086,6.155746844800397e+16,1.1336032,,14.921372
676,-0.0032422184614285,0.0032422184614285,0.8405657096611467,14.166734701082556,6.47583529546601e+16,1.1353506,,14.389304
677,-0.0038580915830083,0.0038580915830083,0.839949836539567,14.226454088140471,1.4463158488201894e+17,1.0568495,,16.230604
678,-0.003246580540243,0.003246580540243,0.8405613475823323,14.166734701082556,1.4567385318535027e+17,1.1442175,,15.642139
679,-0.00413830226722,0.00413830226722,0.8396696258553553,14.166734701082556,3.2767585787996426e+18,1.0702617,,14.830815
680,-0.0034871223351634,0.0034871223351634,0.8403208057874119,14.166734701082556,3.278177739074809e+18,1.1711768,,9.58997
681,0.001220858980641,0.001220858980641,0.8450287871032164,14.267154858687086,3.2994071095831644e+18,1.1597182,,17.26128
682,-0.0027473347283056,0.0027473347283056,0.8410605933942696,14.166734701082556,3.3029970837681423e+18,1.0959585,,14.907933
683,-0.0033746492025191,0.0033746492025191,0.8404332789200561,14.166734701082556,3.3037721707465544e+18,1.2480878,,14.588053
684,-0.0043076949647615,0.0043076949647615,0.8395002331578137,14.166734701082556,3.305182053890143e+18,1.1215048,,15.1869545
685,0.0022892422462631,0.0022892422462631,0.8460971703688385,14.267154858687086,3.306422440445202e+18,0.973891,,9.729554
686,-0.0029348397203793,0.0029348397203793,0.840873088402196,14.226454088140471,3.306634646189021e+18,0.93769985,,17.494774
687,-0.0032297270572771,0.0032297270572771,0.8405782010652981,14.226454088140471,3.3077175964225567e+18,1.177181,,13.912734
688,-0.003007694862728,0.003007694862728,0.8408002332598473,14.226454088140471,3.30996705977484e+18,1.2725254,,6.5345774
689,-0.0033990318932094,0.0033990318932094,0.8404088962293659,14.226454088140471,3.3110247899605043e+18,1.0944234,,6.4990244
690,-0.0031703348572504,0.0031703348572504,0.8406375932653248,14.226454088140471,3.312348872541805e+18,1.1301515,,13.190009
691,-0.0027804628985392,0.0027804628985392,0.841027465224036,14.226454088140471,3.312613000147192e+18,1.2680652,,13.436778
692,-0.0030749132408476,0.0030749132408476,0.8407330148817277,14.226454088140471,3.314063908819076e+18,1.0993385,,10.60706
693,0.0041444788756915,0.0041444788756915,0.8479524069982669,14.267154858687086,3.3140740449418235e+18,1.078324,,15.695655
694,-0.0031559622667428,0.0031559622667428,0.8406519658558325,14.226454088140471,3.3140795081401984e+18,1.0220522,,9.650242
695,-0.0032664194850176,0.0032664194850176,0.8405415086375577,14.226454088140471,3.314150048683153e+18,1.1826293,,11.184438
696,-0.0028370040218304,0.0028370040218304,0.8409709241007449,14.226454088140471,3.314185129974409e+18,1.1497588,,13.227805
697,-0.0023194555070592,0.0023194555070592,0.8414884726155161,14.226454088140471,3.4104534890234204e+18,1.0452945,,10.271567
698,-3.9107527855741786e-05,3.9107527855741786e-05,0.8437688205947196,14.267154858687086,3.410466133403331e+18,1.1825663,,14.006111
699,-0.0042201294885819,0.0042201294885819,0.8395877986339934,14.166734701082556,1.2688815156948736e+16,1.3436279,,13.65822
700,-0.0070028116422505,0.0070028116422505,0.8368051164803247,14.097148403769236,3.752076987499738e+16,1.0727675,,10.195127
701,-0.006062183522741,0.006062183522741,0.8377457445998343,14.166734701082556,3.949686714896384e+16,1.1754801,,13.220195
702,-0.0025574010857344,0.0025574010857344,0.8412505270368409,14.166734701082556,4.221224855090355e+16,1.2394553,,13.368885
703,-0.0057368122070222,0.0057368122070222,0.838071115915553,14.166734701082556,4.277595442031923e+16,1.1941109,,14.122956
704,-0.0026265387249391,0.0026265387249391,0.8411813893976362,14.226454088140471,4.37323233773097e+16,1.1212096,,10.790469
705,-0.006301632437730076,0.006301632437730076,0.8375062956848452,14.166734701082556,4.489447280819072e+16,1.3976413,,12.231873
706,0.002956861795479049,0.002956861795479049,0.8467647899180544,14.267154858687086,4.727934788830566e+16,1.1063032,,14.614426
707,-0.001982188513745431,0.001982188513745431,0.8418257396088299,14.226454088140473,4.852289553900262e+16,1.055339,,16.272144
708,-0.003491271247790806,0.003491271247790806,0.8403166568747845,14.166734701082556,4.863524758772442e+16,1.0784314,,17.678175
709,-0.004189719566154437,0.004189719566154437,0.8396182085564209,14.226454088140473,4.897737179895437e+16,1.1786107,,13.95013
710,0.006382554319831257,0.006382554319831257,0.8501904824424066,14.267154858687086,4.901348388392397e+16,1.0179987,,17.767756
711,-0.003796407109312505,0.003796407109312505,0.8400115210132628,14.166734701082556,5.075641597320115e+16,1.2461574,,14.242717
712,-0.001956870540675393,0.001956870540675393,0.8418510575818999,14.166734701082556,5.714286054338394e+16,1.0857304,,15.485751
713,-0.0032270184788436573,0.0032270184788436573,0.8405809096437317,14.166734701082556,6.367911357357427e+16,1.0262877,,14.934946
714,-0.0022528825884137182,0.0022528825884137182,0.8415550455341616,14.166734701082556,6.387974008605107e+16,1.0936748,,14.337454
715,-0.000940117884517977,0.000940117884517977,0.8428678102380573,14.226454088140473,6.454095888972301e+16,1.0231605,,15.188299
716,-0.01102646654451589,0.01102646654451589,0.8327814615780594,14.040982317365716,6.501069087394048e+16,1.006565,,6.8663635
717,-0.0016254661785793934,0.0016254661785793934,0.8421824619439959,14.226454088140473,6.769669470044262e+16,1.2102064,,12.968981
718,-0.0030865078880836228,0.0030865078880836228,0.8407214202344917,14.226454088140473,1.443778038545412e+17,1.2177482,,10.200552
719,-0.007685266499221743,0.007685266499221743,0.8361226616233536,14.097148403769237,1.4458289713297907e+17,1.1273462,,14.500201
720,-0.001086893887420226,0.001086893887420226,0.8427210342351551,14.226454088140473,1.4480565131446182e+17,0.97295314,,15.708418
721,-0.0023685821647554395,0.0023685821647554395,0.8414393459578199,14.226454088140473,1.4566897410257062e+17,1.1722838,,13.819638
722,-0.0022105175832757284,0.0022105175832757284,0.8415974105392996,14.226454088140473,1.475268051543799e+17,1.2239947,,14.395543
723,-0.003827905794659636,0.003827905794659636,0.8399800223279157,14.166734701082556,1.4766558413756045e+17,1.1822501,,11.231847
724,-0.0030985359356815456,0.0030985359356815456,0.8407093921868938,14.166734701082556,3.27360720667702e+18,1.1224284,,15.056621
725,-0.00022659339943686962,0.00022659339943686962,0.8435813347231385,14.226454088140473,3.275198268720293e+18,1.3091998,,15.091956
726,-0.0006333546575000293,0.0006333546575000293,0.8431745734650753,14.226454088140473,3.2760818981117834e+18,1.1690935,,9.66651
727,0.00214974627978759,0.00214974627978759,0.8459576744023629,14.267154858687086,3.278142520343028e+18,1.3896341,,14.370861
728,-0.0013294532368992584,0.0013294532368992584,0.8424784748856761,14.226454088140473,3.2855497927397156e+18,1.0121305,,16.181154
729,-0.006970117862408087,0.006970117862408087,0.8368378102601672,14.097148403769237,3.2867252393889423e+18,1.0166943,,15.118722
730,-0.007958831073619832,0.007958831073619832,0.8358490970489555,14.097148403769237,3.299556814963129e+18,1.1553531,,14.527725
731,-0.002363203637043898,0.002363203637043898,0.8414447244855314,14.166734701082556,3.30062935419619e+18,1.0815908,,14.622352
732,-0.0055132924279566176,0.0055132924279566176,0.8382946356946187,14.166734701082556,3.3099785015677676e+18,1.0031333,,17.021824
733,-0.0034846013559347577,0.0034846013559347577,0.8403233267666406,14.226454088140473,3.3102182981812275e+18,1.3206253,,14.27761
734,-0.0031527061651691612,0.0031527061651691612,0.8406552219574062,14.226454088140473,3.3111731209508e+18,1.1544725,,14.749543
735,-0.003148216168711193,0.003148216168711193,0.8406597119538641,14.226454088140473,3.311221258944195e+18,1.3902847,,14.077939
736,-0.002866715853633628,0.002866715853633628,0.8409412122689417,14.226454088140473,3.3127093792130176e+18,0.9956746,,7.289236
737,-0.0030104712911278586,0.0030104712911278586,0.8407974568314475,14.226454088140473,3.313665885609888e+18,0.9490485,,16.60488
738,-0.0010914781415868324,0.0010914781415868324,0.8427164499809885,14.226454088140473,3.409328757345441e+18,1.1183249,,14.827179
739,-0.000809356550961926,0.000809356550961926,0.8429985715716134,14.226454088140473,1.5798165320627712e+16,1.026576,,15.421659
740,-0.017402987001227666,0.017402987001227666,0.8264049411213477,13.898346171286644,4.125179078562458e+16,1.2027639,,13.927086
741,-0.002044861812627752,0.002044861812627752,0.8417630663099476,14.226454088140473,4.164173945652275e+16,1.1804653,,15.326551
742,-0.0010535646812620536,0.0010535646812620536,0.8427543634413133,14.166734701082556,4.547834784194291e+16,1.0265024,,11.9806595
743,-0.0063341918061794455,0.0063341918061794455,0.8374737363163959,14.166734701082556,4.556751136294515e+16,1.0342455,,9.604419
744,-0.004934356868800727,0.004934356868800727,0.8388735712537746,14.166734701082556,4.653174870162931e+16,1.3181231,,11.400742
745,-0.0032708577670736982,0.0032708577670736982,0.8405370703555016,14.226454088140473,4.734500934820339e+16,0.9394181,,8.279239
746,0.004656345872803502,0.004656345872803502,0.8484642739953788,14.267154858687086,4.89283361562688e+16,1.145983,,12.301873
747,-5.8055449267624404e-05,5.8055449267624404e-05,0.8437498726733077,14.267154858687086,4.97292315944201e+16,1.015157,,5.804048
748,-0.00015724059633026588,0.00015724059633026588,0.8436506875262451,14.267154858687086,4.996830665405094e+16,1.2765797,,13.001957
749,-0.0015832602345401403,0.0015832602345401403,0.8422246678880352,14.226454088140473,5.066742425095629e+16,1.0890026,,16.488777
750,-0.0030343874952413197,0.0030343874952413197,0.840773540627334,14.166734701082556,5.371588895772493e+16,1.0367465,,16.746733
751,-0.006061141219638411,0.006061141219638411,0.8377467869029369,14.097148403769237,5.493456015714419e+16,1.1280845,,15.545405
752,-0.0030997156625599542,0.0030997156625599542,0.8407082124600154,14.166734701082556,6.131007833260787e+16,1.0365984,,15.92207
753,-0.00042915195877957224,0.00042915195877957224,0.8433787761637958,14.226454088140473,6.180149131017306e+16,1.3308412,,13.12409
754,-0.0033495707283024423,0.0033495707283024423,0.8404583573942729,14.166734701082556,6.454965190345613e+16,1.0082116,,15.482558
755,-0.0006191424007527813,0.0006191424007527813,0.8431887857218225,14.226454088140473,6.586624836024998e+16,1.373342,,17.425812
756,-0.0017466072860127246,0.0017466072860127246,0.8420613208365626,14.226454088140473,1.4516855887100378e+17,0.9884779,,17.316448
757,-0.0015038351549103712,0.0015038351549103712,0.842304092967665,14.226454088140473,1.4616055887978662e+17,1.3173752,,12.030182
758,-0.002942647268228571,0.002942647268228571,0.8408652808543468,14.166734701082556,3.276921169083747e+18,1.151266,,14.449718
759,0.003564135173418137,0.003564135173418137,0.8473720632959935,14.267154858687086,3.2966699441058744e+18,1.161134,,13.546453
760,-0.006433343983148876,0.006433343983148876,0.8373745841394264,14.097148403769237,3.3017710252239503e+18,1.0273341,,6.792206
761,-0.00853630664697802,0.00853630664697802,0.8352716214755973,14.040982317365716,3.3022642249084365e+18,1.1350718,,14.208393
762,-0.0023890354593766316,0.0023890354593766316,0.8414188926631987,14.166734701082556,3.302788107839882e+18,1.028199,,17.074516
763,-0.002774574093390325,0.002774574093390325,0.841033354029185,14.166734701082556,3.304160126550781e+18,1.2379574,,13.737927
764,-0.002167618383068115,0.002167618383068115,0.8416403097395072,14.226454088140473,3.3044126019087365e+18,1.0200107,,7.8848915
765,-0.002286830838299836,0.002286830838299836,0.8415210972842755,14.166734701082556,3.304860755976947e+18,1.1149318,,15.328427
766,-0.002130085966859818,0.002130085966859818,0.8416778421557155,14.226454088140473,3.306922958753765e+18,0.9077239,,7.3707113
767,-0.002129100049456767,0.002129100049456767,0.8416788280731186,14.226454088140473,3.307198077178624e+18,1.0949206,,14.668587
768,-0.001884040628229,0.001884040628229,0.8419238874943463,14.226454088140473,3.3094200140841856e+18,1.1336387,,15.195518
769,-0.0012604636394797364,0.0012604636394797364,0.8425474644830956,14.226454088140473,3.3107659924106747e+18,1.0291643,,14.74773
770,-0.0016248781934171674,0.0016248781934171674,0.8421830499291582,14.226454088140473,3.3109037406019866e+18,1.027065,,9.218413
771,-0.0021423041837893564,0.0021423041837893564,0.841665623938786,14.226454088140473,3.31262835895013e+18,1.1170361,,5.4175873
772,-0.0022723913372462157,0.0022723913372462157,0.8415355367853291,14.226454088140473,3.3128370256412723e+18,1.0014025,,6.406904
773,-0.001957514059007903,0.001957514059007903,0.8418504140635674,14.097148403769237,3.3128846138788516e+18,0.93220776,,12.917879
774,-0.0018127494690642898,0.0018127494690642898,0.841995178653511,14.226454088140473,3.3132076985000796e+18,1.2659032,,13.618415
775,-0.0018812695897622023,0.0018812695897622023,0.8419266585328131,14.226454088140473,3.3136894220306504e+18,1.191092,,7.950683
776,-0.002173439102890362,0.002173439102890362,0.841634489019685,14.166734701082556,3.313958836739285e+18,1.371541,,12.332814
777,0.00113704805341297,0.00113704805341297,0.8449449761759883,14.267154858687086,3.3141281271701274e+18,1.2225577,,15.384506
778,-0.00747760838885092,0.00747760838885092,0.8363303197337244,14.097148403769237,3.4103950774676265e+18,1.1090125,,16.114481
779,-0.0018207644533543288,0.0018207644533543288,0.841987163669221,14.166734701082556,1.7900495976985728e+16,1.04792,,16.348785
780,-0.0038126622372821606,0.0038126622372821606,0.8399952658852932,14.166734701082556,4.009290553041651e+16,1.2779382,,11.560935
781,0.0005825684101956607,0.0005825684101956607,0.844390496532771,14.226454088140473,4.235820872126003e+16,1.2166092,,14.81668
782,-0.0018398930911119882,0.0018398930911119882,0.8419680350314633,14.226454088140473,4.775248148585114e+16,1.172725,,6.014479
783,-0.0016327553051339594,0.0016327553051339594,0.8421751728174414,14.226454088140473,4.781350438162509e+16,1.132101,,10.348098
784,-0.0010401932784992463,0.0010401932784992463,0.8427677348440761,14.226454088140473,5.372575020074304e+16,1.0429065,,12.654072
785,-0.0018399415692055276,0.0018399415692055276,0.8419679865533698,14.166734701082556,5.623713783902003e+16,1.0477829,,13.652601
786,0.0011308015770158386,0.0011308015770158386,0.8449387296995912,14.226454088140473,5.724219454682778e+16,1.2847754,,12.382482
787,0.001729478112595384,0.001729478112595384,0.8455374062351707,14.226454088140473,6.138686805015885e+16,0.93517524,,9.859146
788,-0.0020647795085364518,0.0020647795085364518,0.8417431486140389,14.166734701082556,6.266993369724902e+16,1.0957658,,14.456469
789,-0.0022510902514967235,0.0022510902514967235,0.8415568378710786,14.166734701082556,6.318103480501222e+16,1.1470499,,9.109594
790,-0.00191760511780803,0.00191760511780803,0.8418903230047673,14.166734701082556,6.348999757251302e+16,1.0786376,,14.782223
791,-0.000783251243725025,0.000783251243725025,0.8430246768788503,14.226454088140473,6.455202272533786e+16,1.2270802,,14.583329
792,0.0017476754073764145,0.0017476754073764145,0.8455556035299517,14.226454088140473,6.905778701624973e+16,1.1093309,,14.854202
793,0.0031178357715184735,0.0031178357715184735,0.8469257638940938,14.267154858687086,6.911674832739354e+16,1.2591625,,11.944057
794,-0.003494102568928792,0.003494102568928792,0.8403138255536465,14.166734701082556,1.4522776070017357e+17,0.8739418,,8.699103
795,-0.0017088974802488277,0.0017088974802488277,0.8420990306423265,14.226454088140473,1.45429108768875e+17,1.0301228,,16.47273
796,-0.00202394210311041,0.00202394210311041,0.8417839860194649,14.226454088140473,1.454846341068146e+17,1.3905345,,5.224731
797,-0.001991991391949166,0.001991991391949166,0.8418159367306262,14.226454088140473,1.490052703372018e+17,0.9932552,,7.896926
798,-0.0008550398251837565,0.0008550398251837565,0.8429528882973916,14.226454088140473,3.2726960551348147e+18,1.2165433,,13.889304
799,-0.0036094493044268594,0.0036094493044268594,0.8401984788181485,14.166734701082556,3.2738065618785987e+18,1.0664003,,16.254156
800,-0.0002232168697420267,0.0002232168697420267,0.8435847112528333,14.226454088140473,3.276016992566051e+18,1.2457312,,14.250335
801,-0.005515759985771029,0.005515759985771029,0.8382921681368043,14.097148403769237,3.277194981837704e+18,1.2157178,,15.11163
802,0.0027400127881412883,0.0027400127881412883,0.8465479409107166,14.267154858687086,3.277663339431422e+18,1.1163169,,12.923452
803,-0.001729610195347564,0.001729610195347564,0.8420783179272278,14.226454088140473,3.2854266130775844e+18,0.9502784,,6.2678084
804,-0.003097016903048977,0.003097016903048977,0.8407109112195263,14.166734701082556,3.292453179573842e+18,0.982856,,17.470808
805,-0.0016652444992268922,0.0016652444992268922,0.8421426836233484,14.226454088140473,3.2994419503579817e+18,1.0800737,,14.725554
806,-0.0034550121917498178,0.0034550121917498178,0.8403529159308255,14.166734701082556,3.3007511251086643e+18,0.91137224,,8.534999
807,-0.0018909815430704358,0.0018909815430704358,0.8419169465795049,14.166734701082556,3.305574716979955e+18,0.9872806,,15.611272
808,-0.0014583658837810098,0.0014583658837810098,0.8423495622387943,14.226454088140473,3.3058609335989914e+18,0.988842,,17.599026
809,-0.0019307153906826802,0.0019307153906826802,0.8418772127318926,14.226454088140473,3.306016372760405e+18,1.0844646,,12.969965
810,-0.006319017809995775,0.006319017809995775,0.8374889103125795,14.097148403769237,3.3100974893422776e+18,1.0483623,,16.108124
811,-0.003221635534800371,0.003221635534800371,0.840586292587775,14.226454088140473,3.3108206243946716e+18,1.0642196,,10.364231
812,-0.00271810850883325,0.00271810850883325,0.8410898196137421,14.226454088140473,3.311229745799687e+18,1.0752293,,15.144566
813,-0.0026854190614513662,0.0026854190614513662,0.841122509061124,14.226454088140473,3.312025586059837e+18,1.2297627,,10.021945
814,-0.0020630461639679076,0.0020630461639679076,0.8417448819586074,14.226454088140473,3.312134953106549e+18,1.0494701,,14.962751
815,-0.002868610815241701,0.002868610815241701,0.8409393173073336,14.226454088140473,3.3122816348297114e+18,1.1234928,,14.750199
816,-0.0025523600105384903,0.0025523600105384903,0.8412555681120368,14.226454088140473,3.312564037520034e+18,1.097665,,10.49808
817,-0.002879204482372888,0.002879204482372888,0.8409287236402024,14.226454088140473,3.3128420421629937e+18,1.2794079,,11.251079
818,-0.002768187843691705,0.002768187843691705,0.8410397402788836,14.226454088140473,3.3136628963133553e+18,0.9669478,,7.6696334
819,-0.0030192202126569923,0.0030192202126569923,0.8407887079099183,14.226454088140473,3.3143935905086756e+18,1.1506572,,14.301552
