cluster,fraction,subsample_id,n_stars,R,real_error,null_mean
pleiades,0.6,1,449,0.8958419028707292,0.6041837251100026,0.6744311950288252
pleiades,0.6,2,449,0.9252445860998882,0.6195414615281915,0.669597499769976
pleiades,0.6,3,449,0.8696619198527472,0.5853180956507288,0.6730409625729455
pleiades,0.6,4,449,0.9171654696017943,0.6284330164659397,0.6851904452298956
pleiades,0.6,5,449,0.9344516142581889,0.6236733281925642,0.6674217462695112
pleiades,0.6,6,449,0.8896878882404039,0.6021055811962694,0.6767604562843881
pleiades,0.6,7,449,0.918701708232879,0.5993028463753255,0.6523367062504797
pleiades,0.6,8,449,0.9104547162543787,0.6460687784084712,0.7096111062683114
pleiades,0.6,9,449,0.921514400343481,0.6091374344553928,0.6610178139683393
pleiades,0.6,10,449,0.862431130303,0.5850873969699432,0.6784163702026653
pleiades,0.6,11,449,0.8766121821986451,0.5725394023106217,0.6531273622899313
pleiades,0.6,12,449,0.8665151776367787,0.5944813656752003,0.6860599571914157
pleiades,0.6,13,449,0.9218889929024651,0.6209732849631198,0.67358791540406
pleiades,0.6,14,449,0.8898231625628428,0.600834791713814,0.6752294354569364
pleiades,0.6,15,449,0.8782449822555707,0.6050433568111573,0.6889232150888495
pleiades,0.6,16,449,0.9083731500666888,0.6290720533339456,0.6925260321573373
pleiades,0.6,17,449,0.8899040515193366,0.6107331700711658,0.6862910321943795
pleiades,0.6,18,449,0.8951440154304193,0.6223422845583867,0.695242635632369
pleiades,0.6,19,449,0.9194332715205783,0.6359250207645307,0.6916489107608912
pleiades,0.6,20,449,0.9010412152631321,0.618884005878807,0.6868542696996093
pleiades,0.6,21,449,0.9205237772092265,0.6024089505528598,0.6544197613006772
pleiades,0.6,22,449,0.8739383613003213,0.6059270513454315,0.6933292760417115
pleiades,0.6,23,449,0.8906446801308859,0.595683479984871,0.6688228125915843
pleiades,0.6,24,449,0.9169101268787675,0.6106142881997351,0.6659478069877066
pleiades,0.6,25,449,0.8675539308186703,0.5738154103452024,0.6614175672095907
pleiades,0.6,26,449,0.9097878529824265,0.6127521728044146,0.6735110507309121
pleiades,0.6,27,449,0.8932868938177374,0.6165673323908328,0.6902231933077423
pleiades,0.6,28,449,0.901533061306962,0.6131473974665329,0.6801163748533489
pleiades,0.6,29,449,0.9207608385015325,0.6131386034838315,0.6659043020136125
pleiades,0.6,30,449,0.880394366486098,0.6038472810875288,0.6858827181024039
pleiades,0.6,31,449,0.9243793130425733,0.6262673882787602,0.6775004367172773
pleiades,0.6,32,449,0.8989378880250811,0.612888426696169,0.6817917398527416
pleiades,0.6,33,449,0.8859230634912346,0.6042653725494078,0.6820743216325426
pleiades,0.6,34,449,0.9086941970354797,0.6285446748822081,0.6917009891036717
pleiades,0.6,35,449,0.9178316170033589,0.6020331225291653,0.6559298147679327
pleiades,0.6,36,449,0.9165007783247587,0.6207294539464623,0.6772819714142229
pleiades,0.6,37,449,0.9325712394230543,0.6320833205122814,0.677785560814986
pleiades,0.6,38,449,0.8884658550834919,0.6157207344227149,0.693015641400033
pleiades,0.6,39,449,0.885586481953885,0.5997473148674388,0.677231786041049
pleiades,0.6,40,449,0.9048504945135731,0.6434282609266703,0.7110879253843615
pleiades,0.6,41,449,0.8846643495533568,0.5971137693628212,0.674960813854755
pleiades,0.6,42,449,0.8891409631897063,0.6187569145546873,0.6959041818689327
pleiades,0.6,43,449,0.9071689545334966,0.6150424045406211,0.6779799964130178
pleiades,0.6,44,449,0.8900961210629382,0.6172859980307648,0.6935048737136523
pleiades,0.6,45,449,0.8852431354413436,0.5991831944193271,0.676857205021534
pleiades,0.6,46,449,0.9093118796300091,0.6303982309698655,0.6932695427077988
pleiades,0.6,47,449,0.8550351521685396,0.5808658745000681,0.6793473613650578
pleiades,0.6,48,449,0.90638864231482,0.6063542078756007,0.6689781618699863
pleiades,0.6,49,449,0.8923406129695018,0.619658458242008,0.6944192040973334
pleiades,0.6,50,449,0.9011451738533356,0.620212980583072,0.6882497943489111
pleiades,0.6,51,449,0.8966463697624389,0.5915572681444144,0.6597442292674914
pleiades,0.6,52,449,0.8722591800669709,0.5970265005503541,0.6844599795493298
pleiades,0.6,53,449,0.9027206123832234,0.6006961688549363,0.6654286615535133
pleiades,0.6,54,449,0.8932207342115231,0.6004269033680648,0.6722043951410089
pleiades,0.6,55,449,0.8937656374104836,0.6023897144683793,0.6739906853139814
pleiades,0.6,56,449,0.902337668571174,0.6076663264299969,0.6734356190540279
pleiades,0.6,57,449,0.8952504098619621,0.5969555040699024,0.6668028268894581
pleiades,0.6,58,449,0.8920006036105146,0.6190947097254248,0.694051895502694
pleiades,0.6,59,449,0.8804050112375748,0.614071774866748,0.6974878232502956
pleiades,0.6,60,449,0.9077743858932378,0.6344962893046628,0.698958132290026
pleiades,0.6,61,449,0.9204456624471405,0.6209366894546491,0.6746043952271961
pleiades,0.6,62,449,0.9044186485249891,0.6225907158039028,0.6883877470011064
pleiades,0.6,63,449,0.9265489837431866,0.6201555267477987,0.6693175834508156
pleiades,0.6,64,449,0.8553918353166889,0.5740601994903514,0.6711078780379274
pleiades,0.6,65,449,0.9026698712736435,0.6120729937916838,0.6780695947324185
pleiades,0.6,66,449,0.8997823521601528,0.6410914346236368,0.7124961198500241
pleiades,0.6,67,449,0.9186800677469885,0.6197096483039676,0.6745652486221573
pleiades,0.6,68,449,0.9024552621388827,0.6022652378534716,0.6673629853141534
pleiades,0.6,69,449,0.9058685730360416,0.6216319635597063,0.6862275412384502
pleiades,0.6,70,449,0.9254984608275633,0.6362348327757299,0.6874509896070715
pleiades,0.6,71,449,0.9096016604138785,0.6271233031198274,0.6894482831468004
pleiades,0.6,72,449,0.8914207976608537,0.5927554162868455,0.6649557850145232
pleiades,0.6,73,449,0.8673360646731355,0.5959630951372487,0.6871190065892665
pleiades,0.6,74,449,0.9109923027614261,0.6222706096235798,0.6830690091862854
pleiades,0.6,75,449,0.8728627502479245,0.5951031081373861,0.6817831417005198
pleiades,0.6,76,449,0.9327942730378264,0.6397012867961224,0.68579032406879
pleiades,0.6,77,449,0.8979669987719201,0.5971161824145009,0.6649645067481661
pleiades,0.6,78,449,0.8751960461857831,0.6046378740118652,0.6908599240672474
pleiades,0.6,79,449,0.9449077149413061,0.6376135714523649,0.6747892533526101
pleiades,0.6,80,449,0.885019760020358,0.6041565689332576,0.6826475478009217
pleiades,0.6,81,449,0.9083499687341745,0.6200756879718464,0.6826396315463621
pleiades,0.6,82,449,0.8818257869480148,0.6049136911289347,0.685978682050716
pleiades,0.6,83,449,0.9094366329588335,0.620673625198352,0.6824814425816597
pleiades,0.6,84,449,0.891066293125839,0.5999670837916468,0.6733136338116626
pleiades,0.6,85,449,0.9011613743004894,0.5855720727890225,0.6497971278935057
pleiades,0.6,86,449,0.8933021581509478,0.6020395283405752,0.6739483643325578
pleiades,0.6,87,449,0.934414429270999,0.6216447520035763,0.6652773464645276
pleiades,0.6,88,449,0.9232025482441802,0.6369333865588969,0.6899172752179543
pleiades,0.6,89,449,0.8844303806621511,0.598389367480092,0.6765816513811892
pleiades,0.6,90,449,0.9225756198531617,0.6165066431676682,0.6682451063098678
pleiades,0.6,91,449,0.8977012449047376,0.6052300727762373,0.6741998813207207
pleiades,0.6,92,449,0.8941311891321037,0.6082750511910358,0.680297319436383
pleiades,0.6,93,449,0.9149346507141268,0.6231381480905693,0.6810739407499717
pleiades,0.6,94,449,0.9212612508825295,0.630614883819281,0.6845125453992322
pleiades,0.6,95,449,0.8913327061231555,0.5982885052604584,0.6712291618499107
pleiades,0.6,96,449,0.9334811649508457,0.6220170306555864,0.6663412760859937
pleiades,0.6,97,449,0.9173122478184439,0.6100818935508312,0.6650754909265963
pleiades,0.6,98,449,0.8884029519786089,0.6059922366163742,0.6821141636987328
pleiades,0.6,99,449,0.8789152478852711,0.6017190245189813,0.6846155257480827
pleiades,0.6,100,449,0.905913005421676,0.6017397822996624,0.6642357253934887
pleiades,0.6,101,449,0.91569052841955,0.6430442928847622,0.7022506763225281
pleiades,0.6,102,449,0.8991849546774306,0.6132455063304896,0.6820015205330947
pleiades,0.6,103,449,0.9161553154154738,0.6406275351580347,0.6992564736335257
pleiades,0.6,104,449,0.8733470204508076,0.5808778638538664,0.66511690113058
pleiades,0.6,105,449,0.8936930976492344,0.6056360111257508,0.6776778434552225
pleiades,0.6,106,449,0.8622481664261078,0.5993329321501064,0.695081712535561
pleiades,0.6,107,449,0.9247590694443456,0.6013620277909892,0.6502904893404571
pleiades,0.6,108,449,0.9222131224560881,0.6241631716932748,0.6768101174172946
pleiades,0.6,109,449,0.9128052667844023,0.6091752487881347,0.6673660538069806
pleiades,0.6,110,449,0.9225982097965607,0.6285372439340476,0.6812686576452869
pleiades,0.6,111,449,0.8999540749818531,0.6158893628736406,0.6843564355059557
pleiades,0.6,112,449,0.8805802676918199,0.599624325598991,0.6809422690911852
pleiades,0.6,113,449,0.9148585952923988,0.6114970515377749,0.6684060844860225
pleiades,0.6,114,449,0.9002872746239633,0.5975481584669775,0.6637305394731526
pleiades,0.6,115,449,0.9060823550281057,0.6156363105380404,0.6794485149409448
pleiades,0.6,116,449,0.873443024628532,0.5814643455457832,0.665715254630461
pleiades,0.6,117,449,0.8815833348734149,0.5945993235734326,0.6744675177631507
pleiades,0.6,118,449,0.8969368838282279,0.6028963962584063,0.6721725989070451
pleiades,0.6,119,449,0.9146521695404011,0.6233955640144377,0.681565719488409
pleiades,0.6,120,449,0.9552734186070267,0.6417141459018553,0.6717596589650725
pleiades,0.6,121,449,0.9122191109798894,0.6195063677081453,0.6791201370936887
pleiades,0.6,122,449,0.9016048330814244,0.631352405968598,0.700254016841079
pleiades,0.6,123,449,0.9350192136957619,0.6497145668473082,0.6948676105587638
pleiades,0.6,124,449,0.9258997674180918,0.6441217124268749,0.6956711029564613
pleiades,0.6,125,449,0.9024859369109224,0.601923706441031,0.6669618681276386
pleiades,0.6,126,449,0.8974282383510382,0.6065861765423288,0.6759160795484758
pleiades,0.6,127,449,0.8701748927284737,0.5840484676440372,0.6711851520017156
pleiades,0.6,128,449,0.9180132064101459,0.6282409781445377,0.6843485189077497
pleiades,0.6,129,449,0.8753696716046927,0.6074877811050216,0.6939785565010486
pleiades,0.6,130,449,0.8683759372678811,0.5873065865374625,0.6763275688928805
pleiades,0.6,131,449,0.877379775698307,0.5956843145824395,0.6789355431726632
pleiades,0.6,132,449,0.905020461877596,0.6250843828830546,0.6906853592969893
pleiades,0.6,133,449,0.8960334598855731,0.6124449295252734,0.6835067627982162
pleiades,0.6,134,449,0.9301504028914286,0.642366439604843,0.6906049146546711
pleiades,0.6,135,449,0.9043102898359128,0.5950255654469967,0.6579882725374763
pleiades,0.6,136,449,0.9110402768145835,0.6311650730962967,0.6927960147965582
pleiades,0.6,137,449,0.8963833098804971,0.6078861660327247,0.6781542665199402
pleiades,0.6,138,449,0.9227628380119609,0.6224544489131911,0.6745551763378694
pleiades,0.6,139,449,0.9053918153037851,0.6161086743326175,0.6804884514290592
pleiades,0.6,140,449,0.9002510478192594,0.6231942212078377,0.6922449273649216
pleiades,0.6,141,449,0.8834266749612578,0.6032174861869253,0.6828155672494031
pleiades,0.6,142,449,0.919939206313292,0.6280921010291879,0.6827539219100165
pleiades,0.6,143,449,0.922516513056327,0.62706723472522,0.679735512427551
pleiades,0.6,144,449,0.903606171458255,0.5884355356731404,0.6512079645533111
pleiades,0.6,145,449,0.9010554277492094,0.5909826721095722,0.6558782666520492
pleiades,0.6,146,449,0.9029781278132831,0.6198176643992417,0.6864149255754808
pleiades,0.6,147,449,0.8906006956006197,0.6110182914355197,0.686074347857375
pleiades,0.6,148,449,0.9094820784444126,0.5963419090812297,0.6556939638670165
pleiades,0.6,149,449,0.8773324878738727,0.6008272323900046,0.6848341315229863
pleiades,0.6,150,449,0.9304792082461598,0.6309826603011961,0.6781265553375682
pleiades,0.6,151,449,0.8976186545803824,0.613505628732714,0.6834813710723456
pleiades,0.6,152,449,0.9025432118782126,0.6075990153522203,0.6732076728911329
pleiades,0.6,153,449,0.8791070617916813,0.5928275975074915,0.674351991097953
pleiades,0.6,154,449,0.9119901951386751,0.6213691304401812,0.6813331258958296
pleiades,0.6,155,449,0.9046184833970061,0.618083561355383,0.6832532970522196
pleiades,0.6,156,449,0.9098916778956412,0.6105564297989612,0.6710210068203175
pleiades,0.6,157,449,0.9112190329168486,0.6161474059962401,0.6761792540964905
pleiades,0.6,158,449,0.8890777610266606,0.6161789778914638,0.693054089194552
pleiades,0.6,159,449,0.8964189844615645,0.6148386904460775,0.6858831652426252
pleiades,0.6,160,449,0.9098784126069535,0.6151573248963299,0.6760873940659846
pleiades,0.6,161,449,0.9118002142415131,0.6094998838406784,0.6684577107142872
pleiades,0.6,162,449,0.8983016267157309,0.6026729381417429,0.6709026458575699
pleiades,0.6,163,449,0.901843051998918,0.6233370433021796,0.6911812891617504
pleiades,0.6,164,449,0.903002289422956,0.6201967597335984,0.6868163757701231
pleiades,0.6,165,449,0.8983537285661943,0.6258405236175729,0.6966526700083245
pleiades,0.6,166,449,0.9272540315842948,0.6169032069758155,0.6653011860426018
pleiades,0.6,167,449,0.9039583022863383,0.6281729423329198,0.6949136268167593
pleiades,0.6,168,449,0.9044670294512313,0.6014079619286017,0.664930773975802
pleiades,0.6,169,449,0.8870535072805809,0.6054289774052387,0.6825168633415228
pleiades,0.6,170,449,0.8882044172631202,0.6064588923350736,0.6827920246150017
pleiades,0.6,171,449,0.926115491795203,0.6065955658759907,0.6549891144787485
pleiades,0.6,172,449,0.927239981827466,0.6135267180583013,0.6616698266711085
pleiades,0.6,173,449,0.8943454555122401,0.6025844958660822,0.673771518770618
pleiades,0.6,174,449,0.8857868161843548,0.6025055012248663,0.6801924461014665
pleiades,0.6,175,449,0.9135898760915752,0.6142971566281881,0.6723992600007894
pleiades,0.6,176,449,0.9056244493955478,0.6145249849930461,0.6785649232451776
pleiades,0.6,177,449,0.9224862037482212,0.6163406686953995,0.6681299581404043
pleiades,0.6,178,449,0.8940614626832137,0.6121269416344804,0.6846586808443738
pleiades,0.6,179,449,0.9138235092214122,0.6154043031429044,0.6734389047040776
pleiades,0.6,180,449,0.8845882997673279,0.622244225973245,0.7034280536345701
pleiades,0.6,181,449,0.9023830698019834,0.6134082781853075,0.6797648345950377
pleiades,0.6,182,449,0.8963812327027687,0.5896810390906839,0.6578462573482018
pleiades,0.6,183,449,0.9078994906718684,0.6084493426361086,0.6701725784490097
pleiades,0.6,184,449,0.8587336237910255,0.5769654434888285,0.6718794134806514
pleiades,0.6,185,449,0.8945349098070853,0.6174137806541039,0.6902064680597596
pleiades,0.6,186,449,0.8808722008630605,0.593224211018651,0.6734509392366135
pleiades,0.6,187,449,0.9191898313526885,0.6147809643074901,0.6688291616572526
pleiades,0.6,188,449,0.9556017701009839,0.6449903701656396,0.6749572785926086
pleiades,0.6,189,449,0.9231269409351445,0.6293456347279494,0.6817541627486364
pleiades,0.6,190,449,0.9225239995181473,0.6036702679657057,0.6543680904572832
pleiades,0.6,191,449,0.8837428596843502,0.597961957812013,0.6766243724170958
pleiades,0.6,192,449,0.8923266122307014,0.6100540633202677,0.6836667818246631
pleiades,0.6,193,449,0.8776027347137341,0.5783899308867175,0.659056664260946
pleiades,0.6,194,449,0.9415663152627457,0.6261500593192421,0.6650089846773181
pleiades,0.6,195,449,0.931571260404356,0.6444633249194712,0.691802497899878
pleiades,0.6,196,449,0.873383654848575,0.5972791066560826,0.6838679695232416
pleiades,0.6,197,449,0.9348372130881542,0.6214193725153714,0.6647353826048131
pleiades,0.6,198,449,0.8995434457070305,0.5954029602596361,0.6618946123182038
pleiades,0.6,199,449,0.8865311681691054,0.6039219639432825,0.6812190993696509
pleiades,0.6,200,449,0.8869646498708534,0.5990075402789167,0.6753454496367304
pleiades,0.6,201,449,0.9337787162034348,0.6384185080237899,0.6836935742329586
pleiades,0.6,202,449,0.8836842176217097,0.5896407835940285,0.6672528170537542
pleiades,0.6,203,449,0.8963322226612712,0.6016636669350377,0.6712507390938791
pleiades,0.6,204,449,0.8724496244484418,0.6076668304228331,0.6965064954976592
pleiades,0.6,205,449,0.9044007227103577,0.6182470495706707,0.6835985797511019
pleiades,0.6,206,449,0.8720146042446281,0.6162398200389667,0.70668520577448
pleiades,0.6,207,449,0.8951566391926593,0.5914903526012418,0.6607674307534671
pleiades,0.6,208,449,0.9088946313376588,0.6066370863615637,0.6674449000416585
pleiades,0.6,209,449,0.8831883853675747,0.6337876388869222,0.7176131948600589
pleiades,0.6,210,449,0.8980649725666099,0.6096016092997916,0.6787945504183186
pleiades,0.6,211,449,0.8790039570360602,0.5949018025706538,0.6767908128384553
pleiades,0.6,212,449,0.8956324997862352,0.6127035821697844,0.6841015509330236
pleiades,0.6,213,449,0.9074172441829472,0.6203873788587626,0.6836848019318491
pleiades,0.6,214,449,0.9275744862013271,0.6355138083722575,0.6851350676697259
pleiades,0.6,215,449,0.8988372304988916,0.6263733608755854,0.6968707343463314
pleiades,0.6,216,449,0.8901528332504459,0.6011332532750077,0.675314654765445
pleiades,0.6,217,449,0.879586576331326,0.571470620367297,0.6497036627717171
pleiades,0.6,218,449,0.8949129365704123,0.5833244316413307,0.6518225492155845
pleiades,0.6,219,449,0.8889544561420804,0.6072664873258001,0.683124408826566
pleiades,0.6,220,449,0.8820236962883568,0.6129635185210659,0.6949513047103805
pleiades,0.6,221,449,0.8981709800528144,0.5930696495884829,0.6603081849222172
pleiades,0.6,222,449,0.925177032502606,0.6159621130752876,0.665777566277352
pleiades,0.6,223,449,0.892084481327191,0.619545701758717,0.6944921862523528
pleiades,0.6,224,449,0.8769404904715834,0.5891485835700893,0.6718227633134705
pleiades,0.6,225,449,0.9053841729009964,0.620411063231155,0.6852461991281097
pleiades,0.6,226,449,0.8831015323305857,0.6112659737265985,0.6921808550296722
pleiades,0.6,227,449,0.9107538140273993,0.6118066322906329,0.6717585179085808
pleiades,0.6,228,449,0.9185697402598816,0.6313795037193296,0.6873506452985266
pleiades,0.6,229,449,0.886247721023105,0.5929018560222975,0.6690024041335054
pleiades,0.6,230,449,0.9312816564396429,0.603336998382371,0.6478566330716444
pleiades,0.6,231,449,0.9262740479865659,0.6212604705554318,0.670709140459954
pleiades,0.6,232,449,0.9092524254906282,0.6417699748343988,0.705821570383057
pleiades,0.6,233,449,0.8915719499803468,0.6157990641173312,0.6906891408269467
pleiades,0.6,234,449,0.8944900717501358,0.6045726788005774,0.6758852869296652
pleiades,0.6,235,449,0.9114711288972425,0.6066053577508859,0.6655233923698678
pleiades,0.6,236,449,0.9203172917825835,0.6164692650355239,0.6698442706009257
pleiades,0.6,237,449,0.8977732782780261,0.6129463799841098,0.6827407262107105
pleiades,0.6,238,449,0.8870018109675907,0.620735418417771,0.6998130226370547
pleiades,0.6,239,449,0.9061344400751645,0.6067005993078174,0.6695481072957464
pleiades,0.6,240,449,0.9083566110957987,0.6196916236084339,0.6822118274241072
pleiades,0.6,241,449,0.9143986822744077,0.6262010865499233,0.6848228225705193
pleiades,0.6,242,449,0.908263572533262,0.6261877836154028,0.6894339953201976
pleiades,0.6,243,449,0.93867530939851,0.6179948282253817,0.6583691102106266
pleiades,0.6,244,449,0.8810849942511445,0.5935397024855295,0.673646363697288
pleiades,0.6,245,449,0.8945521405706977,0.611111188681725,0.6831476455825752
pleiades,0.6,246,449,0.8975868234721782,0.5936174423846418,0.6613482137452986
pleiades,0.6,247,449,0.8933138121063475,0.6098170823737917,0.6826459796204226
pleiades,0.6,248,449,0.912853062095479,0.620191762771121,0.6793993343763934
pleiades,0.6,249,449,0.9078743025192737,0.6203882474145017,0.6833415657795108
pleiades,0.6,250,449,0.9325082807985876,0.6361444470237072,0.6821863785262278
pleiades,0.6,251,449,0.8949368320151988,0.6112391008999322,0.6829969211609691
pleiades,0.6,252,449,0.9108969466463425,0.6209522018109821,0.6816931422343081
pleiades,0.6,253,449,0.8974275171370607,0.6136255646544804,0.6837605856036657
pleiades,0.6,254,449,0.8909334055569752,0.6143514767521457,0.6895593687701925
pleiades,0.6,255,449,0.9157783045471308,0.6096244072391174,0.6656899428738791
pleiades,0.6,256,449,0.9203518754540179,0.6247201613746713,0.6787840368842528
pleiades,0.6,257,449,0.9082472767320524,0.5982492851220113,0.6586854708494815
pleiades,0.6,258,449,0.8943173656305117,0.5741797406263621,0.6420312997294354
pleiades,0.6,259,449,0.8950580266773619,0.6177663063047084,0.6901969346032045
pleiades,0.6,260,449,0.8944486532281773,0.6046207560855822,0.6759703353607053
pleiades,0.6,261,449,0.8807842967167925,0.5811828099744096,0.6598469252242848
pleiades,0.6,262,449,0.9072595480149843,0.6076842127225415,0.6698019481328236
pleiades,0.6,263,449,0.9072631261214591,0.6162076402105134,0.6791939653105875
pleiades,0.6,264,449,0.8959322254674311,0.6120643999688027,0.6831592642506779
pleiades,0.6,265,449,0.9136262415239627,0.6227165055741984,0.6815878061202403
pleiades,0.6,266,449,0.8947202999660984,0.5910519387841767,0.6605996743413245
pleiades,0.6,267,449,0.8932683809727462,0.6034028019350405,0.6755000118530451
pleiades,0.6,268,449,0.9039656967905595,0.6073924692363634,0.6719198210649475
pleiades,0.6,269,449,0.8952887738752556,0.6208648586069777,0.693479999664874
pleiades,0.6,270,449,0.8811816065786794,0.6001617557540121,0.6810874753550868
pleiades,0.6,271,449,0.8687535445600687,0.5911183942879313,0.6804212748130656
pleiades,0.6,272,449,0.8935706002853746,0.6126879057783932,0.685662560499106
pleiades,0.6,273,449,0.9121379530775727,0.6121942492205174,0.6711641009509154
pleiades,0.6,274,449,0.8952215307211016,0.6137836960416584,0.685622133716171
pleiades,0.6,275,449,0.9040630960897905,0.602551896938406,0.6664931900710626
pleiades,0.6,276,449,0.9168116071617787,0.6335832675945795,0.6910724762266003
pleiades,0.6,277,449,0.907442922687033,0.6159387780388147,0.678763107452484
pleiades,0.6,278,449,0.88793940284247,0.5937745768860359,0.6687106969070702
pleiades,0.6,279,449,0.9247761845939352,0.6107052056411439,0.6603816315937047
pleiades,0.6,280,449,0.8907816881940751,0.6192273878336105,0.6951505582574337
pleiades,0.6,281,449,0.9067582361343818,0.6278579950475259,0.6924205041954283
pleiades,0.6,282,449,0.922030759698965,0.6158066335961638,0.6678807915228547
pleiades,0.6,283,449,0.9338068619782822,0.6307104260849319,0.6754184957998312
pleiades,0.6,284,449,0.9264692885196016,0.6194649446611469,0.668629767157188
pleiades,0.6,285,449,0.8816591186072346,0.5955270220955754,0.6754617624057869
pleiades,0.6,286,449,0.9175754458239607,0.6068754408401295,0.6613902361948776
pleiades,0.6,287,449,0.9439285801262567,0.6251199737077939,0.6622534658545671
pleiades,0.6,288,449,0.8951594948921886,0.6012705371588183,0.6716909562929165
pleiades,0.6,289,449,0.9371473760588289,0.6335708302673798,0.6760631747504436
pleiades,0.6,290,449,0.9330751298480484,0.6161921926347304,0.6603886149393752
pleiades,0.6,291,449,0.8842855127617009,0.5999539498916884,0.6784618103919624
pleiades,0.6,292,449,0.8975156517121173,0.5919298696283807,0.6595203866352686
pleiades,0.6,293,449,0.9068688952128118,0.6114525354714472,0.6742457908736188
pleiades,0.6,294,449,0.8904206954781572,0.5997206365050382,0.6735250422082646
pleiades,0.6,295,449,0.9172172427668176,0.6159933308555504,0.6715893488846603
pleiades,0.6,296,449,0.9261394633417485,0.6145902283614634,0.6636044059108165
pleiades,0.6,297,449,0.9306939497200584,0.6423798043114062,0.6902159453219034
pleiades,0.6,298,449,0.9028047020473432,0.6048851162465856,0.670006608156617
pleiades,0.6,299,449,0.9109809099135009,0.6105887347152921,0.6702541492041457
pleiades,0.6,300,449,0.9035368892570654,0.6114469903134967,0.676726094510939
pleiades,0.6,301,449,0.906300338533335,0.5878143612996851,0.6485867171261842
pleiades,0.6,302,449,0.9242148271976611,0.6419427922820627,0.6945817935300999
pleiades,0.6,303,449,0.9139331801836009,0.6143270863584847,0.6721794324559612
pleiades,0.6,304,449,0.8866910143442326,0.5997944832590061,0.676441368589479
pleiades,0.6,305,449,0.9018423493020582,0.6092121585096907,0.6755195727736273
pleiades,0.6,306,449,0.8929878703967161,0.6111053470869993,0.6843377915262292
pleiades,0.6,307,449,0.8970511338365611,0.5985383590344923,0.6672288083229193
pleiades,0.6,308,449,0.8746995521335046,0.5962558091670483,0.68166927456714
pleiades,0.6,309,449,0.885229410540227,0.6153349776674343,0.6951135720760963
pleiades,0.6,310,449,0.8729465408746061,0.5894744319660175,0.675269795302038
pleiades,0.6,311,449,0.9023551720842636,0.6034053562175401,0.668700501625975
pleiades,0.6,312,449,0.9050529547954911,0.6016158585855046,0.664730008777716
pleiades,0.6,313,449,0.9101170644976412,0.619525264656283,0.6807094260981068
pleiades,0.6,314,449,0.9246395600432868,0.6160995634751685,0.6663132209553373
pleiades,0.6,315,449,0.9111927641537562,0.5928293298079585,0.6506080306273411
pleiades,0.6,316,449,0.8927881500259086,0.5992810016741223,0.6712465904220741
pleiades,0.6,317,449,0.8734160716571036,0.5745567743139034,0.657827114657755
pleiades,0.6,318,449,0.8872081796184026,0.5748296876384874,0.6479084625727048
pleiades,0.6,319,449,0.9055202801338862,0.6268390820648053,0.6922419031544205
pleiades,0.6,320,449,0.8756856388081342,0.604518213007081,0.6903370184646057
pleiades,0.6,321,449,0.8791778426895002,0.603895347003226,0.6868864496810393
pleiades,0.6,322,449,0.8772758883454193,0.5961728818797856,0.6795728570680242
pleiades,0.6,323,449,0.8916369660216948,0.6050497538133025,0.6785830745812537
pleiades,0.6,324,449,0.92928190707682,0.6377193454492818,0.6862496090721414
pleiades,0.6,325,449,0.9178196820954043,0.6334636972774035,0.6901831695646259
pleiades,0.6,326,449,0.8806872717267733,0.5916377358903636,0.6717909465528359
pleiades,0.6,327,449,0.9090961445022301,0.6294685188602867,0.6924113831820816
pleiades,0.6,328,449,0.9099388256248366,0.6155304006070992,0.6764525078753804
pleiades,0.6,329,449,0.9142455180820642,0.6190741411246706,0.6771421121356829
pleiades,0.6,330,449,0.9151566196027089,0.6307146598528713,0.6891876716432205
pleiades,0.6,331,449,0.9218404135176241,0.6052323448257662,0.6565478535664081
pleiades,0.6,332,449,0.8908171194694324,0.6283207941718383,0.705330847869273
pleiades,0.6,333,449,0.9053151601308939,0.6150537942337866,0.6793808624002936
pleiades,0.6,334,449,0.882317365437729,0.6064352453142268,0.6873209902350346
pleiades,0.6,335,449,0.9164252698374363,0.6309296960964917,0.6884682437973493
pleiades,0.6,336,449,0.8665667882355083,0.5850358272798,0.6751191428314973
pleiades,0.6,337,449,0.8755702308933471,0.5868682112255122,0.670269717400886
pleiades,0.6,338,449,0.9085028664685277,0.6213877762224354,0.6839689770466579
pleiades,0.6,339,449,0.9074171680160007,0.6079476832107021,0.6699759544333219
pleiades,0.6,340,449,0.8896402019664079,0.6066295341177186,0.6818818807613017
pleiades,0.6,341,449,0.9222019129682837,0.638278098594378,0.6921240236207682
pleiades,0.6,342,449,0.8690667705921937,0.6009511286247198,0.691490169639352
pleiades,0.6,343,449,0.905665218664068,0.641170224311892,0.7079550048942718
pleiades,0.6,344,449,0.9016474223912824,0.5897034178024881,0.6540288400520466
pleiades,0.6,345,449,0.9105622349007909,0.6050372616320697,0.6644655779052716
pleiades,0.6,346,449,0.8892610655709405,0.5972132072288625,0.6715836668790038
pleiades,0.6,347,449,0.8981972691673397,0.6048156411063564,0.6733661544830143
pleiades,0.6,348,449,0.9222091271877034,0.6142076564433133,0.6660177592433429
pleiades,0.6,349,449,0.9032244888845955,0.596648454768043,0.6605760385270913
pleiades,0.6,350,449,0.8836034457991832,0.5844216397652447,0.6614071533375012
pleiades,0.6,351,449,0.9012257885831777,0.6168707499185827,0.6844796916967598
pleiades,0.6,352,449,0.8792231249485485,0.5776736385733555,0.6570273485551925
pleiades,0.6,353,449,0.9301009710011874,0.6149104752857331,0.6611222807603628
pleiades,0.6,354,449,0.885306191530462,0.5868366684823052,0.6628629440259745
pleiades,0.6,355,449,0.9101064733530381,0.6227072418751609,0.6842136168760196
pleiades,0.6,356,449,0.8890415992650665,0.6147900619589478,0.691520017136621
pleiades,0.6,357,449,0.9078347382241094,0.605160164783014,0.6665972773489786
pleiades,0.6,358,449,0.9030932683888931,0.6114752893932995,0.6770898541677358
pleiades,0.6,359,449,0.937115993569771,0.6070973277157883,0.6478358409007221
pleiades,0.6,360,449,0.8826324059003078,0.6096056256290912,0.6906676228449574
pleiades,0.6,361,449,0.8825490909362338,0.6094483433090314,0.6905546100132638
pleiades,0.6,362,449,0.8717084765812209,0.5954548956909401,0.6830894865520549
pleiades,0.6,363,449,0.8634348953578105,0.5832109263348529,0.6754544314463551
pleiades,0.6,364,449,0.9009097637863288,0.6133717352886301,0.6808359282407612
pleiades,0.6,365,449,0.9015472891244526,0.6185318562762434,0.6860781056498293
pleiades,0.6,366,449,0.9176849754079474,0.6225383970841892,0.6783791974009885
pleiades,0.6,367,449,0.90018605407356,0.6045792514273132,0.6716158828404923
pleiades,0.6,368,449,0.8953263817534157,0.613087594113557,0.6847643570078661
pleiades,0.6,369,449,0.8915620847079466,0.606575958374669,0.6803519000848585
pleiades,0.6,370,449,0.8507557693550576,0.5749226316155243,0.6757787044469444
pleiades,0.6,371,449,0.9167527446670153,0.6306636719920085,0.6879321340031322
pleiades,0.6,372,449,0.924874096244388,0.6222960877306015,0.6728441095469566
pleiades,0.6,373,449,0.8684239220906145,0.5917058548603638,0.681356005758007
pleiades,0.6,374,449,0.9068853450997356,0.6224437166921188,0.6863532640100882
pleiades,0.6,375,449,0.8844736467962822,0.6187102648847927,0.6995236852176085
pleiades,0.6,376,449,0.8868076518086712,0.5888510908597168,0.664012189857335
pleiades,0.6,377,449,0.9581977581217254,0.6278194435724304,0.6552086333442192
pleiades,0.6,378,449,0.8933691727685635,0.6072652439303983,0.6797472561634008
pleiades,0.6,379,449,0.9080692985728439,0.6080604117599809,0.6696189516765204
pleiades,0.6,380,449,0.8753376383973744,0.6124632066172723,0.6996879601094386
pleiades,0.6,381,449,0.9135408081227704,0.613388932203594,0.6714411953463177
pleiades,0.6,382,449,0.9122441982304029,0.6283891535159388,0.6888387503421846
pleiades,0.6,383,449,0.9010944829822236,0.6202430118823912,0.6883218392700192
pleiades,0.6,384,449,0.9318711372608465,0.6429817405527928,0.689989972693844
pleiades,0.6,385,449,0.8900983453869109,0.6233113873542727,0.7002724930168583
pleiades,0.6,386,449,0.9095657076229885,0.6212199407043261,0.6829852263535636
pleiades,0.6,387,449,0.8741057883562606,0.5859409803599285,0.6703318844985335
pleiades,0.6,388,449,0.8954195409910172,0.597678438411411,0.6674842473841063
pleiades,0.6,389,449,0.9186446595633526,0.6145655140316217,0.6689915492718753
pleiades,0.6,390,449,0.8901807748888418,0.6002813431064594,0.6743364494491778
pleiades,0.6,391,449,0.9060024342414492,0.6081150723682337,0.6712068857490192
pleiades,0.6,392,449,0.9230836644769284,0.6112988316323322,0.6622355645072854
pleiades,0.6,393,449,0.8800348621685151,0.6008559507866008,0.6827638047270277
pleiades,0.6,394,449,0.8754063425094828,0.6073963710868318,0.6938450655333837
pleiades,0.6,395,449,0.878299156193164,0.6162840845763232,0.7016790124762275
pleiades,0.6,396,449,0.8712705482730904,0.5860969806614362,0.6726922903834119
pleiades,0.6,397,449,0.9248890105417452,0.6057637588835108,0.6549583268685291
pleiades,0.6,398,449,0.9180943587644663,0.6080393679417778,0.6622841782407336
pleiades,0.6,399,449,0.8879316125517696,0.6126923418989796,0.690021994079254
pleiades,0.6,400,449,0.8869784790808433,0.6141109537494546,0.6923628568596665
pleiades,0.6,401,449,0.8949560040091666,0.6101450129390141,0.6817597850684565
pleiades,0.6,402,449,0.8887854273959176,0.6148091124664969,0.6917407661237729
pleiades,0.6,403,449,0.9215964812273955,0.6067823262711252,0.6584034755243463
pleiades,0.6,404,449,0.9254796174439746,0.6260306763379779,0.6764391830335212
pleiades,0.6,405,449,0.8805595294731094,0.6117538334249535,0.6947330793081097
pleiades,0.6,406,449,0.9027177315788347,0.6027620015195825,0.6677192442707026
pleiades,0.6,407,449,0.9161231870819829,0.628947292507047,0.6865313544899536
pleiades,0.6,408,449,0.883347599484698,0.5993852111833976,0.678538337040877
pleiades,0.6,409,449,0.9069909216981126,0.6135336689284324,0.6764496250742453
pleiades,0.6,410,449,0.8737589280407987,0.6023148669310279,0.6893375822569034
pleiades,0.6,411,449,0.9427445663793181,0.6281206922592838,0.666268164951222
pleiades,0.6,412,449,0.8882421143266528,0.6079829948013266,0.684478910642757
pleiades,0.6,413,449,0.8747971403565754,0.5821306602682815,0.6654464599998574
pleiades,0.6,414,449,0.9043880986429554,0.6176656333079088,0.6829652383028072
pleiades,0.6,415,449,0.8992788167143183,0.602820017285767,0.6703371702763794
pleiades,0.6,416,449,0.9055373273762073,0.603177041106702,0.6660984841501856
pleiades,0.6,417,449,0.8827629205773538,0.5900897282061633,0.6684577641981458
pleiades,0.6,418,449,0.9162568917914884,0.6269857379121606,0.6842903377089611
pleiades,0.6,419,449,0.8925048933982964,0.5863147816323007,0.6569317277352418
pleiades,0.6,420,449,0.8790257049052498,0.6082191207803256,0.6919241580607538
pleiades,0.6,421,449,0.9119413689923056,0.6073842078935298,0.6660342742918756
pleiades,0.6,422,449,0.8954761960649448,0.5815204052269782,0.6493979491385645
pleiades,0.6,423,449,0.8920824559124189,0.5895166790119795,0.6608320510114997
pleiades,0.6,424,449,0.9056157370396097,0.6033086283641145,0.6661861137001499
pleiades,0.6,425,449,0.8996229187657943,0.6358344130254094,0.7067788067223987
pleiades,0.6,426,449,0.8863981285854968,0.6066438748931158,0.6843920980081384
pleiades,0.6,427,449,0.8931951938968072,0.6086220675479432,0.6813987264000646
pleiades,0.6,428,449,0.8932125064621779,0.6219981662379898,0.6963607895522985
pleiades,0.6,429,449,0.9086467640465073,0.5938877356594005,0.6535958297090281
pleiades,0.6,430,449,0.8921072659748177,0.5959887213618927,0.6680684533049372
pleiades,0.6,431,449,0.8908973577224795,0.5956845248331261,0.6686342929065975
pleiades,0.6,432,449,0.8746376387783814,0.6104231830664856,0.69791552067102
pleiades,0.6,433,449,0.8857879512426555,0.5980774769752388,0.6751926080459855
pleiades,0.6,434,449,0.859966543430847,0.5995974311912042,0.6972334398023241
pleiades,0.6,435,449,0.8804444284943408,0.6038573243948615,0.6858551259476144
pleiades,0.6,436,449,0.899226182525478,0.6239518408110507,0.6938764161188913
pleiades,0.6,437,449,0.900493561617568,0.6285744658574322,0.6980332704748226
pleiades,0.6,438,449,0.9246049767429642,0.6380489575250798,0.6900773558159794
pleiades,0.6,439,449,0.9192458711827662,0.625197712233205,0.6801202288010081
pleiades,0.6,440,449,0.8942540563201817,0.6019342776715609,0.6731132762746366
pleiades,0.6,441,449,0.9143451192948563,0.5925570350196487,0.6480671493895316
pleiades,0.6,442,449,0.9217455512024103,0.6166223742377676,0.6689724441125734
pleiades,0.6,443,449,0.9320628751682335,0.6284418862888898,0.6742483828416174
pleiades,0.6,444,449,0.9001222678775345,0.6003295523071271,0.6669422296625203
pleiades,0.6,445,449,0.8801715009485827,0.6052906349506827,0.6876962436279134
pleiades,0.6,446,449,0.8985077793817899,0.6100982785853104,0.6790127949755571
pleiades,0.6,447,449,0.9117718177784895,0.6159420130451294,0.6755440352892872
pleiades,0.6,448,449,0.8733614063600129,0.5818745999029775,0.6662472095350638
pleiades,0.6,449,449,0.92904473742515,0.6509839058922847,0.7007024308608522
pleiades,0.6,450,449,0.9057563128050988,0.6131468709189639,0.6769446287600992
pleiades,0.6,451,449,0.8919860852160971,0.6043575842466066,0.6775414933745203
pleiades,0.6,452,449,0.8935373118427348,0.609010554172811,0.6815726059797699
pleiades,0.6,453,449,0.9071524119567523,0.6030360245237961,0.6647571197248223
pleiades,0.6,454,449,0.9108588867273849,0.6122458287345537,0.6721632051417812
pleiades,0.6,455,449,0.877747096544176,0.6082459129878818,0.692962603217531
pleiades,0.6,456,449,0.9131156232967248,0.6261551454394341,0.6857347848005877
pleiades,0.6,457,449,0.899932786767654,0.6258024566555348,0.6953879954782728
pleiades,0.6,458,449,0.9012547502717432,0.6267725083251933,0.6954443326220594
pleiades,0.6,459,449,0.9124724092793154,0.6195609534896838,0.6789914381948517
pleiades,0.6,460,449,0.9315009186733619,0.6238773270992802,0.6697549241151609
pleiades,0.6,461,449,0.8846853009290474,0.6055524612098747,0.6844834661251376
pleiades,0.6,462,449,0.9120149839915744,0.6132215138032833,0.6723809636541547
pleiades,0.6,463,449,0.8915894338055954,0.6031548543685459,0.6764939460914018
pleiades,0.6,464,449,0.8984041803150616,0.6155501207949434,0.6851594574939266
pleiades,0.6,465,449,0.8575903674925305,0.5729056726086916,0.6680411701495488
pleiades,0.6,466,449,0.8992402955044622,0.606085637327185,0.6739974179951298
pleiades,0.6,467,449,0.8810094825627034,0.6012043318640828,0.6824039284064048
pleiades,0.6,468,449,0.9102016764278812,0.613752693214016,0.6743040681079717
pleiades,0.6,469,449,0.9128087757269112,0.6211202742440203,0.6804494991290962
pleiades,0.6,470,449,0.8757000094387087,0.5931451111269282,0.677338249096414
pleiades,0.6,471,449,0.8917239178631947,0.5937384309017019,0.6658321247280834
pleiades,0.6,472,449,0.9251212216540305,0.6270399814387214,0.6777922360462474
pleiades,0.6,473,449,0.8958037656392622,0.6088456095448369,0.6796640435088519
pleiades,0.6,474,449,0.8876543685420484,0.5945615933023394,0.6698120511465436
pleiades,0.6,475,449,0.8746832478300287,0.5913478726713427,0.676070879530844
pleiades,0.6,476,449,0.9024505932710538,0.6097856943080747,0.6756998098896742
pleiades,0.6,477,449,0.8892371404610642,0.6125857670833991,0.688889092920452
pleiades,0.6,478,449,0.8808707204127442,0.6100251514188596,0.692525176830743
pleiades,0.6,479,449,0.8908494504155662,0.6017519569106191,0.6754810890099466
pleiades,0.6,480,449,0.9070698913548395,0.5987131120344694,0.6600517972658151
pleiades,0.6,481,449,0.9503476284545258,0.6444989048326668,0.678171740040814
pleiades,0.6,482,449,0.9093118443359491,0.618668154214837,0.6803696202446775
pleiades,0.6,483,449,0.8593346837552109,0.5825520949049376,0.6779106044681454
pleiades,0.6,484,449,0.8815857380076192,0.5989446543317224,0.6793946731549166
pleiades,0.6,485,449,0.903611299080734,0.5989687513965176,0.6628610686983034
pleiades,0.6,486,449,0.8537991923607959,0.5733175420534162,0.671489909082914
pleiades,0.6,487,449,0.9173100651588938,0.5911441445189213,0.6444322012497758
pleiades,0.6,488,449,0.8911212685923228,0.5882493265932693,0.6601226424799724
pleiades,0.6,489,449,0.8905999509192171,0.5979152326766051,0.6713623014008449
pleiades,0.6,490,449,0.921470786100875,0.6525613593810559,0.7081736819268178
pleiades,0.6,491,449,0.866909262757365,0.5882429615217161,0.6785519393929426
pleiades,0.6,492,449,0.8959042673670663,0.611000131091508,0.68199265629926
pleiades,0.6,493,449,0.9079205471064586,0.6220318817967045,0.6851170884711434
pleiades,0.6,494,449,0.9017400827430853,0.6057904904783494,0.6718016666571371
pleiades,0.6,495,449,0.8869092637271386,0.6085505395927512,0.6861474611679942
pleiades,0.6,496,449,0.8948399229361872,0.6157585459233912,0.6881214507092372
pleiades,0.6,497,449,0.8897457936747559,0.6080003198603261,0.6833416063134308
pleiades,0.6,498,449,0.8806192804089373,0.6096037111020626,0.6922443383467348
pleiades,0.6,499,449,0.9248876740440961,0.611738600706916,0.6614193462348488
pleiades,0.6,500,449,0.8709013000567685,0.6028884480781199,0.6922580641903067
pleiades,0.7,1,524,0.8726024262515298,0.5900297664540622,0.6761725027383602
pleiades,0.7,2,524,0.9198004394846484,0.6372463965408948,0.6928094064598787
pleiades,0.7,3,524,0.8984671571483628,0.6105489921929441,0.679545142340829
pleiades,0.7,4,524,0.9220746666264448,0.6205549724931969,0.6729986138363337
pleiades,0.7,5,524,0.9103121789043244,0.6194279451850935,0.6804566164660713
pleiades,0.7,6,524,0.9527827620228395,0.6370143920583942,0.6685830363953668
pleiades,0.7,7,524,0.9073719734103957,0.6054474720351586,0.6672538823957267
pleiades,0.7,8,524,0.8861875635290508,0.5961498939130351,0.672712999423053
pleiades,0.7,9,524,0.9073275803458078,0.6082126874380434,0.6703341776585657
pleiades,0.7,10,524,0.9218782224540988,0.6252959528920042,0.678284764366628
pleiades,0.7,11,524,0.9192078808235934,0.6161852016072331,0.6703436888020831
pleiades,0.7,12,524,0.9145414541838908,0.5925706970881806,0.64794296024227
pleiades,0.7,13,524,0.8922989444925925,0.6102799008600464,0.6839410767285881
pleiades,0.7,14,524,0.9045325565697077,0.6168186459095608,0.6819197843455685
pleiades,0.7,15,524,0.9077063835927691,0.6093435362180356,0.6713002654076407
pleiades,0.7,16,524,0.9180836940779963,0.6088179360071778,0.6631399075425202
pleiades,0.7,17,524,0.9269432275213111,0.6183051988957267,0.6670367510522767
pleiades,0.7,18,524,0.9207444662233348,0.5900269432783796,0.6408150848829139
pleiades,0.7,19,524,0.9367579444249492,0.6184118984078542,0.6601618935695077
pleiades,0.7,20,524,0.9191471333126331,0.6216667273261516,0.6763517012620673
pleiades,0.7,21,524,0.8960210637984469,0.6020027264155042,0.6718622482639762
pleiades,0.7,22,524,0.9411516539462708,0.6420475108180769,0.6821934681046957
pleiades,0.7,23,524,0.9038830171238208,0.6205176003543136,0.6865021121082866
pleiades,0.7,24,524,0.9080907849621335,0.6160922270306853,0.6784478349886304
pleiades,0.7,25,524,0.9208426217605382,0.6119030669741589,0.6645034151484813
pleiades,0.7,26,524,0.9102477311570129,0.6231663248056091,0.6846117858635082
pleiades,0.7,27,524,0.8984070649916288,0.596251242203251,0.6636760388886821
pleiades,0.7,28,524,0.9154353680280006,0.616659143125265,0.6736239003455273
pleiades,0.7,29,524,0.8864293689729114,0.6091967136069056,0.6872478901649774
pleiades,0.7,30,524,0.9065740606447914,0.6081123456659846,0.6707806588172962
pleiades,0.7,31,524,0.8839675749193672,0.592470986649509,0.6702406326426085
pleiades,0.7,32,524,0.889062945652314,0.6126714514708027,0.6891204435713827
pleiades,0.7,33,524,0.8917662806661243,0.588114915754989,0.6594944533176156
pleiades,0.7,34,524,0.8885917253419453,0.5906505891973135,0.6647041294133378
pleiades,0.7,35,524,0.9126225525773957,0.6264689363224192,0.6864491070850356
pleiades,0.7,36,524,0.8986961853021047,0.5936570611447154,0.6605759219342322
pleiades,0.7,37,524,0.909998016771123,0.6091603640172965,0.6694084523159006
pleiades,0.7,38,524,0.8893562055021164,0.5871846333314137,0.6602356060470715
pleiades,0.7,39,524,0.9178086563380851,0.6298408028992913,0.6862441300262507
pleiades,0.7,40,524,0.8976116707165258,0.6086107560513545,0.6780334702706416
pleiades,0.7,41,524,0.9136272678365276,0.6007581644368908,0.6575527959662238
pleiades,0.7,42,524,0.9011776854297797,0.5941955516399939,0.6593544882956315
pleiades,0.7,43,524,0.8894888936927005,0.5981281405480127,0.67244025730877
pleiades,0.7,44,524,0.9043526193044744,0.6132481032559155,0.67810728930885
pleiades,0.7,45,524,0.9241191081214171,0.6163256142459687,0.6669330920976818
pleiades,0.7,46,524,0.8976068343279929,0.6147389642104395,0.6848643979751705
pleiades,0.7,47,524,0.8891419992251385,0.5837974317535038,0.6565851486739648
pleiades,0.7,48,524,0.8703911948171084,0.5801185218598979,0.6665032060460995
pleiades,0.7,49,524,0.9123326144602668,0.6043785081309674,0.6624541297238572
pleiades,0.7,50,524,0.8922989922065783,0.6104607392813224,0.6841437058801397
pleiades,0.7,51,524,0.8954501406627468,0.5965092526823897,0.6661557417824483
pleiades,0.7,52,524,0.9017495364917377,0.6284569006778182,0.6969306611709875
pleiades,0.7,53,524,0.914863972247766,0.6083651356223951,0.6649787881882356
pleiades,0.7,54,524,0.9086658778349607,0.6091881399153115,0.6704203984932262
pleiades,0.7,55,524,0.9322140032535764,0.6270738638262925,0.6726715771675861
pleiades,0.7,56,524,0.9123835352243552,0.6139901685177847,0.6729518287140116
pleiades,0.7,57,524,0.91612468239993,0.6327749703932724,0.690708352858282
pleiades,0.7,58,524,0.8898334002529339,0.61204551646044,0.6878203451190604
pleiades,0.7,59,524,0.8973598902920519,0.6016422101308303,0.6704581034204925
pleiades,0.7,60,524,0.9215628995478548,0.6169460618708518,0.6694562706176033
pleiades,0.7,61,524,0.9215691655310991,0.6162501991669644,0.6686966341932895
pleiades,0.7,62,524,0.9066435185340881,0.6104878558677795,0.673349385274215
pleiades,0.7,63,524,0.8896206986895188,0.603543245660404,0.6784276113960372
pleiades,0.7,64,524,0.8903207590101084,0.604339560769225,0.6787885766486588
pleiades,0.7,65,524,0.9092495918578059,0.604815677905711,0.665181137634534
pleiades,0.7,66,524,0.8925026393797136,0.6018426789488831,0.6743315396435822
pleiades,0.7,67,524,0.8874953538502182,0.6083316598561241,0.6854477121677324
pleiades,0.7,68,524,0.9102219502790349,0.614799781175382,0.6754394145152299
pleiades,0.7,69,524,0.9211280606090019,0.628129843367228,0.6819136993307329
pleiades,0.7,70,524,0.9168135255261359,0.6057264089026209,0.6606865976971815
pleiades,0.7,71,524,0.9160592862919044,0.6065836212687157,0.6621663361157462
pleiades,0.7,72,524,0.9045736515804277,0.609289978470822,0.6735659140704572
pleiades,0.7,73,524,0.8742667542125231,0.6006718627403003,0.6870578800418214
pleiades,0.7,74,524,0.9051205959643198,0.6177580531266209,0.6825146349348713
pleiades,0.7,75,524,0.9139491327210584,0.6002942459087677,0.6568136282612791
pleiades,0.7,76,524,0.9156750328887491,0.6257027269871684,0.6833240008884122
pleiades,0.7,77,524,0.8656428854444951,0.5894877021868685,0.680982553081546
pleiades,0.7,78,524,0.8940646220688797,0.6005144785701755,0.6716678680122422
pleiades,0.7,79,524,0.9020613054153529,0.6204629371026855,0.6878279041322964
pleiades,0.7,80,524,0.914266774319585,0.6061898463269466,0.6630338795567462
pleiades,0.7,81,524,0.8911500168872862,0.6031273029502564,0.6767966016057886
pleiades,0.7,82,524,0.8899842902385124,0.5952803474673483,0.668866129432257
pleiades,0.7,83,524,0.914341687924725,0.6092817982418658,0.6663611714180379
pleiades,0.7,84,524,0.8676678032568197,0.5936844676190105,0.6842301459044536
pleiades,0.7,85,524,0.894149385853279,0.6180110626074269,0.691172048412989
pleiades,0.7,86,524,0.9153565678744744,0.6301352887349001,0.6884041813324405
pleiades,0.7,87,524,0.9240019591338384,0.6194355260845392,0.6703833470928996
pleiades,0.7,88,524,0.909599142230998,0.6039558315608261,0.6639802122938326
pleiades,0.7,89,524,0.9128676817467366,0.6126062190785886,0.6710788773969855
pleiades,0.7,90,524,0.9242019803118358,0.6184382412602789,0.6691591821212189
pleiades,0.7,91,524,0.9046249345792722,0.611089506965264,0.6755169834551076
pleiades,0.7,92,524,0.8896280907334552,0.5883106649494173,0.6612995599817264
pleiades,0.7,93,524,0.9177920076581978,0.6114138170029072,0.6661790600715372
pleiades,0.7,94,524,0.91305366734087,0.6187986237055014,0.6777242629205558
pleiades,0.7,95,524,0.8961463115220882,0.6032707619890245,0.673183334275382
pleiades,0.7,96,524,0.9161931266449993,0.620846001510023,0.6776366067965324
pleiades,0.7,97,524,0.9262403557597219,0.6196701614054578,0.6690165868417505
pleiades,0.7,98,524,0.9084224956651252,0.5972731375738833,0.6574838694814291
pleiades,0.7,99,524,0.9178744640127698,0.6092928368913668,0.663808462681984
pleiades,0.7,100,524,0.9015947945452164,0.6031279677433419,0.6689567989881446
pleiades,0.7,101,524,0.8793526875996062,0.5961362046474468,0.6779261757585987
pleiades,0.7,102,524,0.9127964531687189,0.616077649484817,0.6749343156912364
pleiades,0.7,103,524,0.9169858825546482,0.6239615319723328,0.6804483513246973
pleiades,0.7,104,524,0.9043698869644601,0.5982391962125865,0.6614983590625636
pleiades,0.7,105,524,0.8676297925675427,0.5747691430388623,0.6624589749713072
pleiades,0.7,106,524,0.8953057746963405,0.5976392961840675,0.6675253450551772
pleiades,0.7,107,524,0.8775034317951189,0.5878217484961297,0.6698797146509341
pleiades,0.7,108,524,0.9093703121103516,0.6161108287038017,0.6775136822687885
pleiades,0.7,109,524,0.8896305492297193,0.5958152004203213,0.6697332965197789
pleiades,0.7,110,524,0.890359764558323,0.5943981789289622,0.66759326127436
pleiades,0.7,111,524,0.8988252015744503,0.607681419865431,0.6760840915463543
pleiades,0.7,112,524,0.8714155725814074,0.5780542830001684,0.663350875504542
pleiades,0.7,113,524,0.9485693428217946,0.6395490182074354,0.6742248450755444
pleiades,0.7,114,524,0.892588638172686,0.6185124675013765,0.6929423488602765
pleiades,0.7,115,524,0.9168741657918236,0.6244271456721575,0.6810390879896749
pleiades,0.7,116,524,0.8768216232827858,0.5873222215718017,0.6698309051422459
pleiades,0.7,117,524,0.8962571782523513,0.5955734054789694,0.6645117271365151
pleiades,0.7,118,524,0.9479642923816294,0.6196988728662789,0.6537154171802938
pleiades,0.7,119,524,0.8931425194764209,0.6090404051316424,0.681907301299097
pleiades,0.7,120,524,0.9249589812126155,0.6156792778448459,0.6656287363550912
pleiades,0.7,121,524,0.9000526776011697,0.606220909409578,0.6735393655238987
pleiades,0.7,122,524,0.9021180933427615,0.6024300568153858,0.6677951160286631
pleiades,0.7,123,524,0.901909021545547,0.6042164605472933,0.6699306095329705
pleiades,0.7,124,524,0.9029841989626134,0.6040299724659661,0.6689264033190186
pleiades,0.7,125,524,0.8922360129604522,0.59249296863917,0.6640540843820791
pleiades,0.7,126,524,0.8991983642831946,0.5942085349156327,0.6608203023026097
pleiades,0.7,127,524,0.8748131623780768,0.5954501370939569,0.6806597827989872
pleiades,0.7,128,524,0.8923239325359429,0.5944087792778829,0.6661356460412319
pleiades,0.7,129,524,0.9043128204205363,0.6076561287232394,0.6719534601319249
pleiades,0.7,130,524,0.9088881791643084,0.6167845142019912,0.6786142985918284
pleiades,0.7,131,524,0.8995191370896879,0.5926631183459581,0.6588666031758541
pleiades,0.7,132,524,0.9056235145973883,0.5985744071937483,0.660952810462144
pleiades,0.7,133,524,0.9029177722151167,0.6026423185454083,0.6674387603058842
pleiades,0.7,134,524,0.8902491570510537,0.5967276622714728,0.6702928697491054
pleiades,0.7,135,524,0.9048555514357318,0.6022996594923276,0.6656307280611368
pleiades,0.7,136,524,0.9168240114431738,0.6333147852846834,0.6907702867508693
pleiades,0.7,137,524,0.8930630689605098,0.6090261676004904,0.6819520241827633
pleiades,0.7,138,524,0.9000896488524145,0.6006982097080238,0.667375978019406
pleiades,0.7,139,524,0.8947819422401581,0.6110060863032161,0.6828547352816637
pleiades,0.7,140,524,0.8837135742643311,0.6026642905451096,0.6819679001160667
pleiades,0.7,141,524,0.8832471996652387,0.6052703509692263,0.6852785394605622
pleiades,0.7,142,524,0.9166838422549805,0.6028198044040614,0.6576092831757188
pleiades,0.7,143,524,0.9098522879877784,0.5960668542872363,0.6551248616470402
pleiades,0.7,144,524,0.8858996975695143,0.5962925562990475,0.6730926288099991
pleiades,0.7,145,524,0.8761851340427813,0.5909140542240774,0.6744168912083196
pleiades,0.7,146,524,0.8979074447931948,0.6020566566240841,0.6705108194784477
pleiades,0.7,147,524,0.9039546328098276,0.6308974490124917,0.69793043380001
pleiades,0.7,148,524,0.913250643978762,0.6137170374062588,0.6720138019640215
pleiades,0.7,149,524,0.9007857029196965,0.612010570231508,0.6794186100509941
pleiades,0.7,150,524,0.899382966601955,0.6094119902329937,0.6775889836289335
pleiades,0.7,151,524,0.8930143298268318,0.6092009172533869,0.6821849290722127
pleiades,0.7,152,524,0.9037370084111415,0.6132247715227659,0.6785433879717677
pleiades,0.7,153,524,0.8908584174369557,0.5900545018559111,0.6623437465557406
pleiades,0.7,154,524,0.8855295885987503,0.5981584777716464,0.6754810742328374
pleiades,0.7,155,524,0.8919145290201335,0.6034056660971043,0.6765285758490918
pleiades,0.7,156,524,0.9077630127145748,0.6216700011341494,0.6848373335625421
pleiades,0.7,157,524,0.8995144126670854,0.6067338686491719,0.6745126705087348
pleiades,0.7,158,524,0.9004403344073518,0.6037943659388503,0.6705545529968437
pleiades,0.7,159,524,0.87988991962078,0.5872444695675035,0.6674067476765702
pleiades,0.7,160,524,0.9451992353738398,0.6412744791434738,0.6784542931732701
pleiades,0.7,161,524,0.8801871358830063,0.5902839922896774,0.6706346505479233
pleiades,0.7,162,524,0.8853813112236487,0.6030113764687882,0.6810753387547691
pleiades,0.7,163,524,0.9344674616797396,0.614039750890353,0.6571012646995691
pleiades,0.7,164,524,0.8959010305424475,0.6036108668632968,0.6737472625718761
pleiades,0.7,165,524,0.9314987116377985,0.6068767605231685,0.6515057433156654
pleiades,0.7,166,524,0.9114591986616779,0.6076037799509988,0.6666275142575346
pleiades,0.7,167,524,0.9234628576382845,0.6241896166567449,0.6759228175706842
pleiades,0.7,168,524,0.8858622692781453,0.5945480717732203,0.6711518171529017
pleiades,0.7,169,524,0.9113032563980249,0.6126206789080682,0.6722467791122401
pleiades,0.7,170,524,0.924958699564595,0.6293499378957799,0.6804086908875318
pleiades,0.7,171,524,0.9092856834594887,0.618323527743648,0.680010187107709
pleiades,0.7,172,524,0.9173712630975127,0.6048119243822947,0.659288064398422
pleiades,0.7,173,524,0.9212387632218667,0.620031175404097,0.6730406927685605
pleiades,0.7,174,524,0.873484123017295,0.5875209308796223,0.6726177561764215
pleiades,0.7,175,524,0.8625260379847068,0.5977324169112177,0.6930021710507664
pleiades,0.7,176,524,0.8890349124254603,0.5978837339727663,0.6725087233544328
pleiades,0.7,177,524,0.9045561908980152,0.6102459230434232,0.6746357265407581
pleiades,0.7,178,524,0.8772971352796679,0.5902436877567827,0.6727979199072874
pleiades,0.7,179,524,0.8937883436031658,0.5929717088657829,0.663436386376792
pleiades,0.7,180,524,0.9079593450539117,0.6143429348567175,0.6766194303779536
pleiades,0.7,181,524,0.902986736736281,0.5936248758613792,0.657401545018206
pleiades,0.7,182,524,0.9277394056898409,0.6090210331900365,0.6564570066280473
pleiades,0.7,183,524,0.9255190263737472,0.6138173360782133,0.6632141734386549
pleiades,0.7,184,524,0.8856247243756256,0.5934959306267542,0.6701438140688483
pleiades,0.7,185,524,0.8869007376132451,0.599895185842392,0.6763949565052578
pleiades,0.7,186,524,0.9006323443614711,0.6069471637888744,0.6739122435350541
pleiades,0.7,187,524,0.899102339512817,0.5991233807060488,0.66635727033108
pleiades,0.7,188,524,0.877752862092913,0.6028194779553422,0.6867758613944932
pleiades,0.7,189,524,0.9141874100722366,0.6037854961280591,0.6604613993539351
pleiades,0.7,190,524,0.9033783060977396,0.6001474726377425,0.66433682166905
pleiades,0.7,191,524,0.8951662844250389,0.6124934528695753,0.6842231030438966
pleiades,0.7,192,524,0.9090018852011809,0.5934276959934732,0.652834395235754
pleiades,0.7,193,524,0.9124710841615141,0.604960484268538,0.662991402981769
pleiades,0.7,194,524,0.8809657241024184,0.5885905163018714,0.6681196557352596
pleiades,0.7,195,524,0.877605017082336,0.5841775660189549,0.6656497566081575
pleiades,0.7,196,524,0.9134900392516407,0.6148101812923773,0.6730343571080959
pleiades,0.7,197,524,0.9103526768740086,0.6140656298480714,0.6745359742958796
pleiades,0.7,198,524,0.8971792551163404,0.6160307720839707,0.6866306466304638
pleiades,0.7,199,524,0.8972596033178619,0.6062078461062019,0.6756214632471842
pleiades,0.7,200,524,0.9136381937170753,0.6223836939842513,0.681214618942456
pleiades,0.7,201,524,0.881573348919432,0.6063390510860052,0.6877919481449969
pleiades,0.7,202,524,0.8984729537831873,0.6005883910921539,0.6684546135342916
pleiades,0.7,203,524,0.8890326130971301,0.6117290063702037,0.6880838760674014
pleiades,0.7,204,524,0.9248760608353218,0.6185486524023746,0.668790855980983
pleiades,0.7,205,524,0.898647333221337,0.5980467241687768,0.6654965769775202
pleiades,0.7,206,524,0.910845037700627,0.5990398917971645,0.6576748700409066
pleiades,0.7,207,524,0.8753571911300952,0.5846240946560672,0.6678691859506077
pleiades,0.7,208,524,0.8994178602635412,0.592292468439019,0.6585286935101217
pleiades,0.7,209,524,0.8934336774921177,0.6160271218609621,0.6895051500522791
pleiades,0.7,210,524,0.8923977956368215,0.6042336878128317,0.6770900721260144
pleiades,0.7,211,524,0.9027329354090761,0.6169779206379388,0.6834556450057441
pleiades,0.7,212,524,0.9077822608024888,0.6095075707305094,0.6714248526862582
pleiades,0.7,213,524,0.9161286253343408,0.6228407940085899,0.6798617320589502
pleiades,0.7,214,524,0.9158874432015593,0.6203356154639164,0.6773055139783144
pleiades,0.7,215,524,0.8862648775014912,0.5992121548197388,0.6761095582496787
pleiades,0.7,216,524,0.9010120378833267,0.6153186113221241,0.6829194122285439
pleiades,0.7,217,524,0.867446634622138,0.5827535163221511,0.6718033053134157
pleiades,0.7,218,524,0.878402309960453,0.5904548756834964,0.6721918521708801
pleiades,0.7,219,524,0.9042228433798286,0.60952077145495,0.6740824741572186
pleiades,0.7,220,524,0.8975667736347462,0.5959927443720376,0.6640093660759434
pleiades,0.7,221,524,0.8917899717726566,0.6050683179324768,0.6784874657535692
pleiades,0.7,222,524,0.9345641487824715,0.6358272317771093,0.6803462690126197
pleiades,0.7,223,524,0.867308346823155,0.5898438300130286,0.6800854992040084
pleiades,0.7,224,524,0.8794290153419295,0.6047387352648128,0.6876492868838143
pleiades,0.7,225,524,0.9033277120778428,0.6178154756336454,0.6839328267839149
pleiades,0.7,226,524,0.9230103555039122,0.6223379115710677,0.6742480275113554
pleiades,0.7,227,524,0.9146486308145941,0.6096640185530889,0.6665554378079774
pleiades,0.7,228,524,0.8870787887320922,0.5962113558070254,0.6721064277268927
pleiades,0.7,229,524,0.8984672662566574,0.6082039934865671,0.6769350607736294
pleiades,0.7,230,524,0.9231940869711971,0.6166056568563485,0.6679046860875162
pleiades,0.7,231,524,0.8879769542242829,0.6131530630432842,0.6905056039195535
pleiades,0.7,232,524,0.908275484482929,0.5958478405199897,0.6560210538537206
pleiades,0.7,233,524,0.8785572336050053,0.6166411665410257,0.7018793346117556
pleiades,0.7,234,524,0.9268754362947094,0.6194598506282951,0.6683312841957024
pleiades,0.7,235,524,0.8991413408307649,0.6106180359088524,0.6791124022221797
pleiades,0.7,236,524,0.898609990741072,0.6008520916005728,0.6686461287894852
pleiades,0.7,237,524,0.9043106062933938,0.6048500373901899,0.6688520881883286
pleiades,0.7,238,524,0.9121436373039948,0.6188491844865931,0.6784558474975647
pleiades,0.7,239,524,0.8780701467301152,0.5940652462755822,0.6765578450512735
pleiades,0.7,240,524,0.9105424757447633,0.6092205658572447,0.669074295912382
pleiades,0.7,241,524,0.8989111695788803,0.6059039382209901,0.6740420619145744
pleiades,0.7,242,524,0.8798105559292072,0.5974418287943701,0.6790573547544961
pleiades,0.7,243,524,0.9042668030474228,0.6058140056014649,0.669950509694531
pleiades,0.7,244,524,0.8869571518258529,0.6049599731693784,0.6820622303163497
pleiades,0.7,245,524,0.8909592719172628,0.5988512832447881,0.6721421529809269
pleiades,0.7,246,524,0.9083078572675467,0.6102794393916187,0.6718861171448148
pleiades,0.7,247,524,0.9142630319544327,0.6202812335165014,0.6784494306748001
pleiades,0.7,248,524,0.9050409419119964,0.609340084396014,0.6732735019796093
pleiades,0.7,249,524,0.9286655666442204,0.6385810806289991,0.6876329903525377
pleiades,0.7,250,524,0.8943104101172503,0.6077135194270482,0.6795330933779165
pleiades,0.7,251,524,0.9026816641087883,0.602078286005439,0.6669884965480793
pleiades,0.7,252,524,0.897980800908025,0.5927242901724626,0.6600634329521394
pleiades,0.7,253,524,0.9141503482792855,0.5973387199455015,0.6534359704285824
pleiades,0.7,254,524,0.8908735165053043,0.5885759696365561,0.6606728774982634
pleiades,0.7,255,524,0.901477733137794,0.6120902908587895,0.6789854794618975
pleiades,0.7,256,524,0.8767278758896537,0.5854091927876877,0.6677205195439322
pleiades,0.7,257,524,0.9096155679842362,0.6148814512783216,0.6759794719003508
pleiades,0.7,258,524,0.9201052703171426,0.6201858974991661,0.6740379796818248
pleiades,0.7,259,524,0.9123975177473106,0.6180327612334862,0.6773722519098863
pleiades,0.7,260,524,0.8868091442989874,0.6209750121249892,0.7002352378942404
pleiades,0.7,261,524,0.9011640581714084,0.6135955278640289,0.6808921442218885
pleiades,0.7,262,524,0.9078273937848642,0.6100884689302264,0.6720313499096772
pleiades,0.7,263,524,0.8969023682536977,0.6075048609043175,0.6773366671861422
pleiades,0.7,264,524,0.9115512012147637,0.6087206502871685,0.6677854732416203
pleiades,0.7,265,524,0.9092078486751586,0.6160615959667739,0.6775805959709441
pleiades,0.7,266,524,0.9067622067807317,0.6145314671046904,0.6777206444084772
pleiades,0.7,267,524,0.9107636491848342,0.6331248961742663,0.6951582847437263
pleiades,0.7,268,524,0.9028076295536006,0.6036213710998792,0.6686046410555302
pleiades,0.7,269,524,0.8978583361203588,0.5994491463404059,0.6676433488724096
pleiades,0.7,270,524,0.8965804353282575,0.6011932492158314,0.6705402276547798
pleiades,0.7,271,524,0.9081774607841526,0.5859489457994351,0.6451921249989028
pleiades,0.7,272,524,0.8800034248337495,0.6129048959663876,0.6964801257247127
pleiades,0.7,273,524,0.8956837388515285,0.5976497692540481,0.667255352899866
pleiades,0.7,274,524,0.9020894781826526,0.6064485348467916,0.6722709326668364
pleiades,0.7,275,524,0.8769038853518111,0.5862774424777266,0.6685766276910884
pleiades,0.7,276,524,0.8981743616380369,0.6039213085872482,0.6723876057716149
pleiades,0.7,277,524,0.9033908140980368,0.6018159430682516,0.6661745212332234
pleiades,0.7,278,524,0.8672008761180219,0.5871644379671366,0.6770800792955222
pleiades,0.7,279,524,0.8943920639168595,0.6000720186260945,0.6709272620311126
pleiades,0.7,280,524,0.8614001884664276,0.5766715360775891,0.6694583351603997
pleiades,0.7,281,524,0.9007858631999855,0.6017051329028112,0.6679779928664636
pleiades,0.7,282,524,0.8919476959265001,0.5967659663622554,0.6690593731983038
pleiades,0.7,283,524,0.9078609711467099,0.6106139866135518,0.672585347338251
pleiades,0.7,284,524,0.9160777364957479,0.625984210862338,0.6833308854954839
pleiades,0.7,285,524,0.9132677575146072,0.6223657906360339,0.6814713270177827
pleiades,0.7,286,524,0.9112947105807482,0.605830669929256,0.6648021357911464
pleiades,0.7,287,524,0.8908555070541103,0.6035129351113946,0.677453223707509
pleiades,0.7,288,524,0.8921558687602473,0.5869980374208988,0.6579545771935568
pleiades,0.7,289,524,0.8720770550011016,0.5941591582660889,0.6813149765364924
pleiades,0.7,290,524,0.8921916423816159,0.610227813551663,0.6839649516585038
pleiades,0.7,291,524,0.8846178987690023,0.5919067339099411,0.6691100584033106
pleiades,0.7,292,524,0.9125697901834835,0.6011998926722264,0.6587988109395422
pleiades,0.7,293,524,0.8996265397399918,0.6197526464983993,0.6888999147107409
pleiades,0.7,294,524,0.9069525750066368,0.5957244851683982,0.6568419359347856
pleiades,0.7,295,524,0.9012453267930566,0.6182946460452964,0.6860447734529767
pleiades,0.7,296,524,0.9054109320820686,0.6110510764075756,0.6748881140659659
pleiades,0.7,297,524,0.8925338616203656,0.5978583706045484,0.6698439088004531
pleiades,0.7,298,524,0.8823541656247261,0.5864609177980048,0.6646547844909618
pleiades,0.7,299,524,0.9023482818360973,0.6246393931706005,0.6922375824771173
pleiades,0.7,300,524,0.923662420644041,0.6035429566258395,0.6534237434982012
pleiades,0.7,301,524,0.9036059683746497,0.6077241837331335,0.6725544153125395
pleiades,0.7,302,524,0.8622393236776349,0.5790259811673357,0.671537431971516
pleiades,0.7,303,524,0.9037380433091564,0.6215782737072939,0.6877858891845504
pleiades,0.7,304,524,0.895758542759885,0.5986669583633244,0.6683351927839797
pleiades,0.7,305,524,0.9002605279117145,0.602327296221233,0.6690588752329495
pleiades,0.7,306,524,0.9080102229172339,0.6080895030238382,0.6696945559381288
pleiades,0.7,307,524,0.8957347183302111,0.6097937401575748,0.6807749299863304
pleiades,0.7,308,524,0.9323733309228683,0.6401213964693264,0.6865505213836722
pleiades,0.7,309,524,0.8977036451461172,0.5843514712483313,0.6509402901591401
pleiades,0.7,310,524,0.9156093124753328,0.6276304232137546,0.685478418209801
pleiades,0.7,311,524,0.9013910714299678,0.6005967985023739,0.6662999196892271
pleiades,0.7,312,524,0.9280303469092611,0.6258245841781385,0.674357887392802
pleiades,0.7,313,524,0.9009136459766403,0.6091541473328446,0.6761515380006125
pleiades,0.7,314,524,0.8995691837935014,0.6021140703277761,0.6693360345989721
pleiades,0.7,315,524,0.8877298114500709,0.60981391827251,0.6869363970963231
pleiades,0.7,316,524,0.9102141139076154,0.6133369011923385,0.6738380473570538
pleiades,0.7,317,524,0.8979028535046358,0.5981616253150787,0.6661763274059919
pleiades,0.7,318,524,0.9110148003927305,0.6097665076052585,0.669326675419975
pleiades,0.7,319,524,0.8883097686135306,0.5879282284618615,0.661850459417436
pleiades,0.7,320,524,0.9188239768612806,0.607719984997864,0.6614106731017692
pleiades,0.7,321,524,0.900487426464917,0.6042747064447913,0.6710529083310125
pleiades,0.7,322,524,0.896483358762566,0.6022521775419067,0.6717940401852049
pleiades,0.7,323,524,0.9056356133033724,0.6099895902160697,0.6735485898032298
pleiades,0.7,324,524,0.9376376305018,0.6255313996407288,0.6671355535357089
pleiades,0.7,325,524,0.9085715655977771,0.614748836370203,0.6766102524524206
pleiades,0.7,326,524,0.9255573549767374,0.6145054165968558,0.6639301317121514
pleiades,0.7,327,524,0.8970837550510861,0.6138751542164638,0.6843008256029622
pleiades,0.7,328,524,0.9132177067850655,0.6146894233433187,0.6731028305477126
pleiades,0.7,329,524,0.8865529121692661,0.5859517408560626,0.6609326220838008
pleiades,0.7,330,524,0.9011735475049215,0.6104247589107634,0.6773664857350129
pleiades,0.7,331,524,0.9163311511454764,0.6206857577716882,0.6773596608560003
pleiades,0.7,332,524,0.8828205431161461,0.6105721069455252,0.691615200514423
pleiades,0.7,333,524,0.8897063054491368,0.5871292436632354,0.659913546826943
pleiades,0.7,334,524,0.917603231003485,0.6145159831225651,0.6696968388510733
pleiades,0.7,335,524,0.9045201452204036,0.6161979203745088,0.6812428928538241
pleiades,0.7,336,524,0.9031405055965241,0.6014593821048652,0.6659643525871994
pleiades,0.7,337,524,0.8748486086076829,0.583764946348923,0.667275389827712
pleiades,0.7,338,524,0.878331457508284,0.5914991122777795,0.6734349626458651
pleiades,0.7,339,524,0.8877325321937871,0.5980882923642059,0.6737257796401749
pleiades,0.7,340,524,0.9041522154099547,0.6169534141519737,0.6823556959070645
pleiades,0.7,341,524,0.8945670084959573,0.6109419643832882,0.6829471225531443
pleiades,0.7,342,524,0.8835527535968277,0.5991163532175491,0.6780764937674912
pleiades,0.7,343,524,0.8967317097708639,0.6111321790430071,0.6815106150301808
pleiades,0.7,344,524,0.8785514329383455,0.586862069792518,0.6679882904860078
pleiades,0.7,345,524,0.9021295723704842,0.6163812482271688,0.6832513500333797
pleiades,0.7,346,524,0.8942869376511382,0.5967722153623096,0.6673162608521861
pleiades,0.7,347,524,0.8445020503467032,0.5622826042531561,0.6658155584374433
pleiades,0.7,348,524,0.9297358382631982,0.6291134438784625,0.6766582700024598
pleiades,0.7,349,524,0.8930407078549766,0.5948061460848602,0.6660459493650007
pleiades,0.7,350,524,0.9145827036147413,0.6143710563629916,0.6717501369037362
pleiades,0.7,351,524,0.8802786373535322,0.6112862691734617,0.6944236100187907
pleiades,0.7,352,524,0.9020047952650064,0.6059252837815343,0.6717539496045752
pleiades,0.7,353,524,0.8750871189199385,0.6129276302054623,0.7004189833830006
pleiades,0.7,354,524,0.8998541080990317,0.6160836485322259,0.6846483702049444
pleiades,0.7,355,524,0.8835614964076732,0.5966120467204451,0.6752354523664866
pleiades,0.7,356,524,0.8631515599497555,0.5806396251177882,0.6726971855922819
pleiades,0.7,357,524,0.9011926660608574,0.62473832961009,0.6932350352348535
pleiades,0.7,358,524,0.9245160585634754,0.6116147454575973,0.6615512405570672
pleiades,0.7,359,524,0.9361262391389277,0.6250095140257799,0.6676551600569163
pleiades,0.7,360,524,0.9151552627125358,0.5985340640008194,0.6540246102358132
pleiades,0.7,361,524,0.9116596923928584,0.6125871395697361,0.671947158222891
pleiades,0.7,362,524,0.9117367170977375,0.6137368259238937,0.6731513762849825
pleiades,0.7,363,524,0.8971516770314205,0.6088138802234812,0.6786075262523964
pleiades,0.7,364,524,0.8955177295796226,0.5801688037393631,0.647858534315907
pleiades,0.7,365,524,0.885001260016595,0.6082991597053371,0.6873427046803647
pleiades,0.7,366,524,0.9089712409118644,0.614735022544228,0.6762975492244796
pleiades,0.7,367,524,0.9149390979947558,0.6191220187172377,0.6766811256335515
pleiades,0.7,368,524,0.8981258735465807,0.6138601448281844,0.68349010189867
pleiades,0.7,369,524,0.8908883801671226,0.5889781402775106,0.6611132812923474
pleiades,0.7,370,524,0.9039216035480357,0.6064520878638708,0.6709122621734563
pleiades,0.7,371,524,0.8815855230446679,0.5947555165674043,0.6746430164975264
pleiades,0.7,372,524,0.894783235624247,0.6102564149132941,0.6820159236527802
pleiades,0.7,373,524,0.8995107660552316,0.6122593090003372,0.6806581222872694
pleiades,0.7,374,524,0.8810512627550889,0.5982928645737106,0.6790670303369415
pleiades,0.7,375,524,0.9148256645715345,0.6084956611696197,0.6651493117594305
pleiades,0.7,376,524,0.9121391390952562,0.6149755395335199,0.6742124234944127
pleiades,0.7,377,524,0.8897098088573185,0.5966324269213665,0.6705921649752741
pleiades,0.7,378,524,0.922971647332597,0.6201256411588687,0.6718794049102612
pleiades,0.7,379,524,0.9064718412264006,0.6109554212493997,0.6739927193136134
pleiades,0.7,380,524,0.9132122663134052,0.5981743401029461,0.655022235430266
pleiades,0.7,381,524,0.8952420106441968,0.6210459557250706,0.6937185122469613
pleiades,0.7,382,524,0.8946461428182206,0.5927098922932534,0.6625076261170263
pleiades,0.7,383,524,0.8989283116390437,0.6145887560421237,0.6836905102271449
pleiades,0.7,384,524,0.9000843791877975,0.6163644867860409,0.6847852279607666
pleiades,0.7,385,524,0.8801540850341236,0.5932493489196204,0.6740289672081907
pleiades,0.7,386,524,0.8934744314433515,0.6125534978760632,0.6855859287282813
pleiades,0.7,387,524,0.9009392722247686,0.6027572291619838,0.6690320288442332
pleiades,0.7,388,524,0.906800136680616,0.6160220173581037,0.6793360437869814
pleiades,0.7,389,524,0.8732744713339097,0.581328920302947,0.6656886687812807
pleiades,0.7,390,524,0.9120359880574971,0.6130157827304867,0.6721399053957514
pleiades,0.7,391,524,0.9201194379431202,0.613556864487248,0.6668230657737466
pleiades,0.7,392,524,0.914311136399472,0.6076537202515955,0.6646027769545894
pleiades,0.7,393,524,0.883714760210887,0.5950842715014606,0.6733895350570488
pleiades,0.7,394,524,0.8857039965001337,0.5881114909111976,0.6640045582216235
pleiades,0.7,395,524,0.9085220317419357,0.5948752735496465,0.6547725346947006
pleiades,0.7,396,524,0.9186751426465618,0.6216731040353118,0.6767061338400506
pleiades,0.7,397,524,0.8745860893286509,0.5882263937375487,0.6725768919890809
pleiades,0.7,398,524,0.8872140130348589,0.5940990011495072,0.669623103807046
pleiades,0.7,399,524,0.9057255957371143,0.6035687796410751,0.66639253928765
pleiades,0.7,400,524,0.8932254175992406,0.6073538630804936,0.679955866810087
pleiades,0.7,401,524,0.8929299907570327,0.596274289393581,0.6677727207796607
pleiades,0.7,402,524,0.9213920183687563,0.6012298936267096,0.6525234445715455
pleiades,0.7,403,524,0.8866119275574118,0.5780590068943936,0.6519864993097128
pleiades,0.7,404,524,0.9151488609189937,0.6062032849874213,0.6624094842654026
pleiades,0.7,405,524,0.9288900201761431,0.6277802438973481,0.6758391523878184
pleiades,0.7,406,524,0.8900480733924785,0.6015839623038113,0.6759005274971646
pleiades,0.7,407,524,0.8968872478925672,0.602521360332154,0.6717916457703125
pleiades,0.7,408,524,0.8994805945287455,0.610461550227968,0.6786822905810437
pleiades,0.7,409,524,0.8982053036323211,0.6092932870375272,0.6783452341837211
pleiades,0.7,410,524,0.9011866045709351,0.6120500555386563,0.6791601788511493
pleiades,0.7,411,524,0.8893392043579001,0.6011342230474036,0.6759335696680778
pleiades,0.7,412,524,0.8959866279801233,0.5868432698596453,0.6549687813785809
pleiades,0.7,413,524,0.9150950050857771,0.6076589333519986,0.6640391762328975
pleiades,0.7,414,524,0.9184607610359191,0.6097243325605711,0.6638545253396253
pleiades,0.7,415,524,0.9110411161522298,0.6173546656508577,0.6776364476921163
pleiades,0.7,416,524,0.9028986321804051,0.5903214349201733,0.6538069877175572
pleiades,0.7,417,524,0.9086509811635252,0.6175200641915958,0.6796009435887727
pleiades,0.7,418,524,0.9069866183679663,0.6056087209788926,0.6677151665904688
pleiades,0.7,419,524,0.9079939481859118,0.6014385831183824,0.6623817089530181
pleiades,0.7,420,524,0.8838261522791564,0.5957519595849405,0.6740601169683111
pleiades,0.7,421,524,0.9142361708515778,0.6221916699590024,0.6805590172388973
pleiades,0.7,422,524,0.9106988501553178,0.6183902187762185,0.6790282195599053
pleiades,0.7,423,524,0.8926003742569042,0.5957930434711282,0.6674801631885152
pleiades,0.7,424,524,0.8983245982737974,0.5841774243525046,0.6502965915383463
pleiades,0.7,425,524,0.8937759555911865,0.607252167833221,0.6794232537074184
pleiades,0.7,426,524,0.9095519914203238,0.6054583464108967,0.665666561254442
pleiades,0.7,427,524,0.9088162671620473,0.6064918730799689,0.6673426686934817
pleiades,0.7,428,524,0.9094902582527323,0.6231022891387121,0.6851115594528582
pleiades,0.7,429,524,0.902874605588789,0.6056636637071883,0.6708170325736635
pleiades,0.7,430,524,0.9213643260189279,0.607697498681042,0.6595626523840015
pleiades,0.7,431,524,0.8842865674976861,0.5985312122904621,0.6768520910412091
pleiades,0.7,432,524,0.903754215004578,0.6102326808641287,0.6752197342294416
pleiades,0.7,433,524,0.929150293092125,0.6355576040732079,0.684020237412972
pleiades,0.7,434,524,0.9203738707892071,0.6268745007129041,0.6811085370941359
pleiades,0.7,435,524,0.8957947953737216,0.6099111647490367,0.6808603576386983
pleiades,0.7,436,524,0.9020086802542314,0.612083298034391,0.6785780574327457
pleiades,0.7,437,524,0.9006310736096849,0.6258889505444213,0.6949448768582781
pleiades,0.7,438,524,0.8713214372519921,0.610190964370243,0.700305235568044
pleiades,0.7,439,524,0.9053451670717048,0.6025594986266556,0.6655577569112179
pleiades,0.7,440,524,0.9074323916533824,0.6150848522700941,0.6778299495672422
pleiades,0.7,441,524,0.8896998373722159,0.5981085873385912,0.6722588475514869
pleiades,0.7,442,524,0.8875968320579943,0.6019839886267964,0.6782178201684519
pleiades,0.7,443,524,0.8857295945703143,0.5868906514985137,0.6626070248710911
pleiades,0.7,444,524,0.8882510083869165,0.5899789732512426,0.664202987309474
pleiades,0.7,445,524,0.8800491725365762,0.6058926575524515,0.6884759130061788
pleiades,0.7,446,524,0.9051755101613785,0.6000608418375191,0.6629220909108972
pleiades,0.7,447,524,0.900821675899186,0.6055426895792175,0.6722114995454281
pleiades,0.7,448,524,0.8804643650090471,0.599452579819655,0.6808368443321331
pleiades,0.7,449,524,0.8815634296694496,0.5965363521401904,0.6766800119690393
pleiades,0.7,450,524,0.9105818657053819,0.5986124226584006,0.6573955019351124
pleiades,0.7,451,524,0.8932883029505122,0.6084091329606558,0.6810893313514723
pleiades,0.7,452,524,0.9044037308298789,0.6111084730629133,0.6757031757290093
pleiades,0.7,453,524,0.9138495880595311,0.6118884045936944,0.6695723372737725
pleiades,0.7,454,524,0.8916496071145883,0.5943432621402082,0.6665659440635266
pleiades,0.7,455,524,0.8965757016878638,0.5954241742117468,0.6641092024809738
pleiades,0.7,456,524,0.9260492066793502,0.6238291038028911,0.6736457407483051
pleiades,0.7,457,524,0.9119617363080547,0.613164780864744,0.6723580128998099
pleiades,0.7,458,524,0.9387280675129318,0.6197337385542607,0.6601845198857051
pleiades,0.7,459,524,0.892538256885819,0.5966831158145066,0.6685238545363993
pleiades,0.7,460,524,0.8941848506993787,0.6007889170401051,0.6718844728472009
pleiades,0.7,461,524,0.8863428887684668,0.5995963667489268,0.6764835306368157
pleiades,0.7,462,524,0.9424046709060593,0.622051640570059,0.660068503238633
pleiades,0.7,463,524,0.8955308027015544,0.5933935146541809,0.6626165318536071
pleiades,0.7,464,524,0.9045691588685425,0.6120207779035827,0.676588154596287
pleiades,0.7,465,524,0.9192731545087667,0.6194597535136817,0.6738582003351368
pleiades,0.7,466,524,0.8962185326010343,0.6020717422407252,0.6717912209351141
pleiades,0.7,467,524,0.9039681957222241,0.6088044869069638,0.6734799850127031
pleiades,0.7,468,524,0.8979506822948209,0.6114705235933949,0.6809622573376842
pleiades,0.7,469,524,0.9130229383044156,0.6131563823578587,0.6715673359713807
pleiades,0.7,470,524,0.9113237024304702,0.5965066365757876,0.6545496786541644
pleiades,0.7,471,524,0.8995397894424364,0.6038730751888899,0.6713133563143324
pleiades,0.7,472,524,0.9055481057322183,0.6008119658276134,0.6634787948032889
pleiades,0.7,473,524,0.8936006528329096,0.5977278375689183,0.6688981657231229
pleiades,0.7,474,524,0.8951360687937856,0.5838334277575293,0.6522286924984008
pleiades,0.7,475,524,0.920300040161857,0.6273337888646092,0.6816622421903594
pleiades,0.7,476,524,0.903878564712582,0.6045136460023082,0.6687996259702577
pleiades,0.7,477,524,0.9109332388496072,0.6307357057620202,0.6924060719955275
pleiades,0.7,478,524,0.8840574397566122,0.5958508043544359,0.6739955771634909
pleiades,0.7,479,524,0.9249764410142205,0.6241074523062642,0.6747279440132997
pleiades,0.7,480,524,0.8916287654187641,0.602729126332198,0.6759866322270559
pleiades,0.7,481,524,0.8949178429757229,0.5971758593294823,0.6672968519029543
pleiades,0.7,482,524,0.9130391459987519,0.6102267598848012,0.6683467653703814
pleiades,0.7,483,524,0.9027314481525053,0.6079303448214173,0.6734343265271013
pleiades,0.7,484,524,0.9107165325692242,0.6102372333514687,0.6700627599566324
pleiades,0.7,485,524,0.9020289846612447,0.6210864984824143,0.6885438373309724
pleiades,0.7,486,524,0.9130444875261035,0.6045057852044007,0.662077032897171
pleiades,0.7,487,524,0.8955786248110498,0.6067713716545327,0.6775188183868837
pleiades,0.7,488,524,0.9457435698047317,0.6363386873334491,0.6728448467958755
pleiades,0.7,489,524,0.925833682857544,0.6172685521501673,0.6667164562915833
pleiades,0.7,490,524,0.8764942656969433,0.596454407210415,0.68050006777414
pleiades,0.7,491,524,0.8933944083018454,0.5994865874927042,0.6710211995082911
pleiades,0.7,492,524,0.8661453745617943,0.5700083491047319,0.6580977810949046
pleiades,0.7,493,524,0.9226629524456352,0.6254345777811277,0.6778581237312433
pleiades,0.7,494,524,0.8999795970483506,0.5999215737124508,0.6665946380117999
pleiades,0.7,495,524,0.891982493160672,0.6052188749125416,0.6785098133125849
pleiades,0.7,496,524,0.8786278320941731,0.6010730641576951,0.6841042842053642
pleiades,0.7,497,524,0.8689459427946794,0.5834132177350353,0.6714033508904802
pleiades,0.7,498,524,0.9175350927048868,0.6055679771751119,0.6599943500688371
pleiades,0.7,499,524,0.8914937674620321,0.598324687276855,0.6711484803536072
pleiades,0.7,500,524,0.9225710063678964,0.6353691411164887,0.6886940265095657
pleiades,0.8,1,599,0.9082511344876977,0.6035694390976711,0.664540253437852
pleiades,0.8,2,599,0.8919757380149714,0.602044271007206,0.6749558820366715
pleiades,0.8,3,599,0.8995974057645485,0.5975474976677341,0.6642387959755078
pleiades,0.8,4,599,0.8785570591498563,0.6010989121262464,0.6841888137668659
pleiades,0.8,5,599,0.9168158202658837,0.6182077752302046,0.6742987648826998
pleiades,0.8,6,599,0.9014821545979961,0.6158438950911167,0.6831459635113288
pleiades,0.8,7,599,0.9171132685775429,0.6183849762915217,0.6742732849680023
pleiades,0.8,8,599,0.9045203077322497,0.5933523183476642,0.6559856238443953
pleiades,0.8,9,599,0.9138004730254243,0.606611130979199,0.6638332424701224
pleiades,0.8,10,599,0.8880496022506277,0.5955189868681865,0.670592031524966
pleiades,0.8,11,599,0.9102527474434488,0.6144331615981128,0.6750137951506547
pleiades,0.8,12,599,0.8753812049831388,0.5858475843064391,0.6692485296365525
pleiades,0.8,13,599,0.8883518101494767,0.6047410502005302,0.680744996848461
pleiades,0.8,14,599,0.899140172754587,0.6022541614402777,0.6698112037361477
pleiades,0.8,15,599,0.8868529844188329,0.5849104102664597,0.6595348051399519
pleiades,0.8,16,599,0.912349873178874,0.6062656758492869,0.6645100675433792
pleiades,0.8,17,599,0.8932901749300461,0.6031611399327843,0.6752130011729034
pleiades,0.8,18,599,0.9187530259294449,0.6007371032554727,0.6538613602363319
pleiades,0.8,19,599,0.9054307230247455,0.6012313815529726,0.6640280324754796
pleiades,0.8,20,599,0.8931734807313816,0.6071101686267109,0.67972256423195
pleiades,0.8,21,599,0.8939433607566651,0.6093052462230973,0.6815926746269024
pleiades,0.8,22,599,0.9065962097446136,0.5939616472017003,0.6551556699856689
pleiades,0.8,23,599,0.9121911743636076,0.6144116293448534,0.6735557705581827
pleiades,0.8,24,599,0.9147023147513027,0.6048047626837366,0.6612039271466983
pleiades,0.8,25,599,0.8931477778600376,0.603350044232903,0.6755321562558397
pleiades,0.8,26,599,0.9229230347245962,0.6069141073009573,0.6575999129570569
pleiades,0.8,27,599,0.8985050927734655,0.5995667584121228,0.6672936672639294
pleiades,0.8,28,599,0.9079973154469444,0.608893883044525,0.6705899595582048
pleiades,0.8,29,599,0.9113562010382784,0.6037302652369355,0.6624525784200791
pleiades,0.8,30,599,0.9102574756901844,0.6067065215358678,0.666521877313718
pleiades,0.8,31,599,0.8880371663324498,0.5928025465613139,0.6675424960078636
pleiades,0.8,32,599,0.921032292402744,0.6155878123253086,0.6683672411956297
pleiades,0.8,33,599,0.9204701928902642,0.61721163277297,0.6705395107199872
pleiades,0.8,34,599,0.8923031872968706,0.597127912961808,0.6691984534659547
pleiades,0.8,35,599,0.8947785068889227,0.5904849580810305,0.6599230463571394
pleiades,0.8,36,599,0.9152580271254022,0.624386099531516,0.6821968024607853
pleiades,0.8,37,599,0.8789320660674838,0.5926165336908902,0.6742461181810945
pleiades,0.8,38,599,0.8991056783172451,0.6118668160118976,0.680528252426411
pleiades,0.8,39,599,0.9027612632361229,0.6095744018676603,0.6752332279771538
pleiades,0.8,40,599,0.9110220558286536,0.6136796735928264,0.6736167029838059
pleiades,0.8,41,599,0.9116099812423578,0.611076934986256,0.6703271657397496
pleiades,0.8,42,599,0.9106381259572616,0.6133448544603971,0.6735330280792382
pleiades,0.8,43,599,0.9179042776721195,0.610775466689249,0.6654021356543034
pleiades,0.8,44,599,0.9090475189164697,0.6113015349683346,0.6724637846181787
pleiades,0.8,45,599,0.8879634728397937,0.5857955652301706,0.6597068270801042
pleiades,0.8,46,599,0.891255848127605,0.5988456493640512,0.6719121682310821
pleiades,0.8,47,599,0.8976606806137317,0.6005714320322055,0.6690405907292208
pleiades,0.8,48,599,0.9320878849681099,0.6179775937379304,0.6630035683374145
pleiades,0.8,49,599,0.9024525922277656,0.6027453858882269,0.6678970076425942
pleiades,0.8,50,599,0.9278972114897537,0.6198294372637827,0.6679936415248373
pleiades,0.8,51,599,0.9038540704519452,0.6140266281865133,0.679342659683424
pleiades,0.8,52,599,0.9041552553245976,0.6043285857694927,0.6683902816585795
pleiades,0.8,53,599,0.8988638531753922,0.6044991675533838,0.6725147144563505
pleiades,0.8,54,599,0.9053797346505896,0.6123561384260574,0.676352821904482
pleiades,0.8,55,599,0.8950380643786892,0.5965192038708801,0.6664735586245344
pleiades,0.8,56,599,0.9007140645093282,0.6008101214681026,0.6670375706805457
pleiades,0.8,57,599,0.8959902169728151,0.5993451016121093,0.6689192473965302
pleiades,0.8,58,599,0.9155829106654781,0.6131937397593871,0.6697304336028903
pleiades,0.8,59,599,0.9028570057365648,0.6082418076339556,0.6736856487453874
pleiades,0.8,60,599,0.9074410305188935,0.6075184071718424,0.6694852742380966
pleiades,0.8,61,599,0.8880725627414353,0.599940636610193,0.6755536222830784
pleiades,0.8,62,599,0.8978816005611037,0.5996311424332806,0.6678287449687793
pleiades,0.8,63,599,0.8953062434241778,0.5982977307509725,0.6682604250169528
pleiades,0.8,64,599,0.9190349095210947,0.6137042267260822,0.6677703103202912
pleiades,0.8,65,599,0.9129047993195905,0.6286863418111515,0.6886658305222256
pleiades,0.8,66,599,0.9105828631071063,0.6054823079092894,0.6649392739978132
pleiades,0.8,67,599,0.9084221524678504,0.6150424434351002,0.6770447437507496
pleiades,0.8,68,599,0.9073667514542627,0.6263042055044358,0.6902437239414383
pleiades,0.8,69,599,0.9164707220232148,0.6189949733000188,0.6754116180967746
pleiades,0.8,70,599,0.9026571969904753,0.6072750996229541,0.6727638151533644
pleiades,0.8,71,599,0.9083781641653049,0.6039250778819713,0.6648388322245823
pleiades,0.8,72,599,0.9100214387645366,0.6140822028301764,0.6747997098440525
pleiades,0.8,73,599,0.9037603830411594,0.6063070605475018,0.6708714742587795
pleiades,0.8,74,599,0.8999738314271164,0.6018783739079508,0.6687731941644721
pleiades,0.8,75,599,0.9019146227036867,0.599856364263641,0.6650921818580123
pleiades,0.8,76,599,0.9038719859191318,0.6015747396229243,0.6655530307327684
pleiades,0.8,77,599,0.8889490934153159,0.6010117201384223,0.6760923933555668
pleiades,0.8,78,599,0.9188947074609068,0.6055069810797163,0.6589514295417539
pleiades,0.8,79,599,0.8861871090588681,0.592941173829722,0.6690925288446435
pleiades,0.8,80,599,0.9105376616845597,0.6099812794385199,0.6699132887156045
pleiades,0.8,81,599,0.8877439616656229,0.592558064939137,0.6674875758403971
pleiades,0.8,82,599,0.9181983272514045,0.6224573341719839,0.6779116403264301
pleiades,0.8,83,599,0.8974744654335188,0.601292151828677,0.6699824618834442
pleiades,0.8,84,599,0.9093747144818953,0.6189475643688692,0.6806298377468156
pleiades,0.8,85,599,0.8848172951072775,0.5738311107070082,0.6485306219488346
pleiades,0.8,86,599,0.9039771408705488,0.6105650984688173,0.6754209491191674
pleiades,0.8,87,599,0.9348577094840844,0.6190844664078667,0.6622232026620586
pleiades,0.8,88,599,0.9138706489102223,0.6051083999583537,0.6621379083352079
pleiades,0.8,89,599,0.9394277556677701,0.6288795377822649,0.6694283131279645
pleiades,0.8,90,599,0.9215674907437781,0.6106422003519267,0.6626125666163528
pleiades,0.8,91,599,0.8983339203398932,0.5973185755601136,0.6649182025032656
pleiades,0.8,92,599,0.9093566621608609,0.6094899142114212,0.6702429745916408
pleiades,0.8,93,599,0.8865522897540805,0.601914957352822,0.6789390364326805
pleiades,0.8,94,599,0.9033323290773422,0.6013445493080324,0.6656958131037354
pleiades,0.8,95,599,0.8955673176929584,0.590287518192836,0.6591213262599358
pleiades,0.8,96,599,0.8877362929325004,0.6079500893582102,0.6848318517540163
pleiades,0.8,97,599,0.9144072324406736,0.6109741190594579,0.6681641367038265
pleiades,0.8,98,599,0.8953613767594389,0.6077822552406655,0.6788122327103253
pleiades,0.8,99,599,0.8991039259269435,0.6080346607978104,0.6762673849643674
pleiades,0.8,100,599,0.8981666653784341,0.5977609121035278,0.66553451062634
pleiades,0.8,101,599,0.8932363280897937,0.6001587238863249,0.6718924264643132
pleiades,0.8,102,599,0.9249878694650059,0.6122239872412116,0.6618724498466229
pleiades,0.8,103,599,0.899274077164059,0.6039773789622295,0.6716276987177546
pleiades,0.8,104,599,0.893521819108405,0.598076352151435,0.6693472272990733
pleiades,0.8,105,599,0.8997955802436298,0.60594168022187,0.6734214898652919
pleiades,0.8,106,599,0.9047502652294347,0.6074329490422972,0.6713818966256494
pleiades,0.8,107,599,0.8961249779470142,0.59089039242073,0.6593839106844627
pleiades,0.8,108,599,0.9096678115335937,0.6078653943875127,0.6682278812995732
pleiades,0.8,109,599,0.9028759528235061,0.6075763729162651,0.6729344945075018
pleiades,0.8,110,599,0.9030000851599284,0.5987794010518757,0.6631000493713433
pleiades,0.8,111,599,0.927054108780655,0.6220433576021456,0.6709892677357452
pleiades,0.8,112,599,0.891841790207092,0.6024088313671496,0.6754660276990003
pleiades,0.8,113,599,0.8959992381326747,0.5939458691709666,0.6628865783511061
pleiades,0.8,114,599,0.9076782065085348,0.6015570634382631,0.6627426538665129
pleiades,0.8,115,599,0.9055268399160329,0.6098210116417377,0.6734433312857793
pleiades,0.8,116,599,0.9137324874040121,0.6092775965563374,0.6668008470261841
pleiades,0.8,117,599,0.8877531627291845,0.5792880975569518,0.6525328457023676
pleiades,0.8,118,599,0.9087674628057499,0.6031314273597033,0.6636807016589054
pleiades,0.8,119,599,0.9218324621591966,0.6173032094381856,0.6696479401390184
pleiades,0.8,120,599,0.9064320680201982,0.6084656485056384,0.6712755097407695
pleiades,0.8,121,599,0.9011022612559009,0.5924249698378572,0.6574447710431575
pleiades,0.8,122,599,0.8972410691822194,0.5973340666757282,0.6657453466994794
pleiades,0.8,123,599,0.9230392747514031,0.6160732503085863,0.6674399098288746
pleiades,0.8,124,599,0.900977614626077,0.608552767955418,0.6754360575406517
pleiades,0.8,125,599,0.9106974095057491,0.6090827672737564,0.6688091575930978
pleiades,0.8,126,599,0.8936031107511102,0.5931920427187345,0.6638204764306742
pleiades,0.8,127,599,0.8850059145869169,0.5800531109708121,0.6554228637461211
pleiades,0.8,128,599,0.8906388787260416,0.605061321544039,0.6793565113725003
pleiades,0.8,129,599,0.917624494925117,0.6112408448262341,0.6661121713802055
pleiades,0.8,130,599,0.9013294191561237,0.6148477543418026,0.6821565359726728
pleiades,0.8,131,599,0.9026275584553912,0.6061886831496165,0.6715822904708875
pleiades,0.8,132,599,0.9215086802600254,0.6208938833085162,0.6737797446827266
pleiades,0.8,133,599,0.8795487853611913,0.5919461697169598,0.6730111843356977
pleiades,0.8,134,599,0.8969237294764224,0.6020515834704021,0.6712405566768187
pleiades,0.8,135,599,0.8871844031618754,0.5994267296669992,0.675650662399695
pleiades,0.8,136,599,0.9112906207242998,0.6102505827552359,0.6696552876514901
pleiades,0.8,137,599,0.8943587276140864,0.5839724268789501,0.6529510014810666
pleiades,0.8,138,599,0.8958799686389087,0.6070265284124178,0.6775757352122296
pleiades,0.8,139,599,0.8959912548697746,0.6056209989871354,0.675922890648255
pleiades,0.8,140,599,0.8908047754532069,0.5991002287483981,0.6725381871056979
pleiades,0.8,141,599,0.9149413400695255,0.6213423403820263,0.6791062040488968
pleiades,0.8,142,599,0.9009843502301799,0.5997928788203756,0.6657084317470585
pleiades,0.8,143,599,0.9240764504814402,0.6209484487997036,0.6719665331544721
pleiades,0.8,144,599,0.9057483491233878,0.6147256975429986,0.6786936991250934
pleiades,0.8,145,599,0.8995718970474343,0.6027843241341874,0.6700790966376783
pleiades,0.8,146,599,0.9114884037843263,0.6098751510454524,0.6690980911148918
pleiades,0.8,147,599,0.9110174057598104,0.6168814325902483,0.677134628482487
pleiades,0.8,148,599,0.9039075314888035,0.6076246780676974,0.6722199527056644
pleiades,0.8,149,599,0.9014208016057381,0.6040979074269844,0.6701619336395165
pleiades,0.8,150,599,0.9145849057733342,0.6209467466279669,0.6789383278777389
pleiades,0.8,151,599,0.8966443998298718,0.5867581437240087,0.6543933624470744
pleiades,0.8,152,599,0.916248051082329,0.6184994465564964,0.6750349382199357
pleiades,0.8,153,599,0.9054186783655365,0.6102810293646257,0.6740318528289102
pleiades,0.8,154,599,0.8964100288873816,0.6133880483367239,0.6842717378988465
pleiades,0.8,155,599,0.9093270390460542,0.6197892715365141,0.681591160191074
pleiades,0.8,156,599,0.9005306501579383,0.60672278468938,0.6737391832060028
pleiades,0.8,157,599,0.8970789566996298,0.599727312582274,0.6685334753461188
pleiades,0.8,158,599,0.9175072571628736,0.6127654119426366,0.6678589266284789
pleiades,0.8,159,599,0.8991808073568971,0.605288715253898,0.6731557327531467
pleiades,0.8,160,599,0.9106975798625714,0.6105250481142896,0.670392742458392
pleiades,0.8,161,599,0.9070808650107411,0.6108591622775968,0.6734340738963371
pleiades,0.8,162,599,0.9129748927482546,0.604101755857011,0.6616849605124762
pleiades,0.8,163,599,0.9028676776794703,0.6134151550622938,0.6794075923050865
pleiades,0.8,164,599,0.903213722996313,0.5961823313537996,0.6600678401741171
pleiades,0.8,165,599,0.8957264002678912,0.5975017445387422,0.667058316423456
pleiades,0.8,166,599,0.9160479679591419,0.6130115131421545,0.6691914993358693
pleiades,0.8,167,599,0.9041998205157433,0.6124434855439314,0.6773320140614515
pleiades,0.8,168,599,0.9017180085738897,0.6144358748001056,0.6814057931169252
pleiades,0.8,169,599,0.90349798540805,0.5890164926925915,0.6519289497104654
pleiades,0.8,170,599,0.9090577710272513,0.6153532787148445,0.6769132813412776
pleiades,0.8,171,599,0.8966070135388412,0.6014993668164205,0.670861768571659
pleiades,0.8,172,599,0.9302195948590851,0.6300894885235896,0.6773556394703114
pleiades,0.8,173,599,0.8927135598425696,0.5969441999897073,0.6686850372195294
pleiades,0.8,174,599,0.9231822433203549,0.6180727740797978,0.6695024504119707
pleiades,0.8,175,599,0.9118270497830674,0.6035584034167925,0.6619220208046964
pleiades,0.8,176,599,0.9164701049876556,0.6091467847300526,0.6646662901658505
pleiades,0.8,177,599,0.9277112395694903,0.615021983049177,0.6629454908130481
pleiades,0.8,178,599,0.903177948424264,0.6075768515019314,0.6727100152986959
pleiades,0.8,179,599,0.8942459091820627,0.5996002911528344,0.6705094035054284
pleiades,0.8,180,599,0.8973430173375341,0.5953163511345867,0.6634211663015142
pleiades,0.8,181,599,0.9164276206845607,0.61721478860735,0.6735008577614648
pleiades,0.8,182,599,0.9042414791650834,0.6180456788759322,0.6834962707601012
pleiades,0.8,183,599,0.907996943443155,0.6055921014982071,0.6669538987673036
pleiades,0.8,184,599,0.92083112934421,0.6189399889790052,0.6721536330117301
pleiades,0.8,185,599,0.9169313858038073,0.6145158556796427,0.6701873937284208
pleiades,0.8,186,599,0.93726740067763,0.6202609281263113,0.6617758471892569
pleiades,0.8,187,599,0.8998327048723257,0.6153703927839956,0.6838720013753096
pleiades,0.8,188,599,0.9137530494373316,0.6195666707764108,0.6780460772830535
pleiades,0.8,189,599,0.9116037539742007,0.6065406617520614,0.6653555989735724
pleiades,0.8,190,599,0.8953552958489106,0.5929117462865816,0.6622083423591368
pleiades,0.8,191,599,0.9212396684342428,0.6257267321005322,0.6792225232376606
pleiades,0.8,192,599,0.9139077714076249,0.6072166206902252,0.6644178326167137
pleiades,0.8,193,599,0.9280245449088415,0.6193459779882229,0.6673810314457366
pleiades,0.8,194,599,0.8958083976627714,0.5961633972622253,0.6655032469193842
pleiades,0.8,195,599,0.8977625511264411,0.5956284905123481,0.663458828578894
pleiades,0.8,196,599,0.8983794383224039,0.5965522317337153,0.6640314841217781
pleiades,0.8,197,599,0.9135331619475933,0.6116866228960034,0.6695833806316646
pleiades,0.8,198,599,0.9101507342662601,0.606634351000756,0.6665207510817522
pleiades,0.8,199,599,0.898291958129362,0.6033606457244421,0.6716754394427662
pleiades,0.8,200,599,0.9073274196837338,0.6081217501985889,0.6702340709713824
pleiades,0.8,201,599,0.9288916558872763,0.6207309487631367,0.6682490307981238
pleiades,0.8,202,599,0.8798119011450227,0.5991858636739387,0.6810385980163873
pleiades,0.8,203,599,0.9241073852473289,0.6265335660231374,0.6779878356403908
pleiades,0.8,204,599,0.933715635641961,0.6215951563271415,0.6657221241666086
pleiades,0.8,205,599,0.8907448143460044,0.5962349715992367,0.6693667613849648
pleiades,0.8,206,599,0.890331878089704,0.6029800306602207,0.677253106958244
pleiades,0.8,207,599,0.8952885098578721,0.6060335966658803,0.6769143019182595
pleiades,0.8,208,599,0.8994970350308077,0.6072155183619197,0.6750611672012043
pleiades,0.8,209,599,0.9044448538042065,0.5976410671103979,0.6607822075570953
pleiades,0.8,210,599,0.9014452695424164,0.6137573143385309,0.680859210288031
pleiades,0.8,211,599,0.8982977846994363,0.6079934275934418,0.6768283724498684
pleiades,0.8,212,599,0.8803798030729543,0.5831898508766229,0.662429838623065
pleiades,0.8,213,599,0.887426222830581,0.6023767974367128,0.6787908469904578
pleiades,0.8,214,599,0.9152962595356319,0.6136809346016775,0.6704724598274044
pleiades,0.8,215,599,0.9032797023421029,0.6081693762679548,0.6732902053384349
pleiades,0.8,216,599,0.9054924429548277,0.5977656556002612,0.6601553223896778
pleiades,0.8,217,599,0.8952796964266625,0.5944225640617319,0.6639517978954016
pleiades,0.8,218,599,0.8920326607421856,0.6013176310484865,0.674098222533893
pleiades,0.8,219,599,0.921651345639049,0.6254189198078061,0.6785851534499273
pleiades,0.8,220,599,0.8977335992907687,0.5941128120347616,0.6617918862612753
pleiades,0.8,221,599,0.9041159647334878,0.6022348788526263,0.6661035777972918
pleiades,0.8,222,599,0.9372851141123939,0.6347673608727694,0.6772404162994652
pleiades,0.8,223,599,0.9030945126876166,0.61919224965521,0.6856339408070246
pleiades,0.8,224,599,0.9002398114072029,0.6100946673664609,0.6777023851153574
pleiades,0.8,225,599,0.8977914970889544,0.6067984363101986,0.67587901899017
pleiades,0.8,226,599,0.9015366931931944,0.5975180808019648,0.6627773282145488
pleiades,0.8,227,599,0.9207782044041737,0.6141233132366782,0.6669611751225923
pleiades,0.8,228,599,0.8923368793253411,0.5911231422817149,0.6624439222198668
pleiades,0.8,229,599,0.8900852434609848,0.5887232266680713,0.6614234209511157
pleiades,0.8,230,599,0.8987671752770886,0.5877306906489244,0.6539298572711313
pleiades,0.8,231,599,0.8985118368479696,0.6026698564628211,0.6707422559696276
pleiades,0.8,232,599,0.9265014414024662,0.6108635835612934,0.6593228636931373
pleiades,0.8,233,599,0.9039306613566267,0.60087631051954,0.6647371708995243
pleiades,0.8,234,599,0.8984790810967589,0.6035873514778907,0.6717878737266775
pleiades,0.8,235,599,0.9047973285751,0.5982938865199697,0.6612463008286945
pleiades,0.8,236,599,0.891753643428517,0.5980853626112523,0.6706845181050217
pleiades,0.8,237,599,0.896789044602478,0.603301322443889,0.6727349381384514
pleiades,0.8,238,599,0.898469296085485,0.6025736646122738,0.6706669523795745
pleiades,0.8,239,599,0.8955775067446039,0.604001811937971,0.6744271795452954
pleiades,0.8,240,599,0.9094206017134931,0.6036520788736549,0.6637765603025468
pleiades,0.8,241,599,0.9014042977159892,0.607019432774537,0.673415285807517
pleiades,0.8,242,599,0.9243028457813005,0.6164778381865926,0.666965206263638
pleiades,0.8,243,599,0.8993087113313576,0.6014077977124808,0.6687445480452898
pleiades,0.8,244,599,0.8837408230645966,0.5909314842341397,0.6686705749146385
pleiades,0.8,245,599,0.9214775722625983,0.6187349003381607,0.6714595329964651
pleiades,0.8,246,599,0.8966489740878931,0.6039744373745937,0.6735907304070474
pleiades,0.8,247,599,0.9062180474479753,0.5993862373211785,0.6614150303110007
pleiades,0.8,248,599,0.8957191161864282,0.5950704162744626,0.6643493540787725
pleiades,0.8,249,599,0.9060149355426498,0.6040871211505736,0.6667518353753858
pleiades,0.8,250,599,0.9084053826882353,0.6030464737121386,0.6638517177513292
pleiades,0.8,251,599,0.888179287200197,0.5905299090454956,0.6648769201846848
pleiades,0.8,252,599,0.9092940789694078,0.6213461468748235,0.6833280467184566
pleiades,0.8,253,599,0.9262984843312367,0.6192630785062451,0.6685351309338877
pleiades,0.8,254,599,0.9222693525319597,0.6121788000210534,0.663774415077768
pleiades,0.8,255,599,0.9046812650357853,0.6035183360147386,0.6671060398170907
pleiades,0.8,256,599,0.9013905212555653,0.6082344588532981,0.6747735243610903
pleiades,0.8,257,599,0.9101171790078242,0.6100097416158298,0.6702540680320304
pleiades,0.8,258,599,0.8968458440674997,0.5925908961414683,0.6607500052114507
pleiades,0.8,259,599,0.8906743514418817,0.5909241825140896,0.6634570553844545
pleiades,0.8,260,599,0.8894261312784478,0.5985505837587788,0.6729626696468105
pleiades,0.8,261,599,0.9015778202087132,0.6059795071822913,0.6721322259702533
pleiades,0.8,262,599,0.914257625873736,0.6009005136460819,0.6572551287956875
pleiades,0.8,263,599,0.8919940670458669,0.6026069228766767,0.6755727926222745
pleiades,0.8,264,599,0.9150245966109972,0.617306437291458,0.6746337088399519
pleiades,0.8,265,599,0.8896235585627247,0.5883811070114863,0.6613821108358174
pleiades,0.8,266,599,0.8974964662936964,0.6145057144074703,0.6846887285753164
pleiades,0.8,267,599,0.9161078968739796,0.6204724627161793,0.6772919050620648
pleiades,0.8,268,599,0.9074269883699153,0.6110868308058055,0.673428097949291
pleiades,0.8,269,599,0.9051897953363847,0.6070948849713109,0.6706824227351167
pleiades,0.8,270,599,0.8979182045239257,0.6119721102450146,0.681545498422633
pleiades,0.8,271,599,0.8903847509109634,0.5830780194697107,0.6548607429239512
pleiades,0.8,272,599,0.8993779079486955,0.5855575802710759,0.6510695616335715
pleiades,0.8,273,599,0.9102303803965688,0.6129481244290317,0.6733988862929214
pleiades,0.8,274,599,0.9071952526024913,0.6079346504829111,0.6701254760085167
pleiades,0.8,275,599,0.885083426690174,0.592759022898849,0.6697210737698582
pleiades,0.8,276,599,0.8792918719426083,0.5948031012454537,0.6764569538569289
pleiades,0.8,277,599,0.900959431186732,0.6190855144982992,0.6871402785393431
pleiades,0.8,278,599,0.8892552515377888,0.5925488896953484,0.666342862379113
pleiades,0.8,279,599,0.8968504904057667,0.6069793869911098,0.6767899371014348
pleiades,0.8,280,599,0.8985733660452295,0.6092033040701432,0.677967239059564
pleiades,0.8,281,599,0.9061879202508178,0.6112799307806086,0.6745619943945141
pleiades,0.8,282,599,0.8863725438449069,0.5953151006005138,0.6716307998645309
pleiades,0.8,283,599,0.8911826939517273,0.583889815144954,0.6551853162182046
pleiades,0.8,284,599,0.9073881865731003,0.6119664867513035,0.6744263324195292
pleiades,0.8,285,599,0.8902624359342254,0.6081072524941694,0.6830651591584145
pleiades,0.8,286,599,0.8985620735227071,0.6090772996113143,0.6778355302973096
pleiades,0.8,287,599,0.9026117514480518,0.604750013322426,0.6700001549417355
pleiades,0.8,288,599,0.9044934168525458,0.6003543561682007,0.6637465181972384
pleiades,0.8,289,599,0.876989106350297,0.5979865132138921,0.68186310284114
pleiades,0.8,290,599,0.9190145323042852,0.6053720855059885,0.6587187299292349
pleiades,0.8,291,599,0.8955776110368147,0.6048627581569517,0.6753884316700359
pleiades,0.8,292,599,0.8821040699287188,0.5857553591448954,0.6640433698398299
pleiades,0.8,293,599,0.912632935412901,0.6062823797693113,0.6643222660981569
pleiades,0.8,294,599,0.8882475198233973,0.6057530153237707,0.6819642068285283
pleiades,0.8,295,599,0.918705019126592,0.6223155371220317,0.677383408347615
pleiades,0.8,296,599,0.8988880847450184,0.6034034746946096,0.671277642828888
pleiades,0.8,297,599,0.880830564735234,0.5873815294993672,0.6668496224082849
pleiades,0.8,298,599,0.8895770421316633,0.5845211402858332,0.6570775914868093
pleiades,0.8,299,599,0.89722551431614,0.6058859880111663,0.6752884066978068
pleiades,0.8,300,599,0.9015716121065667,0.6036023071572622,0.669500125172437
pleiades,0.8,301,599,0.9312731996213567,0.6224576552738101,0.668394253723712
pleiades,0.8,302,599,0.9347126891788582,0.630358199438968,0.6743871210229696
pleiades,0.8,303,599,0.9005050662349255,0.6003194852774187,0.666647537906029
pleiades,0.8,304,599,0.9021790733860005,0.6069734168722201,0.6727859632059149
pleiades,0.8,305,599,0.8973996585379828,0.6127041912514362,0.6827550973772777
pleiades,0.8,306,599,0.9008334006767403,0.6019281863001231,0.6681903511214524
pleiades,0.8,307,599,0.9030512389798391,0.6095593386509974,0.6749997257515595
pleiades,0.8,308,599,0.9033230682169644,0.6109934660361549,0.676384216825296
pleiades,0.8,309,599,0.8946740209437716,0.5996320421290717,0.6702240459564628
pleiades,0.8,310,599,0.945269488283427,0.6455034061072473,0.6828776492928558
pleiades,0.8,311,599,0.8987171071690095,0.6027621833484197,0.6706917878164596
pleiades,0.8,312,599,0.8879334951206528,0.6009112065673662,0.6767524931421965
pleiades,0.8,313,599,0.8910888997007442,0.5896201835403215,0.6616850279902876
pleiades,0.8,314,599,0.904752714710545,0.6015871201705814,0.6649188340518497
pleiades,0.8,315,599,0.8963794179226382,0.5940481041866114,0.6627194827423855
pleiades,0.8,316,599,0.9112167816520469,0.6197546003631659,0.680139581318447
pleiades,0.8,317,599,0.9005599609124814,0.6130944203988402,0.6807924480426931
pleiades,0.8,318,599,0.8990280410477504,0.5982354012594996,0.665424629650373
pleiades,0.8,319,599,0.8956736476791612,0.5942365001643549,0.6634520304400159
pleiades,0.8,320,599,0.9156871909668473,0.6062958211147185,0.6621211119864508
pleiades,0.8,321,599,0.9000817021694709,0.6045744708407773,0.6716884360426045
pleiades,0.8,322,599,0.8987459359557864,0.6033306268657923,0.6713027594657996
pleiades,0.8,323,599,0.9006660028185162,0.5967287337188909,0.6625416434632889
pleiades,0.8,324,599,0.8836736678703667,0.5995240111166066,0.6784450334040684
pleiades,0.8,325,599,0.9055243982564458,0.5978716173776846,0.660249043017355
pleiades,0.8,326,599,0.8882476523234303,0.5958758616625789,0.6708442854916857
pleiades,0.8,327,599,0.9037554632843429,0.6065010395536249,0.6710897628762719
pleiades,0.8,328,599,0.884592132196538,0.5887257817264419,0.6655335948609129
pleiades,0.8,329,599,0.9095418271942866,0.5941457269266361,0.6532362879444807
pleiades,0.8,330,599,0.9189068718812953,0.6092513823480329,0.6630175494288133
pleiades,0.8,331,599,0.9178684168133111,0.6081679859568865,0.6625873325812279
pleiades,0.8,332,599,0.9165940524308639,0.6104164157811198,0.6659615717146079
pleiades,0.8,333,599,0.9134111105542708,0.6155312892354109,0.6738819816434002
pleiades,0.8,334,599,0.909736309544576,0.6261089103185891,0.6882311981501827
pleiades,0.8,335,599,0.8854482154776107,0.6052216099137807,0.6835200515789895
pleiades,0.8,336,599,0.8860010107621572,0.5973925995692069,0.6742572438549668
pleiades,0.8,337,599,0.9071897543332214,0.6064229545014298,0.668463187116952
pleiades,0.8,338,599,0.8980494286764648,0.6088572732748702,0.6779774629690453
pleiades,0.8,339,599,0.9096846232812402,0.6012049288446392,0.6608938014980267
pleiades,0.8,340,599,0.8900093375696484,0.5904502549530416,0.66342029238186
pleiades,0.8,341,599,0.9117489256410847,0.6038497551228453,0.6622982908351178
pleiades,0.8,342,599,0.9083443770074714,0.6121324991173096,0.6738991450951368
pleiades,0.8,343,599,0.9167743789036326,0.6116476644587168,0.6671736018519455
pleiades,0.8,344,599,0.8837453933254429,0.59187740976998,0.6697374766988107
pleiades,0.8,345,599,0.9057962443562886,0.5926729238682744,0.6543115270802013
pleiades,0.8,346,599,0.9043339191290498,0.6187724671793045,0.6842300770662619
pleiades,0.8,347,599,0.9061535263929382,0.6023391612906066,0.6647208709635506
pleiades,0.8,348,599,0.9020762789953088,0.6132356868221338,0.6798046917995977
pleiades,0.8,349,599,0.8897451372396442,0.6072552674584423,0.6825047331445926
pleiades,0.8,350,599,0.8920548039275541,0.5886764051320122,0.6599105823321367
pleiades,0.8,351,599,0.9221157254904554,0.6253172740636187,0.6781331852149302
pleiades,0.8,352,599,0.9329101676162248,0.6294323827428988,0.674697741103226
pleiades,0.8,353,599,0.8836977670496423,0.5932316355951549,0.671306025334598
pleiades,0.8,354,599,0.9063928653804354,0.6033279374519991,0.6656362384304156
pleiades,0.8,355,599,0.9111185712373183,0.6075457526776837,0.6668130492089781
pleiades,0.8,356,599,0.9068394164498638,0.6150209958560261,0.678202760819262
pleiades,0.8,357,599,0.9112052412874992,0.6179357304114689,0.6781520807961426
pleiades,0.8,358,599,0.8902532432477703,0.598980864868659,0.6728207612965179
pleiades,0.8,359,599,0.9019107171863666,0.6005335229105127,0.6658458664112107
pleiades,0.8,360,599,0.9108091687592063,0.6154056502275699,0.675669142709593
pleiades,0.8,361,599,0.9002199538907276,0.592689658306566,0.6583831604098269
pleiades,0.8,362,599,0.9193270168130346,0.6171193198385589,0.6712729078471799
pleiades,0.8,363,599,0.8906524979459711,0.5853382015711915,0.6572015493372584
pleiades,0.8,364,599,0.9005204521868223,0.611869247161231,0.6794617997574278
pleiades,0.8,365,599,0.9108581343633816,0.6086717154810373,0.6682398636165785
pleiades,0.8,366,599,0.921351366032335,0.6113904653876127,0.6635801366643393
pleiades,0.8,367,599,0.9319981230429714,0.619022737577065,0.6641888242821321
pleiades,0.8,368,599,0.8985452575105308,0.5994252538341913,0.6671063575527982
pleiades,0.8,369,599,0.9151883268228036,0.6137228203187512,0.6705972993005391
pleiades,0.8,370,599,0.9162834110239044,0.625869397320827,0.6830521973779344
pleiades,0.8,371,599,0.8964942565189279,0.5958850767467625,0.6646836523644605
pleiades,0.8,372,599,0.8858271402062433,0.5948537453156657,0.6715235042100521
pleiades,0.8,373,599,0.921673362542212,0.6176330936136383,0.670121453776257
pleiades,0.8,374,599,0.9138614635318657,0.6102932137375318,0.6678180863200949
pleiades,0.8,375,599,0.9092758217128838,0.6079798460048486,0.668641826260752
pleiades,0.8,376,599,0.8843492602468467,0.593007251124034,0.6705577510841237
pleiades,0.8,377,599,0.9111095617635177,0.6080354186663073,0.6673570821597035
pleiades,0.8,378,599,0.9050709027357329,0.6069361022345805,0.670595088627876
pleiades,0.8,379,599,0.8824318455019328,0.6007444641557019,0.6807828471036137
pleiades,0.8,380,599,0.8885915523137956,0.6017157555541496,0.6771567363963199
pleiades,0.8,381,599,0.8911670348147369,0.5984033253186481,0.6714827882329031
pleiades,0.8,382,599,0.893138627753553,0.6022211972283278,0.6742751668271825
pleiades,0.8,383,599,0.9140875530796024,0.6067799504418361,0.6638094440708299
pleiades,0.8,384,599,0.9143051061616027,0.6063714987693084,0.6632047602959933
pleiades,0.8,385,599,0.9181860789038603,0.6159343661985183,0.6708164939004814
pleiades,0.8,386,599,0.9097991269645948,0.6107584129944479,0.6713112761848318
pleiades,0.8,387,599,0.919598014392724,0.610979937856943,0.6643989311573455
pleiades,0.8,388,599,0.902302974434138,0.6114862554010001,0.6776950455964993
pleiades,0.8,389,599,0.8992440311966953,0.6045470411926075,0.6722836296039562
pleiades,0.8,390,599,0.8906315961869193,0.5996345446753658,0.6732688883289054
pleiades,0.8,391,599,0.9058739277744653,0.605761807835801,0.6687043188493411
pleiades,0.8,392,599,0.907738512432226,0.6055235146226317,0.6670682210014104
pleiades,0.8,393,599,0.8986037172995032,0.6096620997511699,0.6784549051091567
pleiades,0.8,394,599,0.8905590437912249,0.5929254909665361,0.6657902079601322
pleiades,0.8,395,599,0.8906145157380501,0.5914265307198725,0.6640656763041402
pleiades,0.8,396,599,0.9000319883910385,0.6026179723811926,0.669551727220802
pleiades,0.8,397,599,0.9197410241772573,0.6037521663758497,0.6564371388303882
pleiades,0.8,398,599,0.9264324926939198,0.6176072477637954,0.6666511080239541
pleiades,0.8,399,599,0.9093778609605363,0.6120655670751741,0.6730596744775333
pleiades,0.8,400,599,0.9070613654319457,0.6025817768087744,0.6643230543964608
pleiades,0.8,401,599,0.9265278114474476,0.6025124034948631,0.6502906831837044
pleiades,0.8,402,599,0.8934179464424555,0.5764764348856161,0.6452483265879264
pleiades,0.8,403,599,0.8908777120623791,0.6000217345265033,0.6735175057163063
pleiades,0.8,404,599,0.8872330254346107,0.6007918670552146,0.6771522811168091
pleiades,0.8,405,599,0.9252515514008404,0.6124926938924273,0.6619742414536967
pleiades,0.8,406,599,0.873216029022447,0.5779003677589313,0.6618068708677767
pleiades,0.8,407,599,0.9015000446232515,0.5999463442167694,0.6654978530450264
pleiades,0.8,408,599,0.8816752297341475,0.5830351094777501,0.6612810361628888
pleiades,0.8,409,599,0.9196145320770366,0.6206453701448993,0.6748973058778366
pleiades,0.8,410,599,0.9139015873171614,0.5991086797745406,0.6555505407680459
pleiades,0.8,411,599,0.8928128361098948,0.6054142050507298,0.6780975592696457
pleiades,0.8,412,599,0.9025567095150903,0.6161347704481117,0.6826549112677227
pleiades,0.8,413,599,0.8950546303156087,0.6035028678621012,0.6742637236000865
pleiades,0.8,414,599,0.9122070894612007,0.6026262083905857,0.6606243421617449
pleiades,0.8,415,599,0.9139363815956832,0.59779494964155,0.6540881418877674
pleiades,0.8,416,599,0.9209711410294205,0.6176802193439972,0.6706835771787396
pleiades,0.8,417,599,0.8890287972903511,0.5964817117282394,0.6709363223623815
pleiades,0.8,418,599,0.9082845392707226,0.6123290678756996,0.6741599591327947
pleiades,0.8,419,599,0.9124470930384867,0.6094412308866827,0.667919527100709
pleiades,0.8,420,599,0.899528104253276,0.5911778920251007,0.657208917909079
pleiades,0.8,421,599,0.9354466045170562,0.6224031197917684,0.6653539782883674
pleiades,0.8,422,599,0.9210324655326765,0.61347260738687,0.6660705570591042
pleiades,0.8,423,599,0.8907553461187128,0.5933019850786475,0.6660661512320319
pleiades,0.8,424,599,0.881209962296619,0.5971857469848018,0.6776883745485693
pleiades,0.8,425,599,0.9017064773444101,0.5953244110024464,0.6602197344259068
pleiades,0.8,426,599,0.912583391815151,0.6134530198975778,0.6722158494221603
pleiades,0.8,427,599,0.9203112275444673,0.6174891296478591,0.6709568580353145
pleiades,0.8,428,599,0.9205239035335602,0.6170359207725029,0.6703095035380656
pleiades,0.8,429,599,0.8884262758168416,0.5836296795790118,0.6569252795257635
pleiades,0.8,430,599,0.896658109561471,0.6045378892672005,0.6742122586309538
pleiades,0.8,431,599,0.8885330021500544,0.6039163354418304,0.6796780018080204
pleiades,0.8,432,599,0.9181198582801393,0.61487292917326,0.6697087789006827
pleiades,0.8,433,599,0.8799073040760436,0.5906309448854573,0.6712422344370194
pleiades,0.8,434,599,0.90348551072799,0.6033478342193381,0.6678002326049327
pleiades,0.8,435,599,0.9085745345498522,0.6105588531673167,0.671996440522972
pleiades,0.8,436,599,0.9233381637841251,0.6045323797964651,0.6547247839501236
pleiades,0.8,437,599,0.9096305959165801,0.6184782699368511,0.6799224572186335
pleiades,0.8,438,599,0.8912507241758855,0.6107419229784004,0.6852638729052773
pleiades,0.8,439,599,0.874281236911602,0.5874144627119128,0.6718827282476678
pleiades,0.8,440,599,0.9070260101672816,0.6046872630213976,0.6666702566885331
pleiades,0.8,441,599,0.9266497836756203,0.6174338574345067,0.6663076691017104
pleiades,0.8,442,599,0.9035598694051769,0.608015041356319,0.6729106304340208
pleiades,0.8,443,599,0.8848288416513315,0.5923724784693747,0.6694769096403395
pleiades,0.8,444,599,0.9217967664748795,0.6195939886182632,0.6721589955101542
pleiades,0.8,445,599,0.9113748419073507,0.6116699817146863,0.6711508301398427
pleiades,0.8,446,599,0.8873520134098788,0.5899660102823616,0.6648612967195118
pleiades,0.8,447,599,0.8930578360292946,0.5868784113830574,0.6571561075959321
pleiades,0.8,448,599,0.90994048710834,0.5987397232433636,0.6579987721461569
pleiades,0.8,449,599,0.8950620881603056,0.5855976128230165,0.6542536216975106
pleiades,0.8,450,599,0.9028915069864991,0.6048306360675556,0.6698818533427623
pleiades,0.8,451,599,0.9143378983801607,0.6057062614199186,0.6624534130029901
pleiades,0.8,452,599,0.8919706012642901,0.5992277851431878,0.6718021695937455
pleiades,0.8,453,599,0.921564016608162,0.6248748116080436,0.678059039140775
pleiades,0.8,454,599,0.9070425061703745,0.6127626682435724,0.6755611386182093
pleiades,0.8,455,599,0.9281613712465302,0.6201188725381753,0.668115364147669
pleiades,0.8,456,599,0.8806981810125134,0.5998229866554465,0.6810766725620431
pleiades,0.8,457,599,0.890157325823908,0.5977767863118609,0.6715406018352691
pleiades,0.8,458,599,0.8995931469550884,0.606122308026797,0.6737738166174105
pleiades,0.8,459,599,0.8969979149321581,0.6040959701825018,0.6734641855083809
pleiades,0.8,460,599,0.9005346268270018,0.6043199381415115,0.6710679635616111
pleiades,0.8,461,599,0.915223935338368,0.6082791156245104,0.6646232600982219
pleiades,0.8,462,599,0.8984571408997797,0.6011518731283333,0.6690935446584536
pleiades,0.8,463,599,0.9314932231814559,0.6206828574783546,0.666331050008557
pleiades,0.8,464,599,0.9178943524380411,0.6101490775501393,0.6647269110323075
pleiades,0.8,465,599,0.8989810248486202,0.5903435090329308,0.6566807226352068
pleiades,0.8,466,599,0.9050725155314233,0.5970574745640861,0.6596791575463069
pleiades,0.8,467,599,0.894984891194526,0.5943840792044878,0.6641275009806816
pleiades,0.8,468,599,0.9113038586495891,0.6110167426114638,0.6704862893008
pleiades,0.8,469,599,0.8993612088876873,0.5845689549318784,0.649982397678528
pleiades,0.8,470,599,0.9082626789717244,0.6004889825462214,0.6611402146635109
pleiades,0.8,471,599,0.9210338720127629,0.6233111387076212,0.6767515914973689
pleiades,0.8,472,599,0.9158649247701955,0.6064120459496394,0.6621195217207356
pleiades,0.8,473,599,0.9120390808463594,0.6072826096114209,0.6658515214587857
pleiades,0.8,474,599,0.9069063028501971,0.6194132754309412,0.6829958877606962
pleiades,0.8,475,599,0.9238157774281092,0.6193007584676713,0.6703725716741885
pleiades,0.8,476,599,0.9140810908574103,0.6204842807557329,0.678806603661079
pleiades,0.8,477,599,0.906656838596054,0.607318349222344,0.6698436755440662
pleiades,0.8,478,599,0.9116058719192766,0.6218945812033141,0.6821967698540486
pleiades,0.8,479,599,0.9088283063957615,0.6075606141668203,0.6685097833014125
pleiades,0.8,480,599,0.9029674633901317,0.6001431290542989,0.6646342790703678
pleiades,0.8,481,599,0.9017503167313266,0.6086187702162623,0.6749304756802189
pleiades,0.8,482,599,0.8971143879694358,0.6045202870991876,0.673849728870677
pleiades,0.8,483,599,0.9164089368112601,0.6015475744424676,0.6564182760325481
pleiades,0.8,484,599,0.9146215108792334,0.6022731649710341,0.6584944239853531
pleiades,0.8,485,599,0.9245797174932755,0.622664724812051,0.6734570454348948
pleiades,0.8,486,599,0.8857375535189403,0.5849505517476757,0.6604106932394702
pleiades,0.8,487,599,0.9091416075131772,0.6086154439084207,0.6694396548115299
pleiades,0.8,488,599,0.8832069617131044,0.5868062484457668,0.6644040116119254
pleiades,0.8,489,599,0.9100391022897314,0.6242081688843595,0.6859135693332316
pleiades,0.8,490,599,0.9024274791623006,0.6064156265044001,0.6719826695296552
pleiades,0.8,491,599,0.9123446108115161,0.6148916192369509,0.6739685990910984
pleiades,0.8,492,599,0.9066048206607734,0.6163307862933215,0.6798229749584969
pleiades,0.8,493,599,0.9254833601226871,0.606479798126903,0.6553114018673494
pleiades,0.8,494,599,0.9126067138393578,0.6103121206297455,0.6687569917847176
pleiades,0.8,495,599,0.910407919813259,0.6181894695540828,0.6790247054099492
pleiades,0.8,496,599,0.9057132318694148,0.6018072854826664,0.6644567665645351
pleiades,0.8,497,599,0.9190331373856561,0.6111834102620838,0.6650286974425074
pleiades,0.8,498,599,0.9050886659271893,0.6082283323618791,0.6720096663002613
pleiades,0.8,499,599,0.914682493921032,0.6114056494042318,0.6684348432025603
pleiades,0.8,500,599,0.916917850243815,0.6121447136783249,0.6676112952927585
pleiades,0.9,1,674,0.901783376889501,0.6069362624823842,0.6730399761591019
pleiades,0.9,2,674,0.895553757657569,0.598114168667699,0.667870759910762
pleiades,0.9,3,674,0.904419703823875,0.6034474292511162,0.6672205688351858
pleiades,0.9,4,674,0.9019288877246177,0.597195578513213,0.6621315567570027
pleiades,0.9,5,674,0.9102522329543543,0.6025940318642871,0.6620077491142006
pleiades,0.9,6,674,0.9158489414482712,0.6073347022353464,0.663138509801564
pleiades,0.9,7,674,0.8982769954878815,0.6022094841905896,0.6704051057920184
pleiades,0.9,8,674,0.9077754732026969,0.6016802676158075,0.6628073630289177
pleiades,0.9,9,674,0.9159340151543707,0.606732527034286,0.6624194723590737
pleiades,0.9,10,674,0.9127395246794227,0.6108635039137273,0.6692637794208355
pleiades,0.9,11,674,0.9135330230857035,0.6135033824940854,0.6715722004463646
pleiades,0.9,12,674,0.9108354895320128,0.6056722002112814,0.6649633300108626
pleiades,0.9,13,674,0.9073262197413514,0.6052644120067436,0.6670857722807618
pleiades,0.9,14,674,0.8979538373639825,0.6001475073136003,0.6683500669426201
pleiades,0.9,15,674,0.9056301771876972,0.6110907301499057,0.6747685153862243
pleiades,0.9,16,674,0.9122115304677689,0.6162441777310599,0.675549647366394
pleiades,0.9,17,674,0.9156857894174898,0.6096680386745172,0.6658048489125897
pleiades,0.9,18,674,0.8947068075591497,0.5958312913845956,0.6659514450438612
pleiades,0.9,19,674,0.9046252035160218,0.6075560616471734,0.6716108055422014
pleiades,0.9,20,674,0.903561165314892,0.6116859573744803,0.6769723853296717
pleiades,0.9,21,674,0.9039664703930832,0.6015730096364948,0.6654815519594496
pleiades,0.9,22,674,0.9095709686013878,0.602289936016241,0.6621692609014985
pleiades,0.9,23,674,0.9102959893460887,0.6085704010881074,0.6685412307762381
pleiades,0.9,24,674,0.8947333058383626,0.5936189996855221,0.6634591512487654
pleiades,0.9,25,674,0.8992594085040977,0.5982003674785599,0.6652144662836008
pleiades,0.9,26,674,0.9082262155773716,0.6061533364145377,0.6674034794615545
pleiades,0.9,27,674,0.8995789573716206,0.5931105629596121,0.6593201831805355
pleiades,0.9,28,674,0.9015971036607169,0.6096798846977874,0.6762220976779204
pleiades,0.9,29,674,0.9165704387375718,0.6046441730828009,0.6596810758108247
pleiades,0.9,30,674,0.8990162741976225,0.6024986923853677,0.6701755125880245
pleiades,0.9,31,674,0.9089535052229148,0.6056396018856149,0.666304270136552
pleiades,0.9,32,674,0.9044247001899166,0.6107649767387826,0.6753077139650547
pleiades,0.9,33,674,0.9076324878898537,0.6068726955702349,0.668632627927574
pleiades,0.9,34,674,0.9014646801278827,0.602523062336954,0.6683823289132963
pleiades,0.9,35,674,0.9126892321849139,0.6080933502787416,0.666265502906185
pleiades,0.9,36,674,0.9024637715547562,0.6035798558461314,0.6688133915960854
pleiades,0.9,37,674,0.9032782706497906,0.6028754386308658,0.6674304676865256
pleiades,0.9,38,674,0.9181689261625023,0.6120142116093383,0.6665594904929519
pleiades,0.9,39,674,0.8973769611146496,0.5952032000943894,0.6632699811627388
pleiades,0.9,40,674,0.9113773065031597,0.6149991612724985,0.6748019254859143
pleiades,0.9,41,674,0.9236378777608913,0.6200238785053351,0.671284594789913
pleiades,0.9,42,674,0.9042306739145094,0.6013821313531602,0.665076012904665
pleiades,0.9,43,674,0.9068234638835992,0.6077029377482321,0.6701446995489714
pleiades,0.9,44,674,0.8889886778359296,0.5876962011014413,0.6610840112520596
pleiades,0.9,45,674,0.8925240019769091,0.5977587320351712,0.6697396716627864
pleiades,0.9,46,674,0.9064987537509746,0.6068622697194779,0.6694573679316825
pleiades,0.9,47,674,0.9066711307921452,0.6137285005868524,0.676903101624783
pleiades,0.9,48,674,0.9224976434992868,0.6058178840967923,0.6567148310523144
pleiades,0.9,49,674,0.9217592093754078,0.6048714404184246,0.656214154701303
pleiades,0.9,50,674,0.9100764636337567,0.6082587043733838,0.6683599990540643
pleiades,0.9,51,674,0.900142717479454,0.6044599964676116,0.6715157327053625
pleiades,0.9,52,674,0.9083386759711932,0.6010477790612878,0.6617000849585637
pleiades,0.9,53,674,0.9003686077352676,0.5982483104478289,0.6644482107751694
pleiades,0.9,54,674,0.9075230613794646,0.6034554969633525,0.6649478372991211
pleiades,0.9,55,674,0.9101082789187931,0.6059724355902478,0.6658245503602516
pleiades,0.9,56,674,0.9116523054083093,0.6049570601318615,0.6635830969142499
pleiades,0.9,57,674,0.9146402275727952,0.60967984691589,0.6665788673365192
pleiades,0.9,58,674,0.918366743200046,0.6115899654868504,0.6659539557756274
pleiades,0.9,59,674,0.8935371540978738,0.598336754909292,0.6696271690161336
pleiades,0.9,60,674,0.8994353525659398,0.5995285546543684,0.6665610295881887
pleiades,0.9,61,674,0.9053260860934305,0.6067970568702303,0.6702524827143977
pleiades,0.9,62,674,0.886608926326358,0.5889292759484408,0.664249206680847
pleiades,0.9,63,674,0.9065437448004836,0.6020109760564023,0.6640727262299909
pleiades,0.9,64,674,0.9049387650436846,0.6103969947641839,0.6745174572499586
pleiades,0.9,65,674,0.9094801087434079,0.6087283562162296,0.6693146451078353
pleiades,0.9,66,674,0.9144240204832773,0.6039374323761619,0.660456657795339
pleiades,0.9,67,674,0.912748288821656,0.6069589829765833,0.6649795901125797
pleiades,0.9,68,674,0.9123039949573685,0.6099523529844904,0.6685845467694057
pleiades,0.9,69,674,0.9023704668509298,0.6023638801561058,0.6675350117100135
pleiades,0.9,70,674,0.9126386401540404,0.6009361164451874,0.6584600848631151
pleiades,0.9,71,674,0.9042875487414738,0.6043074637714588,0.6682691413947843
pleiades,0.9,72,674,0.9180657811350507,0.6084700661755624,0.6627739304511279
pleiades,0.9,73,674,0.911124303484787,0.6127497732972256,0.6725205012681967
pleiades,0.9,74,674,0.9054607652840131,0.6090309829436182,0.6726199591349332
pleiades,0.9,75,674,0.9100431495905144,0.6044507535008872,0.6642001027894859
pleiades,0.9,76,674,0.9194817953424073,0.6123671550121732,0.6659916032205214
pleiades,0.9,77,674,0.8990748034137942,0.5946818118257092,0.6614375239609626
pleiades,0.9,78,674,0.8992666377909821,0.5945640615413668,0.6611654836900134
pleiades,0.9,79,674,0.8943590035283346,0.5968662450759389,0.6673676261112624
pleiades,0.9,80,674,0.9129003218909988,0.6087368348394033,0.6668163218284933
pleiades,0.9,81,674,0.9058604802824884,0.6017846862728633,0.6643238107541677
pleiades,0.9,82,674,0.8791940238621224,0.5762838684503543,0.6554683639896177
pleiades,0.9,83,674,0.9054437143113664,0.6065726496367387,0.6699175664365471
pleiades,0.9,84,674,0.9115259694395598,0.6075760499506582,0.6665482611803355
pleiades,0.9,85,674,0.9088527995667277,0.6025986120707598,0.6630321349706281
pleiades,0.9,86,674,0.9145268532842599,0.6134976302162374,0.6708361028580377
pleiades,0.9,87,674,0.9125252568876246,0.6098632512392911,0.6683247906138715
pleiades,0.9,88,674,0.8951047916052792,0.5935405053540219,0.6630961099979897
pleiades,0.9,89,674,0.9089193355988531,0.6082027101509058,0.6691492702707041
pleiades,0.9,90,674,0.8922712803822903,0.6021368977635291,0.6748361300002235
pleiades,0.9,91,674,0.918112346635987,0.6079428683271741,0.6621660960716949
pleiades,0.9,92,674,0.9067106669537593,0.6021237039464479,0.6640747990418813
pleiades,0.9,93,674,0.9131533790860238,0.6099868518527962,0.6680004321544895
pleiades,0.9,94,674,0.9138453195356911,0.6048443043960001,0.661867267321904
pleiades,0.9,95,674,0.916801788292372,0.6144572843044094,0.6702182436280941
pleiades,0.9,96,674,0.9060588947886391,0.6040652351920739,0.6666953314695809
pleiades,0.9,97,674,0.9010286903546775,0.6024547456244229,0.6686299249664014
pleiades,0.9,98,674,0.9093922473117578,0.5984948202980556,0.6581261519077802
pleiades,0.9,99,674,0.9241007327562366,0.613657248100854,0.6640588264339438
pleiades,0.9,100,674,0.900151096982876,0.5995323871776007,0.6660352791738096
pleiades,0.9,101,674,0.8962501725508765,0.5936898475020613,0.6624153229586798
pleiades,0.9,102,674,0.9110981750331653,0.605500661411483,0.6645833325145689
pleiades,0.9,103,674,0.9054614698458505,0.6100826665134846,0.673780924788934
pleiades,0.9,104,674,0.9118138338927073,0.6079397660540297,0.6667367213092378
pleiades,0.9,105,674,0.8957813965127274,0.5962533524963523,0.6656237278621365
pleiades,0.9,106,674,0.8969330725645005,0.6019787661082998,0.6711523797278756
pleiades,0.9,107,674,0.9097438801676597,0.6053740053318999,0.6654334461918375
pleiades,0.9,108,674,0.8900848228924031,0.5887002927609726,0.6613979674970112
pleiades,0.9,109,674,0.8945500474289655,0.5909658263989424,0.6606291376289596
pleiades,0.9,110,674,0.9238832704687906,0.6130509469928204,0.6635588786901079
pleiades,0.9,111,674,0.9015820847556597,0.606597419813258,0.6728144115437406
pleiades,0.9,112,674,0.8992562172330724,0.6003263188017298,0.6675809488967205
pleiades,0.9,113,674,0.9108753820614676,0.6100404416098586,0.669729859455892
pleiades,0.9,114,674,0.903158764193552,0.6004627815696437,0.6648474281327587
pleiades,0.9,115,674,0.9081039016041756,0.6123006351833943,0.6742627513236739
pleiades,0.9,116,674,0.91262310857538,0.6014670395614323,0.6590530460053028
pleiades,0.9,117,674,0.9055178631331245,0.6051228745544326,0.6682616646133137
pleiades,0.9,118,674,0.908882006559425,0.596975487670032,0.6568239698460795
pleiades,0.9,119,674,0.8930508433656695,0.597197419490711,0.66871603551712
pleiades,0.9,120,674,0.9069817947018123,0.6034100434734151,0.6652945483561749
pleiades,0.9,121,674,0.8906979263653765,0.5951098054826436,0.668138757110479
pleiades,0.9,122,674,0.8963557505433108,0.5939376553168432,0.6626137612848894
pleiades,0.9,123,674,0.8976381806743691,0.604131270156403,0.673023143581679
pleiades,0.9,124,674,0.9056562999407878,0.599551546611166,0.6620078131741203
pleiades,0.9,125,674,0.9120626563593015,0.6073974917668634,0.6659602687730073
pleiades,0.9,126,674,0.9004633303466741,0.5977721829723994,0.6638495570300014
pleiades,0.9,127,674,0.9064558620491747,0.6033069940780609,0.6655668735090952
pleiades,0.9,128,674,0.9226189898604555,0.6137168425513491,0.6651899096984473
pleiades,0.9,129,674,0.9016201650688245,0.6025526911973539,0.6682999277765249
pleiades,0.9,130,674,0.9019726904369946,0.595672432957992,0.6604107189424949
pleiades,0.9,131,674,0.9058060341046921,0.6094723604829071,0.672850850552476
pleiades,0.9,132,674,0.890598112504194,0.5899799473119043,0.6624536241750972
pleiades,0.9,133,674,0.9027576619522752,0.5957782289328302,0.6599536664628456
pleiades,0.9,134,674,0.921355063734661,0.6108946375285411,0.6630393228125474
pleiades,0.9,135,674,0.9046233989463739,0.60302491110995,0.6666032647533776
pleiades,0.9,136,674,0.905182835606255,0.6036888148469557,0.6669247262544801
pleiades,0.9,137,674,0.9158144770133726,0.609769191371382,0.6658217430237
pleiades,0.9,138,674,0.9072492209444404,0.6000326079065048,0.661375721306076
pleiades,0.9,139,674,0.8974997481579663,0.5968879068061494,0.6650563501897417
pleiades,0.9,140,674,0.9089113252736689,0.60925759480365,0.6703157699352085
pleiades,0.9,141,674,0.9230287042145127,0.6117091399026435,0.662719520107667
pleiades,0.9,142,674,0.884461847297529,0.5857092404512021,0.6622210355832027
pleiades,0.9,143,674,0.9117122096063749,0.6021671072827959,0.6604793716021168
pleiades,0.9,144,674,0.9021178040360146,0.6087274441758899,0.674776000930792
pleiades,0.9,145,674,0.9044121825112273,0.6005677855207292,0.6640421227555432
pleiades,0.9,146,674,0.9119633264251251,0.6106119353992219,0.6695575553381147
pleiades,0.9,147,674,0.9036346704805155,0.6010436917051545,0.6651401405233205
pleiades,0.9,148,674,0.899242660391492,0.5969622829949004,0.6638500477001484
pleiades,0.9,149,674,0.9125813506789286,0.6118538609784999,0.6704650062411445
pleiades,0.9,150,674,0.9084721762919138,0.6124797512211948,0.6741865818292165
pleiades,0.9,151,674,0.9173572180760824,0.6050076882354506,0.6595115581085158
pleiades,0.9,152,674,0.8917070937617605,0.602495414056101,0.6756651576185297
pleiades,0.9,153,674,0.884774475278714,0.5891593271003497,0.6658864417565367
pleiades,0.9,154,674,0.9118285675812129,0.6105499331178978,0.6695885112894521
pleiades,0.9,155,674,0.8854327008457306,0.5907203310078486,0.6671544098649347
pleiades,0.9,156,674,0.9148660748835667,0.609635082242648,0.6663653828460466
pleiades,0.9,157,674,0.92389133768552,0.6227235991239543,0.6740225540851654
pleiades,0.9,158,674,0.9060230237217665,0.6034841735628509,0.6660803950476393
pleiades,0.9,159,674,0.9125039107736933,0.6105244369746244,0.66906500867155
pleiades,0.9,160,674,0.9132654405658397,0.6015876271340481,0.6587215506165626
pleiades,0.9,161,674,0.893087700471569,0.5926049666820421,0.6635462187746335
pleiades,0.9,162,674,0.8948507976249901,0.594834292809652,0.6647301364522362
pleiades,0.9,163,674,0.8952612262060327,0.5950823226126012,0.6647024412466298
pleiades,0.9,164,674,0.9036546634225162,0.606121628311325,0.6707447577547934
pleiades,0.9,165,674,0.9099310987017618,0.612536279223219,0.6731677597316446
pleiades,0.9,166,674,0.9115996696770309,0.6037448541950515,0.6622916552931083
pleiades,0.9,167,674,0.9069592119861039,0.6067117967474329,0.6689515787802911
pleiades,0.9,168,674,0.9129444142687709,0.60458922392871,0.6622410022771866
pleiades,0.9,169,674,0.9022643425568247,0.6064527963731541,0.6721453655750111
pleiades,0.9,170,674,0.8985673995105262,0.6002068703435455,0.6679597664799483
pleiades,0.9,171,674,0.9158827828536361,0.6104235011927823,0.6664864899969758
pleiades,0.9,172,674,0.9118017095242344,0.6031935656953358,0.6615402881949781
pleiades,0.9,173,674,0.9089883718316615,0.6124666481646135,0.6737893103411868
pleiades,0.9,174,674,0.9142456586299046,0.6119149525948996,0.669311302513506
pleiades,0.9,175,674,0.9096279026065716,0.6057005055202528,0.6658772271437542
pleiades,0.9,176,674,0.8945918994219696,0.6057028599008099,0.6770717019594945
pleiades,0.9,177,674,0.9092413793882719,0.6104141449515104,0.6713444403093386
pleiades,0.9,178,674,0.9045007928298876,0.6010040428816847,0.6644593875936132
pleiades,0.9,179,674,0.9009290822198551,0.6050230922934445,0.6715546253681706
pleiades,0.9,180,674,0.91690132276293,0.6117355515337937,0.6671770847602554
pleiades,0.9,181,674,0.8973656675872017,0.6036649782881848,0.6727079050297224
pleiades,0.9,182,674,0.8871671859388555,0.5938265354381531,0.6693513295464473
pleiades,0.9,183,674,0.9113047095054173,0.6061203107961446,0.6651126724946893
pleiades,0.9,184,674,0.9090924289341835,0.607456711041889,0.6682012650287594
pleiades,0.9,185,674,0.8957509124999401,0.590815580323877,0.659575750444928
pleiades,0.9,186,674,0.8979491894896177,0.6039775425161171,0.6726188403370684
pleiades,0.9,187,674,0.9071238134042895,0.5981315507007913,0.6593714571951319
pleiades,0.9,188,674,0.910241029253681,0.6072553281264871,0.6671368446491409
pleiades,0.9,189,674,0.9103802872923826,0.6036446709251637,0.6630686970612029
pleiades,0.9,190,674,0.9044344281485868,0.6028558775659242,0.6665556493686271
pleiades,0.9,191,674,0.8944056452042054,0.5986685864326988,0.6693479515058454
pleiades,0.9,192,674,0.9161253388846341,0.6153192830280272,0.6716540378384984
pleiades,0.9,193,674,0.9105298868399851,0.6087631109225435,0.6685811412904522
pleiades,0.9,194,674,0.8948262620610633,0.5961460197267403,0.6662142641562961
pleiades,0.9,195,674,0.9169129048032721,0.6122466495532153,0.6677260690147835
pleiades,0.9,196,674,0.9094098847250847,0.6031871934384132,0.6632731879979039
pleiades,0.9,197,674,0.9199535647381378,0.6112776385330645,0.6644657534503526
pleiades,0.9,198,674,0.8978189370585514,0.5890704493265249,0.6561127472499597
pleiades,0.9,199,674,0.9063632292684108,0.5987073517855839,0.6605600629549396
pleiades,0.9,200,674,0.9068729864347048,0.600828081056831,0.6625272668214943
pleiades,0.9,201,674,0.9083012433396576,0.6038877318564211,0.6648540187350579
pleiades,0.9,202,674,0.9075163413330504,0.592594909105669,0.652985386726157
pleiades,0.9,203,674,0.8974236284996849,0.5934678226842824,0.6613017574280314
pleiades,0.9,204,674,0.924583416104849,0.6116712845618839,0.6615641962720642
pleiades,0.9,205,674,0.9197985260114658,0.6154847269738793,0.6691516778601654
pleiades,0.9,206,674,0.9150646511443986,0.6106696484894635,0.6673513699012933
pleiades,0.9,207,674,0.9161855456791568,0.6157163042703537,0.6720432418674877
pleiades,0.9,208,674,0.9060228814272757,0.6046978596089176,0.667420075149013
pleiades,0.9,209,674,0.8993241635802062,0.6012434476989017,0.6685503092737481
pleiades,0.9,210,674,0.9132570418312298,0.6084540667244285,0.6662462361137436
pleiades,0.9,211,674,0.8824814888822898,0.5885445015066835,0.6669199398755736
pleiades,0.9,212,674,0.9010548348562646,0.6001264477217825,0.6660265552179342
pleiades,0.9,213,674,0.9026624350589864,0.5987292434635041,0.6632925224415469
pleiades,0.9,214,674,0.9122777440201872,0.6081447265330673,0.6666223422848404
pleiades,0.9,215,674,0.913730329933987,0.6100532822582416,0.6676513433698926
pleiades,0.9,216,674,0.917317307072526,0.6152761755381126,0.6707342931331688
pleiades,0.9,217,674,0.8974924252926734,0.6006432111742195,0.6692459950047478
pleiades,0.9,218,674,0.9164300459871889,0.6076112895999113,0.6630198259654237
pleiades,0.9,219,674,0.9065892485711549,0.6045727685109662,0.666865142581178
pleiades,0.9,220,674,0.9134363690748801,0.6065084758723323,0.663985468945799
pleiades,0.9,221,674,0.9039624789183244,0.6039939054482397,0.6681625836627366
pleiades,0.9,222,674,0.897501528792531,0.6040748987708613,0.6730628075737807
pleiades,0.9,223,674,0.9085478326385777,0.6117613676644575,0.6733397468879523
pleiades,0.9,224,674,0.9132915116388468,0.61508593203922,0.6734825892945017
pleiades,0.9,225,674,0.9156244709977112,0.6111198529130117,0.6674350372561628
pleiades,0.9,226,674,0.9039201483056,0.596036083002732,0.6593901951627064
pleiades,0.9,227,674,0.9032655974799296,0.6043268038793506,0.6690466298787369
pleiades,0.9,228,674,0.8867697485071604,0.5950093162229213,0.6709851313992099
pleiades,0.9,229,674,0.8923521516233257,0.5984658698280609,0.6706610935372986
pleiades,0.9,230,674,0.9126852051158967,0.6087981857094914,0.6670407083373107
pleiades,0.9,231,674,0.9045949819853809,0.6036749998167079,0.6673428571223976
pleiades,0.9,232,674,0.9025567228148392,0.6023901561369263,0.66742636879179
pleiades,0.9,233,674,0.8998566307830562,0.5954589839514679,0.6617265057360291
pleiades,0.9,234,674,0.9086601291212196,0.6103127448783292,0.6716622918940802
pleiades,0.9,235,674,0.9117893445960034,0.603438869546375,0.6618182951170014
pleiades,0.9,236,674,0.8955948346751821,0.5962612066799207,0.6657711540913197
pleiades,0.9,237,674,0.9172921171852577,0.6137824253947893,0.6691242777472042
pleiades,0.9,238,674,0.909916637336156,0.6057780814597264,0.6657511870902633
pleiades,0.9,239,674,0.9049704482149452,0.6029524752699342,0.6662675852667437
pleiades,0.9,240,674,0.9093197237467789,0.6046788050068514,0.6649793127936574
pleiades,0.9,241,674,0.898230860156889,0.5976798381668086,0.6653966866184214
pleiades,0.9,242,674,0.9160952033812682,0.6153502490224502,0.6717099344601072
pleiades,0.9,243,674,0.9068299026573484,0.6055035828880622,0.6677146189309724
pleiades,0.9,244,674,0.9153981245273719,0.616987923019507,0.6740104731349141
pleiades,0.9,245,674,0.8881757803989405,0.5967281622842451,0.6718581788125473
pleiades,0.9,246,674,0.8981837280533499,0.5973378549593504,0.6650508535196599
pleiades,0.9,247,674,0.919643207008667,0.6094562495019605,0.6627094560773685
pleiades,0.9,248,674,0.9036890118837189,0.605315220752872,0.669826912569299
pleiades,0.9,249,674,0.8939213726446035,0.5907490635988408,0.6608512579256846
pleiades,0.9,250,674,0.900118803146835,0.5976096953597594,0.6639231324470757
pleiades,0.9,251,674,0.9077166646904881,0.6027809583241988,0.6640628973466453
pleiades,0.9,252,674,0.9148919045895966,0.6008715050840152,0.6567677581031335
pleiades,0.9,253,674,0.9107623294391255,0.6099386244575631,0.6697011994700982
pleiades,0.9,254,674,0.9002901782193213,0.5999337669762601,0.6663782205897942
pleiades,0.9,255,674,0.8914001237927913,0.5952453775949198,0.667764522022084
pleiades,0.9,256,674,0.9033273262532822,0.604959157689887,0.6697009379745739
pleiades,0.9,257,674,0.9131573746435848,0.6098005649440604,0.6677935062201871
pleiades,0.9,258,674,0.9073370283389933,0.5992910697930927,0.6604944481216405
pleiades,0.9,259,674,0.8970004631031447,0.6052153817026102,0.6747102221206072
pleiades,0.9,260,674,0.9085734734796705,0.6088375633318314,0.6701027281812385
pleiades,0.9,261,674,0.9072876730320532,0.6077190780868971,0.6698196130627108
pleiades,0.9,262,674,0.9005703743775194,0.5970021674274804,0.6629156192708787
pleiades,0.9,263,674,0.8862372780167067,0.5959529173664977,0.6724530011874125
pleiades,0.9,264,674,0.9058451110157861,0.6053304741551453,0.6682494245361073
pleiades,0.9,265,674,0.8978092747547693,0.5982446401097398,0.666338226761075
pleiades,0.9,266,674,0.9037018759624886,0.600706307093614,0.6647173399455778
pleiades,0.9,267,674,0.9050236221680332,0.5988136102917112,0.6616552271389565
pleiades,0.9,268,674,0.9103500177497746,0.6107521005586452,0.6708981036418465
pleiades,0.9,269,674,0.9077354162341278,0.6073272331191046,0.6690575494329503
pleiades,0.9,270,674,0.9202846042222017,0.6126125119204444,0.6656772362699765
pleiades,0.9,271,674,0.9192313483354336,0.6095978509686167,0.663160424274576
pleiades,0.9,272,674,0.9009122813609252,0.5953623236733587,0.6608438312928754
pleiades,0.9,273,674,0.9061002269940389,0.600636169150957,0.6628804973855376
pleiades,0.9,274,674,0.8988884218406085,0.6036307403255066,0.6715302207247061
pleiades,0.9,275,674,0.8994049650499408,0.6045167636975446,0.6721296714922825
pleiades,0.9,276,674,0.9017749555237646,0.6026346703728038,0.6682761221981203
pleiades,0.9,277,674,0.9091012884237494,0.6017915668149532,0.6619631656868213
pleiades,0.9,278,674,0.9189918904997827,0.6138897794544348,0.6680034783773535
pleiades,0.9,279,674,0.9124044969361489,0.609803907149995,0.6683482043301128
pleiades,0.9,280,674,0.913469975488539,0.6166961200022671,0.675113727380528
pleiades,0.9,281,674,0.9109376161735798,0.6079032046063003,0.6673379096581998
pleiades,0.9,282,674,0.8985168520835285,0.6011668903236304,0.6690657931786285
pleiades,0.9,283,674,0.9112473061631924,0.6028289722172102,0.6615426659041903
pleiades,0.9,284,674,0.9248154233352578,0.6082334822993023,0.6576809457889087
pleiades,0.9,285,674,0.8963142451983801,0.5967648316856553,0.6657986692530744
pleiades,0.9,286,674,0.9019220774524842,0.599974807753838,0.6652180080218143
pleiades,0.9,287,674,0.9224638137182266,0.612158086515397,0.6636120327017893
pleiades,0.9,288,674,0.9033541732770305,0.6045796401909433,0.6692609145732453
pleiades,0.9,289,674,0.8862415513900045,0.59388177506431,0.6701127634253328
pleiades,0.9,290,674,0.9092152771800855,0.6042877639236021,0.6646256162762568
pleiades,0.9,291,674,0.906902026278014,0.6017023996050654,0.6634701237513957
pleiades,0.9,292,674,0.9164591400135964,0.6144213792928284,0.6704296487061201
pleiades,0.9,293,674,0.8914989745080287,0.5959131480138937,0.6684395215852568
pleiades,0.9,294,674,0.9280853310203445,0.6164228711333637,0.664187710472337
pleiades,0.9,295,674,0.8891568497541903,0.5905493252871976,0.6641677736053616
pleiades,0.9,296,674,0.9052751754950925,0.5987863172051081,0.6614412207621109
pleiades,0.9,297,674,0.8921255640606236,0.5943721655820302,0.6662427235877754
pleiades,0.9,298,674,0.8991180881234997,0.5983877000716884,0.6655273739632473
pleiades,0.9,299,674,0.9012718931462312,0.603831706464564,0.6699772965921088
pleiades,0.9,300,674,0.9155647149428171,0.6105414219523104,0.6668468235917574
pleiades,0.9,301,674,0.9107591046737811,0.6021837332844431,0.6611888151259662
pleiades,0.9,302,674,0.9014904493856349,0.600950626511257,0.6666189607674761
pleiades,0.9,303,674,0.90652021800803,0.600619078644502,0.6625545318385626
pleiades,0.9,304,674,0.8951970256448534,0.6013416196865512,0.6717422002752701
pleiades,0.9,305,674,0.9204688477728136,0.6103458755778048,0.6630815122691126
pleiades,0.9,306,674,0.8960187282261404,0.6015174256030658,0.671322380497445
pleiades,0.9,307,674,0.9101756360378311,0.6029366226087316,0.6624398618638379
pleiades,0.9,308,674,0.9132236447371849,0.6119675523052133,0.670117945184534
pleiades,0.9,309,674,0.9041728475923629,0.6032362489034212,0.6671691707063782
pleiades,0.9,310,674,0.9086639969969461,0.6079324070654241,0.6690398310867237
pleiades,0.9,311,674,0.8885290926041125,0.5888839561602702,0.662762717689256
pleiades,0.9,312,674,0.8911917495048126,0.59590170822304,0.668657119586386
pleiades,0.9,313,674,0.9135218376539097,0.6136443007935202,0.6717346816464403
pleiades,0.9,314,674,0.8983457903810956,0.5995596329626101,0.6674040657643259
pleiades,0.9,315,674,0.9013057681277405,0.6008632570618907,0.666658617208285
pleiades,0.9,316,674,0.9078224542725531,0.6087186578062365,0.6705261088678497
pleiades,0.9,317,674,0.9211219088963022,0.6111432229063158,0.663477024054931
pleiades,0.9,318,674,0.9173323119479564,0.6139645515590538,0.6692934976369679
pleiades,0.9,319,674,0.9054818464488656,0.5968707002621558,0.6591746732449398
pleiades,0.9,320,674,0.9136281703440623,0.6112931418669607,0.6690830708916894
pleiades,0.9,321,674,0.9085898401348236,0.6089707309666539,0.6702372226353424
pleiades,0.9,322,674,0.9139765954812628,0.6048690757895274,0.6617993051244688
pleiades,0.9,323,674,0.9022377682590378,0.5993601813045517,0.6643040253802276
pleiades,0.9,324,674,0.8936497410915681,0.5959891785830922,0.6669158521269285
pleiades,0.9,325,674,0.9072552868244325,0.608800139664939,0.6710350972942315
pleiades,0.9,326,674,0.9010312045908907,0.5957597950339284,0.6611977387669171
pleiades,0.9,327,674,0.896787927154961,0.599534218069252,0.6685351128346034
pleiades,0.9,328,674,0.9076285248127745,0.5962067325277466,0.6568840844339175
pleiades,0.9,329,674,0.8841525061255912,0.5928348557420555,0.6705119893171972
pleiades,0.9,330,674,0.9048064582616177,0.6006496414659062,0.6638432296558974
pleiades,0.9,331,674,0.90648588636534,0.6042172587381524,0.6665489974265693
pleiades,0.9,332,674,0.8940478423990674,0.5985950861953027,0.6695336175623962
pleiades,0.9,333,674,0.8980953458018424,0.5977831638327828,0.665612138652235
pleiades,0.9,334,674,0.9078950994520603,0.6078134259005704,0.6694753901275627
pleiades,0.9,335,674,0.9077600273562813,0.6023889507573951,0.6635993352910295
pleiades,0.9,336,674,0.908818621792733,0.6049371253366744,0.6656302047853918
pleiades,0.9,337,674,0.9301316339641394,0.617211520625914,0.6635743781720579
pleiades,0.9,338,674,0.9297488482890701,0.6181156768375446,0.6648200511084312
pleiades,0.9,339,674,0.8925460472934609,0.5939676470378146,0.6654756343820584
pleiades,0.9,340,674,0.9078774819773335,0.6046198764447959,0.6659707817931
pleiades,0.9,341,674,0.8991121592607475,0.597909330063879,0.6649997154476053
pleiades,0.9,342,674,0.9141210823148952,0.6083611236526922,0.6655148157310793
pleiades,0.9,343,674,0.8992148080835208,0.5917514119606119,0.6580756974207311
pleiades,0.9,344,674,0.9132486746123558,0.609221026800486,0.6670921554406639
pleiades,0.9,345,674,0.9052414882388965,0.609415571817444,0.6732077348808134
pleiades,0.9,346,674,0.9011718979698384,0.6052388419097947,0.671613088771718
pleiades,0.9,347,674,0.9088166935219301,0.6121303120332997,0.6735465098700113
pleiades,0.9,348,674,0.9201282443074114,0.6166106906134917,0.6701355973238492
pleiades,0.9,349,674,0.910798113753844,0.6053674436199572,0.6646560137514363
pleiades,0.9,350,674,0.912116920261949,0.5984359766573222,0.6560956861599043
pleiades,0.9,351,674,0.9021951022835993,0.6037556013505264,0.6692073586104879
pleiades,0.9,352,674,0.9026865446377169,0.6094506316093438,0.6751520062304018
pleiades,0.9,353,674,0.9136236193520039,0.6013942089160256,0.6582515996495034
pleiades,0.9,354,674,0.8994817048854269,0.5980613573502711,0.6648955216120268
pleiades,0.9,355,674,0.8956405763926651,0.5984052445950904,0.6681310118901297
pleiades,0.9,356,674,0.903053783646625,0.602608170161995,0.6673004211649505
pleiades,0.9,357,674,0.9033597363797212,0.5998608781897158,0.664033224010737
pleiades,0.9,358,674,0.8889744634041649,0.5961127137075941,0.6705622470018876
pleiades,0.9,359,674,0.9105237948873618,0.6055468186336295,0.6650532605889118
pleiades,0.9,360,674,0.9069039322779611,0.5979803792870193,0.6593646338978951
pleiades,0.9,361,674,0.9175698405459953,0.6159916324926835,0.6713294239555005
pleiades,0.9,362,674,0.8960143570721752,0.5997187250568372,0.6693182093828091
pleiades,0.9,363,674,0.9077970870297495,0.6075487066846469,0.6692560654413477
pleiades,0.9,364,674,0.9041134383465325,0.6066063119632455,0.6709404884774458
pleiades,0.9,365,674,0.9036414671642164,0.6038698323071032,0.6682626398300993
pleiades,0.9,366,674,0.9040607758765604,0.6019885051504872,0.6658717214744887
pleiades,0.9,367,674,0.8935186424175307,0.598999400019282,0.6703826552500476
pleiades,0.9,368,674,0.9135434874185028,0.6089860525158532,0.6666196638725214
pleiades,0.9,369,674,0.9108477981886843,0.5941347326880377,0.6522876092685699
pleiades,0.9,370,674,0.9008395852567319,0.5988006151176951,0.6647139234529107
pleiades,0.9,371,674,0.8947443884245374,0.6068133098695132,0.6781973910314071
pleiades,0.9,372,674,0.885757477915982,0.5934276669918462,0.6699663076941422
pleiades,0.9,373,674,0.9003448183420081,0.5945688641941671,0.6603790593131532
pleiades,0.9,374,674,0.899082926238739,0.6021610750569301,0.6697503172216114
pleiades,0.9,375,674,0.9035932276905975,0.6075254727743606,0.672343986383202
pleiades,0.9,376,674,0.9103664192265456,0.6066438220611425,0.6663732418607354
pleiades,0.9,377,674,0.9203231165803817,0.6085369705953525,0.6612209990513722
pleiades,0.9,378,674,0.9206269832949857,0.6119139191787205,0.664670849629716
pleiades,0.9,379,674,0.9103736863577712,0.6024419196460506,0.6617523426630487
pleiades,0.9,380,674,0.9063492392370718,0.5967600128145258,0.6584217065342873
pleiades,0.9,381,674,0.9166873897435119,0.617267837081129,0.673367872174875
pleiades,0.9,382,674,0.9130472402355112,0.6132941391892354,0.671700337247657
pleiades,0.9,383,674,0.9104244406589278,0.6066534417077322,0.666341339945423
pleiades,0.9,384,674,0.9017742306057731,0.6047102331465442,0.6705783028866614
pleiades,0.9,385,674,0.9131684291025599,0.6140875546659709,0.6724800541664383
pleiades,0.9,386,674,0.9107457660418848,0.6136473170084853,0.6737855281780842
pleiades,0.9,387,674,0.9068715407115702,0.60242741652014,0.6642918974471839
pleiades,0.9,388,674,0.8991524900585011,0.6016813235878082,0.6691649416982223
pleiades,0.9,389,674,0.8951594119422881,0.6025746019329098,0.6731478146729897
pleiades,0.9,390,674,0.8942273533378645,0.584164579592376,0.6532618102229557
pleiades,0.9,391,674,0.8954755371657049,0.6023543417235854,0.6726642065847094
pleiades,0.9,392,674,0.916877438366006,0.6049090151863739,0.6597490459187215
pleiades,0.9,393,674,0.9238115628361648,0.6113341005674453,0.6617519472159535
pleiades,0.9,394,674,0.905241920405511,0.6051600824105425,0.6685064718826276
pleiades,0.9,395,674,0.9165094587466704,0.614161718070648,0.6701095250129945
pleiades,0.9,396,674,0.9251311599792422,0.6140200642208686,0.6637113641644562
pleiades,0.9,397,674,0.9058649150791935,0.5949335049966444,0.6567574205527471
pleiades,0.9,398,674,0.913548685423627,0.6080091591647546,0.6655465317459366
pleiades,0.9,399,674,0.9133178719817405,0.6105539761386614,0.668501071608142
pleiades,0.9,400,674,0.8969009048722811,0.5968209256221011,0.665425714680362
pleiades,0.9,401,674,0.9127938766978874,0.6108973246634122,0.6692609802263215
pleiades,0.9,402,674,0.9052546697780091,0.6019606863371554,0.664962807079218
pleiades,0.9,403,674,0.9151683767268999,0.6072093039854196,0.6634946305259192
pleiades,0.9,404,674,0.9041936213630701,0.6087730802412621,0.6732773444293246
pleiades,0.9,405,674,0.8947227299301646,0.5980582013762534,0.6684285325163623
pleiades,0.9,406,674,0.9106689193121332,0.6010155333409988,0.6599715007238539
pleiades,0.9,407,674,0.9169185953644534,0.6156561364490025,0.6714403432992804
pleiades,0.9,408,674,0.8995665737311397,0.6028426188640641,0.670147865058668
pleiades,0.9,409,674,0.9051833091787737,0.6071451508745995,0.6707427597460134
pleiades,0.9,410,674,0.9167174358468722,0.6118330355958692,0.6674172560388274
pleiades,0.9,411,674,0.8962128203345177,0.5965109086604732,0.6655906890930453
pleiades,0.9,412,674,0.9110971169685009,0.6058259141012483,0.6649410944433856
pleiades,0.9,413,674,0.9012286953922181,0.5980263392649394,0.6635677961903733
pleiades,0.9,414,674,0.9101656522218384,0.6025877565489175,0.6620638287963501
pleiades,0.9,415,674,0.9297647690064792,0.616151779188628,0.6626964149728223
pleiades,0.9,416,674,0.9023498616736657,0.6018445136696358,0.6669746838031793
pleiades,0.9,417,674,0.9089675103667347,0.6042262349006455,0.6647390891417699
pleiades,0.9,418,674,0.8998929621944183,0.6050755161805188,0.672386096569777
pleiades,0.9,419,674,0.9063933887377192,0.6015670279452883,0.6636930889170046
pleiades,0.9,420,674,0.917688888128722,0.6104989532252756,0.665256996268263
pleiades,0.9,421,674,0.9121757407872517,0.6077743512416824,0.6662908517136663
pleiades,0.9,422,674,0.9206260273935918,0.6138473094176784,0.6667716218664352
pleiades,0.9,423,674,0.9123782854603812,0.6094248646975908,0.6679519607265514
pleiades,0.9,424,674,0.925321503017595,0.6129413192290865,0.6624090299752079
pleiades,0.9,425,674,0.9064710097298176,0.6062473926479806,0.6687995381437277
pleiades,0.9,426,674,0.9063275950196382,0.6042371191066787,0.6666873241276363
pleiades,0.9,427,674,0.9095950250601827,0.6107724301864652,0.6714773205208041
pleiades,0.9,428,674,0.9209083684845185,0.6129472530245486,0.6655898393379112
pleiades,0.9,429,674,0.9135448802250903,0.6107449249434254,0.668543974317871
pleiades,0.9,430,674,0.9053706012088552,0.6022723441156734,0.6652218917993543
pleiades,0.9,431,674,0.9147964055069424,0.6039951374903928,0.6602508862676211
pleiades,0.9,432,674,0.9071355661757022,0.6029580865511515,0.6646835478991296
pleiades,0.9,433,674,0.9106961003915944,0.6120263620018807,0.6720423659865378
pleiades,0.9,434,674,0.9077289004902053,0.5943615454200213,0.6547786955984825
pleiades,0.9,435,674,0.9058589381118646,0.6014427340817322,0.6639474522770122
pleiades,0.9,436,674,0.9201545219579182,0.6088894485983931,0.6617252146984935
pleiades,0.9,437,674,0.9131674636319139,0.6166067434073359,0.6752395020240035
pleiades,0.9,438,674,0.9011750613926359,0.6046016385157111,0.6709036505974617
pleiades,0.9,439,674,0.8918677606866524,0.5914061994075779,0.6631097405654085
pleiades,0.9,440,674,0.9058251589810423,0.6062191252029796,0.6692451840098061
pleiades,0.9,441,674,0.9072858916265836,0.6035788344728298,0.6652575996643492
pleiades,0.9,442,674,0.9062862749915295,0.6107188786074111,0.6738697202637425
pleiades,0.9,443,674,0.9148855803093415,0.6079961238763993,0.664559740542444
pleiades,0.9,444,674,0.9126332623569797,0.6156772643454365,0.6746162886452106
pleiades,0.9,445,674,0.88749305988218,0.5899261961209252,0.664710771033231
pleiades,0.9,446,674,0.8997643333995932,0.6017764714536336,0.6688156544057847
pleiades,0.9,447,674,0.8981522662705653,0.5995584530141336,0.667546557003864
pleiades,0.9,448,674,0.9143450458793407,0.6100684006271524,0.667219014721559
pleiades,0.9,449,674,0.9038274872191376,0.599643172173205,0.6634487008335678
pleiades,0.9,450,674,0.9172815506369101,0.6095023770849912,0.6644659719382627
pleiades,0.9,451,674,0.9138725403450313,0.6095726386353293,0.6670215065277987
pleiades,0.9,452,674,0.9101033265668524,0.60791014109912,0.6679572784249849
pleiades,0.9,453,674,0.9116396416577852,0.6096467688995868,0.6687365720417392
pleiades,0.9,454,674,0.9080948858296021,0.6099620578154668,0.6716941889373464
pleiades,0.9,455,674,0.8992952820781991,0.5976425331852601,0.6645676287816792
pleiades,0.9,456,674,0.8985448397939542,0.5959375922253847,0.6632252124023543
pleiades,0.9,457,674,0.9162600805298324,0.6105559054008893,0.6663565491665118
pleiades,0.9,458,674,0.9079863085314022,0.5998494903028331,0.660637153519466
pleiades,0.9,459,674,0.8998327817757338,0.5987330670314178,0.6653825901406654
pleiades,0.9,460,674,0.9046748827874712,0.597177050756778,0.6601012829236119
pleiades,0.9,461,674,0.9123849340295064,0.6094984261293777,0.6680277187804446
pleiades,0.9,462,674,0.9075873179836143,0.6089070452769599,0.6709073972405961
pleiades,0.9,463,674,0.9002748889556217,0.6009395284686448,0.6675067091627696
pleiades,0.9,464,674,0.8932923962650885,0.5945120540796491,0.6655290659198951
pleiades,0.9,465,674,0.8995076402187301,0.6002956989274926,0.6673603114494067
pleiades,0.9,466,674,0.9148520244546827,0.6084784953528066,0.6651113831392605
pleiades,0.9,467,674,0.9071606194317342,0.6048021670679921,0.6666979960471099
pleiades,0.9,468,674,0.9149389095717692,0.6066584977251249,0.6630590210761363
pleiades,0.9,469,674,0.9071397709348931,0.6121679722254181,0.6748331313867115
pleiades,0.9,470,674,0.8869121625790931,0.584231358526057,0.6587251626216778
pleiades,0.9,471,674,0.8878869011871345,0.5922477610678344,0.6670306322528008
pleiades,0.9,472,674,0.8980465664147881,0.6012674659806898,0.6695281608626267
pleiades,0.9,473,674,0.8956341683820435,0.6013402957408769,0.6714128569114259
pleiades,0.9,474,674,0.9189976574266248,0.614190527150722,0.6683265427145668
pleiades,0.9,475,674,0.9073590325064259,0.6101242701468028,0.6724176960705815
pleiades,0.9,476,674,0.911594616422877,0.603379702553134,0.661894762960331
pleiades,0.9,477,674,0.8962933815863721,0.6009605016601204,0.6704953021034981
pleiades,0.9,478,674,0.9241514375557357,0.6136088786595779,0.6639700526598716
pleiades,0.9,479,674,0.9100056263236304,0.6062925717535256,0.6662514540738744
pleiades,0.9,480,674,0.9000936762752457,0.5992365389273764,0.6657490822590023
pleiades,0.9,481,674,0.9069339505909988,0.6017610505811838,0.6635114389411151
pleiades,0.9,482,674,0.9150170672378134,0.6143254349360178,0.6713813948744131
pleiades,0.9,483,674,0.9028939431090222,0.5978350639279556,0.662132101439702
pleiades,0.9,484,674,0.9198682274256186,0.6183988605554711,0.6722689643125819
pleiades,0.9,485,674,0.9029785311300826,0.608641657678737,0.6740377945830214
pleiades,0.9,486,674,0.8885808265220154,0.5968397959959069,0.6716775538945523
pleiades,0.9,487,674,0.9106332147113433,0.6032937424236335,0.6624991628653347
pleiades,0.9,488,674,0.8971053290793282,0.6023709509409066,0.6714606762609487
pleiades,0.9,489,674,0.904206065508011,0.5977470373979886,0.661073908039044
pleiades,0.9,490,674,0.9004320566864081,0.60437580655168,0.6712064525732061
pleiades,0.9,491,674,0.8996829781126305,0.6004604765084898,0.6674134012940263
pleiades,0.9,492,674,0.8994137349346253,0.6026733763968286,0.6700735745831528
pleiades,0.9,493,674,0.9156317048896044,0.6089065801244992,0.6650125556736959
pleiades,0.9,494,674,0.9025636164516705,0.6076266664977714,0.6732230896771452
pleiades,0.9,495,674,0.9035528827679734,0.6022823996923297,0.6665712778728325
pleiades,0.9,496,674,0.9068328163231358,0.5995356512063839,0.6611314019680874
pleiades,0.9,497,674,0.9079150644011851,0.609577470289504,0.6714036303512053
pleiades,0.9,498,674,0.8886946569627753,0.5868614795445478,0.6603634611129767
pleiades,0.9,499,674,0.9048892996726756,0.6008249089122302,0.6639761450705249
pleiades,0.9,500,674,0.91354235560209,0.6101604260392945,0.6679060059970127
hyades,0.6,1,492,0.9971907914259976,15.966503467470583,16.011483062973582
hyades,0.6,2,492,0.9314491874212686,16.1628881483467,17.35240995066398
hyades,0.6,3,492,0.8933824848508873,14.258245569642387,15.959844536265116
hyades,0.6,4,492,0.8786565004896357,14.382424913901112,16.36865476541337
hyades,0.6,5,492,0.9960307587121278,15.186128837707061,15.24664645632309
hyades,0.6,6,492,1.027519386565554,14.892556273376382,14.49369857940511
hyades,0.6,7,492,1.0318036452133235,16.964239794402864,16.44134508838214
hyades,0.6,8,492,0.8991808665097943,14.862431487831632,16.528856475250347
hyades,0.6,9,492,0.8894152296054882,13.705628550988335,15.409707518801591
hyades,0.6,10,492,0.891498434300435,15.349297584641793,17.217413956185457
hyades,0.6,11,492,0.9894606334600821,17.14256165989866,17.32515784882941
hyades,0.6,12,492,0.9319241508611453,15.232784352689047,16.345519470241413
hyades,0.6,13,492,0.9986850572789228,17.600902292180088,17.62407694387314
hyades,0.6,14,492,1.004904232001036,14.990739152596138,14.917579879970775
hyades,0.6,15,492,0.9535809799626481,15.737989542667314,16.504093384165206
hyades,0.6,16,492,0.9720963913212994,16.965863199061214,17.452861002807303
hyades,0.6,17,492,0.9704180392415586,16.856874358174316,17.37073475195185
hyades,0.6,18,492,0.9979691245911064,15.43285390689519,15.464259892026647
hyades,0.6,19,492,1.0873972434585215,17.065293125859,15.693706443086041
hyades,0.6,20,492,0.8924271244255857,14.502401129308296,16.250515848723026
hyades,0.6,21,492,1.0174710749636027,16.42370187312946,16.141689210886877
hyades,0.6,22,492,0.9321573969165574,15.606311983837369,16.7421425131215
hyades,0.6,23,492,0.8753620353999803,14.351410797247716,16.39482890149572
hyades,0.6,24,492,0.98927860585437,14.44594509694695,14.602504301072
hyades,0.6,25,492,1.0219973789103776,15.132557593309732,14.806845795870439
hyades,0.6,26,492,1.055255990649576,16.604715207793426,15.735248465703746
hyades,0.6,27,492,0.9330245468234452,14.848684732323544,15.91457028957818
hyades,0.6,28,492,0.9737235405390936,16.774598356262292,17.227270018526184
hyades,0.6,29,492,0.9528527601167768,16.257230582445736,17.061639807238773
hyades,0.6,30,492,0.9767330003528834,15.651643511329523,16.0244852028904
hyades,0.6,31,492,0.9103370224509482,15.03327513896976,16.513966551085534
hyades,0.6,32,492,0.9563152890030282,15.767930370862548,16.488213199331813
hyades,0.6,33,492,0.9475209347857632,14.258552753587836,15.048272001305945
hyades,0.6,34,492,0.9670259264183898,15.193196904446346,15.711261186882506
hyades,0.6,35,492,0.9427340653095319,14.292861778919349,15.161074904221811
hyades,0.6,36,492,0.9038956931122001,13.890474591176662,15.367342379241148
hyades,0.6,37,492,0.9257221545673375,14.763275357567919,15.947847077796203
hyades,0.6,38,492,0.9215957119943565,15.163245298322796,16.453250705245956
hyades,0.6,39,492,0.9696516898880998,15.0628439899746,15.53428323495511
hyades,0.6,40,492,0.943588775438566,14.475327052003724,15.340715604926316
hyades,0.6,41,492,0.9643455076405867,15.888819665879684,16.4762728088546
hyades,0.6,42,492,0.8990997172914068,16.029137933118527,17.82798684600557
hyades,0.6,43,492,0.9724785626757076,15.310871091278901,15.744173371958038
hyades,0.6,44,492,0.928278564299296,15.051802954754862,16.214747957814367
hyades,0.6,45,492,0.928808499425751,14.78178597706014,15.914783280083233
hyades,0.6,46,492,0.9791069783260993,15.156278231257806,15.47969585220328
hyades,0.6,47,492,0.9852017276007853,15.8142480329733,16.051786745730727
hyades,0.6,48,492,0.9701329409929332,15.5876074356869,16.067496295644748
hyades,0.6,49,492,0.9577449271953321,16.31237057951058,17.03206158165709
hyades,0.6,50,492,0.9991502762335388,16.36080257856794,16.37471656440178
hyades,0.6,51,492,0.9159308014219726,16.251292897101774,17.742926509155296
hyades,0.6,52,492,0.998647328763765,16.68087316789798,16.703467467887176
hyades,0.6,53,492,0.9323833854315264,16.70834751259663,17.920039946726057
hyades,0.6,54,492,0.9706582059970666,16.518990289549045,17.018338883336
hyades,0.6,55,492,0.9841661579330379,14.089995556688024,14.316683664758466
hyades,0.6,56,492,0.9885128195000669,14.52518406861838,14.69397642810984
hyades,0.6,57,492,0.963903796678591,15.819971325470009,16.41239652751892
hyades,0.6,58,492,0.9561290577177991,13.929557956702217,14.56870057892699
hyades,0.6,59,492,1.04253308050871,16.924582581756127,16.23409645044326
hyades,0.6,60,492,0.9855155279030038,15.343182081071024,15.568686283125848
hyades,0.6,61,492,0.9997425605418161,16.318325538340684,16.322527601002477
hyades,0.6,62,492,0.9737441444808309,15.032000003343883,15.437320048130777
hyades,0.6,63,492,0.962218163704433,15.714606082454122,16.331645644637007
hyades,0.6,64,492,0.9542680639182001,15.368909101671115,16.105442152770753
hyades,0.6,65,492,0.9142249904184467,15.24450007960883,16.674779446393522
hyades,0.6,66,492,1.052953378787978,17.000725153492674,16.145752980119294
hyades,0.6,67,492,0.9962646078836832,15.991135103946618,16.05109222731079
hyades,0.6,68,492,0.9088292042719149,15.267691805895883,16.79929708918982
hyades,0.6,69,492,0.9745086880239102,15.346381459344776,15.7478138963172
hyades,0.6,70,492,0.9789112326146824,15.665712549741386,16.003200318682726
hyades,0.6,71,492,0.9307720247353428,15.156390546552885,16.283676500550687
hyades,0.6,72,492,0.9049458484769496,14.106312551727594,15.588018416205712
hyades,0.6,73,492,0.8784259762207522,14.213107799020536,16.180199793464123
hyades,0.6,74,492,0.9328902155625491,15.241709976293269,16.338160398758443
hyades,0.6,75,492,0.9253117024070777,15.722529231638056,16.991603143824882
hyades,0.6,76,492,0.9527548361082685,15.729930646183192,16.509945738439352
hyades,0.6,77,492,0.9861245088106058,15.004482537636001,15.215606552293641
hyades,0.6,78,492,0.9968820925991205,15.372401483345289,15.420481115540555
hyades,0.6,79,492,0.9634286259530056,14.928211716701647,15.494880798185687
hyades,0.6,80,492,0.9738280535620593,15.259881240595252,15.669995524135702
hyades,0.6,81,492,0.9813428070271439,14.348960561708008,14.621761589282343
hyades,0.6,82,492,1.0276717153547235,15.267396816988946,14.856297579153543
hyades,0.6,83,492,1.0124199741395998,15.476696061707976,15.286833979012288
hyades,0.6,84,492,0.9593535628709015,14.417722428948416,15.028580689066127
hyades,0.6,85,492,0.9609321295557229,14.825859339334558,15.428622775043584
hyades,0.6,86,492,1.0319769152925573,17.012926180783957,16.485762354442713
hyades,0.6,87,492,0.8936508739826147,15.381842430862324,17.212362096522234
hyades,0.6,88,492,0.9760211562039288,15.335556174538329,15.71231942777082
hyades,0.6,89,492,1.0128684808951327,16.332719108401193,16.125212124250314
hyades,0.6,90,492,0.9363800979136675,15.921821206307598,17.00358779707379
hyades,0.6,91,492,0.9080878155630069,14.972172525366862,16.48758222362475
hyades,0.6,92,492,0.9563672706631576,15.948167690167157,16.675777370662725
hyades,0.6,93,492,0.9129416042134386,15.824452002958951,17.33347667575386
hyades,0.6,94,492,0.9438359330093478,15.83058419555585,16.77260172229432
hyades,0.6,95,492,0.9564171696622723,15.883882120690286,16.60769235907712
hyades,0.6,96,492,0.9769666839231649,15.023712254957884,15.37791667022644
hyades,0.6,97,492,0.9213214388871811,15.080147980218712,16.367955138907092
hyades,0.6,98,492,0.9440628581279118,15.91582990026249,16.858866719768827
hyades,0.6,99,492,0.9723929129568881,14.255276406559364,14.65999619763928
hyades,0.6,100,492,0.929907210130012,14.546335804009717,15.642782038410012
hyades,0.6,101,492,0.9674050051303684,15.789894609066064,16.321907086823686
hyades,0.6,102,492,0.9818592055852746,16.07199947626271,16.36894514492267
hyades,0.6,103,492,0.9441136145396954,15.09062615429336,15.983909057016222
hyades,0.6,104,492,0.8947390661170103,14.863710356233728,16.61234087021513
hyades,0.6,105,492,1.0132109599037467,16.518086303180603,16.302711830860765
hyades,0.6,106,492,0.9996419427801125,17.034802714954026,17.040904333784148
hyades,0.6,107,492,0.9121788704652024,16.95128358661468,18.583289018709333
hyades,0.6,108,492,0.9940337011109045,16.44908649933583,16.54781571384631
hyades,0.6,109,492,0.8754418672433774,13.967921428727333,15.955281499969866
hyades,0.6,110,492,0.8902826492660463,14.59164756751882,16.389904464102777
hyades,0.6,111,492,0.8883043207820924,13.488205302639118,15.184216700379952
hyades,0.6,112,492,1.0061352456099364,15.98707934886537,15.889592794429667
hyades,0.6,113,492,0.9902381488720213,15.498724702361288,15.651512436696022
hyades,0.6,114,492,1.024618490359713,15.68863742027149,15.311686806241097
hyades,0.6,115,492,1.0641021285089238,17.412042039683648,16.363130542819533
hyades,0.6,116,492,1.0132905083594808,16.73951230776187,16.5199537246857
hyades,0.6,117,492,0.9591898113612181,15.18183514443172,15.827769399350348
hyades,0.6,118,492,0.9364427299561168,15.842737365212429,16.917999209577765
hyades,0.6,119,492,0.9385911719267331,14.098498736145078,15.020915557093705
hyades,0.6,120,492,0.9613849438669699,14.651675552427402,15.24017579627792
hyades,0.6,121,492,0.9128694053842323,16.452263510890397,18.022581777692
hyades,0.6,122,492,0.9083504626577049,15.068536707451987,16.58890189075655
hyades,0.6,123,492,1.0050797125454443,16.330170777020687,16.247637449235974
hyades,0.6,124,492,1.0022888516169504,17.151420268211034,17.112252860581428
hyades,0.6,125,492,0.9217716252235191,14.76961318988361,16.02307207742715
hyades,0.6,126,492,0.9654286513078514,15.351334473184082,15.901055404133556
hyades,0.6,127,492,0.9817599848340267,16.271318129524502,16.57362123215409
hyades,0.6,128,492,0.9333468517938471,14.870343541796402,15.932280173459981
hyades,0.6,129,492,1.0013438274584952,16.74571026426108,16.723237119025608
hyades,0.6,130,492,0.8931072255515999,15.40405422446079,17.24770977521423
hyades,0.6,131,492,0.9630467010300254,15.57976329610151,16.17757817916638
hyades,0.6,132,492,0.9639586568421613,17.963936560708607,18.635588189598078
hyades,0.6,133,492,0.977515643847729,16.62850460314567,17.010985663300495
hyades,0.6,134,492,0.8569716489870586,13.776160895377362,16.07539865719105
hyades,0.6,135,492,0.9150443931837562,14.295274830048989,15.62249322167942
hyades,0.6,136,492,0.9204807654093241,15.585330780537628,16.931728903218378
hyades,0.6,137,492,1.0920272292447482,15.849644052821596,14.51396414701426
hyades,0.6,138,492,0.9950815009775047,17.517847811698793,17.604435209066168
hyades,0.6,139,492,0.9082559919800393,15.313423671957562,16.86025064208341
hyades,0.6,140,492,0.9770420558388323,17.11766633661776,17.519886922289658
hyades,0.6,141,492,0.9688015192121954,15.435739251109164,15.932818998530383
hyades,0.6,142,492,0.9149025684060103,15.404577595068751,16.83739681910325
hyades,0.6,143,492,0.9597163259927631,15.00862791849749,15.63860852629766
hyades,0.6,144,492,0.9178030898397923,14.475908030596775,15.77234615011334
hyades,0.6,145,492,0.9740875218314522,14.100390414137493,14.475486132525681
hyades,0.6,146,492,1.0062939179329826,15.563611246320036,15.466267825894327
hyades,0.6,147,492,0.9425016998437777,15.493797865515445,16.43901317958746
hyades,0.6,148,492,0.9373865535691005,15.750327334155294,16.802382404767705
hyades,0.6,149,492,0.924008750721866,15.322464522241798,16.582596766828654
hyades,0.6,150,492,0.9710584017061739,14.364836306164175,14.792968456814544
hyades,0.6,151,492,0.935536305358617,14.238993158961746,15.220139589883201
hyades,0.6,152,492,1.0628803143064849,15.354798200735223,14.44640378983218
hyades,0.6,153,492,0.969837464977569,15.02389839811094,15.491150775927617
hyades,0.6,154,492,0.9937261354856811,15.696365526645378,15.79546412852855
hyades,0.6,155,492,0.8961333717165297,14.299358135349905,15.956729864841105
hyades,0.6,156,492,0.9347668971926485,15.468867550461932,16.54836900720278
hyades,0.6,157,492,0.8743013175575822,14.588273772736361,16.685636267242117
hyades,0.6,158,492,0.9625230431287308,15.83582215651806,16.45240835486172
hyades,0.6,159,492,1.0627560904148625,16.925463069306232,15.926009008049183
hyades,0.6,160,492,0.9306478091975835,14.013947555875745,15.058271687072203
hyades,0.6,161,492,0.8826177671874293,14.262339894694252,16.159135273407152
hyades,0.6,162,492,0.9876550703852143,16.16297755778146,16.36500236006223
hyades,0.6,163,492,0.9886096357043735,14.792688451980263,14.963123884019838
hyades,0.6,164,492,0.9333091009091313,15.708797146439538,16.831291081526672
hyades,0.6,165,492,0.9278562267277035,15.058860088754038,16.229734365056256
hyades,0.6,166,492,1.0126114720364845,15.365396547186744,15.17402969599492
hyades,0.6,167,492,1.0268143938960979,16.06023323746256,15.640833760154392
hyades,0.6,168,492,0.9202169156581069,14.818855693841417,16.103654955357445
hyades,0.6,169,492,0.9147004265245744,15.313003864756755,16.741004399592192
hyades,0.6,170,492,0.9847656655773641,17.108094621372175,17.372757011529
hyades,0.6,171,492,0.9850743642374915,16.71361879608566,16.96685996800154
hyades,0.6,172,492,0.9014242664971087,15.005983316658007,16.64697066007612
hyades,0.6,173,492,1.0678992233716122,16.30245109641934,15.265907811926876
hyades,0.6,174,492,1.0348079196657953,16.12693920600877,15.584476016783071
hyades,0.6,175,492,1.0154000948241784,15.79443041800387,15.554883733528463
hyades,0.6,176,492,0.9309128518092821,14.927265255206578,16.035083441156267
hyades,0.6,177,492,0.9696218922604102,14.361679583047707,14.811628839740148
hyades,0.6,178,492,1.0131618179598438,15.796444782675234,15.591235775627421
hyades,0.6,179,492,0.9575588141723945,13.54810564874462,14.148588523467428
hyades,0.6,180,492,0.9391481987770446,15.353278511655397,16.34808918512369
hyades,0.6,181,492,0.9710412629267223,17.0384941247452,17.546622141875936
hyades,0.6,182,492,0.9933721826145673,16.47091403110514,16.580808602626156
hyades,0.6,183,492,0.923793632129003,14.629678419155656,15.836522260323068
hyades,0.6,184,492,1.085293280030232,16.96408805662115,15.63087910776394
hyades,0.6,185,492,0.977439937995098,14.65734364102413,14.995646352541039
hyades,0.6,186,492,0.9360108517823414,15.045114521205713,16.07365394595263
hyades,0.6,187,492,0.9568452122805399,16.42825993721992,17.169192808171022
hyades,0.6,188,492,0.9068346439168525,14.763161960915387,16.279883063520252
hyades,0.6,189,492,0.9236193215058348,15.319396006371205,16.586266278400313
hyades,0.6,190,492,0.8925295979308238,14.107942794233082,15.806694620480844
hyades,0.6,191,492,1.0103212538905424,16.744303564899333,16.573246876100463
hyades,0.6,192,492,1.0269915867477284,17.57670413851143,17.11474988239509
hyades,0.6,193,492,0.9508603599905793,15.914252251703946,16.736687027169392
hyades,0.6,194,492,0.9841557874234964,16.750420182023674,17.020090107762307
hyades,0.6,195,492,1.0012210652928772,17.40388795940097,17.38266259341036
hyades,0.6,196,492,0.8970984501503777,14.884375447923366,16.591685612017663
hyades,0.6,197,492,0.9886163782717606,15.964653814244492,16.148482025103544
hyades,0.6,198,492,0.8911641983996059,14.232287199782753,15.970443185825637
hyades,0.6,199,492,1.0438578605354258,17.333953234480642,16.605664324441204
hyades,0.6,200,492,0.9574167357945262,13.683280653283095,14.291875357628697
hyades,0.6,201,492,0.9051883741479292,15.354206207684447,16.962443007664177
hyades,0.6,202,492,0.872453321135567,14.145436233003156,16.21340178359543
hyades,0.6,203,492,0.8964996142013781,15.31998183321788,17.08866528276787
hyades,0.6,204,492,0.854186253958014,13.34287698169999,15.620570946761964
hyades,0.6,205,492,0.9299855326612373,14.737880621621926,15.84742999113992
hyades,0.6,206,492,0.9183875786330301,14.884504251165104,16.207214249696058
hyades,0.6,207,492,0.9129210700574835,15.410375025156043,16.880292864952395
hyades,0.6,208,492,0.975869225808889,15.05625979688993,15.428562965913732
hyades,0.6,209,492,0.91770580836205,14.476850779499433,15.775045387735062
hyades,0.6,210,492,0.9659824975885563,14.264362397657479,14.766688250839447
hyades,0.6,211,492,0.9552523552173307,16.01753240410851,16.767854396406427
hyades,0.6,212,492,0.9899825340815447,14.529023271251528,14.67604000178732
hyades,0.6,213,492,0.969164500384463,15.475759314990718,15.968145045398957
hyades,0.6,214,492,0.9331618650532228,14.927569893590185,15.99676374766857
hyades,0.6,215,492,0.9314639580112273,15.478497960779734,16.617387959731627
hyades,0.6,216,492,0.9272058647577991,15.051273415652023,16.232935950619396
hyades,0.6,217,492,1.0416945796223596,16.633141062804427,15.967387551190253
hyades,0.6,218,492,0.8961528943235443,14.383087190719063,16.049813912140575
hyades,0.6,219,492,0.8996536660682526,14.429160750353631,16.038572724783357
hyades,0.6,220,492,1.0050204603428554,14.739827556217591,14.666196498317266
hyades,0.6,221,492,0.9295485343861261,14.683179218286357,15.79603288598925
hyades,0.6,222,492,0.9816446994316655,16.347701645021395,16.653379429936397
hyades,0.6,223,492,0.9245531995845907,14.723588868888015,15.925085625687569
hyades,0.6,224,492,0.9710289622172102,15.102779878957644,15.553377362166971
hyades,0.6,225,492,0.9047717124300837,13.768682346956592,15.21785236850071
hyades,0.6,226,492,0.9977020091798345,16.181981263367412,16.21925295777432
hyades,0.6,227,492,1.003757951283189,14.53680261992897,14.482378546885075
hyades,0.6,228,492,0.912621652022376,13.901702727100522,15.232711930836016
hyades,0.6,229,492,0.9997345711720232,16.596556728059365,16.60096310223888
hyades,0.6,230,492,0.9446075258760525,15.40119076437597,16.304327821327195
hyades,0.6,231,492,0.8858431562749634,14.656230903368776,16.544950197503724
hyades,0.6,232,492,1.02113370111198,16.08152654204909,15.748698260117017
hyades,0.6,233,492,0.9880701168209176,17.094351568786514,17.300747464954224
hyades,0.6,234,492,0.9353313098281125,15.177120977694756,16.226465230255023
hyades,0.6,235,492,0.9492616999329375,14.263728401840293,15.026128624854435
hyades,0.6,236,492,0.929439180117643,15.545778779490973,16.72597746258478
hyades,0.6,237,492,0.9708259671894772,15.830123477211082,16.305830305547953
hyades,0.6,238,492,1.0021689557683575,16.14487989827272,16.109938154983585
hyades,0.6,239,492,0.8883780717728369,14.769408673173679,16.62513871340838
hyades,0.6,240,492,0.9287970287769383,15.14860231899721,16.30991685981731
hyades,0.6,241,492,0.9956672020158117,16.18713155895984,16.25757233560334
hyades,0.6,242,492,0.9294519196051405,15.397388252706975,16.56609441319811
hyades,0.6,243,492,0.9199845808169167,14.150535751021682,15.381274910560416
hyades,0.6,244,492,0.917343354309664,14.281047596205394,15.567832403334332
hyades,0.6,245,492,1.0019559489942864,15.594775898487605,15.564332857288653
hyades,0.6,246,492,0.9435485810484981,15.025938957892873,15.924923485334078
hyades,0.6,247,492,0.9612262350582931,15.343751269124361,15.962684651645871
hyades,0.6,248,492,0.9183328678621326,14.166232327045122,15.42603213149055
hyades,0.6,249,492,0.916516731776315,14.183133358835132,15.475040298878762
hyades,0.6,250,492,1.034757167541363,15.876224165034301,15.34294679277945
hyades,0.6,251,492,0.9834126972975578,16.30500093655286,16.58001872597273
hyades,0.6,252,492,0.8857403180856758,14.597262660111518,16.480296043946772
hyades,0.6,253,492,0.9063165378069673,14.616094695093665,16.126920436054856
hyades,0.6,254,492,0.9523708014558311,15.283499594383724,16.047845619606115
hyades,0.6,255,492,1.051673415074738,15.98721226275267,15.201689073424497
hyades,0.6,256,492,0.9274983667195549,15.776188088020536,17.00939716348928
hyades,0.6,257,492,0.8913340536045622,14.561327106394671,16.336554232959624
hyades,0.6,258,492,0.9921930406977953,16.41024603308895,16.539368207569623
hyades,0.6,259,492,0.8808345437072597,14.196958534794263,16.117622357363565
hyades,0.6,260,492,1.0400911241389914,16.346713939368765,15.716617092469573
hyades,0.6,261,492,0.9713584038062391,15.760304212115056,16.225014526418644
hyades,0.6,262,492,1.0078588872585337,15.692729676244284,15.570363941454058
hyades,0.6,263,492,0.947644368946488,15.295393271944626,16.14043598333072
hyades,0.6,264,492,0.8366228986486298,13.156144781222764,15.725298461796186
hyades,0.6,265,492,0.8994084199510598,14.284316927366561,15.881902604540688
hyades,0.6,266,492,0.8907710473768772,14.790542164642966,16.60420172860111
hyades,0.6,267,492,0.9421586566422638,14.946205005477566,15.86378780272951
hyades,0.6,268,492,1.0143983194527881,15.313999592990658,15.096633442030656
hyades,0.6,269,492,0.9963504987686337,16.133811509713325,16.19290754574091
hyades,0.6,270,492,0.9220083086597978,15.425027100749315,16.729813555770065
hyades,0.6,271,492,0.9656594569683523,16.833160729935656,17.431777432991403
hyades,0.6,272,492,0.9815161593291902,16.53793678584647,16.849378004279824
hyades,0.6,273,492,0.8950014987573687,14.992626541043641,16.751509982787283
hyades,0.6,274,492,0.9769338880061952,16.190721981248508,16.572996576351578
hyades,0.6,275,492,0.8924074185514926,13.534960204985012,15.166794811000369
hyades,0.6,276,492,0.9012648329638275,13.888094815596908,15.409560328594681
hyades,0.6,277,492,0.8939704432559605,14.78653293563211,16.54029285551944
hyades,0.6,278,492,0.9535258951620981,15.007700035017201,15.739163572968213
hyades,0.6,279,492,0.967278772572521,15.734401795689639,16.26666710967232
hyades,0.6,280,492,1.009292733303752,16.434549469697156,16.283233721401512
hyades,0.6,281,492,0.9001019725438901,15.254876981839665,16.947943063301995
hyades,0.6,282,492,0.95234054835155,15.559962558598682,16.338653841351327
hyades,0.6,283,492,0.9808570345552063,14.932890355539577,15.224329162619771
hyades,0.6,284,492,0.9488431119962207,14.392534399378338,15.168508067786515
hyades,0.6,285,492,0.9589506281490179,14.810831242933434,15.444831890377445
hyades,0.6,286,492,0.9768645401147064,17.758304545271436,18.178881324923722
hyades,0.6,287,492,0.9541053236479661,16.09978329410999,16.874220167385094
hyades,0.6,288,492,0.9445454975893179,15.136311829146429,16.02496848248976
hyades,0.6,289,492,0.9235023569843999,16.460135999345997,17.82359933882015
hyades,0.6,290,492,0.8569767310180731,13.343317252408294,15.570221185068432
hyades,0.6,291,492,0.9500243173690284,14.48404810914331,15.24597617590994
hyades,0.6,292,492,0.9401573140564223,14.082670926534053,14.97905798953227
hyades,0.6,293,492,0.9230518136479252,14.753701334036133,15.98361122950305
hyades,0.6,294,492,1.0301750228959639,16.834837514608537,16.341725571333978
hyades,0.6,295,492,0.9656596949630069,14.792832866213523,15.318888158400581
hyades,0.6,296,492,0.9528066379335595,14.476207308874674,15.193226760332584
hyades,0.6,297,492,1.1570520820714465,16.81803385183683,14.535243583614534
hyades,0.6,298,492,0.8644565565251828,14.700028362320563,17.00493593502212
hyades,0.6,299,492,0.9097140696002696,14.310496353343193,15.730762919420668
hyades,0.6,300,492,0.9290410019834646,14.805151258051513,15.935950325597169
hyades,0.6,301,492,0.9231691809441136,14.760022707387732,15.988426620018707
hyades,0.6,302,492,0.8623126529287249,14.693753624360188,17.039937399103326
hyades,0.6,303,492,1.0153738217862434,16.804009599965838,16.549579316910357
hyades,0.6,304,492,0.9655896561418059,16.379603945842753,16.963317535204887
hyades,0.6,305,492,1.0295050027088937,16.5013654820847,16.02844613543921
hyades,0.6,306,492,1.0215027943269976,16.006047303724266,15.669117492987004
hyades,0.6,307,492,0.9700506774856226,15.801599585848148,16.289457811426917
hyades,0.6,308,492,0.8972581750624691,13.58312440923916,15.138479410670705
hyades,0.6,309,492,0.9825750800051906,16.307670557555397,16.596869683962726
hyades,0.6,310,492,0.8689650947685672,13.660534058721648,15.720463504186988
hyades,0.6,311,492,0.9904927690326248,16.235490126541535,16.391326251072076
hyades,0.6,312,492,0.9525000802094659,15.10255793899514,15.855702537761374
hyades,0.6,313,492,1.0483772717660471,18.066097262970626,17.232438883892748
hyades,0.6,314,492,0.9578111406308275,15.035091319605119,15.697344373863517
hyades,0.6,315,492,1.0061096824159301,16.732969618443427,16.631357307150875
hyades,0.6,316,492,0.9216659382361889,13.858676149156038,15.03655020134266
hyades,0.6,317,492,0.918773670581387,14.793785609411257,16.101664733219835
hyades,0.6,318,492,0.9636237454994396,17.801282080602686,18.473270468627152
hyades,0.6,319,492,0.931436070978029,15.333587686120989,16.46230821834114
hyades,0.6,320,492,0.9973194329105868,15.450869146968255,15.49239755799833
hyades,0.6,321,492,0.9259045179572385,15.152312009471707,16.364875336067314
hyades,0.6,322,492,0.9488793480366216,15.204344395452399,16.02347487793105
hyades,0.6,323,492,0.87646920189703,14.552161532238319,16.60316358035356
hyades,0.6,324,492,0.9420412816312758,15.658000644317294,16.621352959398216
hyades,0.6,325,492,0.8909858711375092,15.249361329760262,17.11515504762339
hyades,0.6,326,492,0.9168344175675621,14.626104273132212,15.95283073244183
hyades,0.6,327,492,0.9283868160868328,14.5214934852936,15.641641214275271
hyades,0.6,328,492,0.9397065962625313,15.390929119195906,16.378441079811314
hyades,0.6,329,492,0.9872569010993738,15.64598758695471,15.847939446695081
hyades,0.6,330,492,0.9523172630057409,15.887066425534751,16.68253537207902
hyades,0.6,331,492,0.9108415287513472,14.205175505294646,15.59566077841028
hyades,0.6,332,492,1.0203138538036365,14.96404881349504,14.666123328337097
hyades,0.6,333,492,1.005960606293121,15.883318771763982,15.789205533895263
hyades,0.6,334,492,0.9888987171714066,16.013167331529054,16.19292962309858
hyades,0.6,335,492,1.0125514495562302,16.630630478813075,16.424479453465562
hyades,0.6,336,492,0.933050488610179,15.1400611584659,16.22641147856608
hyades,0.6,337,492,0.8613046667611984,13.79992319000823,16.022115892975112
hyades,0.6,338,492,0.9569683161846618,14.904550812770937,15.574758913851934
hyades,0.6,339,492,0.9195507912735825,15.071254286486036,16.389800791332334
hyades,0.6,340,492,0.9909158664615811,16.296303608529698,16.445698530109794
hyades,0.6,341,492,0.9480494043021179,15.483583077721505,16.332042409877726
hyades,0.6,342,492,0.9163467046382545,14.417068726001961,15.733203003871091
hyades,0.6,343,492,0.941944895455904,16.18912111391903,17.186908907323552
hyades,0.6,344,492,1.0026827042571183,15.891657507008503,15.849138954463706
hyades,0.6,345,492,0.9247045672637055,15.611502300305329,16.882691892072454
hyades,0.6,346,492,1.0037754162844772,16.152742734428386,16.091988777946504
hyades,0.6,347,492,1.0097813106033868,15.728113157263355,15.575761793278927
hyades,0.6,348,492,0.9043105968212461,15.362593040065523,16.98818204062495
hyades,0.6,349,492,0.976936324175142,16.388454854191252,16.775356232176687
hyades,0.6,350,492,0.9290936840304824,15.21104874596822,16.371921376089308
hyades,0.6,351,492,0.9322220434789862,15.094918237620822,16.19240645853821
hyades,0.6,352,492,0.9383443671274349,14.262094229126284,15.199211215800238
hyades,0.6,353,492,0.9005992388211,14.164051075186375,15.727362920856299
hyades,0.6,354,492,0.9488115607460172,14.35722106832671,15.131793985560348
hyades,0.6,355,492,1.0113751710343988,17.486130076810305,17.289459517704106
hyades,0.6,356,492,0.9443007205547076,15.256632347040295,16.156539982388384
hyades,0.6,357,492,0.9895823315827451,16.235607293366467,16.406525031019015
hyades,0.6,358,492,0.9809046610887412,14.99767270120426,15.289633433444802
hyades,0.6,359,492,0.9182823510420168,15.049753042132444,16.38902569025181
hyades,0.6,360,492,1.043269336629138,16.075573017356593,15.408842619009272
hyades,0.6,361,492,0.9521058497373514,14.333607119278415,15.054636123948294
hyades,0.6,362,492,0.9025786051238496,15.61951709221599,17.305436893302737
hyades,0.6,363,492,0.9306063809265362,15.929592197048121,17.117432808904876
hyades,0.6,364,492,0.8755631532868322,14.173602272933508,16.18798395035963
hyades,0.6,365,492,0.931360207216333,14.794394800262051,15.884718592905982
hyades,0.6,366,492,0.9295509738537038,15.551001997401727,16.729584966094826
hyades,0.6,367,492,0.9778550020272138,15.158795554890382,15.502089290809305
hyades,0.6,368,492,0.9811855740267124,14.183154905811117,14.455119685060705
hyades,0.6,369,492,0.9342909738076264,13.68369836923727,14.646077884570026
hyades,0.6,370,492,0.9542252134940532,15.938934114983226,16.70353485695498
hyades,0.6,371,492,0.9461667149505987,14.929522361126534,15.778955362962684
hyades,0.6,372,492,0.9628582371047847,15.41567504505569,16.01032680720376
hyades,0.6,373,492,0.9991418910247788,17.609340435502567,17.62446414637003
hyades,0.6,374,492,0.9364941662836961,15.72532963745884,16.791700582462678
hyades,0.6,375,492,1.0190615903089941,15.908260147069253,15.610695465664287
hyades,0.6,376,492,0.9743146799566624,14.652719895064024,15.039001460714703
hyades,0.6,377,492,0.9824195012470776,15.85936020741182,16.143165101344223
hyades,0.6,378,492,0.8879656048409341,15.554809955864076,17.517356383021717
hyades,0.6,379,492,1.0171047016977788,16.957054505869543,16.671886854484466
hyades,0.6,380,492,0.9589180452843369,16.25953214574011,16.956122815395407
hyades,0.6,381,492,1.0688116570382076,16.792805821486677,15.711660432317284
hyades,0.6,382,492,0.9492603694295579,14.846110197731043,15.639660809449534
hyades,0.6,383,492,0.9059515993818195,15.0537378630138,16.616492396818764
hyades,0.6,384,492,0.9357437824732991,15.376615505828864,16.432506198637366
hyades,0.6,385,492,0.8767378395252696,14.971347770648935,17.076196664165337
hyades,0.6,386,492,1.0183395512472415,16.434905494914062,16.138924855452117
hyades,0.6,387,492,0.8846267173396757,13.828036210426255,15.631492853857157
hyades,0.6,388,492,0.9724145144190921,15.807388867692307,16.25581337310194
hyades,0.6,389,492,0.9256469637793369,14.364991226417587,15.518866034807228
hyades,0.6,390,492,0.9475994484031534,16.426100154119297,17.334434060509142
hyades,0.6,391,492,0.9751847337021037,17.5094811648111,17.95504027051334
hyades,0.6,392,492,0.9781420634365172,16.07656215235516,16.435815157435513
hyades,0.6,393,492,0.981715430932833,14.585105505708153,14.856754866172658
hyades,0.6,394,492,0.9411410795745186,14.807328287402607,15.733377926821413
hyades,0.6,395,492,0.9066194224633741,14.070908243273514,15.520192811490265
hyades,0.6,396,492,0.9541645558511598,15.188368687105985,15.917976196000327
hyades,0.6,397,492,0.9948003862737648,15.869514169662729,15.95246080382553
hyades,0.6,398,492,1.0199560587048588,15.675630731106724,15.368927511457361
hyades,0.6,399,492,0.9929839894031118,14.544240425614449,14.647003960614786
hyades,0.6,400,492,0.8821753605661151,14.709250574919512,16.673839728962957
hyades,0.6,401,492,0.8820700801946244,14.017987964466236,15.892147664019209
hyades,0.6,402,492,0.9547364828732148,15.078839892700032,15.793719170887117
hyades,0.6,403,492,0.9085147049815739,14.58026517451652,16.048463601711575
hyades,0.6,404,492,0.9579081145407398,15.877812773902011,16.575507121071297
hyades,0.6,405,492,0.8887477785517682,14.944779798111814,16.81554672627663
hyades,0.6,406,492,0.9773710001370591,14.956478680356026,15.302764946226809
hyades,0.6,407,492,0.8634638094909206,14.573715206224643,16.878200390143725
hyades,0.6,408,492,1.0108945045198916,16.65433900653278,16.474853639097084
hyades,0.6,409,492,1.0808824402754715,15.400844446521496,14.248399153007304
hyades,0.6,410,492,0.9962980067153354,16.91447739070629,16.97732734251985
hyades,0.6,411,492,0.9597056594005187,15.711418806422195,16.37108070847092
hyades,0.6,412,492,0.9380355387059147,15.198084705801232,16.20203508149387
hyades,0.6,413,492,1.0622698857415354,16.420462244322238,15.457900543664248
hyades,0.6,414,492,1.0118263479557446,15.7254106571072,15.541610167474113
hyades,0.6,415,492,0.9452812145271825,15.121007662809738,15.996306104922514
hyades,0.6,416,492,0.9804926495727716,15.141186487642944,15.442427328996692
hyades,0.6,417,492,0.9461796164289179,15.375414031909697,16.249994995601114
hyades,0.6,418,492,0.9705468887376252,15.365076244538383,15.831359023285822
hyades,0.6,419,492,1.014371614383066,15.610706551806203,15.389534102154988
hyades,0.6,420,492,0.9694632607608928,15.581258073631787,16.07204594984103
hyades,0.6,421,492,1.0323448768252765,15.357857055654653,14.876672903036026
hyades,0.6,422,492,0.9491633320095091,14.857843956289209,15.653621937578555
hyades,0.6,423,492,0.9430313280149731,14.820683896657627,15.716003759763016
hyades,0.6,424,492,0.9070926915093045,15.15504536813415,16.707273148588364
hyades,0.6,425,492,1.039474852852446,15.757771423148196,15.159357996883662
hyades,0.6,426,492,0.9828308642804835,15.43551916705173,15.705163246325046
hyades,0.6,427,492,1.0601794926987382,17.199929659721604,16.22360154877015
hyades,0.6,428,492,0.8875896682564087,14.24345196172553,16.047338619551002
hyades,0.6,429,492,1.0128762750052962,16.53282658744868,16.322651636165762
hyades,0.6,430,492,0.9270373548843831,14.015090137360955,15.118150378210885
hyades,0.6,431,492,0.9914567973720897,16.275550565607503,16.415794020220282
hyades,0.6,432,492,0.9822426762971644,15.927015191194378,16.214949294644445
hyades,0.6,433,492,0.926782475252998,15.197248022653874,16.39785864369657
hyades,0.6,434,492,0.9506988470273751,16.38626554707821,17.236021268264327
hyades,0.6,435,492,0.9630672044492464,14.838461784934786,15.4075039793516
hyades,0.6,436,492,0.9206440192432644,15.144037621094176,16.44939553677003
hyades,0.6,437,492,0.9905338230414799,16.435295190747162,16.592361420109643
hyades,0.6,438,492,0.9655440596333583,16.174724174841845,16.751927593013
hyades,0.6,439,492,0.9138823030977838,16.3682885122398,17.91071832418274
hyades,0.6,440,492,0.8977800072966964,14.807256110920811,16.493189857843806
hyades,0.6,441,492,0.7688645037716355,12.594368946551969,16.38047911533277
hyades,0.6,442,492,0.9401054280855368,14.928829074523932,15.879952001687212
hyades,0.6,443,492,0.8772167177494947,14.784427225141087,16.853791002832953
hyades,0.6,444,492,0.919078543682883,15.192633619969614,16.530288650946517
hyades,0.6,445,492,0.818609175179563,13.767742726085373,16.818456405726703
hyades,0.6,446,492,0.9068466741523702,14.617460248770431,16.11899857540237
hyades,0.6,447,492,1.0055909245367927,15.451707500029709,15.365798480278906
hyades,0.6,448,492,0.9121547075041389,14.456700370980693,15.848956599190819
hyades,0.6,449,492,1.016059332319698,16.271023514718266,16.013851747782255
hyades,0.6,450,492,0.984415704652234,16.035184540996845,16.28903771568904
hyades,0.6,451,492,1.0229721062658057,16.265099144493966,15.899846188247576
hyades,0.6,452,492,0.9996620860805375,15.325698468392368,15.330878985799265
hyades,0.6,453,492,0.9493850316800133,14.483596931374217,15.255767099829166
hyades,0.6,454,492,0.9081188060428604,14.474610007631952,15.939114916808357
hyades,0.6,455,492,0.8466543072705708,13.741026064491537,16.229795261763464
hyades,0.6,456,492,0.8841866753046854,14.130633159024683,15.981504306378913
hyades,0.6,457,492,0.9980578393275985,15.54522709971732,15.575477178948159
hyades,0.6,458,492,1.0228525282502041,16.409266892599042,16.04265174049128
hyades,0.6,459,492,0.960541523564724,14.329092808386159,14.917723447507601
hyades,0.6,460,492,0.9575527639993392,14.889350737674008,15.549378893218131
hyades,0.6,461,492,0.9377172814496328,14.64949032606648,15.622502235876029
hyades,0.6,462,492,0.9368306076419946,15.765892697640934,16.82896840585059
hyades,0.6,463,492,0.9598368063850587,15.06614865648729,15.696573163545873
hyades,0.6,464,492,1.0585088640820166,17.16685636882628,16.21796184363
hyades,0.6,465,492,0.8846915616811297,13.945622880935717,15.763259744939392
hyades,0.6,466,492,1.0375089969103828,17.337360151080055,16.710563670010863
hyades,0.6,467,492,0.9336015851223194,15.286020063022402,16.373172782284474
hyades,0.6,468,492,0.935315736936804,15.638698173876998,16.720234201441272
hyades,0.6,469,492,1.0241835322858142,16.695686900974923,16.301460016363293
hyades,0.6,470,492,1.0255266117264312,15.42642666539537,15.042444037045147
hyades,0.6,471,492,0.9419459360557209,15.791128715202381,16.76436843214774
hyades,0.6,472,492,0.9396494395188889,14.454094283497044,15.382432719693531
hyades,0.6,473,492,0.9177744826266159,14.898888531844436,16.233714070154473
hyades,0.6,474,492,0.9784269881534137,16.884571758075147,17.256854075480295
hyades,0.6,475,492,0.8803284041403092,13.06011985556082,14.83550887843358
hyades,0.6,476,492,0.8695622566397179,13.795073396886,15.86438842250907
hyades,0.6,477,492,0.9424010070579039,16.084825283079773,17.067920304218728
hyades,0.6,478,492,0.9012408883353724,14.354476818422423,15.927458467775148
hyades,0.6,479,492,0.8906583269125612,14.842245124941652,16.66435340743046
hyades,0.6,480,492,1.0278091738958433,16.21243714778213,15.773781320057642
hyades,0.6,481,492,0.9573634229869804,15.583091741179977,16.277091193395112
hyades,0.6,482,492,0.9963794320536712,15.08622162606725,15.141040793036575
hyades,0.6,483,492,0.9199006941774773,14.817417862014313,16.10762765568212
hyades,0.6,484,492,1.1135856311354462,17.360916479271246,15.590104607913737
hyades,0.6,485,492,0.9233934221618854,15.022440660161838,16.268732589615706
hyades,0.6,486,492,0.9583380069648889,15.452633031438783,16.12440800545744
hyades,0.6,487,492,1.0050467725950076,16.476913788606723,16.39417610989756
hyades,0.6,488,492,0.9156315347223701,13.86294089185493,15.140305205912693
hyades,0.6,489,492,0.8455034836214619,13.75965153691054,16.273914659671394
hyades,0.6,490,492,0.9613413358784109,14.879669627737346,15.478029574314805
hyades,0.6,491,492,0.9550488850447424,15.118885886230217,15.83048378253635
hyades,0.6,492,492,0.9643994462719673,14.127958731306357,14.649488638675738
hyades,0.6,493,492,0.9179594932326927,15.113777254273522,16.464536143145857
hyades,0.6,494,492,0.9361852478722829,15.538969656273828,16.598178289596056
hyades,0.6,495,492,0.9512907017749069,15.47568964050406,16.268097240548762
hyades,0.6,496,492,1.0293993760910676,15.665654019259808,15.218247050767514
hyades,0.6,497,492,0.9601848083205059,16.70944527806724,17.402322066826216
hyades,0.6,498,492,1.0179293726666143,14.598966236719447,14.341826288473557
hyades,0.6,499,492,0.9904450084776454,15.406925647811573,15.55555888104545
hyades,0.6,500,492,0.9559803548809622,15.359639754968978,16.066898944677106
hyades,0.7,1,574,0.9407234602149979,15.136728959688487,16.090519265065485
hyades,0.7,2,574,0.9624715386748323,14.507308596934976,15.072974123379478
hyades,0.7,3,574,0.9476069590096513,14.943521461170567,15.769746432411297
hyades,0.7,4,574,0.947911853562799,14.72939717740941,15.538783613737763
hyades,0.7,5,574,0.9286854919386252,14.934447065531142,16.08127530274601
hyades,0.7,6,574,0.9842005694572385,15.052253435918548,15.29388815962531
hyades,0.7,7,574,0.8885435632885607,14.535962153661469,16.359312873600565
hyades,0.7,8,574,0.9690337610727948,16.025926263425358,16.53804739030292
hyades,0.7,9,574,0.9433008226775114,15.232025273081756,16.147579761296537
hyades,0.7,10,574,0.9208772521747959,15.334639900146069,16.652208384918744
hyades,0.7,11,574,0.9514399597807842,14.691842478557849,15.441691645937292
hyades,0.7,12,574,0.9513304550035326,15.336277480218591,16.120873035817656
hyades,0.7,13,574,0.8815360440432475,15.018083571747638,17.0362671761733
hyades,0.7,14,574,0.9732939051641813,15.344979649138747,15.766028706971364
hyades,0.7,15,574,0.995762587615061,16.70840650637024,16.779508202239594
hyades,0.7,16,574,0.8708233975524802,14.369897926028862,16.50150646665745
hyades,0.7,17,574,0.8421480235987401,14.165030553800587,16.82011969020523
hyades,0.7,18,574,0.9024596848418189,15.319759751243028,16.975561355882885
hyades,0.7,19,574,0.8237056461608785,13.82230246115508,16.780633379870554
hyades,0.7,20,574,0.8509084515406404,14.46166776729854,16.995562496899037
hyades,0.7,21,574,0.9409182518900487,15.223379589491104,16.17927971841494
hyades,0.7,22,574,0.8950148382002348,14.41417217208096,16.104953300066057
hyades,0.7,23,574,0.8698129489140985,14.232317762856754,16.362503893078184
hyades,0.7,24,574,0.9770553939554366,16.420645051577317,16.80625802095133
hyades,0.7,25,574,0.8612334525803252,14.247228944580609,16.54281879308654
hyades,0.7,26,574,0.8641906665950312,14.394396811782524,16.656505755260476
hyades,0.7,27,574,0.8779349275984291,13.870630239763349,15.799155271913081
hyades,0.7,28,574,0.9182362928316233,15.711501538907129,17.11052118235991
hyades,0.7,29,574,0.9557190796164268,16.382859373353387,17.141919338817186
hyades,0.7,30,574,0.828863553932147,13.645634851041375,16.463065345684683
hyades,0.7,31,574,0.8476382534101866,14.871930265749464,17.545138159960654
hyades,0.7,32,574,0.9246872092090268,15.09959750250418,16.329411018262388
hyades,0.7,33,574,0.9137435749996444,14.47174893928592,15.837866700503533
hyades,0.7,34,574,0.9440874105383628,15.673535299276086,16.601784034317653
hyades,0.7,35,574,0.8690448994038756,14.555451332535267,16.748790934184907
hyades,0.7,36,574,0.9924616614546171,15.627754929298781,15.74645705345808
hyades,0.7,37,574,0.9213556118876353,15.512800901291516,16.836931040675523
hyades,0.7,38,574,0.957235343099996,15.410737232081088,16.099214621739296
hyades,0.7,39,574,0.8121745788122895,12.276168873684103,15.115184830872899
hyades,0.7,40,574,0.9049271514228079,15.655295660217481,17.300061817796955
hyades,0.7,41,574,0.9187865759289581,15.351767825887483,16.708741973472744
hyades,0.7,42,574,0.9065248794589775,14.73571582306504,16.255169777424587
hyades,0.7,43,574,0.8845488002260711,14.01458603826859,15.843768071006114
hyades,0.7,44,574,0.896021433772334,14.525430615019358,16.211030302998374
hyades,0.7,45,574,0.9507884529673373,15.008723193234507,15.785554763936648
hyades,0.7,46,574,0.9213059497400482,15.693035175213389,17.03346774178683
hyades,0.7,47,574,0.9785985714880894,15.806040351887734,16.151710019208945
hyades,0.7,48,574,0.9034793244035001,14.629462282511765,16.192359788831368
hyades,0.7,49,574,0.9555096426211964,15.807396138982723,16.54341875150435
hyades,0.7,50,574,0.8876463340286251,14.902742735807173,16.789054564299686
hyades,0.7,51,574,0.936146065642524,14.609764034813297,15.606286850958332
hyades,0.7,52,574,0.8886557634252786,14.45148175160061,16.26218199035598
hyades,0.7,53,574,0.9703659583979508,15.067999968066113,15.528162171870695
hyades,0.7,54,574,0.9576124410487045,15.723280521891652,16.419252557613714
hyades,0.7,55,574,0.9982476838990181,17.079393739706532,17.10937477259829
hyades,0.7,56,574,0.9381017117978373,15.968292723850933,17.021920462385992
hyades,0.7,57,574,0.9435135736226405,15.182632344177764,16.0915886836516
hyades,0.7,58,574,0.9571039862641769,15.707665451951229,16.41166025570773
hyades,0.7,59,574,0.9609930461908843,14.987393110356141,15.595735234258042
hyades,0.7,60,574,0.9198178775445578,15.007258671706001,16.315467483375826
hyades,0.7,61,574,0.9321807072546773,15.622258443497476,16.758830473445297
hyades,0.7,62,574,0.9223544031151748,15.807508957573496,17.138215965777317
hyades,0.7,63,574,0.9106567217865925,14.288764462280675,15.690615487082704
hyades,0.7,64,574,0.8875497503668958,14.556878553811837,16.401197282512115
hyades,0.7,65,574,0.9090181789751355,14.550038911013559,16.006323358040948
hyades,0.7,66,574,0.8786004579461119,13.530213310551979,15.399733961192451
hyades,0.7,67,574,0.8939581224421913,14.895499316666859,16.662412861101433
hyades,0.7,68,574,0.9248816983858957,15.785925997205748,17.06804883776526
hyades,0.7,69,574,0.9787368222111188,13.963543897815292,14.266903605679689
hyades,0.7,70,574,0.8696188052005139,14.340112477461947,16.490113129689565
hyades,0.7,71,574,0.8993336060788306,15.096536772292936,16.78635899987669
hyades,0.7,72,574,0.9496796780060406,14.726248667619897,15.506542899327187
hyades,0.7,73,574,0.9210976308311675,15.327608019952184,16.640589994918418
hyades,0.7,74,574,0.8913787344006052,15.359429316051768,17.231092377787085
hyades,0.7,75,574,0.956162118888012,15.305831025514186,16.007568929120943
hyades,0.7,76,574,0.9193243325013418,14.876946112394716,16.182478355507904
hyades,0.7,77,574,0.8540509751075844,14.154458809432157,16.57331848095967
hyades,0.7,78,574,0.8958968159818492,15.508479900614356,17.310564815009407
hyades,0.7,79,574,0.963068623869198,15.535116509414891,16.130851036348204
hyades,0.7,80,574,0.9523594222942564,14.954786086797974,15.702880379732623
hyades,0.7,81,574,0.9085205231967179,14.807550486725965,16.298531633192123
hyades,0.7,82,574,1.0020432242449149,16.917195995481663,16.882700851781657
hyades,0.7,83,574,0.9091539367009766,14.702945681129133,16.172119030228625
hyades,0.7,84,574,0.8823421944486413,13.556682690491618,15.364427515520699
hyades,0.7,85,574,0.9101468989498209,15.913980196350057,17.485067756328686
hyades,0.7,86,574,0.9419656810328286,15.106067754189148,16.03674959540557
hyades,0.7,87,574,0.8889824334162156,13.513193749186938,15.200743278197208
hyades,0.7,88,574,0.9067071045637006,14.430842489741842,15.915660544742103
hyades,0.7,89,574,0.8699585699075457,13.852684374560718,15.923384002105875
hyades,0.7,90,574,0.8700607731481569,14.135163500206652,16.246179504290406
hyades,0.7,91,574,0.9194832839727283,15.019742464665285,16.334981534162146
hyades,0.7,92,574,0.8966902077714569,15.352545190430554,17.121348105926366
hyades,0.7,93,574,0.9209171981212658,15.552874773480115,16.888461639340697
hyades,0.7,94,574,0.9999172942421117,17.082980240881376,17.08439321857058
hyades,0.7,95,574,0.8931753687656934,14.541015195905786,16.280134567526716
hyades,0.7,96,574,0.8831141336356738,14.16394330559075,16.038632795151305
hyades,0.7,97,574,0.9074021702517403,14.3663182990489,15.832360523298346
hyades,0.7,98,574,0.9268288423449466,16.014851014576845,17.279189298919604
hyades,0.7,99,574,0.8314634833161069,12.793385357666587,15.38658716152274
hyades,0.7,100,574,0.9515101849559671,16.37392322913049,17.20835308755862
hyades,0.7,101,574,0.9300093585181377,15.624950062668177,16.800852507080926
hyades,0.7,102,574,0.9295864372398699,14.262940219346886,15.343317897038643
hyades,0.7,103,574,1.0095923089315857,14.862389851765432,14.721179747787254
hyades,0.7,104,574,0.9010737521821305,14.487337266534299,16.077859588574533
hyades,0.7,105,574,0.8602903388700348,13.435513090702427,15.617417148203204
hyades,0.7,106,574,0.9535988449020106,15.386789061929907,16.13549465185333
hyades,0.7,107,574,0.91574392409972,15.503219681086012,16.929645147607648
hyades,0.7,108,574,0.9377562358927828,15.42191280587517,16.445545457975943
hyades,0.7,109,574,0.8423757449003535,14.323564562947851,17.00377135697588
hyades,0.7,110,574,0.8784032674459441,14.93682043248159,17.004513742204157
hyades,0.7,111,574,0.9317366007759456,14.684213473700392,15.760047916408407
hyades,0.7,112,574,0.9716020671816928,15.474562066908208,15.926851732412393
hyades,0.7,113,574,1.0188172446320067,16.578774534568012,16.27256961139896
hyades,0.7,114,574,0.8891469855155628,14.301150616240513,16.08412427777409
hyades,0.7,115,574,0.9171523774093683,14.210929455575634,15.494622055842557
hyades,0.7,116,574,1.0066174257708203,15.968450275242835,15.863474907574691
hyades,0.7,117,574,0.9319896957436912,14.83658129208924,15.919254643958517
hyades,0.7,118,574,0.9033670340370518,15.128220721893923,16.74648304829932
hyades,0.7,119,574,0.9452529634442101,14.962997176143913,15.829622074522115
hyades,0.7,120,574,0.9370362780499414,15.096907954801814,16.111337744809482
hyades,0.7,121,574,0.8447661679428639,14.323318267612407,16.955364467888078
hyades,0.7,122,574,0.9705999257186554,16.857073987317364,17.367685222967623
hyades,0.7,123,574,0.9204032775005155,15.154726801722866,16.46531164347617
hyades,0.7,124,574,0.8772204324990293,13.462074649160993,15.346284868000826
hyades,0.7,125,574,0.9479737163254803,16.53445160375618,17.44188822855421
hyades,0.7,126,574,0.8772775463326639,14.276263836476856,16.27337197464677
hyades,0.7,127,574,0.8749829716996208,14.485516091465122,16.555197712393834
hyades,0.7,128,574,0.9358685768354515,14.644444231277054,15.647970872999942
hyades,0.7,129,574,0.8928724096289875,13.90420774208191,15.572446401227117
hyades,0.7,130,574,0.9307437249082913,15.66866410129164,16.83456324439417
hyades,0.7,131,574,0.9399663301066921,15.755512750059879,16.76178416760048
hyades,0.7,132,574,0.9361722863497891,15.515481431512587,16.57331845616654
hyades,0.7,133,574,0.8697834399967582,14.680997547711524,16.878911315862993
hyades,0.7,134,574,0.8940552628207702,14.576247057502279,16.303519104080657
hyades,0.7,135,574,0.8533992172327554,14.255435075462913,16.704298278697504
hyades,0.7,136,574,0.9309089806605242,16.03880549509468,17.229187630904995
hyades,0.7,137,574,0.8827238357976246,14.065307837065903,15.933984409015721
hyades,0.7,138,574,0.8977475000079879,15.060315180654683,16.775669306258923
hyades,0.7,139,574,0.9407115459041714,15.798936555443165,16.794666361044722
hyades,0.7,140,574,0.8979311655002887,14.400789644242375,16.03774342348266
hyades,0.7,141,574,0.8706445011304166,15.411430822489411,17.701175166764056
hyades,0.7,142,574,0.9596865349763577,15.860945023384591,16.52721429896412
hyades,0.7,143,574,0.93796532382529,14.260869184304381,15.204047337426603
hyades,0.7,144,574,0.9079471244585637,13.854276322475311,15.25890214227732
hyades,0.7,145,574,0.9296969808155786,13.992148288420367,15.050224510943044
hyades,0.7,146,574,0.9016640547134918,14.548882125535261,16.135590688660912
hyades,0.7,147,574,0.9622252942424313,15.394201360001539,15.998541559980017
hyades,0.7,148,574,0.9908359631005188,16.8839401976386,17.0400962686149
hyades,0.7,149,574,0.9805666287665906,16.33033470511488,16.653977635008903
hyades,0.7,150,574,0.9430358718843768,16.004578917717662,16.971336292581608
hyades,0.7,151,574,0.842257655213909,13.381710415084164,15.887905954010709
hyades,0.7,152,574,0.973473392387836,15.988011600958709,16.42367601002598
hyades,0.7,153,574,0.9428987916748969,15.584080332621818,16.527839965665233
hyades,0.7,154,574,0.8756228287205662,14.688467907897055,16.774880035230925
hyades,0.7,155,574,0.8847352018942988,13.722014247052108,15.509741465776454
hyades,0.7,156,574,0.9040585669475821,15.31328957848843,16.938382244627636
hyades,0.7,157,574,0.9711389786408638,15.403398673064714,15.86116818688732
hyades,0.7,158,574,0.902249662424897,14.14212415885823,15.67429143819205
hyades,0.7,159,574,0.8748301827674024,14.373185849497728,16.429686735350366
hyades,0.7,160,574,1.0194466781000562,17.050524817772253,16.725273802009276
hyades,0.7,161,574,0.9226132488381333,15.470663016202536,16.768307885980473
hyades,0.7,162,574,0.9699590189878778,15.794640253429655,16.283822248398568
hyades,0.7,163,574,0.8920607198294869,14.997656566026691,16.812371885283124
hyades,0.7,164,574,0.9343284546874928,15.268673125443318,16.34186891006147
hyades,0.7,165,574,0.8459033895129521,13.469203208770075,15.922862321813454
hyades,0.7,166,574,0.8832882054856419,14.077523894277366,15.937633726850665
hyades,0.7,167,574,0.8770541971425379,13.615645085579782,15.524291577350473
hyades,0.7,168,574,0.9465944113769802,15.528317261333008,16.40440411933604
hyades,0.7,169,574,0.9045702657631969,15.911245461392603,17.589839135346875
hyades,0.7,170,574,0.922512346909914,15.104141109902912,16.37283355664168
hyades,0.7,171,574,0.9269308877596721,14.535071654156305,15.68085802954152
hyades,0.7,172,574,0.9622992873954287,15.40134725787594,16.0047372575339
hyades,0.7,173,574,0.9471042382815508,15.22104911208457,16.071144544450583
hyades,0.7,174,574,0.9480609607162405,16.502351544712106,17.406424511188522
hyades,0.7,175,574,0.9743154956129655,15.960262687860876,16.381000568835137
hyades,0.7,176,574,0.9281209094468006,15.267539945616566,16.44994718922631
hyades,0.7,177,574,0.9299844319638813,14.787184193180213,15.900464228152282
hyades,0.7,178,574,0.889371310409098,14.976023719324386,16.838887812150844
hyades,0.7,179,574,0.8703167805094847,14.0968724704744,16.197403963901593
hyades,0.7,180,574,0.8739475066510288,13.026922306690999,14.90584069129075
hyades,0.7,181,574,0.9646753439322235,15.692194270120659,16.266813875594572
hyades,0.7,182,574,0.938344472119231,15.330158696457922,16.33745298444087
hyades,0.7,183,574,1.019709150491399,15.921315884578188,15.613585380601602
hyades,0.7,184,574,0.9002133906387887,14.584665449798784,16.20134248330782
hyades,0.7,185,574,0.8486755867652007,15.154630572040595,17.8568004174643
hyades,0.7,186,574,0.9012647787433283,14.100678654049876,15.64543404626446
hyades,0.7,187,574,0.9212381673240636,15.256133596573832,16.560466269964245
hyades,0.7,188,574,0.9068544365240062,15.855423136730682,17.48397813160057
hyades,0.7,189,574,0.972395922172295,15.096330003762944,15.524879999535914
hyades,0.7,190,574,0.876887771616567,14.656520750411628,16.714249217310815
hyades,0.7,191,574,0.9886186917558352,16.852853206289403,17.046868875560012
hyades,0.7,192,574,0.9257787754550081,15.150474796103424,16.36511356469278
hyades,0.7,193,574,0.9779779167196451,16.611304328166916,16.98535728075018
hyades,0.7,194,574,0.9026034544658043,15.108138571929063,16.738401007860805
hyades,0.7,195,574,0.8783136129546796,13.180257446517663,15.006322630226336
hyades,0.7,196,574,0.9058852252538722,16.00900161961409,17.672218481240385
hyades,0.7,197,574,0.8860542083244108,14.860804358883463,16.77189072549665
hyades,0.7,198,574,0.9343678565093227,15.20719272008228,16.27538085149288
hyades,0.7,199,574,0.9741527396601508,16.348442825447673,16.78221716150087
hyades,0.7,200,574,0.985463647155283,15.210565267643137,15.434932898388645
hyades,0.7,201,574,0.9006615180684898,14.440423619230916,16.033130459708183
hyades,0.7,202,574,0.9064216714542227,14.279180260615455,15.753352672720823
hyades,0.7,203,574,0.9893756105266251,16.059339436929445,16.231792320392227
hyades,0.7,204,574,0.951108874462592,15.11795762776865,15.89508628684681
hyades,0.7,205,574,0.9010777352943528,14.176329729841262,15.732637900780356
hyades,0.7,206,574,0.9336514240995378,15.201174551147883,16.281423836319522
hyades,0.7,207,574,0.8787500078618377,14.507074734729065,16.50876199708661
hyades,0.7,208,574,0.8630063226971687,14.576826450321922,16.89075278703024
hyades,0.7,209,574,0.9164522218981315,15.436271943387029,16.843509759205812
hyades,0.7,210,574,0.9180483690450661,15.019457668544407,16.360202986000964
hyades,0.7,211,574,0.9570803716024535,15.276887855486887,15.961969661867135
hyades,0.7,212,574,0.8807681752249205,15.164038276006696,17.21683264967456
hyades,0.7,213,574,0.909038356493448,14.425574541953653,15.869049351887966
hyades,0.7,214,574,0.9319563163384671,14.97478234549991,16.06811615842022
hyades,0.7,215,574,0.9467445360329666,15.082215803457153,15.930607708236064
hyades,0.7,216,574,0.8962040411611969,15.368028144225047,17.147912125360364
hyades,0.7,217,574,0.9496434273179005,16.037421930752906,16.88783544371782
hyades,0.7,218,574,0.9012622143671857,14.681555938854702,16.28999386062495
hyades,0.7,219,574,0.9240937307075889,15.333527017034609,16.593043007978807
hyades,0.7,220,574,0.9242395969387267,15.042795172216685,16.275860958610238
hyades,0.7,221,574,0.8761549686027054,13.890553451407559,15.85399153024294
hyades,0.7,222,574,0.9594185797729728,15.57744171650585,16.23633526066583
hyades,0.7,223,574,0.9360626489364058,14.801460599916489,15.81246791198702
hyades,0.7,224,574,0.8456076923854227,14.075077585676816,16.644926142963094
hyades,0.7,225,574,0.8818850774168828,14.551356831401066,16.50028694671106
hyades,0.7,226,574,0.9576999114535791,15.649684300160487,16.340906074020292
hyades,0.7,227,574,0.9517517113481041,14.74439133193394,15.491846409237677
hyades,0.7,228,574,0.9085256936385989,15.447895677763121,17.003256799370295
hyades,0.7,229,574,0.94763044150347,15.965919185133682,16.848254853234597
hyades,0.7,230,574,0.9212807936093745,15.146313534431275,16.440496360606158
hyades,0.7,231,574,0.8849077873391858,14.067990114065212,15.89769048859431
hyades,0.7,232,574,0.8791068131578159,14.841731248603782,16.882739419674383
hyades,0.7,233,574,0.906796635801727,15.535209790903092,17.131966725006574
hyades,0.7,234,574,0.8809379946458993,14.464686556346374,16.419642068180497
hyades,0.7,235,574,0.9148090910054723,15.12638173394221,16.53501466335092
hyades,0.7,236,574,0.8754540297453536,14.450742329262553,16.506568978231662
hyades,0.7,237,574,0.8445302191589842,13.98860033956613,16.563765300780496
hyades,0.7,238,574,0.9202004795864931,14.316853157025442,15.558406537083039
hyades,0.7,239,574,0.9351605928531092,15.104546000988005,16.151820464231815
hyades,0.7,240,574,0.9194823342418293,14.562939925553529,15.838194365704245
hyades,0.7,241,574,0.9664450255313956,15.771239124559074,16.31881659889276
hyades,0.7,242,574,0.8951483753393598,14.565097805472075,16.271154823858446
hyades,0.7,243,574,0.9205154428821245,14.84576665252078,16.127667131839566
hyades,0.7,244,574,0.9286679234468396,14.689403125630413,15.817713474057866
hyades,0.7,245,574,0.9496316732084192,15.26974659150052,16.07965174530274
hyades,0.7,246,574,0.9108645360926135,13.959801441424121,15.325880949661583
hyades,0.7,247,574,0.922576753088992,14.84735846455196,16.09335853612147
hyades,0.7,248,574,0.8975886582809991,14.619864308681723,16.287933424516186
hyades,0.7,249,574,0.8772949165688235,14.444989914787161,16.465375145775116
hyades,0.7,250,574,0.8948778607862972,14.526324214138914,16.232745104874034
hyades,0.7,251,574,0.961404804847704,15.157940967046851,15.766450188948264
hyades,0.7,252,574,0.9898288312378434,15.712342071975959,15.873797141599406
hyades,0.7,253,574,0.8897843558594726,14.740708954328188,16.566608366686378
hyades,0.7,254,574,0.9153906284387162,15.13354623059686,16.5323368630161
hyades,0.7,255,574,0.8630518682260644,14.069980693995033,16.302589927665387
hyades,0.7,256,574,0.9217185432272085,15.531867242309488,16.850987057207117
hyades,0.7,257,574,0.8978729668102329,13.968216454445562,15.557007472971142
hyades,0.7,258,574,0.9486924120859489,16.22915308978066,17.106865073471614
hyades,0.7,259,574,0.9555226302580105,15.093987925165269,15.796578173234458
hyades,0.7,260,574,0.9217184663125526,14.287548486805754,15.500989737099266
hyades,0.7,261,574,0.9644366809002703,16.82523571703771,17.44566133811076
hyades,0.7,262,574,0.9506545892040738,16.30932434150212,17.155888717853813
hyades,0.7,263,574,0.9635869830934365,15.745971549442148,16.340996532448283
hyades,0.7,264,574,0.9859139425551589,17.2782144704111,17.52507366477824
hyades,0.7,265,574,0.9313764888831053,15.193537379614757,16.312992179816188
hyades,0.7,266,574,0.9078558522901753,14.58475528337507,16.065056194310227
hyades,0.7,267,574,0.9234199794901827,15.330906695652152,16.602312096513547
hyades,0.7,268,574,0.9234713281010274,13.763418773509228,14.904002273477749
hyades,0.7,269,574,0.985866005684057,15.549410645484318,15.772336763650898
hyades,0.7,270,574,0.8909689627195201,15.049620739989031,16.891296296172666
hyades,0.7,271,574,0.9372916783764778,14.469154300888505,15.437194882548338
hyades,0.7,272,574,0.8965243772427084,14.425148984011875,16.09008003594606
hyades,0.7,273,574,0.9042340504557114,14.216124626899285,15.721731137789728
hyades,0.7,274,574,0.9621421607952412,15.743886725338477,16.363368498814825
hyades,0.7,275,574,0.9371819714984039,14.826064072335496,15.819834912776859
hyades,0.7,276,574,0.8943045745094429,14.417372395935244,16.121322429602547
hyades,0.7,277,574,0.9333208301600334,14.928868013802198,15.995430007966709
hyades,0.7,278,574,0.9024221200531136,14.769448768318306,16.366452506116566
hyades,0.7,279,574,0.9584408315315828,15.435148776727933,16.104435734507113
hyades,0.7,280,574,0.9402414827081096,15.010812603220163,15.964848264283772
hyades,0.7,281,574,0.9315094491151253,15.034725358960625,16.14017482403711
hyades,0.7,282,574,0.9592101101278458,15.663509205333803,16.329591441906437
hyades,0.7,283,574,0.8701880540397587,13.6041113838534,15.633530385412337
hyades,0.7,284,574,0.878104379485591,13.49268386800547,15.365694766161766
hyades,0.7,285,574,0.9087371720074805,14.23060431019621,15.659758122097669
hyades,0.7,286,574,0.8549137818617492,12.875002046462786,15.060000575057806
hyades,0.7,287,574,0.8898513933903016,14.912593408764879,16.758521163796168
hyades,0.7,288,574,0.9343808436617903,15.885286893976716,17.000869615137972
hyades,0.7,289,574,0.9240796480076419,14.216021468071077,15.383978533367195
hyades,0.7,290,574,0.9329037058423734,15.221775121636425,16.316555531196858
hyades,0.7,291,574,0.862874546309087,14.569847586305343,16.885244383007137
hyades,0.7,292,574,0.8608011919792838,13.907772531456752,16.156776571693523
hyades,0.7,293,574,0.8464837323986019,13.62844452446095,16.10006666736914
hyades,0.7,294,574,0.9737170316797737,15.925043248668754,16.354898528575827
hyades,0.7,295,574,0.856614503253052,13.876792766644984,16.199577188976974
hyades,0.7,296,574,0.8660300071109143,13.969702151365246,16.130736852835305
hyades,0.7,297,574,0.9388874840905627,15.265537937191695,16.259177160060236
hyades,0.7,298,574,0.9254152114693039,15.006411620086844,16.215868762585828
hyades,0.7,299,574,1.0210239552517018,15.56481223710783,15.244316411039357
hyades,0.7,300,574,0.9282936057434671,14.469088262461938,15.586758513621017
hyades,0.7,301,574,0.8997189552763382,14.225360388231937,15.81089328485114
hyades,0.7,302,574,0.9351450161135898,15.460957497927392,16.53321916014937
hyades,0.7,303,574,0.9126940742557706,15.310294889285332,16.77483761661284
hyades,0.7,304,574,0.8498058240888945,12.863225259454763,15.136664041160063
hyades,0.7,305,574,0.9634956093678236,14.82999077986214,15.391861297211838
hyades,0.7,306,574,0.9231491337751846,14.65363020618108,15.873524298566577
hyades,0.7,307,574,0.874622993329123,13.916676957006642,15.911629425651013
hyades,0.7,308,574,0.8842871467403206,14.515042749048376,16.414399782416897
hyades,0.7,309,574,0.9352357877686753,15.142833222052335,16.191460399714536
hyades,0.7,310,574,0.9180031481753425,15.284720432064656,16.649965158011867
hyades,0.7,311,574,1.0014708140183857,16.372714066283162,16.348668215889298
hyades,0.7,312,574,0.8994140936527162,14.79484530503276,16.44942569773137
hyades,0.7,313,574,0.9094523778496174,16.18288833152326,17.79410195153636
hyades,0.7,314,574,0.9081087322592792,14.244682070242712,15.686097450911454
hyades,0.7,315,574,0.981367278167448,15.516004915908363,15.81059941684841
hyades,0.7,316,574,0.9445678996248212,15.88812514690133,16.82052201140017
hyades,0.7,317,574,0.9593244306856915,15.049295882938663,15.687389376899276
hyades,0.7,318,574,0.9653210945387696,14.72195555421104,15.250837920666376
hyades,0.7,319,574,0.9750025205679643,16.06598957866062,16.477895430774645
hyades,0.7,320,574,0.9197396257558165,15.619038145960069,16.982021551071888
hyades,0.7,321,574,0.9801182373324716,16.20211218491907,16.530773092249948
hyades,0.7,322,574,0.8617461498250865,14.697580536726427,17.055580160943776
hyades,0.7,323,574,0.9841551272284972,15.265458828290203,15.511232331105795
hyades,0.7,324,574,0.9093667522174742,13.904914829192958,15.290766673936645
hyades,0.7,325,574,0.9345032706339924,15.70094709021395,16.801382706303425
hyades,0.7,326,574,0.95166188386585,14.9265363218827,15.684705434715932
hyades,0.7,327,574,0.9846959264830278,16.545843682375185,16.80299799905831
hyades,0.7,328,574,0.8824891478696707,13.986266112111203,15.848655075106654
hyades,0.7,329,574,0.8975818459472592,14.879494785794714,16.577312534760217
hyades,0.7,330,574,0.8746665302868992,14.39451909838181,16.457150925462148
hyades,0.7,331,574,0.9158131708571066,15.209532777381897,16.60768075998224
hyades,0.7,332,574,0.8780125105174068,13.142870914692885,14.968887979680245
hyades,0.7,333,574,0.9633657090664209,16.242368899524458,16.860023920993225
hyades,0.7,334,574,0.9062554111436343,14.969711850911647,16.51820410321287
hyades,0.7,335,574,0.9031484971678421,14.603074341597093,16.169073399768102
hyades,0.7,336,574,0.8978437839276179,14.160838756479329,15.772051898084916
hyades,0.7,337,574,0.8980503317638243,14.1503381899796,15.756731766010812
hyades,0.7,338,574,0.9880846327399876,16.836522445868358,17.03955500166032
hyades,0.7,339,574,0.9141081934197337,14.810610684968221,16.202251321652458
hyades,0.7,340,574,0.9323352916990435,15.085383884184239,16.180213297185556
hyades,0.7,341,574,0.9010521081677225,14.092594894779854,15.640155288507074
hyades,0.7,342,574,0.8831652792152669,15.1405222958888,17.14347546513814
hyades,0.7,343,574,0.8844965008389728,14.898489149632884,16.844034018790573
hyades,0.7,344,574,0.846566663235857,12.508989506572815,14.776142328543072
hyades,0.7,345,574,1.0318158022155888,16.526633148324606,16.01703822798356
hyades,0.7,346,574,0.8953774847161982,13.864216310351061,15.484213694233677
hyades,0.7,347,574,0.8761046977956868,13.97276175315042,15.948735109292791
hyades,0.7,348,574,0.9932022680311484,17.769461022392377,17.8910797874206
hyades,0.7,349,574,0.9261022983229379,15.464412312047942,16.69838455217331
hyades,0.7,350,574,0.9385586249362059,15.383592282728014,16.39065677306374
hyades,0.7,351,574,0.9599446220285821,16.111997290517998,16.784298719721633
hyades,0.7,352,574,0.8925520995529622,16.210260829815066,18.161697045958473
hyades,0.7,353,574,0.9492646485242444,15.607944561473005,16.442142437030167
hyades,0.7,354,574,0.8995231755220032,14.842706951403102,16.50063873317073
hyades,0.7,355,574,0.8160119595204308,13.09435887492629,16.046773239232703
hyades,0.7,356,574,0.9564495456400987,14.308182182246325,14.959683181898164
hyades,0.7,357,574,0.9633423502298788,16.172550738432356,16.787957816422335
hyades,0.7,358,574,0.9345968339113221,15.183634348436616,16.246186374174357
hyades,0.7,359,574,0.9587414032358917,16.85082835036514,17.575988992955914
hyades,0.7,360,574,0.9128149174295636,14.236870219915605,15.596666912506038
hyades,0.7,361,574,0.8990215974748739,13.908524531190597,15.470734596650574
hyades,0.7,362,574,0.9219986908234283,15.228736666572356,16.517091421216353
hyades,0.7,363,574,0.9340825161141952,15.680699377370974,16.787274257742286
hyades,0.7,364,574,0.9756774156971931,16.481338579720923,16.892200551699556
hyades,0.7,365,574,0.8608299971566932,13.802893799285584,16.03440150189504
hyades,0.7,366,574,0.8895329401436113,15.059841123944633,16.930054463765316
hyades,0.7,367,574,0.9116114683159151,14.513421101704655,15.920621455669412
hyades,0.7,368,574,0.941693543332226,15.388668674169068,16.341482622590313
hyades,0.7,369,574,0.9478175655127107,15.41258215208174,16.26112736552259
hyades,0.7,370,574,0.8886603035452512,14.675117955987211,16.513754352975827
hyades,0.7,371,574,0.972529854623326,16.668078843843915,17.138886548937553
hyades,0.7,372,574,0.8944407893089911,14.011817019999338,15.665449504851297
hyades,0.7,373,574,0.8693639657613457,13.858550332587749,15.941022262696523
hyades,0.7,374,574,0.8944053567960043,14.592904885135296,16.315761946474613
hyades,0.7,375,574,0.8665182210908461,12.917018015187901,14.906804843557556
hyades,0.7,376,574,0.9309191898748701,15.571340403108685,16.726844362507677
hyades,0.7,377,574,0.9411115930394247,13.947893570902375,14.820658542581649
hyades,0.7,378,574,0.929731745045145,14.398703536734526,15.486944071201277
hyades,0.7,379,574,0.8657865021991318,14.506587785911663,16.755386863925875
hyades,0.7,380,574,0.9688101668290301,15.789039620815657,16.297351288636936
hyades,0.7,381,574,1.000379070962652,15.726657881357749,15.720698620997922
hyades,0.7,382,574,0.9159997825554553,16.024258520376954,17.4937361618935
hyades,0.7,383,574,0.9095319967708229,14.814556330816021,16.288109031252567
hyades,0.7,384,574,0.9530614336202724,14.912290847967146,15.646725721889444
hyades,0.7,385,574,0.8783363195111826,14.641824125345076,16.66995181696874
hyades,0.7,386,574,0.9781678798640612,15.564854755427058,15.912252973988627
hyades,0.7,387,574,0.9373980753446687,15.23107404342598,16.248245482929672
hyades,0.7,388,574,0.9702616923447623,16.409461302912504,16.91240768586558
hyades,0.7,389,574,0.9302327540746225,14.55699050249296,15.648761494077869
hyades,0.7,390,574,0.8241475378402433,13.185676852042796,15.99917035073248
hyades,0.7,391,574,0.9526447204556567,15.848285145780517,16.636091929633714
hyades,0.7,392,574,1.0455369008742696,17.281169932774866,16.528512688863003
hyades,0.7,393,574,0.848631169478953,14.043102051555419,16.54794515758557
hyades,0.7,394,574,0.8430237227305082,13.289081068988708,15.763590882052634
hyades,0.7,395,574,0.9815531968570678,15.486163743835709,15.77720269611712
hyades,0.7,396,574,0.9093615868204666,14.782317495369409,16.25570918060766
hyades,0.7,397,574,0.8845659484516238,13.801815944091027,15.602924765813361
hyades,0.7,398,574,0.9390992591121728,16.398308648276554,17.46174165208006
hyades,0.7,399,574,0.9799168173627029,15.848073301491521,16.172876126510616
hyades,0.7,400,574,0.978024917339287,15.455902933416201,15.803179100450658
hyades,0.7,401,574,0.9155552121673253,14.502253381324506,15.839845799134721
hyades,0.7,402,574,1.0000489263864254,16.47513607275523,16.47433004331743
hyades,0.7,403,574,0.8678481358382137,13.687239223992844,15.771468139149695
hyades,0.7,404,574,0.8798110494217982,15.10254571301728,17.165669518406823
hyades,0.7,405,574,0.9880647267442221,15.62997754004187,15.81877898985859
hyades,0.7,406,574,0.9108515645648716,13.875444057322504,15.23348545155217
hyades,0.7,407,574,0.9027272351245874,15.045946218582777,16.667212013943782
hyades,0.7,408,574,0.8841598592680523,14.106067261616854,15.954204563521463
hyades,0.7,409,574,0.8790577298836063,15.179654882558275,17.268097835358518
hyades,0.7,410,574,0.9654284203293464,15.513418753090749,16.06894765724682
hyades,0.7,411,574,0.8142574641148764,13.942284351979092,17.12269763119064
hyades,0.7,412,574,0.949647000325874,15.628508707044151,16.457176931724298
hyades,0.7,413,574,0.8734398133157913,13.928378921525471,15.946581217370818
hyades,0.7,414,574,0.870440052912574,14.428030706545666,16.575559291266668
hyades,0.7,415,574,0.9127613652569139,15.17372203542724,16.623974910634292
hyades,0.7,416,574,0.9544671189692358,15.667736568917126,16.41516638712216
hyades,0.7,417,574,0.8641485701779883,14.480982466002349,16.75751481370814
hyades,0.7,418,574,0.9333055866925,14.90065222398184,15.965459155545824
hyades,0.7,419,574,0.8834359779643258,13.923986992220819,15.761172670718517
hyades,0.7,420,574,0.906833350130944,15.818634163207914,17.443816067112827
hyades,0.7,421,574,0.894846270350361,14.24987409877292,15.924382288807704
hyades,0.7,422,574,0.9114255992451292,15.622935724595399,17.14120794668791
hyades,0.7,423,574,0.8884132968230674,13.993077921777854,15.750639901289833
hyades,0.7,424,574,0.9716549118682358,15.24064608783327,15.685245761305865
hyades,0.7,425,574,0.9609700732790729,16.648292510065556,17.32446511394197
hyades,0.7,426,574,0.8797417616384846,14.430346724292919,16.402934762829677
hyades,0.7,427,574,0.8552837782547236,13.529982983835612,15.819291009405847
hyades,0.7,428,574,0.8966172357789,14.056251532926915,15.67698118218318
hyades,0.7,429,574,0.9749184115270568,15.492952763462426,15.89153777411501
hyades,0.7,430,574,0.8879701143928272,14.707114633591301,16.562623443298737
hyades,0.7,431,574,0.9750964707345066,14.37169913143127,14.738745921832294
hyades,0.7,432,574,0.9265504760403389,16.042570822968216,17.31429775043338
hyades,0.7,433,574,0.9605816669154004,15.433256078594155,16.06657362944798
hyades,0.7,434,574,0.8504542581546094,14.306327030235288,16.821982949769005
hyades,0.7,435,574,1.0169071082608845,16.825236260569852,16.545499705813235
hyades,0.7,436,574,0.8705950618531927,13.908647104706963,15.976023428274809
hyades,0.7,437,574,0.8981258119172475,15.246719751506564,16.976151391261187
hyades,0.7,438,574,0.9063226623569863,14.560906318408005,16.065918820280686
hyades,0.7,439,574,0.8948904814811789,13.586608228465678,15.182425681830686
hyades,0.7,440,574,0.9404944424144072,16.451595677147118,17.4924964308275
hyades,0.7,441,574,0.9459955905217436,14.510900684363058,15.339289981637103
hyades,0.7,442,574,0.883281048144711,13.834275327082494,15.662370834448128
hyades,0.7,443,574,0.842185315390051,13.363894022803542,15.868115696857249
hyades,0.7,444,574,0.8965521209421549,14.843282704961215,16.555961843426275
hyades,0.7,445,574,0.9600658308839942,15.944607976395911,16.607827779595787
hyades,0.7,446,574,0.9412076253360965,15.338543850249724,16.296663390049005
hyades,0.7,447,574,0.9658862879013526,15.384253807407092,15.927603487190522
hyades,0.7,448,574,0.937146466127307,14.585887766270801,15.564149568365737
hyades,0.7,449,574,0.9840052639352861,15.284210381912168,15.532651035612089
hyades,0.7,450,574,0.9590620425827502,14.993576270102345,15.63358323484965
hyades,0.7,451,574,0.9582395886764353,15.305054163115711,15.972053695105373
hyades,0.7,452,574,0.8839811467060051,14.186565199800807,16.04849294881962
hyades,0.7,453,574,0.9310493470914417,15.354511957834923,16.491619918752708
hyades,0.7,454,574,0.9298062451112137,16.040319990979178,17.251250005382147
hyades,0.7,455,574,0.8608175583417611,14.369780728355114,16.693178001662037
hyades,0.7,456,574,1.0033382522832528,16.629918607979157,16.574588450241162
hyades,0.7,457,574,0.9199352524798107,13.816490517872943,15.0189814779124
hyades,0.7,458,574,0.9005898135988228,14.399982002058916,15.989501307499285
hyades,0.7,459,574,0.8978317373513506,14.88413053470186,16.577861881571266
hyades,0.7,460,574,0.9087158392694531,13.831110716930363,15.220501414446185
hyades,0.7,461,574,0.915744850884894,14.829713137632698,16.194153997483674
hyades,0.7,462,574,0.8799322538629054,15.259238859881773,17.341379171968825
hyades,0.7,463,574,0.9545320849479014,16.049174737878197,16.813656650162958
hyades,0.7,464,574,0.8740223032159452,14.06697203813783,16.09452297313092
hyades,0.7,465,574,0.951849813764064,15.019570092794222,15.77934866993328
hyades,0.7,466,574,0.9332569766170105,14.254334532079723,15.27375084164992
hyades,0.7,467,574,0.989217999038284,14.643957294594308,14.803569394037652
hyades,0.7,468,574,0.9421976858064065,14.980789872721434,15.899837261752243
hyades,0.7,469,574,0.9543935730766752,15.1193713536301,15.841862078858973
hyades,0.7,470,574,0.9889688689157576,17.086757922951588,17.277346598062707
hyades,0.7,471,574,0.8981452200787534,14.9981392487066,16.699013604271585
hyades,0.7,472,574,0.837203202583207,13.67620772127976,16.335589351643126
hyades,0.7,473,574,0.9592288428768999,15.937922597316632,16.615349627640402
hyades,0.7,474,574,0.8884701242971413,13.646413914186486,15.35945164727065
hyades,0.7,475,574,0.9077118614227772,15.099550906528036,16.634740106690362
hyades,0.7,476,574,0.9499455344190423,16.106921491995408,16.955626305297503
hyades,0.7,477,574,0.9095077329261723,15.006964334464735,16.500095371572723
hyades,0.7,478,574,0.9027607404849111,14.332293596546245,15.876070982935925
hyades,0.7,479,574,0.9466337597502673,15.089839363003307,15.940525263945982
hyades,0.7,480,574,0.951485511411687,15.191715610037406,15.96631312598546
hyades,0.7,481,574,0.93002292058099,15.45937995492454,16.622579522305738
hyades,0.7,482,574,0.9056492433411926,15.29593182022535,16.889465687393933
hyades,0.7,483,574,0.9914242492860881,16.36294491598831,16.504483250002266
hyades,0.7,484,574,0.9034373622010794,15.11932951431978,16.735337884946414
hyades,0.7,485,574,0.9078692206060965,15.125065802410756,16.659960993405207
hyades,0.7,486,574,0.943635463211464,15.379970245938162,16.298635273409165
hyades,0.7,487,574,0.9465476020000481,15.866543834319558,16.762541895192243
hyades,0.7,488,574,0.9135948622690357,14.683243187589596,16.07194150711595
hyades,0.7,489,574,0.8547518515516888,14.075162400888964,16.466957486359778
hyades,0.7,490,574,0.9284494663719833,14.777457568455599,15.91627557954243
hyades,0.7,491,574,0.9297310416842105,14.865122641656026,15.988626791171576
hyades,0.7,492,574,0.908199231884147,15.457005693452379,17.019399654616894
hyades,0.7,493,574,0.9828371329386948,15.54304300365311,15.81446455648173
hyades,0.7,494,574,0.9362250441968263,15.503768353445764,16.559873557693834
hyades,0.7,495,574,0.8860031897604096,14.265927265546397,16.101440074278003
hyades,0.7,496,574,0.9280120603462428,15.766674741647503,16.98973043062062
hyades,0.7,497,574,0.8789210528657474,13.982893055955628,15.909157040173293
hyades,0.7,498,574,0.9438790706569764,15.11517304292758,16.013887279444425
hyades,0.7,499,574,0.9650127725836891,15.513556146555356,16.076011206587392
hyades,0.7,500,574,0.9425976406220515,14.789080065634458,15.689706220646439
hyades,0.8,1,656,0.9305172127388267,15.09465100547354,16.22178590447014
hyades,0.8,2,656,0.8804077904593901,14.317905593524888,16.262811107173317
hyades,0.8,3,656,0.8696624673000722,14.827836518507919,17.050105156937462
hyades,0.8,4,656,0.8926127172868954,14.946426305286522,16.74458140224164
hyades,0.8,5,656,0.9096503166648957,15.118279691619083,16.619880644958293
hyades,0.8,6,656,0.904078224520454,14.483341758083148,16.020009513850948
hyades,0.8,7,656,0.8762492949297983,14.883719541958932,16.9857135727012
hyades,0.8,8,656,0.9534718828033633,15.646369769666126,16.40989110624137
hyades,0.8,9,656,0.907564337845178,14.599224803831603,16.086159619817604
hyades,0.8,10,656,0.8905584431497056,14.444032203084895,16.219072778648407
hyades,0.8,11,656,0.8316459205019677,14.043437171707819,16.88631763290732
hyades,0.8,12,656,0.8975167008988122,14.739509589270046,16.42254631530451
hyades,0.8,13,656,0.8775753935638707,14.572317426137618,16.605202849818774
hyades,0.8,14,656,0.8861609581671426,14.202449511290224,16.0269411334317
hyades,0.8,15,656,0.9096425837985905,14.785772112236387,16.25448541612053
hyades,0.8,16,656,0.8618487112334206,14.588595822946775,16.927095942475272
hyades,0.8,17,656,0.8784626579550805,14.23309944370726,16.202281696116284
hyades,0.8,18,656,0.8498419838665354,14.044869304958759,16.526447941602818
hyades,0.8,19,656,0.8866268348211513,14.952431722274138,16.864402401366878
hyades,0.8,20,656,0.8966269191172717,15.073713861812834,16.81157852884106
hyades,0.8,21,656,0.8756549997815443,14.072760947059834,16.07112498709042
hyades,0.8,22,656,0.9060754424943723,14.786859192896582,16.31967769945208
hyades,0.8,23,656,0.8820034777765763,15.115573891818467,17.137771304397795
hyades,0.8,24,656,0.8782010613846246,14.056476696167165,16.0059891911368
hyades,0.8,25,656,0.8783106035590119,14.791904298973174,16.841313584322833
hyades,0.8,26,656,0.8490069582499508,14.09193080993371,16.59813346993205
hyades,0.8,27,656,0.8552964796777193,13.64575049383787,15.954409749213125
hyades,0.8,28,656,0.9050977558392123,14.915598343220331,16.479544056973708
hyades,0.8,29,656,0.8881463007940567,14.632379099019637,16.475190051388385
hyades,0.8,30,656,0.8882664393702554,14.506195210911933,16.33090542202206
hyades,0.8,31,656,0.9109334638205063,14.373997368978525,15.779415226105725
hyades,0.8,32,656,0.9394859312140471,15.217614602976177,16.19780999095034
hyades,0.8,33,656,0.9267004353934359,15.490149339202771,16.71537936919857
hyades,0.8,34,656,0.8337156220409264,13.361139978403507,16.026016096106712
hyades,0.8,35,656,0.9245375248263265,15.387102978650427,16.643026989673437
hyades,0.8,36,656,0.886246370477605,14.661653481599842,16.543541355998517
hyades,0.8,37,656,0.8736895488266259,14.578775674011347,16.686448514338753
hyades,0.8,38,656,0.8584530805874049,13.712091856618413,15.973024230090456
hyades,0.8,39,656,0.9239103128329732,15.579605161112132,16.862681306522717
hyades,0.8,40,656,0.8808216012162023,14.912062884910622,16.929719780169624
hyades,0.8,41,656,0.894598105181059,15.567457742673543,17.401621636033784
hyades,0.8,42,656,0.9044224497742314,14.541979975405445,16.078747248075853
hyades,0.8,43,656,0.9057119104260044,15.21810872682234,16.802372312476773
hyades,0.8,44,656,0.9083342913524328,14.402469397335638,15.855912888515507
hyades,0.8,45,656,0.8700125994776144,14.001993925182179,16.0940128149747
hyades,0.8,46,656,0.8396693369242731,13.786457442758701,16.418912584397557
hyades,0.8,47,656,0.8883101993349912,14.762925000776498,16.61911009445614
hyades,0.8,48,656,0.8606849792017576,14.071968498357085,16.349731711837396
hyades,0.8,49,656,0.8872748470419294,14.711515081437057,16.58056140155841
hyades,0.8,50,656,0.9358292539929266,15.641169438292817,16.713700038288223
hyades,0.8,51,656,0.8573419102202944,14.342820959623966,16.72940607317164
hyades,0.8,52,656,0.8678329302270262,14.255344031340748,16.426369102646902
hyades,0.8,53,656,0.8988621583304806,14.806214968563353,16.47217521768184
hyades,0.8,54,656,0.8943333044713127,14.973579736565764,16.742728534992256
hyades,0.8,55,656,0.8601040915146758,14.770805752794931,17.17327693068287
hyades,0.8,56,656,0.9116209943558614,15.256504918307568,16.735578724892793
hyades,0.8,57,656,0.916893896561839,14.451930449035249,15.761835151512052
hyades,0.8,58,656,0.912871340281843,14.666362727900957,16.06618816992635
hyades,0.8,59,656,0.9533969350788352,16.29624676789191,17.092824791328276
hyades,0.8,60,656,0.8445645093171765,14.477234088050958,17.141655762631657
hyades,0.8,61,656,0.8679356070600218,13.991041055915854,16.11990675588023
hyades,0.8,62,656,0.8364453064365938,13.363429864707568,15.976453883922385
hyades,0.8,63,656,0.9113726909391172,15.441323904256656,16.942930216995265
hyades,0.8,64,656,0.8869037042192732,14.769513327849644,16.652893947320926
hyades,0.8,65,656,0.8712164494435516,14.084157517760058,16.16608309766838
hyades,0.8,66,656,0.8536599277245028,13.96222504217964,16.355722681509768
hyades,0.8,67,656,0.9157066078127928,14.2169605241744,15.525672090684441
hyades,0.8,68,656,0.8787487983883591,14.319635594804001,16.2954824189421
hyades,0.8,69,656,0.8634218221843671,14.184206582092282,16.427899107539023
hyades,0.8,70,656,0.8961662265348953,14.939148586124949,16.670064262395233
hyades,0.8,71,656,0.9064146455323614,14.8291800761556,16.360260890804593
hyades,0.8,72,656,0.9175284603438073,14.25013136508152,15.530996564119494
hyades,0.8,73,656,0.8923150069603405,15.227759572017328,17.065452730522257
hyades,0.8,74,656,0.9151864837182216,14.604199018547238,15.95762096399552
hyades,0.8,75,656,0.899254642518023,14.806819114505874,16.465657684062624
hyades,0.8,76,656,0.8746442855234043,15.013052361328114,17.16475212816832
hyades,0.8,77,656,0.9003408270194937,14.400880876772163,15.994921528156318
hyades,0.8,78,656,0.8564184601653294,14.448463548786888,16.870798821872253
hyades,0.8,79,656,0.865180195079367,14.737478536055185,17.033998951748135
hyades,0.8,80,656,0.9285007683944968,16.46059265252517,17.728141120429825
hyades,0.8,81,656,0.8594761535601025,13.732806977652466,15.978112854869499
hyades,0.8,82,656,0.8934214513747087,14.815507722372129,16.582887840420092
hyades,0.8,83,656,0.8509584988576142,13.701977505871302,16.101816392063522
hyades,0.8,84,656,0.8823862065087807,14.539184829927166,16.477121608068206
hyades,0.8,85,656,0.8693875909116978,14.616130306402914,16.811984043935414
hyades,0.8,86,656,0.9592134283986004,15.994054643272118,16.67413546323478
hyades,0.8,87,656,0.8778309482537817,13.958493260595407,15.901117736122462
hyades,0.8,88,656,0.9459752558224861,15.660012930245419,16.55435787972032
hyades,0.8,89,656,0.8277084385433016,13.390072110864846,16.17728113830791
hyades,0.8,90,656,0.8968473091624471,15.067014929376889,16.79997785068649
hyades,0.8,91,656,0.9116015649292099,15.468632937524621,16.968633592380716
hyades,0.8,92,656,0.8636819262916394,13.75551411419256,15.926597159736946
hyades,0.8,93,656,0.8502581228237885,12.934415536134036,15.212339863543562
hyades,0.8,94,656,0.9646611646790789,15.331392499009034,15.89303380333492
hyades,0.8,95,656,0.9083074865300692,14.484863840908915,15.947092868566154
hyades,0.8,96,656,0.9093902973152651,14.7142835994944,16.180383321588586
hyades,0.8,97,656,0.9026425768341739,14.642269675098776,16.22155884387086
hyades,0.8,98,656,0.8952576191596046,14.042391606125413,15.685308123160432
hyades,0.8,99,656,0.9130809283421379,14.653913029425759,16.04886552173701
hyades,0.8,100,656,0.962274289883462,16.070453668908986,16.70049157278766
hyades,0.8,101,656,0.90381592878209,14.910962516695664,16.49778681903569
hyades,0.8,102,656,0.9652060766920326,15.874003921201904,16.44623288697633
hyades,0.8,103,656,0.8902030255485418,14.430260686388188,16.210078231868827
hyades,0.8,104,656,0.8343289381655153,13.838037799916785,16.58582984109749
hyades,0.8,105,656,0.8993972013317137,15.121632908251225,16.813075341863442
hyades,0.8,106,656,0.9622325212034168,15.665774772682127,16.280654028497928
hyades,0.8,107,656,0.8920845437478724,15.006915907804801,16.822302340041627
hyades,0.8,108,656,0.8078470358334326,12.803311190787833,15.848682513984869
hyades,0.8,109,656,0.9754370238389242,16.207577743353962,16.61570900760719
hyades,0.8,110,656,0.8245774080856592,13.828159952364064,16.76999614198448
hyades,0.8,111,656,0.836013828292664,13.988886238664229,16.732840732111825
hyades,0.8,112,656,0.9116984852599946,14.16565720196006,15.537655739244048
hyades,0.8,113,656,0.864767490427544,13.916952922526644,16.09328874706663
hyades,0.8,114,656,0.8601957754472129,14.111376665849983,16.404843023686702
hyades,0.8,115,656,0.8909255456530242,14.53106436588576,16.310077129099362
hyades,0.8,116,656,0.871442233449827,14.94751904254835,17.1526217904023
hyades,0.8,117,656,0.9080882407849218,15.036532850861494,16.558449031191515
hyades,0.8,118,656,0.9084875467566955,14.754162815548636,16.240357799312783
hyades,0.8,119,656,0.8159482460840352,13.287062609583614,16.284197770326685
hyades,0.8,120,656,0.8906129125847553,14.445848826260347,16.220120573297443
hyades,0.8,121,656,0.8885973449443557,14.829719743975701,16.688908455949015
hyades,0.8,122,656,0.8597236420920988,14.022581042779834,16.3105681363566
hyades,0.8,123,656,0.8920411662736798,14.539698326241037,16.299358007184427
hyades,0.8,124,656,0.8932574659887929,14.722572146364824,16.481890951863075
hyades,0.8,125,656,0.8951677804138384,14.062954476167631,15.709853263112633
hyades,0.8,126,656,0.8918138024912375,14.49804623208873,16.256808530647493
hyades,0.8,127,656,0.8881653800668683,14.10360444841214,15.879480066370416
hyades,0.8,128,656,0.9241847484572511,14.683486450311678,15.888042379862833
hyades,0.8,129,656,0.8748702430928809,15.47771749936233,17.69144352726503
hyades,0.8,130,656,0.8158119281243242,14.505940915806143,17.780986543255757
hyades,0.8,131,656,0.8664354322465818,14.03818011797318,16.202223034177585
hyades,0.8,132,656,0.8837898597434937,15.224649066509468,17.226548708001907
hyades,0.8,133,656,0.9117341954910606,15.052548973898196,16.509799729285007
hyades,0.8,134,656,0.8787325215869057,14.831535710022596,16.8783279845365
hyades,0.8,135,656,0.9081978712502341,14.879569249494708,16.383620486812358
hyades,0.8,136,656,0.9094542152173013,15.05935517500767,16.558673238332783
hyades,0.8,137,656,0.8955129580182498,14.724799212045275,16.442865600326908
hyades,0.8,138,656,0.9290691976208691,15.390610150608264,16.56562308816184
hyades,0.8,139,656,0.9169852676876914,15.791382068482472,17.220976852008413
hyades,0.8,140,656,0.9502603504754019,15.661943830274582,16.481739791036354
hyades,0.8,141,656,0.923764582019796,15.3697549030469,16.63817297415883
hyades,0.8,142,656,0.9140634345683817,15.98814368996036,17.491284614737836
hyades,0.8,143,656,0.9303798098816362,14.913514796255985,16.02949100771361
hyades,0.8,144,656,0.846768523022937,13.456580995941666,15.891687787238588
hyades,0.8,145,656,0.9242737811598618,15.968748030429467,17.2770756413651
hyades,0.8,146,656,0.9358724738107823,15.84406486430493,16.929726333107574
hyades,0.8,147,656,0.9251206451390417,16.01150964640894,17.307482792152452
hyades,0.8,148,656,0.8655572952920927,13.834387393216844,15.983213899835786
hyades,0.8,149,656,0.9316960246886474,15.160806405560075,16.272266923781807
hyades,0.8,150,656,0.8664143447026554,14.467537900718186,16.698174481036897
hyades,0.8,151,656,0.8638110616651916,14.269891824553323,16.519691004008298
hyades,0.8,152,656,0.8714219111644966,14.127391403879201,16.21188453363597
hyades,0.8,153,656,0.8277742206931217,14.239192581331828,17.201783077285132
hyades,0.8,154,656,0.8787146565643809,14.308973305947283,16.28398160774152
hyades,0.8,155,656,0.857706778611234,14.030268998313266,16.357885174966835
hyades,0.8,156,656,0.9192150135220524,14.926074176562771,16.237848552290522
hyades,0.8,157,656,0.9378088633562305,14.961797367238457,15.95399441384375
hyades,0.8,158,656,0.8525683875830999,14.363554489245768,16.84739277040782
hyades,0.8,159,656,0.9010557811861891,14.22400780447607,15.785934790575302
hyades,0.8,160,656,0.9202099900615782,15.47172943083033,16.813259579799823
hyades,0.8,161,656,0.8956700092191721,15.350020050228267,17.138030627608174
hyades,0.8,162,656,0.9270956975270647,15.228813111393452,16.426365856313208
hyades,0.8,163,656,0.8660344340668376,14.073004023070126,16.2499358795519
hyades,0.8,164,656,0.859557854644079,14.639485169408998,17.031413406687832
hyades,0.8,165,656,0.9163248831799198,15.299476206182952,16.696563071701405
hyades,0.8,166,656,0.8354727391520663,14.056520905917687,16.824631429846363
hyades,0.8,167,656,0.9200150212795952,15.45376401457457,16.79729532359247
hyades,0.8,168,656,0.8959648545377373,14.37098047114478,16.039669857987143
hyades,0.8,169,656,0.9263963695320225,15.307993987605256,16.52423788678946
hyades,0.8,170,656,0.9183301167147668,15.17592433087249,16.525565321937634
hyades,0.8,171,656,0.904055056373346,14.674259421975233,16.231599301973517
hyades,0.8,172,656,0.9195044186129012,15.271250273553978,16.60813147215877
hyades,0.8,173,656,0.8569396122559002,14.210645773403298,16.583018885069
hyades,0.8,174,656,0.9687719815652619,15.257022406194586,15.748827068206026
hyades,0.8,175,656,0.9038681811726087,14.315831917409916,15.838406767276245
hyades,0.8,176,656,0.9026748226977372,15.048152492357168,16.670623921230245
hyades,0.8,177,656,0.9015307025505841,14.629811020228018,16.227745742699376
hyades,0.8,178,656,0.9311762225481788,15.719943654394651,16.881813854070256
hyades,0.8,179,656,0.8893677525717598,14.526173793961261,16.333146498685533
hyades,0.8,180,656,0.8857408505292927,14.336512169552202,16.185899251440333
hyades,0.8,181,656,0.8615560638387726,13.830296401820554,16.052694632776316
hyades,0.8,182,656,0.8943648828020584,14.110499014189461,15.777116572355858
hyades,0.8,183,656,0.9251514866355871,15.70692243177826,16.97767626023947
hyades,0.8,184,656,0.9295433494723081,14.893874126481913,16.02278595714445
hyades,0.8,185,656,0.8779494746422714,14.201121231121839,16.175328582442877
hyades,0.8,186,656,0.8995077501384708,15.44028340864574,17.165258894399578
hyades,0.8,187,656,0.8600045237426048,13.721978780148824,15.95570534958691
hyades,0.8,188,656,0.9227471973780778,15.398957557092986,16.688165080152025
hyades,0.8,189,656,0.9286324178002342,14.44421627042729,15.554288213029523
hyades,0.8,190,656,0.8673793168440683,13.96483304780392,16.100030029093286
hyades,0.8,191,656,0.8833153932050543,13.96795073642571,15.813095575911884
hyades,0.8,192,656,0.8722988882220101,14.30520515150004,16.399430682134724
hyades,0.8,193,656,0.8925718075007083,14.919521525018391,16.715205879955548
hyades,0.8,194,656,0.841832135249345,13.788058556231107,16.378631770985052
hyades,0.8,195,656,0.9058239819883461,15.73639989637402,17.37246993817887
hyades,0.8,196,656,0.9038641796702986,15.239894360063644,16.860823454274602
hyades,0.8,197,656,0.8364175994282113,13.662180956131404,16.334162463189553
hyades,0.8,198,656,0.8877222889675549,14.66718519370696,16.522267578484815
hyades,0.8,199,656,0.8487489092601698,13.789410636273924,16.246749169072583
hyades,0.8,200,656,0.858878391142599,14.780996694299727,17.209650221419587
hyades,0.8,201,656,0.8812570056998462,14.463705660203622,16.412585167158287
hyades,0.8,202,656,0.8869126016265594,15.074710017313661,16.99683823374174
hyades,0.8,203,656,0.9022216752768959,14.826650421472557,16.433489493501906
hyades,0.8,204,656,0.8613758899134439,13.74836897537362,15.960940091735253
hyades,0.8,205,656,0.8698132833084447,14.106645719064264,16.21801596936742
hyades,0.8,206,656,0.8860172320223139,14.997213035771725,16.926547807135684
hyades,0.8,207,656,0.9204803461792288,14.917011239219882,16.205681415293746
hyades,0.8,208,656,0.9720913433171169,15.734682065662936,16.186423399236
hyades,0.8,209,656,0.922963977098846,15.861069106997412,17.184927581738926
hyades,0.8,210,656,0.8732109874021311,13.508572539924204,15.469998356426128
hyades,0.8,211,656,0.8943016219526949,14.71431092282917,16.45340963454889
hyades,0.8,212,656,0.8093965703638368,13.513579698194036,16.69586972937069
hyades,0.8,213,656,0.8879187904857226,14.140253196016921,15.925164944737467
hyades,0.8,214,656,0.9255542094530818,15.105926950547945,16.320953215127368
hyades,0.8,215,656,0.9191979199670383,15.053190976292147,16.37644151417569
hyades,0.8,216,656,0.8980484475639579,14.964410557259558,16.66325530415642
hyades,0.8,217,656,0.8826137973271798,14.219060397773813,16.110172354922852
hyades,0.8,218,656,0.933781082092058,15.46429219452509,16.560939701068524
hyades,0.8,219,656,0.8692750290696687,13.963434115536675,16.063309825523085
hyades,0.8,220,656,0.8722613910105534,14.869393290237795,17.046946527130984
hyades,0.8,221,656,0.8808803979027753,15.233582260454426,17.29358752530192
hyades,0.8,222,656,0.8843968861600568,14.507024921959491,16.403297149707548
hyades,0.8,223,656,0.9125055831921222,14.593406154497679,15.9926760156876
hyades,0.8,224,656,0.9191387099970263,15.274501212311858,16.618276486648327
hyades,0.8,225,656,0.8445482577769388,14.022557324822154,16.60361879347548
hyades,0.8,226,656,0.8594312311521617,14.117074895134223,16.426066895670917
hyades,0.8,227,656,0.9498371445110577,15.6220432270353,16.447075498481343
hyades,0.8,228,656,0.8505351275975557,13.649978002497578,16.048694004036815
hyades,0.8,229,656,0.8844712209757383,14.492537366396487,16.385538639016982
hyades,0.8,230,656,0.8856499118515297,14.548756573124688,16.427209418120103
hyades,0.8,231,656,0.9053040208193223,15.142043169950076,16.725920598746658
hyades,0.8,232,656,0.930527992366281,15.084222242374192,16.210390623516712
hyades,0.8,233,656,0.8779687483756952,13.829656383775895,15.751877739796258
hyades,0.8,234,656,0.8984343634876214,14.985576817465368,16.679656774584
hyades,0.8,235,656,0.9011879013714121,14.769412428669852,16.38882679871092
hyades,0.8,236,656,0.8817610764848182,14.750162712367093,16.728071929835355
hyades,0.8,237,656,0.9026611538041048,14.69829046729554,16.283286818483557
hyades,0.8,238,656,0.9111693733843826,14.902456980580144,16.35530935947454
hyades,0.8,239,656,0.9471073880092042,15.161099855821199,16.007793886699
hyades,0.8,240,656,0.9215880109361974,14.997493579409564,16.273533728129042
hyades,0.8,241,656,0.9288469931874282,16.116244811791628,17.350806892841604
hyades,0.8,242,656,0.8845519870720221,14.740670822264136,16.664561312057646
hyades,0.8,243,656,0.9136430885921099,14.509052685708255,15.880438288069543
hyades,0.8,244,656,0.8715944658709086,14.509124461075949,16.646645922170055
hyades,0.8,245,656,0.93328614584874,15.917484734295373,17.055310212303482
hyades,0.8,246,656,0.9740483381585423,16.616791568549274,17.059514315237834
hyades,0.8,247,656,0.9531847087256013,15.338717825126508,16.09207290540175
hyades,0.8,248,656,0.8957986569177024,15.529577156299831,17.33601299396293
hyades,0.8,249,656,0.8846258147289753,14.637770004811605,16.546849256593546
hyades,0.8,250,656,0.8790070557160612,14.829764291072578,16.871041244363937
hyades,0.8,251,656,0.9043203478131937,14.726386181286635,16.284479517571
hyades,0.8,252,656,0.8640391897440228,14.443115037392966,16.71581012624188
hyades,0.8,253,656,0.8659037625016033,14.291479789347603,16.504697644527376
hyades,0.8,254,656,0.8238007430176764,13.235460125830333,16.06633671796329
hyades,0.8,255,656,0.9221985944273619,14.635449993333047,15.870171654751775
hyades,0.8,256,656,0.9065326779172788,14.654242046350305,16.165155877246278
hyades,0.8,257,656,0.9031157818254679,15.026252635886813,16.638235028419334
hyades,0.8,258,656,0.8898004837937795,15.117392731127776,16.989643191328483
hyades,0.8,259,656,0.8824294196396978,14.129175679124575,16.011677948014945
hyades,0.8,260,656,0.8886332012926977,14.709822552157823,16.553311907274445
hyades,0.8,261,656,0.8605531896774978,14.364345218488626,16.69198997899459
hyades,0.8,262,656,0.9086022510312739,14.777412321557946,16.263895785846245
hyades,0.8,263,656,0.92742312448612,14.72098425517332,15.872996765451731
hyades,0.8,264,656,0.9421399544378938,15.222441506525726,16.15730384304511
hyades,0.8,265,656,0.9104727252179061,15.628482845203791,17.16524000371717
hyades,0.8,266,656,0.8585837009226543,14.831660557328515,17.274565707909506
hyades,0.8,267,656,0.8746401630859472,14.344087366639926,16.39998707128933
hyades,0.8,268,656,0.8659896943608887,14.565155500096214,16.819086410543814
hyades,0.8,269,656,0.926386554105827,15.023677542830669,16.217503887814868
hyades,0.8,270,656,0.9026017034403425,15.115728242721886,16.746842139901812
hyades,0.8,271,656,0.8736063636948415,14.457999383011327,16.549787162564254
hyades,0.8,272,656,0.850822045091339,13.785966369354217,16.203113740281896
hyades,0.8,273,656,0.8530031251719136,14.35852133033816,16.832905890519868
hyades,0.8,274,656,0.9244114410894475,15.529287428628734,16.799107776432308
hyades,0.8,275,656,0.8364648095208603,13.853829020002994,16.562357271119005
hyades,0.8,276,656,0.862401265769416,14.461307192607727,16.768652559554926
hyades,0.8,277,656,0.8973946521309333,14.524834226377255,16.185559153809205
hyades,0.8,278,656,0.9240401492852143,14.963165831673019,16.19319879471437
hyades,0.8,279,656,0.8531139704882056,14.931116634618157,17.50190144708758
hyades,0.8,280,656,0.8903260070433618,14.523392274582662,16.312443037368585
hyades,0.8,281,656,0.9017432332667716,15.076264826706655,16.719021857352264
hyades,0.8,282,656,0.8897094480059005,14.36245962607111,16.14286513227615
hyades,0.8,283,656,0.8852635835250646,14.243330070423585,16.089366303431945
hyades,0.8,284,656,0.8556577653627163,14.274867900260292,16.682917491211132
hyades,0.8,285,656,0.8513296290333116,13.892826207769872,16.31897414817482
hyades,0.8,286,656,0.8927676917997891,14.657235170900385,16.417748206537247
hyades,0.8,287,656,0.8898889847085255,14.92479196851098,16.77152119530893
hyades,0.8,288,656,0.8647292169609436,14.752561192323698,17.06032466923112
hyades,0.8,289,656,0.8209847614747011,13.543171681314547,16.4962522044715
hyades,0.8,290,656,0.8799477582085944,14.344919615384166,16.302012797427523
hyades,0.8,291,656,0.9297855028514358,15.639826101721766,16.820896920588737
hyades,0.8,292,656,0.8943325270742977,14.863947212575368,16.62015722630709
hyades,0.8,293,656,0.9843326781664042,16.469918417934394,16.732065066268284
hyades,0.8,294,656,0.9174653600152444,15.505662379247877,16.900542576332516
hyades,0.8,295,656,0.8841342360453613,14.088824572424318,15.935164591569416
hyades,0.8,296,656,0.8542334329380054,14.689101325863799,17.19565256927826
hyades,0.8,297,656,0.8329195218226972,13.587568931946489,16.313183418023982
hyades,0.8,298,656,0.9187578682779481,15.776570250323507,17.171630083445102
hyades,0.8,299,656,0.9151428319607441,15.327153390851969,16.748372882965924
hyades,0.8,300,656,0.8737439362271576,14.108703267724373,16.147411939298845
hyades,0.8,301,656,0.8693507658103075,14.67765211411393,16.88346371954148
hyades,0.8,302,656,0.8771656689054036,14.412149623284348,16.430362170089218
hyades,0.8,303,656,0.8851528833047367,14.801464132970029,16.721929524432497
hyades,0.8,304,656,0.906370835309679,15.327215197067256,16.910534408171262
hyades,0.8,305,656,0.9517170015719095,14.931708090453206,15.68923121662338
hyades,0.8,306,656,0.9136803498318555,15.538039749789181,17.005990938350205
hyades,0.8,307,656,0.8886824935349187,14.268742108702838,16.056063006199167
hyades,0.8,308,656,0.8730440836194473,14.73393279182421,16.87650494204209
hyades,0.8,309,656,0.9643369336681845,15.393194834709336,15.962465293282989
hyades,0.8,310,656,0.8862189787027787,14.852942767306633,16.759901473841076
hyades,0.8,311,656,0.9135573850455648,15.483469570041912,16.948546225445547
hyades,0.8,312,656,0.9087936289958288,14.74834927220435,16.228491047522564
hyades,0.8,313,656,0.880677033766451,15.091061430076449,17.135749941764107
hyades,0.8,314,656,0.8782945353074798,14.682936479179315,16.717554179064777
hyades,0.8,315,656,0.8586231699314308,13.53120495831108,15.759189167224166
hyades,0.8,316,656,0.9046041521069822,13.970427981532549,15.443692082324588
hyades,0.8,317,656,0.8759386004989002,14.362633913613326,16.396850082223725
hyades,0.8,318,656,0.8725458681628804,14.768760312585453,16.92605609797986
hyades,0.8,319,656,0.8664786994381347,13.984795321292323,16.139802779180513
hyades,0.8,320,656,0.935578662374393,16.533996464458628,17.672481352339965
hyades,0.8,321,656,0.9511623317945708,15.308420192015161,16.094434861747057
hyades,0.8,322,656,0.9094986908095932,15.350154853079378,16.877599724102282
hyades,0.8,323,656,0.9050828675298915,15.527178950507972,17.155532943501626
hyades,0.8,324,656,0.8758547590386256,14.636346069247583,16.71092828828497
hyades,0.8,325,656,0.9202706443969503,15.614058221510529,16.96681114037095
hyades,0.8,326,656,0.860500403250132,14.47327401436279,16.819601663981636
hyades,0.8,327,656,0.8439861309815612,14.15744899849592,16.774504318016124
hyades,0.8,328,656,0.8682957241705678,14.266016495071757,16.429905270694785
hyades,0.8,329,656,0.891829041353926,14.522781281408403,16.284265938862802
hyades,0.8,330,656,0.9234781512124496,15.278106749670798,16.54409119437414
hyades,0.8,331,656,0.9311004998350773,15.401631586787921,16.541320286602748
hyades,0.8,332,656,0.8560024103807475,13.844672334410435,16.17363709087263
hyades,0.8,333,656,0.8849007145444729,14.670993985538558,16.57925431000568
hyades,0.8,334,656,0.8499512565675844,13.60670326184077,16.008804218714424
hyades,0.8,335,656,0.8292049125487315,14.291451685890081,17.235126649168503
hyades,0.8,336,656,0.8928720333443915,15.205202234691154,17.02954249528647
hyades,0.8,337,656,0.8923721735822508,14.39634345722596,16.132667381855597
hyades,0.8,338,656,0.882317863861357,14.899730672439677,16.88703276077038
hyades,0.8,339,656,0.8628968532838879,14.587925989419663,16.905758705577668
hyades,0.8,340,656,0.9052367208597564,14.746304384391099,16.289998013321497
hyades,0.8,341,656,0.8985404431403428,14.200206292116185,15.803636219742486
hyades,0.8,342,656,0.8644973656364158,13.97600433105831,16.166624545778244
hyades,0.8,343,656,0.8709098006670645,14.940404321572894,17.154938789446902
hyades,0.8,344,656,0.8735255931437993,14.296974043135474,16.366977860008635
hyades,0.8,345,656,0.9089864544373798,15.457018175132948,17.004673831691058
hyades,0.8,346,656,0.8839951765943389,15.388886298217354,17.40833740462731
hyades,0.8,347,656,0.8287624329539485,13.909493219372719,16.7834504392233
hyades,0.8,348,656,0.9431031954719427,15.66914711532117,16.61445660512273
hyades,0.8,349,656,0.8323715977530126,13.802287955625676,16.581882410314044
hyades,0.8,350,656,0.8690330962659439,15.17370164921191,17.460441626918673
hyades,0.8,351,656,0.9205840811875712,15.978538389094737,17.356957083683344
hyades,0.8,352,656,0.8959818610057305,15.4050577665797,17.193492900947437
hyades,0.8,353,656,0.9125487540554474,14.849983044225855,16.27308456477664
hyades,0.8,354,656,0.87454810902588,14.309448584270463,16.362105682452526
hyades,0.8,355,656,0.8426614492482714,14.54607017902047,17.26205724967821
hyades,0.8,356,656,0.9223554876664376,15.451641770569326,16.752371484948856
hyades,0.8,357,656,0.934781118498807,15.538027280512921,16.62210219379046
hyades,0.8,358,656,0.9103237373983344,15.70366632838634,17.25063917729613
hyades,0.8,359,656,0.9131815547543121,15.661577850418498,17.15056307136228
hyades,0.8,360,656,0.7987231346192408,13.487581763542405,16.88642932569127
hyades,0.8,361,656,0.871740098157993,14.715977451153059,16.881152401097825
hyades,0.8,362,656,0.8725390527063374,15.120290745322599,17.32907048506802
hyades,0.8,363,656,0.9170918112061965,15.92277514508044,17.362247651233695
hyades,0.8,364,656,0.8474760789810369,14.074445798630531,16.60748444434319
hyades,0.8,365,656,0.8979085992781436,14.596373058047313,16.255967555920265
hyades,0.8,366,656,0.8986922182112307,14.856586279472223,16.531339627089434
hyades,0.8,367,656,0.8502210314874937,14.596042986536293,17.167351131034675
hyades,0.8,368,656,0.9297708131923033,15.585996382570293,16.76326699163298
hyades,0.8,369,656,0.864862720030208,14.879009538792795,17.203897444293933
hyades,0.8,370,656,0.8939552351310399,14.91855146540969,16.688253370117422
hyades,0.8,371,656,0.847864576501359,14.122170683137506,16.656163112051974
hyades,0.8,372,656,0.8661450940769444,13.794085681918624,15.925837110027226
hyades,0.8,373,656,0.9387753497132296,15.650835497844351,16.671545010875345
hyades,0.8,374,656,0.8653130957616053,14.385291629208007,16.62437758040261
hyades,0.8,375,656,0.8821404116208952,14.469289141636086,16.402478506850613
hyades,0.8,376,656,0.9217286112465766,15.151515243998663,16.438152249073887
hyades,0.8,377,656,0.8733790828668472,14.528797832246724,16.63515662014285
hyades,0.8,378,656,0.8773806242201282,14.144930027512359,16.12177159723042
hyades,0.8,379,656,0.8945229015433788,14.610376782218973,16.333150059110544
hyades,0.8,380,656,0.8833772598187118,14.559374080302272,16.481490686425605
hyades,0.8,381,656,0.9440721873356894,15.09750726607929,15.991899209197843
hyades,0.8,382,656,0.8511990650246656,14.866134119413076,17.464932388033453
hyades,0.8,383,656,0.9191766362799303,14.168530050290498,15.414371396158451
hyades,0.8,384,656,0.8791553937545454,14.307411351957459,16.274041487541616
hyades,0.8,385,656,0.8814474665805787,13.707124596527535,15.550699407761563
hyades,0.8,386,656,0.9008309998274217,15.716160525326998,17.44629184423921
hyades,0.8,387,656,0.8941520404283566,14.11590557748006,15.786918710958405
hyades,0.8,388,656,0.9362747184016688,15.333935269308057,16.377602607368157
hyades,0.8,389,656,0.8483501160540157,13.63214959481034,16.069013649951998
hyades,0.8,390,656,0.8919243495667503,14.769394445249354,16.559021460086324
hyades,0.8,391,656,0.8787992361793869,14.744736029664235,16.778275882177066
hyades,0.8,392,656,0.9153360502614021,14.920101000934507,16.300134793853708
hyades,0.8,393,656,0.8668902427249799,14.982530279113474,17.283076381177665
hyades,0.8,394,656,0.906546700653705,14.596638220134661,16.10136379031452
hyades,0.8,395,656,0.9061001092925676,15.176359042709798,16.749097464030385
hyades,0.8,396,656,0.9323482619347672,15.91667592211824,17.071599285323565
hyades,0.8,397,656,0.8735944267207943,15.127020420035507,17.315838972116275
hyades,0.8,398,656,0.8483598093146598,14.212873485712974,16.753355509845193
hyades,0.8,399,656,0.8809668004143687,14.726770875473132,16.716601429868067
hyades,0.8,400,656,0.8684255512694175,14.57947248813904,16.7883965031056
hyades,0.8,401,656,0.9007302202913935,14.818365984124018,16.451503069731753
hyades,0.8,402,656,0.8935260250931513,14.789547675103698,16.551893576420305
hyades,0.8,403,656,0.9593018468276996,15.24520962031118,15.891984020176055
hyades,0.8,404,656,0.8745057402246025,14.484374249292117,16.562926442966564
hyades,0.8,405,656,0.9021609862240612,14.98723778342169,16.612597986696194
hyades,0.8,406,656,0.9514348490993977,15.395323580439392,16.181164264702083
hyades,0.8,407,656,0.9472865506085741,15.528920283697772,16.393054745389747
hyades,0.8,408,656,0.8930757355711969,15.396998060050292,17.24041696217692
hyades,0.8,409,656,0.8709764419271132,14.820229183021686,17.015648724356545
hyades,0.8,410,656,0.853526984958966,14.515177935043289,17.006114851472585
hyades,0.8,411,656,0.8458631405922074,13.75546585618457,16.262046655152826
hyades,0.8,412,656,0.9076164540757512,15.21728354362575,16.766205014564104
hyades,0.8,413,656,0.8750603947078944,14.893621491390817,17.020106933719113
hyades,0.8,414,656,0.9104992373477394,15.020402159974624,16.496886042132957
hyades,0.8,415,656,0.8910602014664791,14.249121846466839,15.991199947002546
hyades,0.8,416,656,0.8696397210792245,13.991122890704967,16.088412881304407
hyades,0.8,417,656,0.834467528029378,14.076828743651557,16.86923489628703
hyades,0.8,418,656,0.8446494432375681,13.654607880173732,16.166005896878577
hyades,0.8,419,656,0.8792329256126942,14.509770947903245,16.502761128732867
hyades,0.8,420,656,0.8237960328291434,13.774384069760586,16.72062442745147
hyades,0.8,421,656,0.885018934230399,14.213815071675548,16.06046438321198
hyades,0.8,422,656,0.8537383644362387,14.486387889511239,16.968181931331202
hyades,0.8,423,656,0.9445132314732406,16.04746577701306,16.990196899605536
hyades,0.8,424,656,0.9116146225925928,14.47672652859864,15.880314082092552
hyades,0.8,425,656,0.8991438730189084,14.449630275053483,16.07043178366808
hyades,0.8,426,656,0.9263492736086578,14.871219017032292,16.05357659438802
hyades,0.8,427,656,0.8857643903073483,15.06696946908738,17.010132303760084
hyades,0.8,428,656,0.8987349721678354,15.15692477683471,16.864732369626996
hyades,0.8,429,656,0.9298520994246094,15.326249757253883,16.48245970164259
hyades,0.8,430,656,0.8314752050416961,14.1253588485155,16.988310370370158
hyades,0.8,431,656,0.8997033613492064,15.366037856497833,17.079004610424853
hyades,0.8,432,656,0.8871096358409468,13.799802191628515,15.555915113633974
hyades,0.8,433,656,0.9384555554721288,15.48958087875739,16.505396327442185
hyades,0.8,434,656,0.8771021349217081,14.470356686592048,16.49791524892788
hyades,0.8,435,656,0.9179628475015421,15.412762025304545,16.79018063449311
hyades,0.8,436,656,0.8862824493513355,14.877977253665005,16.78694784552498
hyades,0.8,437,656,0.9163206752838455,16.124486201244892,17.59699048179838
hyades,0.8,438,656,0.8462730078005125,13.339031114669794,15.76208976502549
hyades,0.8,439,656,0.8700448005976567,14.93833999286683,17.169621590296604
hyades,0.8,440,656,0.8851130218016378,15.601876125604306,17.62698744827735
hyades,0.8,441,656,0.8971258242929946,14.789230350488745,16.4851238811945
hyades,0.8,442,656,0.937906834257442,15.236408720880837,16.2451196263473
hyades,0.8,443,656,0.9244701718973887,15.362759769867303,16.617907464052273
hyades,0.8,444,656,0.9178696762922435,15.860273138859032,17.279439062555138
hyades,0.8,445,656,0.9017388102735572,15.157584593366495,16.80928492893435
hyades,0.8,446,656,0.8746859592946956,14.136534182755462,16.161839609446204
hyades,0.8,447,656,0.9056444274772899,14.999345159903651,16.562068627402642
hyades,0.8,448,656,0.8554118924132151,14.57188958776048,17.03493921115769
hyades,0.8,449,656,0.8783151824810062,14.316256509804589,16.29968010955359
hyades,0.8,450,656,0.9413858475673976,14.736057667004687,15.653578928431546
hyades,0.8,451,656,0.8742266378577382,14.643401384465921,16.750120335327534
hyades,0.8,452,656,0.8731156705027698,14.607182416718384,16.729951036507074
hyades,0.8,453,656,0.9039419119447281,14.706923551922113,16.269766184733975
hyades,0.8,454,656,0.8940648598251766,14.73992680217452,16.486417780760036
hyades,0.8,455,656,0.9460045441017462,15.774307064726509,16.674663100804224
hyades,0.8,456,656,0.8280033275349509,13.603186670604615,16.42890338508985
hyades,0.8,457,656,0.9160908590656972,15.800799972050983,17.24807077342296
hyades,0.8,458,656,0.9613203184895578,14.523220528651185,15.10757678717361
hyades,0.8,459,656,0.8922128694770757,14.222957785328724,15.94121568058615
hyades,0.8,460,656,0.8881161885037412,14.448377135397955,16.268566345738996
hyades,0.8,461,656,0.8824282533613257,14.319677806163703,16.22758309428275
hyades,0.8,462,656,0.8906731993008441,15.437551669266345,17.33245334134274
hyades,0.8,463,656,0.8885604903295554,14.841836162980304,16.70323666706772
hyades,0.8,464,656,0.9150416165477797,15.165450630905058,16.57350917887261
hyades,0.8,465,656,0.8744012481322541,14.318897575329114,16.37566003698495
hyades,0.8,466,656,0.9561086268576487,15.09730289299536,15.790363635368744
hyades,0.8,467,656,0.8163448623464137,13.579090792145287,16.63401268076216
hyades,0.8,468,656,0.866433767259786,14.979868772398614,17.289110072169134
hyades,0.8,469,656,0.8308306635422423,13.876903390980964,16.702444914366612
hyades,0.8,470,656,0.7937243621125902,12.825842204990073,16.159063293524962
hyades,0.8,471,656,0.9070666546828804,15.087868752203777,16.63369353763605
hyades,0.8,472,656,0.8706055210334824,13.93677098384228,16.00813531172896
hyades,0.8,473,656,0.9313126346703944,14.738458681344717,15.825468411647696
hyades,0.8,474,656,0.9282861438611126,14.51222453938724,15.633352533977407
hyades,0.8,475,656,0.8920543156119163,14.448207423288832,16.196555714634815
hyades,0.8,476,656,0.911478532374421,15.024958093750357,16.48416014210452
hyades,0.8,477,656,0.8034456644797212,14.03943231320274,17.474028343029403
hyades,0.8,478,656,0.8836889700215805,14.656850610314851,16.585983425771307
hyades,0.8,479,656,0.8949013930285393,14.771028084732016,16.505760522669064
hyades,0.8,480,656,0.9353706549582503,15.13322020106421,16.17884858889407
hyades,0.8,481,656,0.9187950825629444,14.888868012280367,16.20477546609025
hyades,0.8,482,656,0.916823402602888,15.244845420597166,16.62789734349779
hyades,0.8,483,656,0.9469691147713102,15.847409038832453,16.73487423363279
hyades,0.8,484,656,0.8710238212478819,15.490925001350963,17.784731741501304
hyades,0.8,485,656,0.9160892259945351,15.25425171217342,16.65149122959385
hyades,0.8,486,656,0.8709502442634899,15.005043186486901,17.228358663789987
hyades,0.8,487,656,0.8936368699954232,15.471847275558089,17.31334929772686
hyades,0.8,488,656,0.9176966714491374,15.644642812497413,17.04772753266383
hyades,0.8,489,656,0.9608696707028899,15.704086669064925,16.343617816115646
hyades,0.8,490,656,0.8431458846805491,14.300511759676702,16.960898486855424
hyades,0.8,491,656,0.8647663629932751,14.935427760212484,17.271055396414198
hyades,0.8,492,656,0.8295674877044036,14.014571615239909,16.89382940262199
hyades,0.8,493,656,0.8698325418870402,14.024858636352452,16.12363065415616
hyades,0.8,494,656,0.8158276573346493,13.639998587027879,16.71921571228714
hyades,0.8,495,656,0.917796070022543,14.744778181096173,16.065418738101602
hyades,0.8,496,656,0.8759874411578582,13.592122256277909,15.516343748390026
hyades,0.8,497,656,0.8906390207323748,14.796662307739322,16.613534735511575
hyades,0.8,498,656,0.8355728876685397,14.578776864572239,17.44764230592824
hyades,0.8,499,656,0.855427850822009,13.632493367750767,15.936461917449673
hyades,0.8,500,656,0.8680892795359013,14.385762367321037,16.57175443407384
hyades,0.9,1,738,0.8726345349624275,14.676370792273051,16.81846202993211
hyades,0.9,2,738,0.851376942131053,14.342611910119752,16.84637109647255
hyades,0.9,3,738,0.880442600741656,14.734106358567212,16.734885779215684
hyades,0.9,4,738,0.876977426739502,14.339723389883954,16.351302727593964
hyades,0.9,5,738,0.858567873687318,14.572459022501977,16.972984278944875
hyades,0.9,6,738,0.8574347337868193,13.8094762555267,16.10557131799153
hyades,0.9,7,738,0.833657154418336,13.808752998637374,16.564067045369622
hyades,0.9,8,738,0.903511963466501,14.937915286714075,16.533168226574258
hyades,0.9,9,738,0.8690182836509721,14.907661569799766,17.154600599620064
hyades,0.9,10,738,0.8417669460424896,13.901155726715611,16.514257054248752
hyades,0.9,11,738,0.8773959791561735,14.679934953797446,16.731253963479205
hyades,0.9,12,738,0.8952578733787651,14.647649560690336,16.361374746037246
hyades,0.9,13,738,0.9003863625751084,15.027421011821309,16.689969591323916
hyades,0.9,14,738,0.8718180205525503,14.329789336764462,16.436674855243727
hyades,0.9,15,738,0.8917135403102178,15.436033880724837,17.310529876393716
hyades,0.9,16,738,0.8284233484719195,13.5945352265507,16.410130462434093
hyades,0.9,17,738,0.8878347349089223,14.905697523018107,16.788819964953493
hyades,0.9,18,738,0.8670141216765739,14.960778450731338,17.255518770330045
hyades,0.9,19,738,0.8785424596748005,14.634375961243265,16.657562534496392
hyades,0.9,20,738,0.8611508849583948,13.907517136047325,16.149919112861674
hyades,0.9,21,738,0.8822204691244228,14.547037670186246,16.48911828652507
hyades,0.9,22,738,0.8792189979371742,14.960479249862525,17.015646027852945
hyades,0.9,23,738,0.8978704100532365,15.444693529974437,17.20147290415628
hyades,0.9,24,738,0.8607618846457973,14.434521756083653,16.769471341105497
hyades,0.9,25,738,0.8809262763982169,14.855963484185626,16.86402583531302
hyades,0.9,26,738,0.877282562895962,14.636798717040909,16.684246713765706
hyades,0.9,27,738,0.8553934801234823,14.462528980667905,16.907457581486515
hyades,0.9,28,738,0.8607724676661512,14.160166096289238,16.450533245658164
hyades,0.9,29,738,0.8706684965023337,14.320055715348897,16.44719634726156
hyades,0.9,30,738,0.8954298161709077,14.758223644963996,16.481720150970652
hyades,0.9,31,738,0.8319774567110041,14.24937917421687,17.127121725807214
hyades,0.9,32,738,0.8585373427116902,14.87250640568174,17.32307456622321
hyades,0.9,33,738,0.8456821984431518,14.154840946792152,16.7377780599501
hyades,0.9,34,738,0.8782601885494745,14.883242365738088,16.946279200380353
hyades,0.9,35,738,0.8601891121992498,14.478100777270694,16.83129973623412
hyades,0.9,36,738,0.8849879786476879,14.430997643552047,16.306433524219656
hyades,0.9,37,738,0.819709145937544,13.363011127908216,16.302137403413067
hyades,0.9,38,738,0.8807969638778763,14.461073613599778,16.418169233840395
hyades,0.9,39,738,0.8867393527566905,14.452446815734177,16.298415955945217
hyades,0.9,40,738,0.8849623670863407,14.68565801942937,16.59466951999392
hyades,0.9,41,738,0.8749537157856604,15.171947719924091,17.340286058789424
hyades,0.9,42,738,0.8663836267561424,14.542303888779182,16.78506315179055
hyades,0.9,43,738,0.8897041561986649,14.799653632443118,16.63435371109861
hyades,0.9,44,738,0.8881403943319567,14.5181280859237,16.34665890503041
hyades,0.9,45,738,0.8476226295025537,13.92098408644734,16.42356350799315
hyades,0.9,46,738,0.8613653384460267,14.353332450149491,16.663466486873123
hyades,0.9,47,738,0.8298129102276666,13.75405596205344,16.574887896453543
hyades,0.9,48,738,0.8795374423215555,14.43791349502964,16.415348341419666
hyades,0.9,49,738,0.8471308726821517,14.30474339562436,16.886107987462736
hyades,0.9,50,738,0.8939544874358182,14.742740229056043,16.491600451991136
hyades,0.9,51,738,0.9124681345987278,15.40402199958287,16.881709525513493
hyades,0.9,52,738,0.8450321130333619,14.298826018215035,16.921044535085635
hyades,0.9,53,738,0.884404429706163,15.208830092386583,17.19669144741802
hyades,0.9,54,738,0.8612399934298728,14.087704029140758,16.357466137907426
hyades,0.9,55,738,0.8722445228816164,14.731739845456424,16.88946099287328
hyades,0.9,56,738,0.8929568450380221,15.020626474327909,16.82122328508309
hyades,0.9,57,738,0.8661354471907353,14.389233335757108,16.613144494233353
hyades,0.9,58,738,0.8662457422997074,14.492931808449136,16.73073944349017
hyades,0.9,59,738,0.882636753278536,14.728545761493791,16.686984432480195
hyades,0.9,60,738,0.8411550431234321,13.717278111789728,16.30766910800871
hyades,0.9,61,738,0.8613729803478495,14.811524311799296,17.195250663444234
hyades,0.9,62,738,0.8497688249043527,13.537688839869109,15.931025524963061
hyades,0.9,63,738,0.8765026657041696,14.586180493598958,16.641341851345803
hyades,0.9,64,738,0.8549065841058353,14.302204649408242,16.729552579557236
hyades,0.9,65,738,0.9129260021773912,15.365657503598467,16.8312190330326
hyades,0.9,66,738,0.8100287281410128,13.894230198262111,17.152762260850768
hyades,0.9,67,738,0.8412055201722322,13.875734962411254,16.49505932815357
hyades,0.9,68,738,0.8290394811326244,13.733894225375781,16.56603157983826
hyades,0.9,69,738,0.8885966740440204,14.645862582950212,16.482013731040215
hyades,0.9,70,738,0.8248983011152313,13.425172640944826,16.274942769059532
hyades,0.9,71,738,0.8537261530005177,13.706145703625417,16.05449903983099
hyades,0.9,72,738,0.8548603774771215,14.189707052680602,16.59885921319398
hyades,0.9,73,738,0.8423135395116372,13.986944729102214,16.605389885115308
hyades,0.9,74,738,0.8830927301421844,14.50456421816335,16.424735164367178
hyades,0.9,75,738,0.8940209232053657,14.793066543126226,16.546667040059987
hyades,0.9,76,738,0.8870816212766534,15.116195749243879,17.040366282743225
hyades,0.9,77,738,0.8787622413899234,14.017388351126336,15.95128658345091
hyades,0.9,78,738,0.863331847686702,14.372662727669894,16.647900533475568
hyades,0.9,79,738,0.8634790119920306,14.319153332512615,16.58309366371116
hyades,0.9,80,738,0.8686162605747455,14.661797921335939,16.879488200732656
hyades,0.9,81,738,0.8637412872791009,14.223586582134287,16.467415407384845
hyades,0.9,82,738,0.8386870521227104,14.656708858732076,17.475778148280767
hyades,0.9,83,738,0.8526865010899461,13.944099334442722,16.353137192413254
hyades,0.9,84,738,0.862643808400752,14.615658762804031,16.942866360914216
hyades,0.9,85,738,0.8656806851518787,14.768011494955857,17.059421271903386
hyades,0.9,86,738,0.8361762149518097,14.115094002230055,16.880525599551444
hyades,0.9,87,738,0.8505872453452592,14.405913193330068,16.936432179255885
hyades,0.9,88,738,0.888730451105165,15.019597871800503,16.900059914817984
hyades,0.9,89,738,0.8378345486526334,14.47205766917046,17.27316890004566
hyades,0.9,90,738,0.8619297349314358,13.976298182633435,16.21512475578443
hyades,0.9,91,738,0.8531821219849608,14.067354811655548,16.488103124954506
hyades,0.9,92,738,0.8881542264885565,14.410515326505347,16.225239825158926
hyades,0.9,93,738,0.8923722780976435,15.06776666914935,16.885068080858325
hyades,0.9,94,738,0.8895703021826372,14.989114065626694,16.849836408488024
hyades,0.9,95,738,0.8769186396230372,14.92037915578113,17.014553553331908
hyades,0.9,96,738,0.8527414487744993,14.621919831600447,17.14695568347716
hyades,0.9,97,738,0.8863463204570274,15.265477205100435,17.222926132563043
hyades,0.9,98,738,0.8672454429115636,14.79106574029814,17.05522451711106
hyades,0.9,99,738,0.8664939904731565,14.376577508735952,16.59166441637466
hyades,0.9,100,738,0.8717741643170624,14.626361772107412,16.77769584232349
hyades,0.9,101,738,0.8479142002248642,14.456750694161524,17.049780143235765
hyades,0.9,102,738,0.8679945065990748,14.704780560793704,16.94109864636023
hyades,0.9,103,738,0.8713452010007213,14.492804316289194,16.632678185000064
hyades,0.9,104,738,0.8408093133146359,14.25441558954143,16.95320849069537
hyades,0.9,105,738,0.8702538992284631,14.530960493651419,16.697380507612852
hyades,0.9,106,738,0.8516993175111578,14.559741479790558,17.094931486310387
hyades,0.9,107,738,0.9371051815291489,15.42330333525387,16.458454866385907
hyades,0.9,108,738,0.9146671228477896,15.481730043974562,16.926081256504162
hyades,0.9,109,738,0.8816013819518506,14.89771429698719,16.89846976419649
hyades,0.9,110,738,0.8493566134063084,14.493312984605417,17.063872531092215
hyades,0.9,111,738,0.8745331830437951,14.41814539577325,16.486676178016694
hyades,0.9,112,738,0.892586447024171,14.967181943201028,16.76832758675723
hyades,0.9,113,738,0.8755465684584197,14.327071022505855,16.363573953275402
hyades,0.9,114,738,0.8627338688169123,14.46889989515864,16.77098861900506
hyades,0.9,115,738,0.8713477845822823,14.288617559688422,16.398294472669463
hyades,0.9,116,738,0.8940043629258814,15.017489580637704,16.798004801104923
hyades,0.9,117,738,0.8426866717522086,14.174245233334354,16.820303095409916
hyades,0.9,118,738,0.872011551014455,14.559099473252825,16.695993827507777
hyades,0.9,119,738,0.8679892799370836,14.975529531248565,17.253127287855524
hyades,0.9,120,738,0.8728425784430576,14.511012951440367,16.625005825591764
hyades,0.9,121,738,0.8980970856724388,15.056692285894597,16.76510538347988
hyades,0.9,122,738,0.8735951106666147,14.76264831335811,16.898730468046196
hyades,0.9,123,738,0.8053437880681158,13.51180937201285,16.777691182576085
hyades,0.9,124,738,0.9220518564716742,15.533340274458023,16.84649313965696
hyades,0.9,125,738,0.8979731213687657,15.166386580966632,16.8895774495441
hyades,0.9,126,738,0.8616218352000931,14.583069371422129,16.92513905248876
hyades,0.9,127,738,0.8601078060918409,14.039413812297283,16.32285361539688
hyades,0.9,128,738,0.8748916108913877,14.231467944812538,16.26654978473589
hyades,0.9,129,738,0.9189298104191559,15.630932725828199,17.009931061762362
hyades,0.9,130,738,0.8990601618292562,14.930533461427215,16.606823542318992
hyades,0.9,131,738,0.880911809419102,14.633473486693084,16.611734943527217
hyades,0.9,132,738,0.8568531094844443,14.148618501254344,16.512303386244763
hyades,0.9,133,738,0.8597893462728201,14.232084555542846,16.55299012163714
hyades,0.9,134,738,0.8786790275237707,14.358343374615654,16.340828590252453
hyades,0.9,135,738,0.8443934577086072,14.343633345752163,16.986907246623915
hyades,0.9,136,738,0.7916249413986832,13.439203964585662,16.976731355685423
hyades,0.9,137,738,0.8760412941846104,14.516455973704238,16.570515648141523
hyades,0.9,138,738,0.848025615119576,14.230226146192457,16.780420181277098
hyades,0.9,139,738,0.861516684279517,14.38997557146132,16.703072423368795
hyades,0.9,140,738,0.9325648933422858,15.403120414628141,16.516942171631403
hyades,0.9,141,738,0.8427077359294589,13.940905314865454,16.54298960420652
hyades,0.9,142,738,0.9384550138251924,15.435200124433411,16.447458745538285
hyades,0.9,143,738,0.879936205583124,15.089562811706466,17.148473623388163
hyades,0.9,144,738,0.8857816973165983,14.687892698806227,16.581842617997157
hyades,0.9,145,738,0.8347411107309164,13.48709016932441,16.157213291573527
hyades,0.9,146,738,0.8116885007334657,13.470429117240379,16.595564807272865
hyades,0.9,147,738,0.8500182951225094,14.54211177278253,17.107998564532824
hyades,0.9,148,738,0.8679391144807446,14.81194182249996,17.065646167313695
hyades,0.9,149,738,0.8432984698324264,13.72285515174546,16.272832979849184
hyades,0.9,150,738,0.882932878359625,14.502786403944981,16.425695270165136
hyades,0.9,151,738,0.884158530645864,14.20648260285229,16.067800185646206
hyades,0.9,152,738,0.8786890299453742,14.429754173296608,16.42191228243019
hyades,0.9,153,738,0.8771216273274092,14.712786201724459,16.773940743605124
hyades,0.9,154,738,0.8671872206049727,14.578254354275584,16.810965392346777
hyades,0.9,155,738,0.8852160496917012,14.913042750694842,16.846783060348585
hyades,0.9,156,738,0.8498734108892457,14.038491601407365,16.518332520508565
hyades,0.9,157,738,0.8569525216299723,14.27983427779432,16.663506924086374
hyades,0.9,158,738,0.8490476574887893,14.677921562392356,17.28751199409105
hyades,0.9,159,738,0.855755110314292,14.131865085837763,16.513912584930488
hyades,0.9,160,738,0.8669800237610908,14.665274944662075,16.915355074782333
hyades,0.9,161,738,0.8565538546053239,14.083443978773172,16.441983073279648
hyades,0.9,162,738,0.8573887106039102,14.250034170933942,16.62027268926458
hyades,0.9,163,738,0.8543254008381388,14.061646556857703,16.459356754536945
hyades,0.9,164,738,0.8371129261391261,14.186765354139492,16.9472539619842
hyades,0.9,165,738,0.8731158751337358,14.218929733591136,16.285272251421624
hyades,0.9,166,738,0.9225286687149223,15.342599859873763,16.63102771781166
hyades,0.9,167,738,0.8423498270657215,13.964238992586829,16.577719308414267
hyades,0.9,168,738,0.8621789899382504,14.015913441003754,16.256384816344898
hyades,0.9,169,738,0.8336286362681308,13.717544448914047,16.455222208203864
hyades,0.9,170,738,0.8886964465361418,14.956211657692164,16.82938163642575
hyades,0.9,171,738,0.8470144665078964,13.82694389868917,16.324330274659207
hyades,0.9,172,738,0.8667060957868653,14.489372301807151,16.71774592591568
hyades,0.9,173,738,0.8273811972191586,14.33138261040696,17.321378173174548
hyades,0.9,174,738,0.8759687233291217,14.454168098435952,16.500781036453954
hyades,0.9,175,738,0.8609469754572333,14.600449975716257,16.958593725196867
hyades,0.9,176,738,0.8824429474250449,15.23642911130207,17.266191718979382
hyades,0.9,177,738,0.8442445772836967,13.934216576081955,16.5049524166497
hyades,0.9,178,738,0.8263203284583884,14.057250350903804,17.011865576548857
hyades,0.9,179,738,0.8890511420665604,14.711079120325357,16.546943616910607
hyades,0.9,180,738,0.862679136427039,14.397303570508486,16.689059654482715
hyades,0.9,181,738,0.8639696595436002,14.474082901004142,16.7529990678726
hyades,0.9,182,738,0.855996057468604,14.041348513588474,16.403520075912827
hyades,0.9,183,738,0.8410517243710207,13.789772129866964,16.395866901265347
hyades,0.9,184,738,0.8723803186132579,14.835479820122035,17.005747956011458
hyades,0.9,185,738,0.830980390796919,13.842861102517997,16.658469027461102
hyades,0.9,186,738,0.878235348193979,14.583707909449855,16.605694520768367
hyades,0.9,187,738,0.870108160319437,14.599701691041428,16.779180286829554
hyades,0.9,188,738,0.874224082830543,14.449032341132757,16.527836083341477
hyades,0.9,189,738,0.9173690008505218,15.182279916049582,16.549807004568077
hyades,0.9,190,738,0.8416728427375664,13.974556752946068,16.603311932333945
hyades,0.9,191,738,0.8689255964811541,14.527773155828342,16.719237198973953
hyades,0.9,192,738,0.8947146394603434,15.101028944976687,16.87803940939765
hyades,0.9,193,738,0.8595953133269983,14.235527615980281,16.560732004090102
hyades,0.9,194,738,0.8729872330875369,14.325515960431552,16.40976570730112
hyades,0.9,195,738,0.8389398757048179,14.021495840054856,16.713350081583602
hyades,0.9,196,738,0.8392360573750233,14.270722819188045,17.0044205009783
hyades,0.9,197,738,0.8571336812585668,14.216419278546375,16.5860000480576
hyades,0.9,198,738,0.8221942221908273,13.602528786725614,16.54417948897789
hyades,0.9,199,738,0.9022984489459612,14.790866164916013,16.39243221818044
hyades,0.9,200,738,0.8718240369771973,14.548830561478457,16.68780619071069
hyades,0.9,201,738,0.8578894723849796,14.39385568733622,16.77821695062945
hyades,0.9,202,738,0.8913509563294715,14.479190193672185,16.24409565150028
hyades,0.9,203,738,0.8849743226291114,15.082317912473979,17.042661608154827
hyades,0.9,204,738,0.8745765107887687,14.430024717378725,16.499442346518638
hyades,0.9,205,738,0.8727714787754665,14.231491856421243,16.306091803536706
hyades,0.9,206,738,0.8653649975896904,14.36371600249646,16.598448102828122
hyades,0.9,207,738,0.8888705671253205,14.6955748498874,16.5328624812205
hyades,0.9,208,738,0.8573038065963277,14.486648898201178,16.897917385572043
hyades,0.9,209,738,0.8605586897017492,14.481267748707129,16.82775146193227
hyades,0.9,210,738,0.8714440531870867,14.560918677231093,16.708954090601924
hyades,0.9,211,738,0.8087496130669308,13.83559504067741,17.10738999702297
hyades,0.9,212,738,0.8475856658084148,14.32006508412384,16.89512418837991
hyades,0.9,213,738,0.8414534992585423,14.100085357729501,16.756820632576815
hyades,0.9,214,738,0.9025923024496092,15.070822810921474,16.697264944559908
hyades,0.9,215,738,0.8901372881373436,14.801106343490716,16.627891608116727
hyades,0.9,216,738,0.896035922411843,15.100411083529286,16.852461721494148
hyades,0.9,217,738,0.8258567678184656,13.510084553688348,16.35887127180151
hyades,0.9,218,738,0.863621864759296,14.651381191704271,16.9650419814091
hyades,0.9,219,738,0.85958777069217,14.536331271464434,16.91081675087033
hyades,0.9,220,738,0.8478480519507918,14.516081893067899,17.121088925861443
hyades,0.9,221,738,0.9013914219496161,14.751079488760112,16.364787959547094
hyades,0.9,222,738,0.8615010245206173,14.595359750204313,16.941778749858027
hyades,0.9,223,738,0.8702788639061182,14.23363039156884,16.35525230117998
hyades,0.9,224,738,0.8612026925869335,14.635148568124944,16.993849060275213
hyades,0.9,225,738,0.856430469851556,14.723245993356887,17.19140842327673
hyades,0.9,226,738,0.8588050563617297,14.028725193653605,16.335168371138106
hyades,0.9,227,738,0.8692126774314316,14.400871345753295,16.56771894803538
hyades,0.9,228,738,0.8890408091283684,15.056090791689945,16.9352077397338
hyades,0.9,229,738,0.8690613587036728,14.523679491564506,16.711914925349593
hyades,0.9,230,738,0.8846778466356896,14.870195542072716,16.808599422515282
hyades,0.9,231,738,0.838752455091816,13.905963848073831,16.579342049796544
hyades,0.9,232,738,0.8848320490771207,14.85373490178416,16.787067011504156
hyades,0.9,233,738,0.8887447893046146,14.563010155378898,16.38604279950098
hyades,0.9,234,738,0.8773536863759113,15.111207331865305,17.223620948451515
hyades,0.9,235,738,0.910013566624601,15.27446871226124,16.784880217683906
hyades,0.9,236,738,0.8700130945499793,14.19462746376405,16.315418184718617
hyades,0.9,237,738,0.8470158096408609,14.04618497564766,16.583143804131964
hyades,0.9,238,738,0.857607433478556,14.305236348018967,16.6804015328963
hyades,0.9,239,738,0.8697800218142966,14.595147970803037,16.78027501753678
hyades,0.9,240,738,0.8524520909680751,14.133200085030335,16.57946556149586
hyades,0.9,241,738,0.8448836541247609,14.198079066548889,16.804774239900624
hyades,0.9,242,738,0.8744750969991782,14.476022318163533,16.55395604499088
hyades,0.9,243,738,0.9062671159148113,15.542216003820908,17.149707554082617
hyades,0.9,244,738,0.8414653434829699,13.912752546044786,16.53395787930791
hyades,0.9,245,738,0.9165008170551969,15.353947523515187,16.752791964603873
hyades,0.9,246,738,0.8845920929098037,14.661584037770456,16.574400964338494
hyades,0.9,247,738,0.8511493681565374,14.408965270093137,16.928832716284344
hyades,0.9,248,738,0.8732364273484666,14.740143999577565,16.879900491938002
hyades,0.9,249,738,0.8817177007029128,14.776069843993533,16.758277430762618
hyades,0.9,250,738,0.8538235577224204,13.884957759925602,16.262092600213343
hyades,0.9,251,738,0.8692918042583153,14.51880216333207,16.70187397627612
hyades,0.9,252,738,0.9036270603617279,15.086629409955542,16.695637029635062
hyades,0.9,253,738,0.8310741747297242,14.073259293352667,16.933818570321318
hyades,0.9,254,738,0.8606485835850957,14.609364005717467,16.974830708325893
hyades,0.9,255,738,0.9132188631840548,14.735554591656758,16.13584123775034
hyades,0.9,256,738,0.8374166106781342,13.749940606378246,16.41947440622612
hyades,0.9,257,738,0.8724196500936916,14.34963233032599,16.448084736267624
hyades,0.9,258,738,0.8482995661829679,13.989691213472565,16.491451571077615
hyades,0.9,259,738,0.8375042563429205,14.314754909913601,17.092157802780587
hyades,0.9,260,738,0.8717761098272163,14.00742579042609,16.06768714183086
hyades,0.9,261,738,0.8741440416293775,14.119905036877942,16.152835647725603
hyades,0.9,262,738,0.8500038431830494,15.011149819555627,17.660096410085238
hyades,0.9,263,738,0.9116437976509876,15.35706145841684,16.84546255674315
hyades,0.9,264,738,0.8441647576087401,14.058011653403316,16.653161040772837
hyades,0.9,265,738,0.8392865340448823,14.113874320293306,16.81651467976316
hyades,0.9,266,738,0.8781192705607819,14.47651551239839,16.48581917938487
hyades,0.9,267,738,0.9244638252759708,15.437452855509273,16.69881766428328
hyades,0.9,268,738,0.8706173773433953,14.468364858195386,16.61851145487608
hyades,0.9,269,738,0.9025060850342175,15.122384566348847,16.755991806720616
hyades,0.9,270,738,0.8422474128096915,14.141587688254525,16.790301131444213
hyades,0.9,271,738,0.8539475589655601,14.176125695088725,16.600698188377223
hyades,0.9,272,738,0.8787563016820181,14.4561869337425,16.450734869351226
hyades,0.9,273,738,0.8798764728817547,14.076898436282894,15.99872126388208
hyades,0.9,274,738,0.9143660934146286,14.982447381801538,16.385611288199414
hyades,0.9,275,738,0.8304653613985554,14.078764032090108,16.952861234790806
hyades,0.9,276,738,0.8442418819333889,14.260090271288329,16.891000762283262
hyades,0.9,277,738,0.8546029959542903,13.812785538045828,16.162809636095197
hyades,0.9,278,738,0.9073758813218984,14.665587378788732,16.162637425874014
hyades,0.9,279,738,0.8223625221111506,13.70189838946427,16.661627957326004
hyades,0.9,280,738,0.8445655625047017,13.886876625895313,16.442627123833272
hyades,0.9,281,738,0.860436626520689,14.275776193218615,16.591316261076617
hyades,0.9,282,738,0.9104141927407596,14.939049129027516,16.40906880422657
hyades,0.9,283,738,0.8658798174334801,14.630922921890193,16.897175135987265
hyades,0.9,284,738,0.9037146122615668,14.626443605480741,16.184803705760302
hyades,0.9,285,738,0.8205099629785135,13.846693770174229,16.87571680410763
hyades,0.9,286,738,0.901276862001815,15.553309469405988,17.25697188637543
hyades,0.9,287,738,0.8800982835486313,15.198556854728842,17.269158614248134
hyades,0.9,288,738,0.8999132454481192,15.223381262154206,16.916498717133113
hyades,0.9,289,738,0.8318592968791296,13.780730838834742,16.56617999045709
hyades,0.9,290,738,0.8515540427732676,14.630874560729088,17.18138112888352
hyades,0.9,291,738,0.875018722623327,14.512776834921077,16.58567578006951
hyades,0.9,292,738,0.8807420686147844,14.679735025536898,16.667462073913338
hyades,0.9,293,738,0.8860267943175236,14.719407256918815,16.612824071823557
hyades,0.9,294,738,0.866203175067038,14.315834023483067,16.5271086917629
hyades,0.9,295,738,0.8830163447684537,15.039023226841602,17.03142112367712
hyades,0.9,296,738,0.8393847495249429,14.019547427280502,16.70217076878629
hyades,0.9,297,738,0.8574542451311515,14.290173371820968,16.665814476940657
hyades,0.9,298,738,0.855244303653905,14.242773718591334,16.653456395723637
hyades,0.9,299,738,0.8519425865211883,14.265399151208232,16.744554594294183
hyades,0.9,300,738,0.8888270122739369,14.416262519197197,16.219424387559116
hyades,0.9,301,738,0.8707461186120539,14.466431882911458,16.613834473325664
hyades,0.9,302,738,0.8151534437287407,14.364307786382447,17.621599831163163
hyades,0.9,303,738,0.8858473583793363,14.911752269413476,16.83332024232101
hyades,0.9,304,738,0.831090102805347,14.458969286204036,17.397595323777463
hyades,0.9,305,738,0.8508596349379524,13.76718086588274,16.1803196444813
hyades,0.9,306,738,0.8443732676426426,13.86853654386211,16.42465136607283
hyades,0.9,307,738,0.863742109400031,14.708804946806325,17.02916274051209
hyades,0.9,308,738,0.885480004017101,15.012308085962587,16.95386459079505
hyades,0.9,309,738,0.853701959457745,14.4480783904052,16.924030957574868
hyades,0.9,310,738,0.847009640768892,14.42707389369938,17.03295121954324
hyades,0.9,311,738,0.8756444779502058,14.569987999524352,16.639159346532058
hyades,0.9,312,738,0.8351003362296082,13.543245861504737,16.21750737480372
hyades,0.9,313,738,0.8475871848304674,13.88079999840827,16.376840337887693
hyades,0.9,314,738,0.8615646091407622,14.507977731185298,16.83910594430532
hyades,0.9,315,738,0.8730490908850459,14.4783890190951,16.58370551009653
hyades,0.9,316,738,0.8152063592941129,13.783196791720536,16.907616868513397
hyades,0.9,317,738,0.8823946620912851,14.695157337616486,16.653724199542186
hyades,0.9,318,738,0.8369512763490827,14.316174453182683,17.105146808105914
hyades,0.9,319,738,0.8997003344754759,15.011742479023885,16.685269421152
hyades,0.9,320,738,0.8698021868835183,14.163393959770293,16.283465566484047
hyades,0.9,321,738,0.8482520041264086,13.915060438555603,16.404394414471607
hyades,0.9,322,738,0.870405335002765,14.926950540944802,17.14942445854538
hyades,0.9,323,738,0.8323494953347953,14.078035680473214,16.91361112054332
hyades,0.9,324,738,0.8442073440369117,14.121815121904653,16.72789892394871
hyades,0.9,325,738,0.8964391807812778,14.823491957648779,16.535970621821317
hyades,0.9,326,738,0.9002961929301185,15.134502635691806,16.810581622515596
hyades,0.9,327,738,0.8380197542366541,14.16865868378381,16.907308702633074
hyades,0.9,328,738,0.8894378819713166,15.236782849248119,17.13080042810622
hyades,0.9,329,738,0.8571555382680731,13.946386165811894,16.27054314318646
hyades,0.9,330,738,0.8550246603392156,14.255058898632342,16.672102642018423
hyades,0.9,331,738,0.8559963803298808,14.310493337374417,16.71793674157768
hyades,0.9,332,738,0.8604879395642792,14.57026406977343,16.93256046929757
hyades,0.9,333,738,0.8767277889597725,14.488911490285194,16.526123242284953
hyades,0.9,334,738,0.8392133247700181,14.421684817316072,17.184766246732625
hyades,0.9,335,738,0.8080395044873683,13.787293804469023,17.062648209527673
hyades,0.9,336,738,0.8571083938325575,14.34781399667644,16.739789389437938
hyades,0.9,337,738,0.8215147900523647,13.926288295580223,16.951962964285205
hyades,0.9,338,738,0.8976314945605415,14.909418886305357,16.609732364175397
hyades,0.9,339,738,0.8693745118000133,14.562815810673955,16.750911848706135
hyades,0.9,340,738,0.8782527284815573,14.649217446454813,16.67995665869706
hyades,0.9,341,738,0.8921779178198489,15.069985245900394,16.891233177711722
hyades,0.9,342,738,0.8823040463535864,15.017710802760764,17.02101544793592
hyades,0.9,343,738,0.8647136398283666,14.898642533454417,17.229568087316846
hyades,0.9,344,738,0.8893754960105943,14.518219712422646,16.324060846679437
hyades,0.9,345,738,0.8910167964700219,15.028723434102838,16.866936171846316
hyades,0.9,346,738,0.8579483236674769,14.617644652527,17.03790805259793
hyades,0.9,347,738,0.909615618975305,15.105329785020821,16.606277937528372
hyades,0.9,348,738,0.8660291900153569,14.477817494874323,16.717470567727162
hyades,0.9,349,738,0.8807992984296917,14.720625222882422,16.712803074578595
hyades,0.9,350,738,0.8682195583951635,14.163918414972535,16.31375183617545
hyades,0.9,351,738,0.8750331135119221,14.782191392923348,16.89329371044647
hyades,0.9,352,738,0.8905356354663487,15.035808922481513,16.884005898997717
hyades,0.9,353,738,0.8622510712560705,14.182350252571478,16.448051762825376
hyades,0.9,354,738,0.8379833800206914,13.303542898926985,15.875664382029266
hyades,0.9,355,738,0.8208032496767368,13.786696376352271,16.796590878242736
hyades,0.9,356,738,0.8938932793232504,14.4473305711006,16.1622543823558
hyades,0.9,357,738,0.8381139550876662,13.77279582137823,16.43308256326266
hyades,0.9,358,738,0.8857281549095578,14.650489123017337,16.54061581063019
hyades,0.9,359,738,0.9032598725983114,14.824414053172932,16.412125129093933
hyades,0.9,360,738,0.8232033240512572,13.507465406706364,16.40841941724875
hyades,0.9,361,738,0.8900605078783134,14.909648565392489,16.75127525985109
hyades,0.9,362,738,0.8536509053402184,14.395031383879552,16.86290179489997
hyades,0.9,363,738,0.8626504172982512,14.330358022621159,16.612010769672654
hyades,0.9,364,738,0.8538617575743235,14.208985852893916,16.640850496992904
hyades,0.9,365,738,0.8414644221125154,13.862245901217438,16.47395366570099
hyades,0.9,366,738,0.8480163428211899,14.163254482575264,16.701629163722007
hyades,0.9,367,738,0.8684137654067169,14.421495440986916,16.606709860515267
hyades,0.9,368,738,0.8604266886312418,14.210377717199815,16.515500861329095
hyades,0.9,369,738,0.8559441547014581,14.39081331737506,16.81279466461732
hyades,0.9,370,738,0.8663302306181215,14.466338617612532,16.69841142134782
hyades,0.9,371,738,0.8856798544040616,15.339486699944052,17.31944858367065
hyades,0.9,372,738,0.9007615132897383,15.277259594204814,16.960382264124046
hyades,0.9,373,738,0.8743255719539995,14.524543710866386,16.612282857524107
hyades,0.9,374,738,0.8506254561786795,14.043433744230306,16.50953853099876
hyades,0.9,375,738,0.8618083379516663,14.345737131323139,16.646087650323597
hyades,0.9,376,738,0.9107564484644189,14.863517337087814,16.31996936409119
hyades,0.9,377,738,0.8616470342196657,13.966797291785747,16.209418401160647
hyades,0.9,378,738,0.8999155603445995,15.122985466930263,16.80489385152903
hyades,0.9,379,738,0.87791962461192,15.220514865074602,17.33702543874988
hyades,0.9,380,738,0.8282898555701544,13.612746203369667,16.434761468857197
hyades,0.9,381,738,0.8214193404587344,14.00264187830577,17.046886028378363
hyades,0.9,382,738,0.8340155112946401,14.059097043805908,16.857116988126524
hyades,0.9,383,738,0.8986930154509526,15.062001324755064,16.759895832947077
hyades,0.9,384,738,0.880801461622012,13.942464316522788,15.829292892915374
hyades,0.9,385,738,0.8652739687167673,14.400772137447278,16.64302019718003
hyades,0.9,386,738,0.8638080701084756,14.185341189669135,16.42186694075197
hyades,0.9,387,738,0.8305746773704937,14.093879328125908,16.968828585944312
hyades,0.9,388,738,0.8339775881652564,14.12697991022512,16.93928003665465
hyades,0.9,389,738,0.8096505142490049,13.834097228859978,17.086504591047976
hyades,0.9,390,738,0.8528099679921832,14.375772890534336,16.85694753824231
hyades,0.9,391,738,0.9175584367755526,15.47487120388858,16.865270465246613
hyades,0.9,392,738,0.8287379890467669,13.999394414654533,16.89242510863651
hyades,0.9,393,738,0.9071216533639459,15.363294265726491,16.936310812065457
hyades,0.9,394,738,0.8598479015067271,14.616688730436925,16.9991561354326
hyades,0.9,395,738,0.833229304611208,13.91379106932752,16.698633848241588
hyades,0.9,396,738,0.8367892829477873,14.147430648268102,16.906801911265458
hyades,0.9,397,738,0.8640222433507055,14.612133456188054,16.911756113502054
hyades,0.9,398,738,0.885623450792037,14.299718060799549,16.146498885063313
hyades,0.9,399,738,0.8554007804973625,14.874471096747861,17.388891190979834
hyades,0.9,400,738,0.8528617993951624,14.19408764722369,16.642892971979677
hyades,0.9,401,738,0.8506807821896908,14.79810339191371,17.395600913685534
hyades,0.9,402,738,0.8748694168887673,14.660052077962982,16.756845987481686
hyades,0.9,403,738,0.8552251422033237,14.476940146657792,16.92763628225514
hyades,0.9,404,738,0.8983979995620935,15.080405011398192,16.78588445070986
hyades,0.9,405,738,0.8789723626148827,14.779667993119622,16.81471297817729
hyades,0.9,406,738,0.8714127265456455,14.232232795090138,16.332367386356548
hyades,0.9,407,738,0.8592688397734982,14.364501039830483,16.717120853139445
hyades,0.9,408,738,0.8569337431293712,14.052185833499404,16.39821741898422
hyades,0.9,409,738,0.8547443868638759,14.387969740135683,16.8330672435607
hyades,0.9,410,738,0.8482481444947462,14.171784418436703,16.70712103576488
hyades,0.9,411,738,0.8767273022450728,14.653595681576565,16.71397211430793
hyades,0.9,412,738,0.8903134308899773,14.598410955870406,16.396934438333147
hyades,0.9,413,738,0.8924682782990521,14.943455994966747,16.743963184268416
hyades,0.9,414,738,0.8475735247536834,14.252242408725278,16.815346388818806
hyades,0.9,415,738,0.9121921515562862,15.2925882071744,16.764656636306064
hyades,0.9,416,738,0.8583912115499712,14.172431564630967,16.510457439376893
hyades,0.9,417,738,0.8385194400571181,13.726293941965174,16.36967884850728
hyades,0.9,418,738,0.8481598747884853,14.545629353910535,17.149631556831114
hyades,0.9,419,738,0.9090909165181806,14.773842294389144,16.25122639105556
hyades,0.9,420,738,0.8316268264513212,14.181726695226159,17.05299329477111
hyades,0.9,421,738,0.8685258016611044,14.035428704171736,16.160059582948705
hyades,0.9,422,738,0.8538971943929055,14.12010489667534,16.53607130857749
hyades,0.9,423,738,0.8936287522600923,15.281757364503433,17.10078970249566
hyades,0.9,424,738,0.8583580492493671,14.500384407030271,16.89316529356349
hyades,0.9,425,738,0.8404570623167975,14.119150328315001,16.79937139131684
hyades,0.9,426,738,0.8223712014442948,13.562887102325197,16.49241495629381
hyades,0.9,427,738,0.8647038643575999,14.366895061842857,16.614815376725783
hyades,0.9,428,738,0.8766793125856528,14.90717964248509,17.004142140092576
hyades,0.9,429,738,0.8518762250950423,14.07260871643954,16.519546269611507
hyades,0.9,430,738,0.8501665838219409,14.068576429968672,16.548023290592187
hyades,0.9,431,738,0.8542200296508945,13.886253368377712,16.256061537274878
hyades,0.9,432,738,0.8659692703269591,14.127133411788314,16.313665964676105
hyades,0.9,433,738,0.9006431298631208,15.014214034027074,16.670547452362097
hyades,0.9,434,738,0.850281160084792,14.03343772123381,16.504467439728245
hyades,0.9,435,738,0.8755040922062176,14.827766047191268,16.93626126843815
hyades,0.9,436,738,0.8572142299488151,14.629774756595593,17.06664943892631
hyades,0.9,437,738,0.8895681691622253,14.207941518307422,15.97172876777744
hyades,0.9,438,738,0.8605454038262673,14.552971471693969,16.911334842980605
hyades,0.9,439,738,0.8738969878458471,14.357971151908945,16.429821079142624
hyades,0.9,440,738,0.8459985294105165,14.28455838989759,16.884850142530308
hyades,0.9,441,738,0.8725805599969618,14.018209120758595,16.065231983631865
hyades,0.9,442,738,0.8492345219761278,13.770599561305168,16.215308262859647
hyades,0.9,443,738,0.9028301727568614,15.408307932886867,17.06667366447935
hyades,0.9,444,738,0.8522704627754051,13.942572527401524,16.35932856572051
hyades,0.9,445,738,0.9144148782663144,15.207500563652518,16.630854249096636
hyades,0.9,446,738,0.8781428658337999,14.812940019676962,16.868485295512844
hyades,0.9,447,738,0.8769495109630308,14.898084946170256,16.988532133178087
hyades,0.9,448,738,0.8385799070787673,13.585939496321785,16.201126907093503
hyades,0.9,449,738,0.9028109234803375,15.519089601239664,17.18974504807003
hyades,0.9,450,738,0.8683347885822845,14.25677833363418,16.418527186859553
hyades,0.9,451,738,0.893028893452701,14.706071425687167,16.467632272041453
hyades,0.9,452,738,0.8634531401712424,14.79321484896741,17.13262035972627
hyades,0.9,453,738,0.8558763045478615,14.449614126644658,16.882829971882487
hyades,0.9,454,738,0.8544247910809153,14.696950131747744,17.20098747738222
hyades,0.9,455,738,0.839573104006134,14.238195534345586,16.95885142866792
hyades,0.9,456,738,0.8447692881187057,14.283491056832695,16.908156176749646
hyades,0.9,457,738,0.873596617392158,14.756311342659721,16.891447435671108
hyades,0.9,458,738,0.8408354316324338,14.02602817119363,16.681062243015734
hyades,0.9,459,738,0.86105380945091,14.005076612784809,16.265042276179905
hyades,0.9,460,738,0.8988327133907614,15.487568399842324,17.230757369095898
hyades,0.9,461,738,0.8982939736242294,14.545060213255168,16.191871080434964
hyades,0.9,462,738,0.8459207578182967,14.093196612524693,16.660185345105226
hyades,0.9,463,738,0.8835522892503165,14.268565363433536,16.149089914689988
hyades,0.9,464,738,0.8646046110470782,14.547034210486268,16.825071280696854
hyades,0.9,465,738,0.9203964213350311,15.835612099239233,17.20520824740903
hyades,0.9,466,738,0.9204684363580696,15.379979537048746,16.708861411805987
hyades,0.9,467,738,0.9081425232920798,15.671307042088493,17.256440085284098
hyades,0.9,468,738,0.8707430567896947,14.600978607751362,16.768412327722814
hyades,0.9,469,738,0.841196745230299,14.462250961434599,17.19247137300227
hyades,0.9,470,738,0.8848282097346754,14.776197844301297,16.699510347587232
hyades,0.9,471,738,0.8517628832424187,14.155366497799799,16.618905068878266
hyades,0.9,472,738,0.8195130505073038,13.564473143321493,16.551869594907203
hyades,0.9,473,738,0.8550766303624677,14.001011799099503,16.373984859303736
hyades,0.9,474,738,0.8463478367004699,13.883141933311432,16.403588845261975
hyades,0.9,475,738,0.9069793598617021,15.335952932508784,16.90882241779707
hyades,0.9,476,738,0.8649740418994151,14.673860864299623,16.964510093363007
hyades,0.9,477,738,0.8736561141247453,14.469454029389112,16.561955894837457
hyades,0.9,478,738,0.8535796826086675,13.772740957652633,16.135272708882987
hyades,0.9,479,738,0.8440540011151306,13.886129161028823,16.451707050358177
hyades,0.9,480,738,0.9160137229565873,15.244717467300482,16.642455331450286
hyades,0.9,481,738,0.9100174182203278,15.043043594456377,16.530500728079744
hyades,0.9,482,738,0.8953355886608902,14.77715734064803,16.504601769208687
hyades,0.9,483,738,0.8682520401201166,14.534321653942595,16.739749499387152
hyades,0.9,484,738,0.8668227745617171,14.640941915948051,16.89035215226181
hyades,0.9,485,738,0.8887741558361981,14.896402743577541,16.760616457802314
hyades,0.9,486,738,0.8573281374815029,14.100744259695787,16.447313045292432
hyades,0.9,487,738,0.8986062495365477,15.555126568514595,17.31028086721752
hyades,0.9,488,738,0.8666545202632266,14.425987354711626,16.64560331414421
hyades,0.9,489,738,0.8504023753902691,14.669180446348488,17.24969364016236
hyades,0.9,490,738,0.8641683949139132,14.076664999953671,16.289261540693076
hyades,0.9,491,738,0.8251183460445801,14.173623948238752,17.1776861054947
hyades,0.9,492,738,0.8620445089964482,13.934810529731006,16.164838803918904
hyades,0.9,493,738,0.8559033904093453,14.323832648988748,16.73533813452733
hyades,0.9,494,738,0.8554954154646345,14.298435319119283,16.713631728059646
hyades,0.9,495,738,0.8722172331295327,14.825194263121336,16.997135231928684
hyades,0.9,496,738,0.8911366025004391,14.491951264776828,16.262322997522354
hyades,0.9,497,738,0.8902724155338055,14.580399128909766,16.37745803925351
hyades,0.9,498,738,0.9221390316465632,15.062703287744544,16.334525240568894
hyades,0.9,499,738,0.8548983846520205,14.35123761057303,16.787068344285835
hyades,0.9,500,738,0.9174397373721354,15.125815338034506,16.486985163036508
