source_id,ra,dec,parallax,pmra,pmdec,phot_g_mean_mag,ruwe
887894294748032,46.062861804352956,2.3346589081530413,0.9322437809430669,7.2869316094790495,-5.207134150816214,15.663113,0.96521866
8722597542139648,45.59600095397227,8.838294739613639,1.1368499149147904,-2.9387377795379503,1.6238189143173236,17.493166,0.9684581
922735069432960,45.32737811747646,2.321350598267346,1.138306791796454,13.72085519547799,-9.886273710482294,14.540351,1.6238915
3306854235578752,49.559697231942465,5.627846206248957,0.615477356984929,0.5717609221786685,-9.252119330088133,15.092076,1.2408938
1933461133304320,45.359618260288585,3.8006731388607955,0.5100944469052816,-2.006255835741871,-6.717108863116694,15.370885,0.9760384
180736519432320,45.964600835121985,1.019562038256298,0.8836623056249194,-8.291788968872932,-9.871646758139367,7.8969316,1.031571
7675763688547712,45.208152434438475,7.01439174019757,1.1593786979062704,-16.935563030422294,-50.360921397002926,17.209627,1.0130903
12524575607474688,51.99793455361599,9.49254861950842,1.0497968715523953,-9.470430539262201,-2.7710265513506984,13.652595,2.57519
1845019166831360,45.89219849082787,3.302466133717677,1.2430227378629433,14.611594873753862,0.8004828272891064,14.92729,0.8511202
9355542577875200,50.19309254672577,6.1347988466940695,1.881270596405877,15.957932697359738,-1.681193459585951,16.348793,3.0346415
2750737575085696,47.35823792508495,4.064956904348476,0.32880856472948244,2.5546075442479164,-2.3836091951009153,17.618288,1.0309554
959328190809216,45.91417382298292,2.5840783657793005,0.7570597513688277,4.342637512573014,4.966352514728302,12.993471,6.3521824
2175727353370752,45.45689704754631,4.329219526846996,0.7671271954179287,10.950379533160506,-8.072833479337023,17.193712,1.0780475
10381867963083520,49.990059421989976,7.288941340243549,0.6490610244877414,1.6340557137929472,-3.5135519020694095,17.470818,0.9689194
3492534261734656,46.568849107583205,4.393338976315995,0.9967349133931077,7.464459749611864,-9.122658352761004,17.805796,0.90932566
576182748381952,46.50265845577857,1.4390061116696191,2.3642175098268257,2.4970197643439005,-13.246705616440389,15.112901,1.100354
2148892397467648,45.45083671533249,4.017149672646972,0.9894415775739361,-0.908234661311744,4.3164994965887455,16.5168,1.0255885
936788202400256,45.084290668398765,2.3165611155923576,1.9214338451444501,20.36285718957722,-26.30372280688238,14.702777,0.95462424
2994764732017152,50.386776267917554,4.677281168987161,0.971568164943505,4.836344605282896,-2.7654443545141567,17.796635,0.95949316
15707008934827904,47.5005255579036,11.437043588490416,0.9887747277700972,-0.5072895471211587,-20.68593106682788,14.147779,1.1657931
757911404626048,47.214459101624044,2.311187051337417,1.6404859131038652,8.18610049347821,8.919022985533871,15.065534,1.0754077
198053827541760,45.808735670765756,1.1512785230725797,0.9823837453627385,2.5671021630697157,4.424270873238517,13.566886,1.1061589
751176895927936,47.69403499659063,2.3822270704856,1.2156340585857832,6.809637148615645,-15.031627523759093,17.02184,1.0044822
3239577867889536,49.30946784278411,4.899363288046497,1.6954140673040552,-0.2990586069492773,2.907839855514423,14.22478,1.0060111
12764303502096256,50.91362965778597,9.650368424167683,1.014052010933755,-8.036526413705374,-6.11663227549407,14.31667,1.0387654
275225799903104,45.76657402368576,1.605034153735454,2.3360955768861453,-6.656877125884794,-8.857358584522192,16.51707,0.9065577
3186281618743424,48.00005109654295,4.759285215120018,1.520297594279103,3.9295602500223774,-16.291580445460962,15.672449,1.2922746
12573675673664128,53.36835983494177,9.630972573893406,0.3854196288466442,2.755239158811415,-1.480309792964885,16.47262,1.0343157
2245924298431744,45.166025509736826,4.634708088289631,0.28472757511860125,3.7546607949356163,-2.1375451996019246,16.472712,5.803966
142425411158016,45.70595322769259,0.6905444429402853,7.923291954491863,76.8483981861142,-5.347318842140403,13.190029,1.0471716
556047941605632,45.02164268639011,2.2185889549435687,0.8045813427660742,9.501351279374369,-3.3873144431630777,15.485771,1.3008069
1034816536083328,46.835356391772535,2.9851019645767964,1.221051216558446,14.804301442547194,0.08715729920352917,15.83726,1.0210135
13224861435359104,54.21831113251908,11.32738206971475,0.9636658051062366,1.7818540119505932,-8.697880830859864,17.599005,1.0109272
7839041165204736,46.040012022761125,7.87244509033747,1.0721404910704768,10.391218099620776,-0.6820811285472522,14.522552,1.047571
17553913591448704,50.14956908208893,12.7825279583621,3.2445814808168683,-3.6137369510202078,-13.892897817857218,13.924314,1.1161555
980386415090176,45.827323232004225,2.8672913787034284,0.5647698927286109,1.853176423565969,-0.9533242145615963,17.599049,1.1064234
1036500163305856,46.99653897308879,3.060284482061367,0.7163487537189945,1.1508217043266675,-2.7219993267804883,17.493141,1.0585957
2229848236786176,45.09825593965447,4.424231055248394,1.3584112755001072,11.50996820840875,-13.934993519889444,16.89544,1.6112745
12393802443339904,52.21684489479898,8.565132693644344,0.6023563235381814,0.1816213248935303,-3.9995851502643567,13.713046,1.0303646
3382067702933632,46.48965796692708,3.802548658092233,0.29506704560135855,5.712738651940898,0.47371588321034075,12.954069,0.935836
1948162806175488,45.95387313236007,3.9287985329108968,0.6828972647111793,3.5237872385683513,-2.2612862335018895,17.417694,1.032216
3505346149123584,46.13656722664248,4.436614082490376,1.8485378993239776,8.843157469385652,5.04730311507418,17.599,1.051831
3025001301733888,50.24834642348911,5.008913162678265,1.3251324571245093,-0.04291917906444642,-9.029839823790137,13.988282,1.0895365
6962897901569152,46.02815609783645,6.139765160633821,0.24666670135691904,3.283566624092795,-2.6631984797851924,12.556559,1.4443216
6907200765232512,45.95871432269957,5.628721450930561,0.6859781973431059,-3.56611135348704,-7.081049226063875,16.601814,1.1166676
280207961937920,45.71921193543928,1.7259734847612453,0.49931478149447867,3.048986250689448,0.2623530085221013,16.445929,1.081902
11741070493537024,53.6007203980205,9.041953906816559,2.0208725163135535,10.83184193868219,-9.590681030750849,13.541023,1.8573374
851816569480576,45.776785122779785,2.022930747160388,2.1425931232334774,32.52394914177471,-35.88213576572288,11.800944,1.041271
879403143794688,45.67803725132484,2.3524834398311962,1.1300962751835455,-2.808955501093306,-11.468945604867143,15.386224,1.2071152
193514046567552,45.88367187703935,1.054418802044446,0.6157576500002769,4.717569403628955,0.6489886120288916,15.663257,0.89905465
1035950407474176,46.94158440665958,3.0195848460802366,1.1780182797315268,5.1707916307983055,-0.8283631074265232,16.808115,1.051272
6817281330231296,45.3474813531901,5.417138541944187,1.9624103633245944,13.222760347022325,-4.1512309373041,17.79248,1.0626345
15056647806832640,45.602919441167934,10.101702531149938,3.4287866179034756,19.214953529303088,-12.08284654120404,17.242516,1.1809368
3558230081657600,47.37704685280936,4.592336689766934,0.7710096927403942,4.464321109089145,-2.1705552981052385,16.752201,0.9845473
13115352653435136,54.11967803895065,10.542558060037408,0.881216785170721,11.899340670013846,-2.4760381356057035,16.652332,1.0026394
6996574740316288,45.38312181105023,6.138227491063206,0.9950937219625785,9.905829696737854,-18.677812748380298,16.78315,1.050824
607175232404608,46.957223491283195,1.6822878572244406,0.4321534622081231,0.6890503668689185,-10.357000815273064,15.941362,0.9563385
17838790182460032,49.91192741280962,13.284443343490326,0.8313087054227065,1.0716504466049228,-1.2111641309402763,15.94895,0.93019366
888993806406528,46.280270705025806,2.2922490698544262,0.523792384458826,-6.43812633077955,-6.42284707735517,15.715175,1.0942334
16641971775507072,51.3138976377799,11.984438346572414,4.2871243604262075,22.991312287047627,-26.445204729764875,17.744146,1.1783837
7833715405763584,45.847848989036684,7.791194184473683,0.8284820318528796,27.040912987818512,-39.81007405693806,15.082836,1.0238812
2159445132919424,45.43788836921146,4.114625621558941,1.4187573014619663,15.27869197440926,-3.6087364647746396,15.339315,1.0062052
1049586928459648,46.88070075922044,3.1270365921288126,2.032636086906025,35.148556773731016,0.226520105120692,17.493206,1.093843
922735069432832,45.338237259362685,2.322911243740135,2.9937732101463936,7.61144975783707,7.950376777970267,17.494732,1.0460513
974274676969600,45.52281765461198,2.712191470202325,0.6935322071293942,1.1835772440564578,-3.2321160669644042,15.61123,1.0047473
12280587106335104,55.177717213381854,9.966945627676036,0.3399996034896924,3.8272554767061964,-1.7511569133395422,17.353336,0.9188809
596592432963328,46.45603634109727,1.703558541838372,0.40717177261830484,7.028460936571675,-12.03949534483235,15.254943,0.9907552
207296597181184,46.0289107615767,1.3240340849783798,0.6685319598685979,2.167061194224691,2.504860976960627,15.005253,1.1100914
2537501038323200,47.16991169546801,3.1838062522227437,0.836981060680119,-0.15838789207189197,-2.4959741403124287,13.86885,1.1598953
3744528582879104,45.46281969325347,4.8162744552439865,0.9610576115655077,1.9350872977050713,-16.599824566431273,16.165045,1.0060271
17113765342848512,49.69981162618671,12.035733243141589,5.068543276828453,8.539034390756076,1.5857424944758727,14.761462,1.0101779
10349982125860864,49.417159763426945,7.029416291907203,0.7883595819507438,-0.3365727986628413,-11.545694877084632,16.389095,0.9354964
194342975824640,45.90837537512896,1.109352686228912,2.194242281427785,-4.83665541795682,-10.406496614978463,12.939711,0.981009
4148800969422720,48.69679249918077,6.125679053126048,0.5592587782221973,6.522775413925926,0.22708235232021565,17.298782,0.99812895
602571027467648,46.68841918163951,1.5845848326995344,1.7049332397278998,-11.178554028987769,-16.159615702479606,15.485797,1.071758
12418850692560384,52.080415018475456,8.924493887191232,4.010624993277104,-14.859829143732718,-21.48357730692117,12.370921,1.0634793
1119955672792192,46.54677508568585,3.4237605515263225,0.9793318735113425,-0.43337463325549935,8.065181027468151,17.43922,1.3567318
804022173477376,46.78666446734631,2.527010382017592,0.5556559333513377,2.115265877257549,-6.064660277650193,15.639891,0.9561587
706195702703872,47.195561096240944,1.9026827313335928,0.4539809160946586,3.017329934926183,0.9659959847474392,17.086246,0.9912958
921257600685568,45.26561644534404,2.2820218539986814,0.5034480183691076,-4.662057218471916,-3.371545534281084,14.725606,0.8988496
6905246555788928,45.86451059536243,5.571210786614912,0.6431384979948669,6.643981265152828,-1.5743374591206263,14.803071,1.1078951
3807303825033216,46.476182658723076,5.011009698896096,0.36170908921716605,11.196722749043017,-12.159033532309339,16.449652,0.9216493
3674331637425280,45.77639228357467,4.512057013360092,0.658057983824016,7.077387395135538,-10.131314271110629,17.190184,1.032135
14110449331810304,49.52546988408783,8.769404150273944,0.9617306184116764,0.25377817533280134,-13.123385661608713,13.915984,1.015781
2921715928205440,49.16579656248569,4.252000746087397,0.9783444297618452,2.6880972195408983,-2.5370025145008017,14.808818,0.95630187
3960170300917888,47.61715331325945,5.033949793023164,1.407009119128587,-3.500787900644037,-6.945212858056312,15.28949,1.2163135
2446005350635648,48.75268533328988,3.4989709653830765,2.7865234233556286,0.805046872987646,11.18892372562573,15.846453,0.94104046
881980124223872,46.1717384985385,2.200275304381484,0.6315854246685072,-1.791071807729125,-8.699380254299703,16.14861,1.0082335
800994220998400,46.811638849929054,2.435495109521844,0.4615582786815743,4.482762896649369,0.5121551119487255,16.92824,1.1356868
1846496635580032,45.8307107822148,3.3710634897469443,0.49673401698979003,21.42325406636752,-12.830392493149805,16.274748,1.1201001
9256998848348032,51.37909647089222,6.12713369994172,0.22910230616663144,2.4292012248367927,-6.129207988526251,17.057072,1.025437
7601821531648896,45.665426206499006,6.692162137817053,0.645349634580218,14.201074459432053,-1.4168830535217731,15.162704,1.044687
946615087568000,45.29127830193322,2.5592261699065766,0.8891787028617378,3.6231659584315965,1.3066122856335376,15.947834,1.061039
7703457637663360,45.32916449878009,7.352829329965423,2.649891288869721,-2.0547031948820935,-26.297355556560447,13.085054,1.0522004
458328845768064,45.372695817922974,1.579926814493694,1.0092205498136644,-8.852670678597,-0.6972304129432805,14.389364,1.0646356
194789652396672,45.86725140444072,1.1206603763676197,2.266263418356721,3.508215414262179,-18.84467767635871,12.671756,1.2145053
11173413255969792,50.913739250076176,8.950062152785558,0.544106799982809,3.0694297582068724,3.4742225695339224,15.06558,1.0285354
1095427114532736,46.30995603397528,3.090777582443597,0.5762793786541981,29.85684874708862,-15.667436071350338,16.274752,1.0014839
55735791423104,45.32884512940796,0.5966386770080396,1.5066214196872123,-7.342479593604063,-0.9114765506064872,13.720588,0.96289915
3265725628331776,49.33984701109498,5.193897009784091,1.2975999383362231,22.4070550739365,-11.75643263503376,17.829784,1.1571903
12489490018889600,51.652795795252736,9.209486414537855,1.9681601372906743,10.421167413094985,-8.687874635436641,17.439333,1.0512493
12732795622070144,51.59300594629626,9.727015751224664,1.2332687035770085,0.34444011327613316,-3.7540880507291208,11.528819,1.124631
597623225113984,46.41299960185179,1.732742891690403,1.725991607096189,-3.516454944077754,-2.9027606843093783,14.343331,2.628293
3163569831117568,48.709771750600616,4.924060383172089,1.6763423928578736,-12.082733623408277,-26.273814805665157,17.652285,0.8450041
4056755525429760,47.98116329497071,5.634659856274325,1.34518482566355,-0.880808136755736,-10.284419344455785,16.604946,0.94682807
821923597189504,47.384919313347226,2.7042055268868785,1.4833373192038894,3.508454181017613,-21.40147285362765,15.482625,0.905171
1111266953911936,46.365971179597004,3.2868080944549023,1.4587559283808174,7.9562055108642085,-1.5773522071240125,13.868093,0.94005805
2224243303992320,45.035820076276664,4.422369946311601,2.3191870736319813,30.929796338834436,-1.2836619677983314,17.057198,1.0016448
774747676404608,46.826362080542204,2.1572670669983878,1.170039779116273,7.938879893716042,-20.938447474752472,17.805717,1.0360515
3313172132386304,48.70311139639851,5.222459388781638,0.6233937106146429,0.9732840490493176,-10.309771782621072,17.209564,1.0870173
795878915492480,46.651534756143356,2.438163497606598,3.6587603324316076,-3.3526251628528723,-26.942618129135816,14.114497,0.8735952
1004202009188480,46.15507239846759,2.605542504034287,1.2035250303494394,-7.491151910963502,-3.266269150560312,14.6495075,1.0095983
9751469843255680,53.05256392718688,7.05483544467557,1.3929958811292638,1.3381077738317781,-11.152348734304221,13.9502,1.0450377
15548885418808064,47.4035203732352,10.987264161837583,0.9751135416758332,2.3684028579852443,-9.091062368154368,15.845968,1.0748498
1007225666164224,46.136500225773126,2.6300459645554364,0.7435889541248776,3.8952420586546754,1.2778242867193723,13.990558,0.94770235
1752763269208960,45.464657071695385,3.093725082478415,1.319098670883429,-5.539381334541593,-5.425646115640946,14.156459,1.0065835
2403055677688320,48.67394609331704,3.2269951852957757,1.5772135346117893,4.75312662470335,-2.6897223971755295,14.588125,0.953477
15136499838838144,46.07902700955756,10.105644756850138,0.14083372350883513,0.4747895444988739,0.9021836903108955,16.624058,0.99147826
1808769642719360,45.03920643946833,3.2681691241424944,1.341271177393629,7.357435230669926,11.45921248478915,15.360841,1.0062339
12829827523091968,51.842810613925266,9.89039693982171,0.7569253518470678,2.141423954366482,-2.144099102739371,15.473577,1.046426
914346997898752,46.05465359910462,2.6399030172444977,0.519063947296679,1.1094744828285479,-2.500285920296151,17.792524,1.0131134
2271732757628032,47.7532890654127,2.641261925056076,0.6402781170818478,-7.727091716537521,-11.592324817268478,16.928223,0.8568325
1700399027955456,45.306905265383946,2.650062339076657,6.16885048082513,10.949819165592888,-42.52050220537951,14.8557205,1.0791715
961733372488960,46.02026317417446,2.6933787805136165,2.763244020909922,16.318683223596125,-28.341749242022647,12.254805,1.1023636
13645111935488,45.09470808336426,0.27785526679850076,2.016727070808676,1.6833360369669919,-8.704536729676839,17.334358,1.1156957
1029795718768384,46.98276280559645,2.9018508779303525,1.0881364535724605,-5.966924262663247,-17.829776170363584,15.998912,1.1213927
652392648047616,45.81277296761812,1.7176096919133528,2.43132900011485,16.798123920513603,-11.600276624854747,12.60283,8.535294
15129902769077504,46.08418028031311,9.957773735210834,0.7308221960173457,-1.3541378891612457,-6.058739284574379,15.01628,0.9726732
17280440138206720,48.417825353391414,12.168405324617408,1.046007343048977,1.0413719307202665,-16.632180368779274,15.361183,1.0428402
579481283260288,46.54745665464644,1.5407377799062885,0.4975245595157088,0.13316807511970835,-0.6590693078787336,16.462145,0.9667788
9348464471776896,50.09439990397637,6.025107250815583,1.1560694639539058,-4.7126483619380535,-11.777609975293823,15.370811,1.0624143
14255584866699648,50.13464803287703,9.452571452801628,0.7272389332007556,19.151006775009126,-5.270137601567116,16.144133,1.066477
641431891503616,46.01509808610404,1.7290557677721536,2.0633054802509885,7.534274841536327,-17.218516235401378,15.32663,1.015312
1058593475016064,46.17574459784697,2.8396528543311508,2.0510876806072003,22.76326190417494,-43.089596168553676,16.828161,0.98749715
15301284849384448,47.35574164798243,10.332908318348853,0.31343778190546734,3.969802787498647,-9.56404988244184,15.712434,5.546555
6861197371138048,45.026684520079606,5.429141098476548,1.3758250709420314,5.550966742665727,-4.4919319743597725,14.527804,1.0115951
10113106089597056,52.08127845669222,8.117208347634287,0.6292870318013352,1.4544639272901736,-2.5720389724325843,17.784023,0.91244936
695170522295168,46.38030666104432,2.114453435851673,5.552260708543552,60.77519960463076,-29.254848275595965,9.633048,1.065344
8553173967715968,45.032818773463276,7.91673016988118,1.0966431143419237,6.179086522347925,-4.680429806449867,16.533087,1.294846
978462269735936,45.714800190653975,2.816480720802603,1.2679973767391364,-2.635816947803984,-0.3299949140047013,17.729286,1.0249693
872741650141696,45.676903330864306,2.196788930761743,1.3490627315195145,5.30667911769183,-6.042246414339324,14.913221,1.1247047
2714556770083968,48.1150672894158,4.04616174576003,1.1346333656941465,-3.1038839351333642,-7.758620589243991,17.245535,0.97072077
668434350772096,46.04609699262228,2.0700316100933587,0.17904247657825886,0.8146004858031536,-5.024964647637146,17.07443,0.99942356
3715735122151168,45.90476954230731,4.796695462540788,1.042992172242562,-3.6215443239352876,-4.6963412296865625,14.388864,1.1231462
43331925875712,45.31831077990401,0.5367859867478514,1.4488330489506107,-9.681135997342526,-10.201490609342697,16.474705,1.0479438
11524634206285824,53.964890694748796,8.646614102358745,1.0705925342018667,5.0925930328091376,-1.0806909396791042,17.46968,1.0059185
3516551718826240,46.4051373626043,4.668434833376923,1.1687147025321805,-5.579816144245686,-5.444489316419566,14.054323,1.1760314
1704590916036992,45.14339255415669,2.7301447534786853,0.8361228387094691,-7.663169428658293,-3.3270424776346164,15.360681,0.972265
4251300364081280,47.25447089258586,5.8176026699415,0.4208023770797109,0.16354855990960154,-3.701967635955684,17.805698,1.0306544
17651834550513280,51.48326373359598,13.283396860724528,0.33949321930650284,1.8180771092304646,-4.4638809524926595,17.796736,1.069048
2165900468063616,45.170397289472405,4.1549384352770256,0.2565656581495994,4.026170018398785,-3.07205267939492,17.936842,1.034383
863460225732736,45.44585837527115,2.010006489289906,0.3595468426927806,-0.05339708101128414,-0.08476251687822475,17.784191,0.9899955
47038481856128,45.642937187130045,0.6016322148354132,1.2345569479723453,-3.3895407373987254,-7.284308406728407,17.894636,0.958654
2854199042340864,49.659139231976226,4.073665614172608,0.8149651236467585,-1.3398790242586363,1.1800510452859418,14.622441,1.0794097
2720161703025792,48.339074542020114,4.178153013115808,0.43609066404964814,3.2057718563431927,-3.178928970848661,16.508118,0.99449533
4333725081284608,47.02529614736172,6.1418408014202335,0.7713744283944182,1.3427674984596971,-9.89153650210409,16.928389,1.0500113
758804757817728,47.38767297906459,2.343090099105665,1.6806152647410695,-0.923845165076805,-21.022489784092823,13.992821,1.1025485
158364034415872,45.54096434170148,0.7705098829690711,2.6585805049624636,32.55184759141673,-9.692144129615029,16.966223,1.0239726
1114393690107008,46.159011677459425,3.2993578362907843,1.7610407896473126,-7.109666105057784,9.16817927789458,13.912639,0.91276014
865487450305536,45.598613568703776,2.0924197502631494,0.441150374296542,4.991779830516412,-4.24086226782737,17.829943,0.973648
8685935701543424,45.41103690928827,8.5747272674654,0.6213588200766049,1.6611498323829699,-7.087890105205272,15.611176,1.044617
465372592100096,45.291361299867916,1.7086532051151238,0.6919730631179505,6.246277153626002,3.9063964869875636,15.403152,1.0134587
2160441565328512,45.49802242457105,4.206256806983384,1.0376113037022818,-7.723159546554883,-5.734568586788325,13.9907255,1.5538857
16059230612648320,50.002623730537145,10.546098896351328,11.339755162055544,48.165441743321985,-27.315439406699525,14.548285,1.9791846
203551385701760,46.03402727188958,1.260533389649942,4.191852252751242,-21.000783240430785,-43.91742421114498,13.413368,6.517047
13432050657536128,53.788907027179455,11.464514664653318,0.69463133225343,11.624441229411598,-1.0851588960132992,14.330198,0.9804777
1743211261955840,45.12212434444584,2.924792558871013,0.7538916944358384,-0.04160110627760366,-3.3496855846366795,16.808184,0.961547
17958052834163200,50.37782662903653,13.852914136198882,1.7648475939071457,3.7589601063206803,-0.43346510549199535,16.392319,1.0011835
3548368836550912,47.17822478442009,4.645952376121672,1.9164056678075614,3.1448458324982793,-5.973785204035835,14.725456,0.99605775
727537395888640,46.85527707048892,2.1271792312481588,0.5375845240896415,-0.36226907444971157,3.172484240498308,17.380718,0.9991189
1046292688699520,46.57778070858842,3.092712572416171,0.6256110270292973,-1.5320653729250817,1.824398465356653,15.938014,1.0563495
3028987031376128,49.67841974088908,4.63955671899713,1.0454361224529984,-0.6046955174182453,0.019538149643448962,15.88524,1.2958068
210835650201984,46.035383008194536,1.4431582229192876,1.201204148357573,12.648988463578528,-7.353311449020569,14.702666,1.0606139
2161708580032256,45.52296401906502,4.203747375760419,2.455266068363835,13.727391346378052,-5.775355134543761,17.474083,0.9683828
14382333645960448,48.595268124834995,9.374012683487608,0.6289361005642726,0.8727704092907205,1.0508403290886428,16.279194,1.123427
1811307968494720,45.13154108419397,3.3701640887976296,0.4988947867721382,0.4088741376327544,-1.500735787801387,17.744207,0.94950944
7813683678328704,46.183983379458134,7.602157087330221,1.041865055805774,24.53207753188611,-1.422570975418242,17.767656,1.1250528
941667285268480,45.34583564382521,2.4442810844755924,1.649352324568994,2.4552295885429016,-1.1881572507887204,12.82496,1.0088651
191594196747136,46.210305277400565,1.225705546267601,1.1269033781769882,3.73515645414371,3.448827681044749,15.470068,0.9608142
452625129171712,45.12062910007741,1.6752614848109577,1.498570883348931,-13.444250503562959,-14.893417447116892,14.530805,1.0284857
617959894630528,46.677570067604556,1.7296854191699185,1.3958613549600811,11.851516325837725,-11.135132351726956,17.829746,1.0128309
265227116017792,45.50761555753615,1.4330563946595793,2.5781953844690384,18.243706447623744,4.833640140635474,17.31655,1.0485405
1068489079654784,46.30886421103578,3.022797725576907,2.160332330036803,-3.0029056234491507,-1.9820618807470625,15.837382,1.1250235
767703930081280,47.56656687358544,2.5125225477554856,0.838711733718624,6.258035523219434,-2.8542070214835036,15.037086,0.9945603
1801828975570944,45.01942268261907,3.204450714959437,1.913243809532801,31.17648661836458,-16.799164765738826,14.129436,0.88951945
742002845788544,47.575497270917765,2.247391591246972,2.8534748249044526,-5.109489603180422,-54.331106430657556,16.646278,0.9657831
17083971154390144,50.083449814181066,11.991406201668344,0.12798467978732816,0.13371930092020573,-2.178362133116099,17.063192,0.9572861
7764721051158144,46.14397103496108,7.548238572508245,1.3520246055040634,12.786405883909895,-3.6476359288084605,15.846612,0.97982913
1026634622831744,46.695908071950285,2.8852919893095788,1.3348207466841504,8.322308216346144,-8.948211581368863,17.678072,0.93578964
3400244004502656,46.189431416828896,3.853608495124491,1.4540989378511466,-2.323502779621297,-5.326874908686589,14.910351,0.98005915
7822926447939328,46.369425834666814,7.795620586308106,1.3936143709784996,-5.344995508445175,-16.71486660246133,16.028275,1.0542756
14560149587423232,49.65454163896489,10.322790601430022,1.7220059308784927,5.246914416611531,-9.33742761518649,16.388947,0.99788237
222724119691264,45.65017418184998,1.177116793691254,0.594053173225914,1.154803335592236,4.422643216774165,17.245346,0.9881487
14122333505604224,49.671975166170576,8.952658066921037,1.5127512848947096,9.506624544645842,-2.0641713680016336,17.76786,1.069218
250658587146112,45.793136856649866,1.4105750047824483,0.5511956788478343,2.102273776770928,-4.58798354482922,17.54631,0.9943939
714343256383488,47.29399821284462,2.0449764803485304,0.8351447415237124,24.38204120877066,-17.417879842045995,17.021719,1.4657439
252788890727552,45.62831014803354,1.4050349775836375,0.6035221798796042,5.8740061558538725,-5.679230308259469,17.174864,1.0134251
620438091387648,46.4852617998103,1.7569429954983289,1.3787095419820583,9.612394848784145,-10.809601310509432,15.016463,0.91461736
4048504895080192,47.901731498882434,5.489234770696722,0.16576365038147003,3.7534116258279395,0.429499818988757,17.618385,0.9519383
2645360552548992,47.007002042075044,3.7884810656682,0.9442898280438178,5.051728914560159,-0.3862484813527596,16.51716,0.95837456
15195250696075264,46.3192364210024,10.592550208531504,0.9484310293982343,3.3406238634101832,-3.7753725691232676,15.938219,0.97449964
10614414672368896,49.284931913595855,7.808621614038712,1.3440197303450798,4.090560717260897,-1.4935958169335637,16.746626,1.0838583
1114015732963200,46.10202008979565,3.2837291212025908,0.6221306481673827,6.996377311738275,-12.571873281840112,14.7823305,0.93827164
561579859479808,45.024404168398114,2.3104582599762717,1.595369638051719,68.55921326482473,-53.46481738767366,13.739571,1.0265967
3792288619201408,45.65420324236089,5.134596593056772,1.149440304585062,-3.235740494392,-16.54561738394037,14.451876,0.9431614
11430252300152832,54.20504855738061,8.269549415550108,1.0784628364333362,14.027719395437055,6.013823384496182,13.566749,1.1043433
13946415940788096,47.91354942900651,8.647746948020838,0.8478255965694677,17.28098872242158,-8.51371653991585,17.546318,1.0336912
986060067361280,46.41966073822784,2.4693421692860182,1.1261829543457165,-5.502287081140119,-20.22633013078763,15.378152,1.8792051
2287160280135168,48.19737909862886,2.7186341556826434,0.3790871963613885,4.164153232422566,-1.6146652430341122,15.922925,0.98774654
737810957684224,47.082122405714905,2.297006134763033,0.3228873482950238,3.728063478023322,-18.973171268309716,16.165113,1.0710586
1949026094808448,45.86263362009684,3.873216223158763,0.6424109671622571,2.433719032410978,-2.389952430909325,16.769268,1.0063877
866213299856896,45.57720664576001,2.1232867450042754,2.3249451359294264,16.43486288581964,-2.842601332493736,14.766449,0.9101253
16181070244862720,49.879269598995336,11.246920621840541,0.9268474855652811,6.087695236313906,-8.180204120855782,16.646267,1.2407006
9302967882838656,49.9690737064527,5.65321041208804,0.40459067636718066,3.114655212601121,-7.203615324903025,17.30171,1.0246056
16669390846710912,51.739280633566906,12.111207473047273,0.8111643941300246,25.137542898189977,-18.722864555231027,14.589188,2.0598757
1795197546069632,45.07027805984071,3.064650472207899,1.357366829861718,1.5131002068592003,-2.436402269926483,14.725438,1.0037128
1929677267067392,45.408294340483785,3.7185503727677998,2.3448529940624048,0.9211219533452404,-9.434698432963636,14.316538,0.93145514
600990479499776,46.89036968496576,1.6354429970379305,0.8535517389569394,3.1372503664856115,-5.282700437481958,16.254272,0.93393046
144315196767744,45.71924449646682,0.7355502620244682,2.3037676728824,13.075092618056619,-35.94888317877875,17.90017,0.921348
10238106817652736,48.85678256114133,6.814407883785039,4.141244893493435,-0.40651733402335744,-13.220852941956899,12.487826,1.417169
933038695972864,45.218352230215075,2.3035357691510505,1.577827847719732,-7.216290230212841,-8.80444762114039,17.116707,0.97150934
15523287413740288,47.43652029396619,10.697548011274375,0.5550401513798028,10.16313859804973,-6.259473072658498,17.063414,1.032511
3439031853660672,46.570134801307134,4.2965620362806325,0.38775802434104883,2.022496424123121,-9.91538060699487,17.415611,0.9572006
3926257239206528,46.37191965105272,5.696427204312359,0.6349232840070442,4.870776403648041,-2.6705941382845766,15.130203,0.9621748
594599568167552,46.34790554492768,1.6353693937702984,10.491703175442018,44.048527237771225,-53.99990757405283,17.316568,0.9749684
233719236127616,45.11709598948343,1.1730207877587369,3.407983853052303,23.086691488740453,-18.63334909074592,14.744965,0.980214
6988946878380800,45.09123863204277,5.958741374329869,3.133517368389562,-17.309048594073175,-51.053082058084264,13.001836,8.03678
3150895383143296,48.71569061159406,4.756365378362746,0.8246781355572406,5.679293619382567,0.8494066884156666,15.144444,0.93240654
2258534322809984,47.83678012058839,2.568689216640003,2.2212039994547568,16.44893814979899,-14.592494065464377,17.242607,1.0653722
1044746500475136,46.59017432218796,3.0291226526680712,2.88912741608922,-14.287834724680309,-36.18086851366157,15.328304,1.027176
52162378626432,45.46969456418688,0.6929880404084519,1.6409978682357507,18.545736113143764,-29.74254618067669,16.750673,0.95134556
3254524354066048,49.39390896824177,5.226477293344989,0.810902877769154,8.939970421512148,-5.2022475393713545,14.591169,0.9914726
3306579357675264,49.49554136586198,5.605340339979734,1.7426333260190745,-0.07962791307340567,-10.714580111293309,16.272268,0.99948275
1750461166743680,45.367660845834344,3.003928109377859,3.1776614750149514,-0.3656735087941638,-7.7676001030057416,13.500625,1.6752878
1076524962811904,45.92699341126061,2.973324483153393,3.418086955073066,23.212367969925552,-22.337413667642625,13.460507,2.2479398
245298467766912,45.308917539600984,1.4073716487510866,1.037855120660641,6.793459722740524,-14.387472478676894,16.165125,0.9874196
12924110645133312,52.3025661772282,10.4841191678794,0.6500743655469672,5.978857678544289,-3.168584303964961,16.734509,0.96121126
3527924792255616,47.349135919512456,4.397119337260705,0.2121251821036468,5.592031546438182,-2.7125199545845105,16.752108,0.9138653
623702266528128,46.51610075757385,1.8628692853718394,1.8890988405681148,1.4408695827805387,-6.038180993952422,17.19383,0.97862023
13050687627278976,53.0104092370891,10.37520967504506,1.9194837403871043,18.3171448945766,-16.394849013753742,15.38046,0.94552463
7388000879760768,46.69295240992988,6.811613084579839,1.2289682193931653,10.250295399611879,-0.014547074731774938,14.678277,1.1186492
17595484579416960,51.37335987570727,12.762455003407933,0.5432388437910998,3.736503253265009,0.6406769255391469,16.028893,1.0677668
911946111600512,45.93061410591334,2.5521088244857006,2.6561733388153828,33.72296703467586,8.83860618423798,15.253495,1.1837156
582882897367168,46.33455582643455,1.4448304094774111,1.0787393355867667,0.3856316277798893,-10.17606232828524,15.583068,0.9701119
474477922791168,45.535775731389016,1.8879671162639542,0.9795040874665101,24.37970979176394,-14.64240837364644,14.353164,0.95169795
603288286279168,46.725224676928136,1.6331242462614446,1.4927945864605119,12.507612274599385,-5.544271140900116,13.74663,1.0007342
771895818129024,47.46905715025632,2.56114170768502,0.9817185268142024,7.810124868101978,-11.969393415347898,14.921241,1.0070484
740113060180096,47.44415098203796,2.1504339738492075,3.2512371127439654,41.08254708208145,1.8461152595268286,17.743977,0.9382403
846589594185856,45.6983626313066,1.925998473260612,3.3845585334861386,12.727310526156291,-1.9599420592063466,17.79678,1.0731856
1961910996698112,45.67876248792757,3.9248827383748717,1.75420156981526,11.4529841888235,-16.778586641194245,17.469463,1.0987751
2320145628943104,48.20331931448847,3.1687393589149866,0.6646888370885629,6.25948735302292,-2.403321589652667,13.618283,1.1640857
1729398647131392,45.30433700554743,2.849863965174267,5.682300839918587,-16.33965182911511,-2.402005386570021,15.11898,1.9656156
772613077449728,47.514027515728785,2.612196840174773,2.480192661907444,-6.339961786515408,0.7438534519494125,12.060043,1.1500862
975236749639680,45.569313368634546,2.79413488255107,0.9727377474833817,13.161622111187746,-0.2978854538320902,16.807953,1.0145229
9043826736128640,50.89915504912763,5.147027156139395,1.1441673354418977,9.52917810739359,-6.164810334777232,16.752369,0.9052703
15190719506172800,46.22939141181359,10.620691910936095,2.8898322453677086,67.20967481582494,-51.892335536526765,16.517189,3.6080618
12550517209987712,52.62601322399877,9.3576193759835,0.9469448406606777,-2.9432620742427478,-69.82376818661916,15.143941,0.98926026
4026239782734208,47.52393775569248,5.4194117347053075,2.604043240343013,8.99318480493533,-6.937862885748357,16.78325,0.94849545
3912650782849792,46.46803203311576,5.58738795119678,0.42289262211936385,4.522149007963266,4.662454918443103,17.245314,1.0251963
9078706165826432,50.245498699469344,5.140933043390142,0.6799220776752021,1.85861085140203,2.5894691085379735,17.245586,1.0523103
3938076989201024,46.351147992780675,5.867779039993992,1.448066455311939,-11.099036709351031,-9.431499762558325,14.816543,1.0688483
639129789038080,45.91234213200017,1.6485108537750603,1.0691881869171511,0.585809546894009,-11.91884820387054,14.208255,1.0538439
3270570351885184,49.25348944707877,5.2869987170772506,2.004384241603391,5.506197472547036,-18.696005202931467,13.559476,1.0594664
947680239456640,45.27684710323231,2.5896489202718813,1.46725641727087,-0.7760349721974267,-1.774093676955997,15.62504,0.8677208
2884607410752896,49.5863483005311,4.429171109981008,0.2422669916744778,2.5316598831931785,-3.637900076950044,17.226675,1.0605711
1956516517777280,45.555207087723566,3.8998710124651916,1.339936925566273,-3.4331171491066916,-22.790872959804318,13.463954,1.7171504
11565629669355520,52.61240296409656,8.168722031707842,0.9475376380609076,17.013227727861413,-16.700261210192988,17.021685,1.0588325
1933461133304576,45.351462788690014,3.797900948262757,3.2945847683061626,20.192178465761877,-4.645468976627006,13.889443,10.17309
1046876804250624,46.77368506840632,3.016654780440895,4.660940301910436,-13.648365434273263,-14.909575956669128,14.702625,1.1788061
122943439626112,45.14750274099262,1.0047603412980004,2.9930661257032205,23.678665170327733,0.09449092866349898,16.24922,1.1113801
706848537721856,47.241173106249065,1.9498432031625395,0.8971121384258508,3.1461892617114766,7.579199008207997,14.376627,1.2307949
177197466380800,46.04485823978066,0.9747804093255867,1.177378865559945,-2.41827760823079,-2.9738503108643113,14.011797,1.0443658
1729153833387776,45.33856454934277,2.8427691470920644,1.7299133795991806,15.086596903083166,-3.221878215224209,17.242626,0.97439593
4080768687170944,47.76301012698643,5.918448934035193,0.7519354322089125,-0.9144685130440315,-33.57679176647849,17.334576,1.0161963
699946525925504,46.357676846621864,2.2296705442606353,2.3238123924249092,17.965062989355765,3.531750973224609,17.462324,1.0041332
15916191021922432,51.602239755702875,10.534788747115288,0.9794154668415757,4.0068586955020855,5.839923172321428,16.449562,1.0425671
105724915110784,45.039572242211506,0.6370291503853897,0.831315026372251,6.0197532656992045,-1.1861543853279268,14.478945,1.2885488
751417414095744,47.68468945218134,2.4066674167718447,0.8631009888245763,-3.870601612750142,-9.97831024510369,14.649294,0.956466
1037805833315584,46.9304160303301,3.1037053281296334,1.0466789504427723,-0.8791004838486246,-7.647546532676351,14.664704,1.1008424
10834209623467776,50.572790352092,8.275021035232019,1.0662705199884035,6.44013873595793,-5.141812717878755,17.7679,1.0867686
3535277776235008,47.20509447567572,4.550763218112109,1.9216585570027782,-13.221451505480477,-1.4272061616080616,10.790324,3.1637726
1832134264949376,45.75245019949935,3.0998566214279024,1.0555291574892358,10.02858763606077,12.694691157390501,16.533022,1.0521057
616654224567552,46.60317331289847,1.7186174772803628,0.46782240340389425,10.045108624790286,-4.646946997552677,16.646526,0.92479753
9015656045951104,50.63332280324619,5.046042598313999,0.8983046710857764,8.348441043993349,-1.5834185350176977,14.451838,1.0303925
7834192147115008,45.782185522070414,7.780804386700757,2.591309018581908,-0.6541899421839426,1.4451667701852384,17.298975,1.0369778
8603747207217152,45.46997502497406,7.996395552607666,1.8941002717695103,13.699706652440547,-36.673699139197765,14.782076,2.4851222
3627877271123456,47.21474700566238,4.950526938381026,2.240937104504908,2.7286097538237932,5.764829569434697,17.900139,0.896743
7424387842669184,46.391395656410516,6.634540915907738,0.8002753698772892,-0.06286099026900568,-4.237025064807579,16.782967,1.3511753
980115832483456,45.75406395997579,2.8602210797000804,1.3937442519024321,12.003886566435149,-0.5897974004485361,15.74361,1.017358
4414436106473856,48.39221659932623,6.679725688118676,2.384800751733673,-18.418770951958614,-21.59359325653929,17.765362,0.9824185
260966508484480,45.7267434131697,1.4971707129304996,0.952240135523331,5.883225309475179,-9.969701515974105,14.664411,0.9915055
11349880579806592,53.071299816029175,7.782433972834802,7.374808687390899,44.08382162776963,-0.2996075623664441,16.82839,4.4905257
12396516862667648,52.325783609298696,8.662496431416077,0.8657565320848671,6.435661966597222,-4.102207379890925,14.581322,1.014844
1745513364419712,45.2855242249088,3.0040922792237255,0.8594542135650335,3.2276168375152112,-9.901312355526246,17.796799,1.0753635
3219821018264576,48.353099301380595,4.991378242678119,0.5839168864695519,6.541047634094518,-1.4012177918769149,16.272295,0.97751206
15729274045277696,47.828299183781674,11.529205464999945,0.6581235334315776,11.621274106562172,-0.2937773276456266,14.744995,1.0767142
907444985876224,45.973509259315136,2.4599818848613144,1.7805015051210473,5.886335546114344,-18.117933327341966,16.56618,1.0263196
14766239298142592,46.11173312781272,9.323054683671003,0.7781493705349823,3.5461000732802925,-9.045646135331506,14.311241,1.0501077
13813478112968576,46.960154735813624,8.085236313436377,0.2584535574841617,0.9954424585080592,-0.0295846833816421,16.338316,0.94211304
12893530478007552,51.90139309603492,10.262593669295047,3.3962655583507204,-1.7006064049554568,-11.762955939609027,13.496376,2.777372
801960589180160,46.71816252428043,2.4702714644555233,0.8599611209070158,-9.568505126637538,-19.354829108014986,16.338623,1.018144
2123367407641472,45.22231569185025,3.8808647446859563,2.2452699893461956,14.445033641738224,-11.541509241483382,17.417564,1.136358
914037760815616,45.97829398940512,2.619589713674405,3.022143999940859,16.03020819145636,-8.337280574775857,17.415886,3.7347212
1949644570101248,45.7562461909105,3.875698571246733,1.1464756440861956,11.702046912520927,-13.144969158548427,14.311549,0.9798555
12278456802498688,54.81428089164346,10.127446863936132,2.486475206673363,-0.9072435301020021,-16.139657474867537,13.92693,1.8464375
16832595308758016,51.75975128980478,12.634773774641792,0.49243827923440453,2.7006047996458777,-5.715025637347649,17.261124,1.1254711
2485450330197504,47.94252161724907,3.562943317483662,1.1771049115666392,-0.5338650092979366,8.807261940047368,14.50619,1.005753
2163740100209152,45.53460454806149,4.311800677555299,1.4759233993495515,47.91771114053046,0.3110876858616669,14.353136,1.1273401
16901246065682816,49.485663419171885,11.138262948558438,2.6898036622947896,-4.91158876615348,8.087484325748214,17.226656,0.9680522
2502286602016896,48.576170193692214,3.7726384930721313,0.3977990208066737,6.117360115054371,-2.9351773012844813,15.937954,0.9816967
3159244799560704,48.78099702630504,4.854994787889596,1.9735152069097723,7.7338963229016695,7.129334443821376,15.0437155,1.0088284
13764098873362304,48.50880463494009,8.582877154803242,1.1677473189875647,2.7206071096977795,0.6427561007224234,13.877593,0.9930611
183760176405632,46.032722282404734,1.101464566124532,4.002709568233648,-12.58124547231178,-19.428081346447243,14.203987,1.1380852
13039868603785600,53.0179910018047,10.238303975740042,1.0588265618382016,21.802286136583145,6.567579613711538,16.47478,1.0793418
9640998988714752,51.667241304519834,6.3275703325609545,0.2895523391663356,2.007936566003621,2.2692790785447845,17.65219,1.1519146
746985007819392,47.4233812436922,2.3219975371395654,2.279624860415908,2.7801592144358414,-2.7735615668462166,16.271982,7.0361643
557147453230720,45.148037779867636,2.245875075231781,2.115208625977412,12.879380677253543,-9.012048719748075,13.478376,0.9678408
2165797388834816,45.157949109086516,4.141017324558101,0.42886962001325496,7.521474991152427,-3.075458288537579,17.80595,1.0914702
2253900053418752,47.81872281822859,2.5208743506968054,1.1641007860881871,13.105864813655277,5.157916692039675,15.030216,1.0196513
13599726180539392,47.32741948724415,7.723208226126864,0.37888846661339715,0.18592367055226217,-1.3954009624754071,17.735294,0.9976365
12064155114598656,55.09181589149243,9.70952413744038,3.372700353958042,22.527277671969465,-8.670600491563027,15.678124,1.0439023
3267649774121856,49.313140752589376,5.2823408078550145,1.196759655129819,8.265915623971704,-12.254297835477837,15.357781,1.0709537
9397873775512064,49.93010950981634,6.125863258750598,1.5837635567325037,-10.864064619936482,-8.973526193394104,14.367046,0.9771108
1010558560781312,46.182782769512784,2.7478429628688814,1.8833731206676323,-13.677348420294296,-16.026055325007484,14.972398,1.0148803
9844584734169856,52.734064204342324,7.590281207328869,0.6797176582264757,1.9538145903367892,-1.5318134458744757,14.664727,1.0098358
16036347026949120,51.380068548474355,11.215357867165894,0.42580111536881016,1.802359179649684,-0.9672594374895128,16.517221,1.5082955
1066560638836096,46.334004989661736,2.928865330056331,0.7349535358773153,0.30310614745558745,-4.637185016818504,16.449873,1.0379629
1945895063408128,45.86808659637543,3.8415866444002993,0.3115157124649347,8.0763592072522,-7.160526008304306,17.729372,0.9583196
640710336995072,46.128743548909256,1.725257074618689,5.7687712749591595,9.295576974117182,-42.38381737467606,16.127031,1.0441004
2252250785986944,47.82019795190113,2.4398082393178395,0.6108465443317883,0.86938798137935,-0.23405948796681358,14.948359,0.9891005
8934910660789376,45.332343237932704,9.173276608563235,2.849065605097754,29.23165524609957,-13.816934393712526,14.794793,0.98963404
1007500544070912,46.116870977485775,2.6506339947342163,1.075434256376609,3.5908025191945674,-7.400809066533165,16.76353,1.081272
662356972161536,46.155074050877836,1.924314548362129,1.2120574629226146,-1.9823719063688459,-2.44833825957685,13.618244,0.9790771
15632448302035840,48.016474193952824,11.066712060189923,1.6601553274459186,8.373746356104395,-15.147161780887458,14.560355,1.3683288
3564586633083904,47.632809313895166,4.776703589978825,2.098380445899453,2.102402494256264,0.3067134941818921,14.948362,0.87726194
2669859046084736,47.04719659331025,4.0002610007761525,0.386792041441454,10.03563656892274,-2.731567480265432,16.474792,0.91720295
785021238163456,46.93219673137822,2.375259025617329,1.3584733660251849,19.83614145001909,8.03885437851228,12.669757,1.0362648
7511799017183360,47.629838148709524,7.3144824921881,1.5327295003561532,1.511567027178694,-3.179797933667164,14.747556,2.4265985
810447444548224,47.07059617262252,2.448834577805472,1.1502746600582225,3.9912356068315233,2.5263237604665134,16.028553,0.97053576
3611036704039296,46.51379995518583,4.754747861970106,0.9954473090480838,0.1697457268083508,-6.143124536931074,17.652174,1.2171551
4195976890220288,48.714306388768186,6.184193923829967,0.7867337465586781,3.3530256909026925,1.067445999469432,16.130196,1.1394117
910807944805760,45.96145482119226,2.510003677561914,0.633257216960308,2.644000955570648,-6.053660648472648,17.42746,1.0338475
930981406632192,45.588364431782026,2.472692844855773,0.7255213860697747,6.551987366559919,2.1038566705598796,15.61145,1.2304444
11954341389772160,54.84811022241761,9.350434716371014,1.9664332025720654,-15.040890253106518,-24.211883251397435,16.601662,1.105421
4039163339408128,47.46541821731609,5.487180777993367,2.2550337930108797,20.089997246253567,2.4107733727877676,15.749947,1.3934263
1731838188552832,45.30566947005057,2.908806610240154,2.0287652224567045,28.431938740142986,-10.980802499407343,17.074337,0.9805662
3142442887533440,49.14944583443194,4.724931966914813,2.9399506536792472,6.732706371312856,-24.839560209325317,14.147947,1.0129495
2565680319287040,46.98589272247091,3.463832566143928,1.8062744297002957,20.005099056073725,-11.490674678497781,16.107943,1.2466896
629023730307456,46.672360471611334,1.9003779774675555,1.8070407348968671,0.5718324671692181,-10.105964458204296,12.713777,1.080703
9186110412738304,51.83016977233614,5.843514168689495,3.675187922576774,38.282698081639545,-0.3762602916123415,15.132198,1.1267679
4063004702418176,47.93566632148653,5.748666417727036,0.6430004286455682,2.770717576689326,-0.30974707570339743,17.242668,1.0062058
1700192869526912,45.22824113791678,2.648869922779055,1.0016272700057567,-3.4150633370468384,-5.793680022412119,13.658403,0.94679403
239319873292928,45.38346427970195,1.307036123065266,1.3952661595241727,-9.586270116944917,-14.897042192171519,14.994319,2.0010526
4034039443390080,47.22942925519087,5.399429913573226,1.086929581457538,14.361320992136015,-12.753393930746252,17.54602,0.9429106
915141567260928,45.30962576134588,2.1256084345439668,1.722820783022417,7.648959998140205,-7.855339973615104,14.782769,9.914378
17985815502755072,50.626993110893984,14.023721581126118,1.7646704258384898,5.628241412774566,-9.395483665668364,14.500014,1.008755
707162071071872,47.17683667464683,1.9393003545971634,0.7439561852907014,14.38256822419293,-7.364235080627736,16.438591,1.0132406
937922073765888,45.05016722623323,2.3647849310029736,0.24966603936105575,-0.33668451409409716,-2.358477813603633,17.193516,0.9946767
2985796840276224,49.99918286405561,4.647641345646688,2.3481391681418367,17.24620001691808,-33.71118416628648,10.836007,1.1937891
11375341143016192,53.58052167434154,8.054885339420398,0.439756917086006,4.905175845881969,-10.319086411996254,17.546017,1.0313945
4363965946313984,47.77169768760595,6.021858529307727,1.452318270164449,9.989521781806097,0.1679242026094978,15.47346,1.1512802
208808425640704,45.97182175762142,1.3972189917993107,0.4669588244874667,0.7348230539884868,0.8516667814623494,15.941588,1.0745937
926304186767872,45.61690281262082,2.383059790663229,0.9271960145082081,12.028818434809185,1.0733569164045251,16.275145,1.0680956
826768320257024,47.273217399461295,2.813538371684826,1.3664434396508651,4.161738664444763,-5.2199625206324916,17.796455,1.0130827
2906387189670272,48.709450809373074,4.190504831483707,0.253290166156574,3.7588560217671336,1.40451372175821,17.994837,1.0570664
15095749189189504,46.756008420779715,9.987603356752484,2.523342939680964,20.76652555802429,-12.079305300324151,15.318301,1.0875726
2180091040186368,45.383938212552245,4.414336548133568,3.885777540829706,-23.68803258172983,-16.2186717628452,16.148748,1.0892415
4296552139481856,46.85712091477309,5.863999157649716,2.402342953348131,12.643149690072983,-1.49625039609432,13.084918,0.9055128
3631828641036800,47.08232383992655,4.99548870657544,1.6133739559208469,6.817967423049758,-3.0837429881744303,13.3690815,1.0185963
987159578988800,46.374381774870415,2.4960144816376992,1.3529578227662962,16.0627407869807,-9.470701242199098,16.438602,1.0418214
14628765984906880,49.25534829638357,10.573944673536275,0.35003453627364084,-0.9694824988702885,-1.9609707721162568,17.251652,1.0599996
7610888206950784,45.95963003188294,6.820632897219331,1.6111734391179562,3.3807847642695448,-17.865971710629864,11.810997,1.0757152
11360158433754240,53.0044144355674,7.864365547552757,5.624636872518295,20.702398476848597,2.893429459422634,12.918079,1.1104174
10310468426957440,50.19863462850847,6.957270288594334,1.4217017601922783,1.182016227043769,-8.72239997474689,14.698342,6.3836346
13238158653933056,52.92023518727588,10.37791779116083,4.63217688421762,0.45920708883214667,-17.859429050697162,15.998635,1.0657942
3077777859864960,50.0798676434307,5.165234849680527,0.42085565042629025,-0.3383650301503077,-5.575962036596719,17.792652,1.0089765
1844739993374080,45.78035468215286,3.330393616827211,1.1381055719003945,2.651385635169291,3.3927546696368,17.678377,0.97659266
571544183704192,46.376242934092,1.4601757514307871,0.7959546520826888,6.405180849810874,-1.8018686954020882,17.47101,2.4566088
565187632127360,46.5029353123227,1.2829229507121194,0.4540809465987675,4.320492880855755,2.165747067514752,16.200003,0.8991028
2723906914510464,48.201990033132205,4.193236902145033,0.3732850567831988,-0.5946253798572744,-7.117171778300463,15.837483,1.1303234
1096870223541120,46.31315194810887,3.164368757415564,0.6972772967573819,-2.369267409232462,-1.3747430181832272,14.311597,1.020686
11847929280076416,54.69771758589774,8.791574603724799,0.8449999317708574,5.923558898107328,-8.213592073888137,15.885135,2.05416
1931124671097984,45.24332705641715,3.7069653534004843,0.34543041994426293,-0.8967217489269629,-6.215020611833158,16.829906,0.89677
9799504757531904,52.2458587210021,7.099961560921875,3.362122993762342,11.812415234911139,-5.384557984357324,14.278569,1.1977923
1753862780835968,45.41735515120055,3.1242777448302363,0.7466775890967949,2.185112751333639,-0.9157524688066897,15.130117,1.0185882
2475245487935872,48.39865496198057,3.593936936783783,0.9751689100877731,-0.2201954912134954,-8.092187649958461,15.259539,1.0405416
13164075594240,45.26333628178132,0.36935645995028626,0.8101966346135607,5.944063156854327,-3.725158772786984,16.10833,1.0289786
14521013845410816,49.07031084759868,9.975364648157434,0.48245645338673715,9.880613137219196,-8.419207608730087,17.783895,1.0799856
10472886909884928,48.56808935057426,7.167443816041307,0.628670466476954,8.117860985685772,2.4110981427482656,16.108332,1.1259315
3625472089444480,47.040404993554446,4.8653557805845615,1.2227853067520362,-0.0791425898023797,-6.507023622006694,14.208185,0.9950244
9187592176891776,51.582645887795934,5.769088494974477,0.7588048717345995,7.344708225322622,2.0133654975618853,14.826971,0.8750971
244267675615616,45.378036724674445,1.38154355440067,0.743409369161962,4.307542514376429,1.9007728834709974,16.449913,1.0699853
3612930784903168,46.480251623007675,4.833912681333996,3.2335955946951067,29.350856136481156,-31.582176516861388,15.695447,8.318301
27168318142811776,45.55619111926047,10.365250569085799,0.9868309351886723,7.7610473070878285,-3.3638127385013856,14.749334,1.1172426
2478818900725120,48.33617301386187,3.648172485308874,1.5743953263046664,9.700237379442182,-10.848380712814153,14.921163,1.0041503
3124816341732352,48.602965206701676,4.572161817078379,4.250514932438541,-13.50326904665198,-20.242826197556766,17.994822,1.0458782
567180496932224,46.47179585485595,1.386677656948884,0.49810542258149937,6.329133239392227,-3.6996668957199743,15.253575,1.0356776
230970456877696,45.25090862849273,1.1329946082556173,3.268165314302856,26.247284953899076,2.365583148921564,16.185753,0.9833935
2151576752836864,45.284786621507166,4.039075314663042,0.4974698478544151,1.3191956121981148,-0.5965063376740352,15.749979,0.95094186
774434143155456,46.73255442811946,2.1415699372569175,0.6098215505577195,-0.6930095522981521,-2.5577931799318714,16.656898,1.0801775
1753965860050560,45.412802621354174,3.1439432255447732,1.6514107790225376,17.072968236362698,-0.8765472483838188,14.766351,1.1145779
625317174259456,46.82293889111776,1.880285572466659,1.727332130252216,13.443141652014422,-6.665747798732041,16.552214,0.98045397
4192953233237248,48.390629905697374,6.1601558541333885,2.0572370447301886,3.54061472045142,5.240798879870632,15.977836,1.0346812
758907837031680,47.40050696524372,2.361478408811196,4.2859070579317295,-30.904573031072108,-31.014121805571314,15.702975,0.94621146
13522279330334976,48.06449535894001,7.461611188484045,0.763992094455508,2.9872917052691377,1.263711951086276,14.241476,1.0548368
3274281203623552,49.560423007599276,5.216131758415307,1.4606203770394734,11.141606332475659,-1.0872194686598782,13.603695,1.0379506
3307640214061440,48.85597750284311,5.111858183479053,0.833010575300057,8.309061745407673,-10.160306747493618,17.074732,0.98317444
634285065926912,46.09651080131152,1.5806920085271838,1.4925759934499572,8.975918567003163,-6.97228520050353,13.81942,1.0373925
148056112656384,45.78463285637765,0.8195402623776119,1.326789963493056,4.514512516495349,-7.64536673214778,17.242266,0.9465951
1069141914689536,46.13617241833057,2.9590589408813934,0.7095157426492724,7.768034482433295,-0.3040888017496375,16.107904,0.97151846
676788062301824,46.42174619318893,2.038226045657008,5.383549247275069,-3.563120487347065,-49.08076092424541,17.61806,1.0834707
17183756130064768,48.65514707853741,11.705807324283846,1.2943443346363062,3.5998539389553015,11.089843382789518,14.355234,1.0750995
3566167181045888,47.6882070312789,4.802724788225525,1.6858282413776002,-0.9237974991212434,-5.458957248386935,13.877532,12.9024935
464891555793280,45.36328822622407,1.7164451853129614,1.58537317272266,-2.3235448567227115,-14.00328415082373,16.517275,0.9806983
1016842097370368,46.3307486809717,2.8299881059913496,2.2973971213599302,23.543577259163076,-0.4406123090512995,16.295044,1.0312959
2841829536506880,49.28023553215713,3.943531857582369,1.4152762718407979,5.129389416760206,10.735153408328316,13.713292,1.0411963
169810122607488,45.78107377650778,1.0178661531859194,0.8134539478562486,11.363064056770178,-1.1808780608927378,15.948116,1.0169318
778424168402304,46.84803843434281,2.3100617898735263,1.5923676211335935,-0.8611919334958125,4.558454569836779,16.13015,1.0279951
3258815025843968,49.126353246147424,5.1250523087168185,1.1350686285018399,12.363983301419642,5.352907704389972,17.894323,1.0502545
16580600987625728,52.732626238028956,12.320487985830804,0.36059653208989473,-1.388857372956946,-2.070304544364541,15.69588,1.0479363
463207928588416,45.203201373554656,1.637971254600811,3.6249416631024527,33.555030069342905,25.096303047061674,16.090641,1.0033145
1108823117434368,46.227739142727145,3.1997806880876394,1.9343555611225927,-5.163461202109436,-23.590299539052005,17.417494,0.9808804
1059967864557952,45.97748895571192,2.778164289341575,1.1467560131346541,-0.3493840734675887,-16.812843277898594,16.472378,1.0050532
828035335131904,46.88158035188054,2.6036628535866884,0.44571848580184775,3.315283436526589,-8.02241358475488,17.427055,0.9458172
13576705155888256,48.236252648907815,7.989953579952762,1.039717236543636,8.483270782178582,3.739700298337219,16.588184,1.0669264
239796614448256,45.43541770920008,1.2972482987320764,0.5261836020207917,-0.4312549416125475,0.729712304908672,16.89519,1.035561
240556823309696,45.465820204214005,1.3434096975959742,1.7165084189938222,0.36750555917538597,-9.80106347677795,15.235055,1.7615093
4432719782747008,48.176704173461765,6.82408939659304,1.0503385201887923,-2.9354701635528473,0.28488033320770983,15.2288,1.178465
10448594574860032,48.55190660988484,7.129906841838097,0.27544939562694476,15.164257773302007,-3.8855613654446755,17.193932,1.0393847
16166604795008512,50.03557438704091,11.205549788177288,0.6005069697622926,3.4061600220355253,-2.113100342325072,13.427039,1.025036
10361389559022720,49.76616446442641,7.276706210221602,1.2114477460583088,7.113343731439285,6.735319168339893,14.794393,1.0787997
1824918719744896,45.0621765320807,3.464830779516937,3.7680249677082895,4.413135442678315,-12.655710372824574,15.965824,0.9411017
13962668097027072,47.9365929553668,8.865630437016979,2.8786921436935065,-13.799324352176555,-23.026012961023092,12.651331,23.752625
6954170527522688,45.82182617679741,5.981933740905141,1.7668785522150616,3.9520403632249734,-1.8025901886214266,13.546684,1.0719924
1883016742008064,45.9231283177492,3.5071846687893733,0.431485470906439,7.561972398998417,-17.956584117891015,16.253923,0.96492994
2175624274162432,45.49907043113181,4.342475791367777,0.8488433236669638,-1.1932959197977837,-11.036563326491738,17.765446,0.87975293
11510512362368,45.25564613280313,0.29032307912696464,6.119356354805919,-42.18655907409065,-57.68607630889964,17.598793,0.9232366
17976499718653952,50.19757649622322,14.029301778767708,0.26568035618326885,4.202128480786595,-3.061116556925178,17.245684,1.0683756
2869901442775552,49.519413584857304,4.14374804243485,0.40911734723332066,7.579275939734419,-0.08813992799535392,15.155112,1.0037905
16878882171537536,51.78112440692924,13.008597297385416,2.273528521991422,12.950610584607837,-24.098559816877348,17.22658,0.95873135
2412057929106816,48.31404636906172,3.2315992895993007,0.8382775984267078,5.201698004005774,2.754590821256964,16.507793,1.0278956
7365082934301696,47.05647711383787,6.549712183977988,0.5029560055312664,6.7421561935588326,2.854987433571589,15.016592,0.96575725
1915387910966272,45.54137693865486,3.5985577268619346,0.7157982158156848,5.202426842074764,-2.3549900997683237,13.86203,0.93362874
692593541920128,46.1487602564033,2.1479965034604707,1.2751353066555215,10.231872343270268,1.7177295597282003,13.417013,1.0130312
191972153867648,46.27220438560497,1.2542349763703582,2.3504804029355,-8.215802568732231,-24.187147435583288,14.498995,1.3064877
960943098509696,45.876680643789705,2.6743396916300086,1.8987688419615412,-12.04321981851096,-2.1590883677850927,13.39732,2.4475539
835770571714560,47.124806167414626,2.7120043424170497,0.5146875200244058,0.7590181680462036,-4.04355575118662,16.782879,1.050018
59236189231360,45.09017054443056,0.6477859794297357,3.3128369560643174,30.199838044494427,12.011375394636529,17.599262,1.0054842
1754790493767296,45.439713175292596,3.209291631154494,1.492606901368237,20.718685982168402,-15.661956797225418,14.934605,1.060336
716675422954624,47.34015129092528,2.129207415734314,0.3882223153775296,-5.398818809705391,-7.1771052311160854,16.752472,1.430707
739254066721280,47.43291159297018,2.132367359980116,1.9753286304671318,-3.523727669460183,-13.403749991919762,17.021585,0.9999375
2842929048134144,49.23753374259028,3.9881958712834176,1.1929606616471393,8.606084592802961,2.910546067656777,15.672705,0.983312
2809497022726784,47.87409345989097,4.63456145771705,2.269415717706928,26.686313370434704,-29.7096198451841,13.535681,0.90036607
3559329593089280,47.34306602202755,4.632262697611883,1.0423999768150338,7.685121240170776,-4.628829865771323,14.761268,1.2318133
668404286111232,46.06281974515933,2.069219016479003,3.138924506911252,9.924771414925976,15.71300562143438,17.24569,0.95372796
3341832449203200,48.818267352493805,5.617675904222445,3.2555274861096355,6.599256840225663,-19.230839060298308,15.178603,1.1796659
2299151828854272,48.36242531825682,2.967311425100557,1.540149470861331,6.2366446109280815,-11.262846415261915,17.381056,1.0556939
1112469544754688,46.310734523254894,3.3162125110648684,0.5451727477005307,-3.138531661534034,-7.867955026761276,13.737687,1.0359896
4242637414749440,47.0974273269715,5.677718934494989,2.655130156358049,28.81628003907599,31.460458057746738,17.73489,1.0791336
2829387015722240,49.22104130785536,3.8807748935612167,0.5795577644730041,7.360336541029154,0.056250561661887216,16.689165,0.9278579
12722865657686656,51.54760373517038,9.61074230522222,0.4158719576328973,0.5207632241469493,-1.541091671695974,16.783358,1.0285242
7701735355597056,45.32182695426103,7.331640670054768,0.13160940640555002,1.200434861819766,0.5485346714040272,17.652107,0.93748564
8682229144830592,45.33409072038747,8.442033204510201,0.5894296116493899,-0.9201445710959129,-8.038705503754805,17.251698,1.0867932
2153363459229952,45.34463857190412,4.095461293737745,0.5013488941168956,5.303486252337388,2.1869066885065664,14.927037,1.0057032
6986679135675520,45.24305793044641,5.94320487467571,3.6279022966264645,1.915755727684701,-43.457716461670834,16.271898,0.9919921
3663744542880512,45.64799528376135,4.292786563478539,1.049629241078494,1.8808487486780925,-3.1011158802395085,17.316694,1.0665985
2646593207864448,47.04728106897743,3.7916885960188242,2.7904575969276175,18.984758650964537,-7.254069837367324,17.618032,0.9862338
739666383750144,47.52852505520354,2.166867274072076,3.9188124593551006,12.973292542377,-13.353820164517236,11.400991,2.3914387
1737537609572096,45.4355773031037,2.950612578237413,1.2047596187007896,13.313162512533628,10.171376912586325,17.063046,0.9749681
16240473937131008,50.955513574587584,11.413761384566461,1.5386286620712382,10.512700833272888,7.206992041932977,16.752485,0.9306033
449601472200064,45.047742411154154,1.583025106601106,0.9155535702657644,4.985745989842313,-6.542744121758027,15.67804,0.9000894
13988884577391872,48.08735552738864,8.997603733775072,7.920462584583706,10.1085395834942,-29.641545023532515,15.318246,1.1289289
2610549842485120,46.73940822916816,3.4717008126422333,0.6434061893519699,-0.5296583951459513,-2.4465069537864466,14.353545,1.0443317
940155456757120,45.12381541131707,2.443622258046954,1.7348685039978138,3.597816334389119,2.8740574252346,13.912986,0.9999945
1020488525211008,46.77919446019878,2.7117849778760372,1.4344056227564097,3.318154177257246,12.420854519991456,13.3629875,1.0808039
17552466186910976,50.36704878271236,12.833950885607521,1.7593672219503607,18.670742294796966,-5.477093754609538,13.735326,1.1274824
587109145147776,46.13931318431216,1.554529175927643,1.6824199117438254,13.211511841214545,-6.976423356287276,15.524912,0.97277397
9497757535046016,51.01630398900364,6.766270203938643,0.17356360819231645,1.981635621389922,-2.971339380760937,16.769127,1.0070747
215126322240384,45.472750719027474,1.0858099625983355,2.070876784051448,27.889766771505464,-41.47147918639817,17.462212,0.9421651
1064572069487488,46.24762847559969,2.8809069178385824,0.35475745612970877,6.22276728906102,-4.624288717940364,15.885593,0.9631483
2637663971129344,46.79922856158576,3.824746206493072,0.4455338283059502,0.40236934414183445,-2.0697394561763875,17.116846,0.9772395
1053989270086400,46.79886396986602,3.1944825027668973,0.6708768425134973,-2.589453673380052,-5.41221855723913,15.948151,1.0546051
113833813567232,45.007279663337144,0.8331391292935934,0.47817048049755445,1.427206528956911,-0.8902713743849906,15.938369,1.0567685
4099464680253440,48.326749314701246,5.589813481485066,1.904948230038263,-3.102051441759117,-17.286263319775667,13.41652,3.404619
17785738746422400,50.116889155793416,13.11373711815358,0.8531896699065968,5.74073582538921,-4.9784338176415215,16.750809,0.9522801
904077731520256,45.867366168886335,2.4156461751539733,0.4203054705301733,5.452869711474589,-9.07191104570015,16.610361,0.9835432
4483430461167232,47.92522034439265,6.918218200820156,0.5193225734257733,-0.2442698406572863,-11.302320464411535,17.074776,1.1542177
152282360484480,46.012413373813516,0.8695931041595678,1.2733262917374824,0.6668838243783942,-8.164461127192041,15.846769,0.9646007
2349935522057600,47.39844572720174,3.045818105057194,0.20613508746222858,12.18046033144773,-5.8171745098841106,17.469334,1.025664
1103398573858560,46.681674178614145,3.3015163191098735,3.3948120938661184,40.87726912737307,16.188595537506238,13.61546,0.94591177
2847494598078720,49.116809142511684,4.0653071271861325,1.1561714785936736,17.21210693850069,-11.956301287933368,16.1266,0.9634746
11334766587155712,53.05306014774747,7.655333483456074,1.6083586438450719,4.647828458949123,-7.735956275057271,13.70885,3.4085982
1067767525150592,46.29992318305813,2.9815391649572334,5.0955217212966755,34.203252294514,-1.4573223900245191,16.940294,1.0459057
2816746927534976,49.18105096622186,3.6991297499684754,0.5883465244224084,2.056467866024444,0.636416490195262,15.098046,1.0075908
567524094320384,46.34241668425859,1.3040494156106472,2.2155261934329213,-1.3613757381721678,-17.286387551166747,12.883227,1.2181778
6917822220030208,45.635845962617324,5.725336145121069,1.6245660405556688,2.2213823175409386,-21.481495785164377,17.792185,1.0534308
2284480220498048,47.741311301121556,2.8854780996563556,0.6878915861670626,4.377467782870489,1.3826147898229477,16.249346,0.9938767
2866740346837504,49.68972082079738,4.2574927645957,2.8409177543815263,-2.8642003313941196,-7.314693166845723,16.292536,1.1619589
3164467479787776,48.856125757007696,4.939794902840323,1.8220759803340425,-3.772960358430047,-6.146884544726899,14.907667,0.96970236
11966882695397376,55.59793939500993,9.178209824305751,0.8861494428687923,6.712094731956062,-5.664327838768828,16.602106,1.0719599
780623191662720,46.675496680819485,2.3013576693510482,1.4049111345681806,16.311220778555843,-12.505472265377014,13.694201,0.94840133
9228647768873856,51.12805459819366,5.924205563895096,0.8007288920136276,-6.672813324337367,-36.95908298260069,16.508295,1.0250571
2342960495203840,47.42261107274119,3.003408286882448,1.7151342553380011,3.4325260261683397,-1.2217502884674374,13.712803,1.1119778
428951269447936,45.023977021070856,1.3691358348543032,0.4135388886831847,1.0715831344483062,-1.0023607601770577,15.328694,0.96595335
641118358682240,46.01682824260417,1.7079233323718344,0.6832306204987215,4.529356452730015,0.1271101285309234,16.50776,1.0141087
10328301131006464,50.10770736134819,7.1183735160257315,0.5468304898288694,1.9152615164448175,0.6375167460627748,17.729473,1.1063209
169981921298176,45.82817845977061,1.0381963901065971,1.1225094017288795,-16.42845434193144,-7.457641011173549,16.552696,0.97830135
42335493463424,45.39623368786133,0.4911491231379768,1.6969346867872033,5.872598184910336,-10.317496437638379,13.546184,0.9237478
6812200384220800,45.30104876748299,5.411370124319869,1.0009662086558258,2.891085651615639,-10.925149436739593,16.93976,1.0442954
1835187986015488,45.5695120708183,3.126880053417187,0.4026115648630477,4.6631985250852335,-3.339787442231419,17.474453,1.0877645
8597738548242816,45.965488928405705,8.118144483194275,1.1870133289547515,0.9944188293410392,-3.117508943046936,13.74512,1.081489
9990304384488704,51.34302912112754,7.659631146060102,2.674882114680768,10.55258088497007,-18.329453848895035,15.885066,0.89566344
776500023058048,46.861760328557644,2.2099316950073016,0.7940616744809519,6.7834809208189135,-9.905738754930361,13.712797,0.96663135
928576224950656,45.48551491592744,2.370313892159272,1.8793569429090284,-5.380209779801129,-24.33530970435079,15.744036,1.0583158
16350184581959296,51.86877460524171,11.17339537336769,0.36100242211839506,1.4035999505414662,0.23894210395776427,16.808363,0.96622425
275809915454208,45.81680172600743,1.646771770715885,1.7768018180105583,-1.308145868041988,-4.51385589013687,14.353017,0.9073644
12368960353304192,54.66391513720858,10.440630564064667,0.44660171489006273,2.869604251295141,-3.7568660422035896,15.035604,0.9910524
697403905285248,46.478118169760165,2.199585552679699,1.869502249807989,5.458490507760946,-8.655066785305614,12.675801,1.1655796
3316406242837504,49.018680743271794,5.26073925650735,0.27886040118999045,13.3618454963724,-10.58671462764305,17.493448,1.0262434
3601450337048832,47.014957659276234,4.788506582605789,1.0404188102914544,11.15190419274325,-8.505306146224857,16.722158,1.0301535
894040392438272,46.11158110815655,2.377794527977104,2.0188553526504243,-1.8216769953613199,-9.52042625805151,17.652065,0.96343637
7006882661821824,45.68338418775342,6.132386013381776,0.8440428246234376,13.184951498981153,-5.828940465281466,13.729374,1.0413272
779008283962368,46.71463560412066,2.2134758186869434,1.5177255630092903,-5.025068835787048,6.274132468285066,15.380047,1.0084171
7727337655848064,45.61319597647951,7.551287815269016,1.24151100225478,6.64145468964683,3.643988872683684,15.083585,0.9731049
14594028289436160,48.840145828426245,10.274662263039776,1.257525224313095,0.6355305597824602,-8.24191103447597,14.927568,0.9793951
2852927732020736,49.72698191090167,4.041138154605529,1.2330274884544525,6.8380325862833535,-17.914890026817538,14.52319,0.9993048
6802197404714240,45.6488918106955,5.354943412504522,1.2547440204139204,11.138169436600334,-6.332862889509946,13.603193,1.0352062
572849853761408,46.52914548101974,1.3890896493907294,1.3843368652079648,7.021994999401443,12.472155111746835,14.44943,0.9435588
622911992544128,46.632666434177445,1.8421826554344576,1.3973623662156311,7.823864668422137,-12.140696004619562,15.384216,0.92466325
1039626899461120,46.598532610866066,2.9328860821310054,0.535415486885456,-3.797247684070551,-2.8666761734987007,15.075784,1.298102
9321251558963328,49.853517012061864,5.852669359861872,0.636963396749106,3.5807533591382263,-3.7839590320522576,14.911296,1.0835216
10463506701340416,49.00053984415223,7.1590302340312135,0.9665351321912767,-3.1315050671279785,0.6575785161504468,15.186664,1.0402843
775022554311168,46.803034524137665,2.1743942551993714,0.8037437809460652,18.19997193591165,-9.329938418570682,15.386487,0.97951335
669709956206080,46.35701363374701,1.8556599640284381,3.4492327689227293,23.718102763471695,1.1284574915995318,14.5907545,0.9369669
1100924672662912,46.52516639948251,3.2057582557120137,0.687942587247694,-1.532088876719871,-3.9133151926869627,14.052731,1.0028951
1960570966873856,45.49885759827724,3.944500058122618,1.6395794097354168,7.340754932791884,-24.881618056871613,13.52193,3.258021
635517720885504,46.13965605248268,1.5761240241083545,0.4443672694905553,26.878782900088915,-8.027892733719293,16.449408,0.92821443
816048081895808,47.11349320874759,2.5714861566993017,6.933262400452138,27.287688600865692,-35.772830587102014,14.528023,1.0413452
7461255842074368,47.10368819283662,6.723551265190124,4.140332115872868,18.02066939450671,20.980542257354582,7.369281,0.9810021
15309157524187904,47.896704649096186,10.384621463333772,0.15483851598907633,-0.009683588251547633,0.3284944979074232,15.415182,0.9781723
154893700610816,45.83038850470681,0.9084713828797712,1.2335825461876444,11.777030811978243,3.1009596751961093,17.900585,1.0087472
3107052357026816,48.666504115434485,4.449523047816497,0.2914701328256783,-1.4876804171255373,4.3110480545112155,13.5407505,1.0221612
16071325240563456,49.9632471227282,10.578762647256523,0.8038626225932192,3.6289728127726892,-6.451228654322695,14.388478,1.3482518
886794783120640,46.11132825628169,2.29945961618266,4.745794680662671,59.86922135395601,-234.6549175395968,12.984464,0.84366095
2123436127118976,45.19103145762257,3.874232240649546,0.8667564157578725,9.539357279382486,-5.050670603047819,15.005511,1.4407681
4184092715799424,48.041760302793044,6.15094540214616,0.5940964857303964,1.7635414746785836,1.9335304423197786,13.901073,1.9984088
663181605882112,46.133679197617816,1.9382901339071839,2.757970216356848,2.6144177985451424,1.2826009949716612,13.615505,1.0022959
1055290645074176,46.7422232926353,3.248375091523034,7.595184122728563,-59.05265539799845,-49.23672564928642,16.389357,1.0597897
3062312520192,45.116651051406684,0.14472045066687067,0.661107615863694,17.031779978929798,3.631414090946899,15.18222,1.060455
15975560354202240,50.98734508242179,10.62124629717637,1.6207330777347053,14.70580928509986,-4.289307687015958,13.56633,0.9700801
7705897178568448,45.707042208697125,7.241699856814983,1.5017993825626537,2.656268145377849,-5.520387929619921,14.8066,5.2025905
2261317461627136,48.06117444503932,2.6068865545392383,0.5757684702400183,1.3574605307741079,4.277236405917515,16.552118,0.9760563
8908831618927872,45.408613515914645,8.894420639347542,0.5759187817458933,-2.28118282102508,-8.921379344261927,17.545897,1.323842
8595195927607040,45.81803612507305,8.01227567247786,4.118444870640556,-12.653918786294016,-37.834146373347444,14.493561,1.575349
7484066413108736,47.004334741693874,6.961125654358525,2.1770077396200826,12.718072856340456,0.26277243070634027,17.301907,1.0921688
979188119547904,45.82253850983465,2.81056916825274,2.525582515264161,10.526472644524262,-3.4523029741277624,17.439579,1.1342132
4320393502574080,46.71158036019383,6.06661051918429,0.4133484470788155,7.61030882850168,-7.7022366773578925,17.31676,0.9016116
1807292173993216,45.28228529939418,3.324637085363282,3.1047897487745884,-22.660896130685025,-17.207273225433052,17.19055,0.97961104
17888096406896768,50.68379615927219,13.542869800915234,1.2912090169010815,4.602178802215349,10.422512226192705,14.998336,1.0603104
668915386669184,46.409862864865445,1.8408998161090049,0.24472133723141246,12.485091026465433,-12.637342450811726,17.617966,1.0273784
1017494932301056,46.28438195383221,2.8504070184925836,2.0634759969175267,12.293520453836585,-9.447039549530917,12.362099,1.0602036
1077972367420928,45.79978876059839,2.9595182803134756,1.0654682016823454,1.691633214923355,-7.0380273941276705,17.175283,5.428196
7499150338267648,47.36854605651409,7.008409186063746,1.6572063524369331,13.144586983164352,-3.851765169021919,14.963066,0.8762829
1042066440881920,46.641155188054405,3.0125771852732903,0.6633825710088315,16.41123717814841,-14.402080344089542,14.4935665,1.1447908
11458182471967360,54.2177048901968,8.384530465985886,1.7247264787216443,8.273070354607725,-8.131964608236643,15.437429,2.058212
990973509948544,46.26199965837434,2.5412343157577744,1.79129904879701,11.584577658169025,11.072769174780346,15.016675,0.98997915
7454998074393344,46.30764839291594,6.987419549351088,0.8524157901391499,4.331125569593848,-9.622281186055048,17.74151,0.89773464
614150259288832,46.96656893936899,1.8406475991946432,2.5573447178419566,5.72605905102946,5.132134769598568,16.566013,0.98884445
14491911147113216,48.401759065529134,10.007043019923557,1.354681718287345,5.150012789250395,-21.71868860465731,14.648338,0.9820235
1041168792216576,46.70547454952513,2.997267023464628,4.332508785432868,18.081478141299428,-25.779986474119077,17.735449,1.2294894
15656805065683072,47.79919680770134,11.371609461787221,1.8049746886913811,44.115325417888755,-29.462727745391632,15.937792,1.0061746
9124404617858176,50.93592947165405,5.668154517542806,0.6350259614904616,27.032724619597765,-18.01272232948451,17.190557,1.094263
1704311742814976,45.15610637281358,2.7049456038333806,3.3700150270555707,-13.316085745223276,-4.816955004639539,14.292484,1.0637715
14068629235032960,47.83634282095243,9.446065240771038,1.5251902554144043,8.926618426294468,-8.830169205858013,16.965994,1.7248116
2257748344116864,47.69051629882737,2.560305336065373,0.7318102661996339,0.20621844202227563,-21.125730681305164,16.783438,1.0292153
573051716881536,46.55417636303166,1.420748476052936,2.589235042670258,10.100869116906079,-22.40359955877796,17.894224,1.1837498
3900109478317184,46.11161831039995,5.51939002176393,1.6620169697755829,6.692093291795405,-10.119420117692034,16.391897,1.016813
12694140916386944,51.27029316488773,9.359044553656085,0.6078705274085932,3.4629784129674115,3.676904062628835,15.267086,0.96776575
969322579286784,45.52331040397001,2.6374533938322884,0.4924668827501966,0.8328662783448826,-11.125194267706473,17.086622,1.0060537
922043579695360,45.39732135651924,2.3064971966235372,3.7086500320396567,8.373343940872777,-11.943124273589467,17.085974,1.0276915
2464181652208256,48.153922994492945,3.354340186187128,1.8511143613260999,-6.220677518304768,-11.80070619419039,17.830172,1.05987
44362718023680,45.50555167169209,0.4959017913864641,9.547124803465746,24.173422200681365,-24.501086036909705,15.159739,1.0820506
871642138514688,45.72635940004389,2.1607643236669523,2.999280796570671,2.5048837698593154,-29.902778145388275,14.462945,0.9744436
486572550696064,45.49705244490149,1.9231581156170483,0.6403479638641097,12.146368590648239,-9.113955064363735,16.532837,1.0304599
1872468302124800,46.01355214919538,3.4754841652364687,1.199997772334928,5.837517844096188,0.21699648763791698,13.65227,0.9516961
14973772117928064,46.00253742785008,9.574415629268895,0.3191667108531799,0.9141345059483234,-2.8796383854783603,15.524989,2.8077796
2348526772784256,47.27986249040808,3.1259968422711286,0.1641475609119069,5.269096493953727,0.49209810172369817,17.364304,1.1155753
2149790046440576,45.4166437705726,4.034973567775301,1.6673888610609588,23.79642975271727,-3.810193042243219,15.23516,1.0037947
583600156577024,46.34980570525288,1.4881945717771154,0.6568419205899768,0.03295425761695187,1.2496636073025456,17.729536,0.9865142
226366251929600,45.43246180997064,1.2426212834160217,0.3475949013108413,5.416091588255709,-1.5195964133214437,17.936598,1.0057437
582642379199232,46.242952310454875,1.4695429285761965,2.635765100544367,15.379036715872854,-5.700958597373371,14.277944,1.5235652
3695389861899648,46.08865014866256,4.581795381061595,0.43048615128598894,3.9360270829408486,-4.368788238476007,16.927963,0.93463266
2512216566398464,48.62156595810277,3.8910228740429518,1.2944694731852373,-3.513239700948847,-2.1138535396489453,14.807242,2.9728174
1014883592186240,46.46303184122137,2.819272064888718,1.3934999613443506,-3.415622762224583,-13.953429861764485,13.104405,1.4566061
668679164054528,46.440863280673405,1.828061229331441,0.7752144636869949,6.37496443650562,-3.5236200198619128,15.278153,0.9556524
3766450095982848,45.69351263833907,4.870925003486901,0.7261103398813585,6.676289676868747,-0.14321916657631734,15.046418,0.9021467
8723048514001280,45.606200860283785,8.859124818024965,0.26419850829612535,9.61023869520169,-12.69200289723772,17.483097,1.0050637
2308394598435456,48.037848488895804,3.0109212501005027,3.7796214977307963,59.82914346551664,-36.48056467302575,14.352958,0.9077297
2471981312251008,48.328279607186495,3.4617818155704447,10.645956923779117,66.89281339807832,-133.89420747727132,15.473988,1.046575
977367053448320,45.7658820470408,2.7788923187200942,0.34180567952563096,0.9598055005423917,-5.452247075054899,16.295603,0.9333402
9018267386063360,50.88271217452262,5.022892886965012,1.6355114978612966,5.430810642417459,-2.887576580620845,14.808426,0.97916687
2468682777876864,48.008218128471135,3.42897311075969,0.5534322740600833,3.548226730278638,-5.409879659303226,15.328766,1.0236921
15356367804619776,48.74609516855826,10.564645647176807,1.3783265508378233,-3.794176053189215,-6.314784842197484,14.799203,1.0230659
45668388078592,45.53629966134264,0.5449354087947947,1.2586813271629826,1.5708426568581926,4.928445687821751,13.708774,1.0184013
9145260979008768,50.52358584460595,5.841452913829033,1.4715640115478172,3.591797105023856,2.4317948483855654,16.126522,1.0495023
3590455220503424,46.76578422715384,4.565387402239429,1.3172903949960475,-0.8561488872402588,-4.33893256671404,12.951436,0.9821387
15902928162862848,50.644088779002146,10.75593849102531,6.137665208617847,31.54516249950014,-28.634259065370024,15.361446,1.078593
4462440956412288,47.58378606323889,6.707706510517296,0.43570794934391843,0.3123551754068611,-1.159643363705232,12.883151,1.0824782
1924321442904832,45.207497592615674,3.619158039366922,1.2431929564977413,3.059298551596961,-4.033998194407934,15.703103,1.0499146
580821313069056,46.21535109710326,1.3698475494949023,0.8642384924166937,8.138966830178743,-5.607178678845699,15.2912445,1.0797696
2421850454568576,48.679137806536765,3.425698733256743,2.413279172792027,22.64124137854413,20.296384459175435,16.65271,1.0174491
1112400825276160,46.34490189596453,3.3285283181472023,1.8164171245246148,0.4708798398841502,-22.930273122033014,13.480859,1.3740253
9252429003121152,50.94177677128331,6.1860915631815345,1.0304036006040498,8.626671974075215,-14.587950771904769,15.422003,1.0003983
656000420572800,45.85689896540776,1.7829830089222107,2.6955936807624696,-10.039451365394912,-4.654645613139339,15.065864,0.96994495
2466346315719552,48.226050503248665,3.4238256120455386,2.434195184521453,-0.9766506188691041,-25.982293869701504,13.742092,2.2305243
913973336161536,45.98712696464073,2.5948529614921445,1.9927913232487515,-0.8602496620160471,-8.690762474030443,15.356355,0.9734477
47416438977408,45.589135528801634,0.589080275301284,0.3709677014669613,0.4740451705491473,-1.508665446399662,17.298481,0.97630244
54803782957312,45.1524698772446,0.5708669996443819,1.1965454125427006,-2.64511674085248,-21.634334449005756,16.27964,1.6590403
949879262711680,45.36011310007407,2.6621379304620323,0.5035893517739413,1.2259971091059463,-9.077408165273111,15.421311,0.9550249
14838635266987776,47.3144338886948,9.701530969311158,1.2268803655614062,6.735880113901647,5.033267774389505,15.356356,1.0439265
1836463591982464,45.68113593121612,3.1701583204866237,3.660206875547784,53.720243391009795,-7.553584516944647,13.344414,1.0622603
3389038434206464,46.63618340965886,3.8418594855042296,0.5750058106292142,10.878473426735216,-14.632370838220922,17.767406,0.98225754
275294519379584,45.78724089179265,1.6150385094766813,2.1482780016947016,3.18265108504424,1.2621740644635009,13.614849,1.0194947
2278982662412800,47.880728429519905,2.7761766481890198,1.4248352755712896,-5.0798710167316266,-9.29443225263577,13.956135,0.99443334
12373289680338304,54.53480646476155,10.522038515437156,5.735806065161429,-10.218459371809526,-64.23343639328229,15.441613,1.0507658
1725790874604032,45.35586281694764,2.7921041909276143,0.3340011880276426,10.823611368700305,-6.1457931763683185,16.11413,1.6625324
16941038938086528,49.73029086364261,11.527789843973084,0.370539651644793,-0.7263275025652371,-5.4786397316251785,17.469244,1.005876
822370273787392,47.36227987902991,2.7346222053402696,1.9271993223385586,11.641294498629662,2.1466786448813013,15.948563,1.1023333
7846394149244160,46.38413760140409,7.811861915146933,0.6488947581117767,7.0867271802502145,0.39391038740146234,15.030404,1.0488735
539830145127936,45.311503495681556,2.1189376525727988,0.9501122684691217,16.425014520198292,5.097686204233563,15.441611,0.9678889
267632297700736,45.58220022207836,1.5163222473784082,1.7763070786305684,6.071711299127431,-15.642835714064613,15.047107,2.2939382
3025374963720448,50.26939812073826,5.02690364954381,1.2485967877840518,9.261449827420272,-11.908526391901896,14.746786,0.9245778
772617372666752,47.512965933347644,2.6065227642010234,0.20196734560734478,2.324018192715563,-3.5184289026381457,15.234474,0.97918296
220215858794496,45.51950816518453,1.0850532852436694,0.3529282832422379,1.098466569746049,1.4919068756888234,17.074871,1.1283726
3190787039361920,47.9864112761182,4.787319600409803,0.8707804378159805,1.769334191956688,-5.570594186021587,13.737572,1.0658975
8454595878195328,45.1393197016382,7.424332876533667,1.1105417376435187,4.008171161451439,-1.9052510233804674,12.651206,1.0891017
961282400512256,45.94990223583609,2.6498839644765817,3.0199969625612293,-15.920741583579563,-20.421140273492004,17.994675,1.0650887
2353985675646208,47.41070767324369,3.1577656065247037,0.16636900522153977,3.2440702588452073,-7.158188939925149,16.895773,1.0298549
953036063270016,45.82089215731259,2.5409114336699767,0.7219076497821542,1.3873666999627594,-7.27031377019792,17.212587,1.0957426
2510223701571328,48.74348825384975,3.863529896446466,3.2260187802630456,-6.043787650266092,-10.199211769307313,16.148193,1.1854526
2374915051857280,47.986490688030756,3.4290472990325394,1.382315481724435,3.594964240915539,-9.693162074341005,17.209274,1.0005327
1873950066525056,46.20917961276044,3.4867252630518184,0.4565143582265346,-3.3992135073656184,-5.833756670670723,16.472244,1.0820057
602055631389696,46.827638096618664,1.6614446636453386,1.8873880650167425,-10.083976083292566,-5.30209796868211,14.799223,0.9838045
1862920590480640,45.67029627445192,3.4770551487310657,1.061647745979723,-2.8371902857210722,-0.04410901160995369,15.922453,0.9900213
12374870228298112,54.70917760306804,10.586719239367685,0.6716044041989396,10.973730861996666,-0.9065900996477724,15.043917,1.0140332
717916669172864,47.22766130152505,2.1013897592074535,1.8783190129542093,0.3731194830221587,-15.165889658516344,12.950736,0.8971891
6954724579024512,45.72815530251035,5.977616699798801,1.4733475458033558,-1.197966351755317,-1.0735360365227233,14.830455,1.0707386
7489602626218368,47.17434771565007,7.0597106540773185,1.2606360425455947,20.329338759385664,-13.515608945625587,15.339718,0.9362222
667614012130688,46.02460379955527,2.019727470622284,0.877248057510187,14.698923658919314,-6.755078776703881,14.698904,1.0551406
17724784570321792,51.36583841169078,13.620880790273421,1.6528725342603312,-1.5192637579740915,-13.722006373268346,15.084231,1.0308256
639400372061056,45.98469360280586,1.6584132065833976,2.860574285991533,5.316020172983502,-23.454960910670774,16.939669,0.99453944
15123163964773760,46.83882250986351,10.338529764290215,1.5538673398985008,29.029320374624497,-0.09900270763775328,15.923175,1.9308939
11340779541355392,53.34930032886336,7.759639870309594,0.4239088222207883,3.1441097313681485,1.1700621937725701,17.211866,1.0723857
1069451152332160,46.21707555823563,2.988246385112774,1.5380246335035237,7.085243193048399,-2.112898842757085,13.255821,0.97631365
12636584059011200,52.70494297348301,9.765209098941435,0.8543561714257318,0.24450785630727734,-3.854409650768414,17.796284,1.0512716
1702598051213952,45.1388856462978,2.65713839609782,2.636004800237855,-6.084062547713375,-4.953260166778553,14.395907,1.0334901
38796440413824,45.38885683634025,0.44259588903350366,0.9643589151274796,-4.1439038263121315,-8.000316029388708,16.44632,0.990013
2719371429048448,48.267092425649466,4.097020840674974,0.3378961457286009,5.219951943352191,-0.7771296978192875,16.746368,0.9942077
1050347137820800,46.78957876112478,3.139052368736032,1.0022799604100863,1.5499674987505765,-16.398257243216317,14.614061,1.0635369
2298189756179840,48.43750329399455,2.951383993016781,1.123353329944024,0.2910539821123961,-12.008650001084602,17.245085,1.0419899
1023202944541568,46.888882761078264,2.8337089770730604,0.9089810033930972,1.0075481443861394,3.8534033698823227,14.803489,1.0797255
854977665425408,45.87753406855114,2.0464420343829524,1.2538380073589872,7.641039102356608,-5.619104213611439,17.728838,1.3815268
9359940624377600,49.58335698547482,5.746683805860929,1.2043318145663289,-2.371655986550712,-4.0073316819512375,16.652,0.9387272
1118619937918976,46.36862365622016,3.370155147719001,0.8016992451924715,-2.622198109090655,-3.3720644902186363,14.725921,1.0765414
3355885582236544,49.33659847804173,5.644353352655328,0.7145015100249399,9.018398290618695,0.09581152916112325,13.535553,1.0499315
1842648344882048,45.96851733538211,3.3249552831535554,0.5816018942725142,12.545253276617121,-22.9410600183304,14.678773,1.0891289
16594795854674688,52.512863129580204,12.34701574369447,3.087963358300579,40.48421044405849,-20.182450024785442,17.79628,1.0801581
3519987692674688,47.07856040929338,4.276224346605939,1.0203770631361437,-0.5665880049076384,-9.724007486136578,17.764845,1.2382581
2140203679411968,45.12356671592213,4.003068794908137,0.3345828978346564,2.753085802101385,-0.3776510373054196,16.461699,1.0127991
962592365949056,45.922964861077084,2.7158394067559493,0.8808560851115455,-0.7990888410756124,-11.93325684714809,16.65674,1.0014365
3621069747723136,46.605344411572474,4.939731833761969,0.7508852280837139,4.511104369358801,-2.4411979727113278,16.507658,1.0499324
18012440004931840,50.65437982254683,14.369801730325092,0.6743439401274057,13.802024697234355,-9.578666810790484,17.677805,1.0637109
1751869916015872,45.28041160090734,3.0623736876286647,1.1613524767772714,8.143626788068996,-4.324708585507183,15.415852,1.0904789
945343777343616,45.426590133163494,2.5695881106887555,0.6730008354524409,7.165658767289229,0.7519895474233692,15.229398,1.3781828
38590281983360,45.4019030224066,0.4413422428969414,1.395166592588641,5.4275141834919065,0.583961110238402,15.113282,1.1264986
13405589363298688,53.76262482917599,11.145937843913645,0.6902228804512707,1.357306637639784,-5.915514189227153,17.42691,1.0774231
2233387289833728,45.11460739691044,4.545350075435575,2.56372282479409,-7.408421352355084,8.397240383466048,14.781851,0.9913125
741212571806848,47.57480424914883,2.1929952057054347,0.9933040131741548,11.324959423207506,-4.744476822996832,14.506406,1.4965663
905830078173440,45.85724366818305,2.502707408439395,0.7987081772543364,12.328674763933787,-3.5180825495460306,15.244018,1.0426092
14523174213532544,49.24005904453748,9.958283033191845,2.0328853671659184,8.560548830583468,-10.710648036790174,17.36501,3.0921426
4478246436088192,48.0183114945083,6.830112763262421,2.080670801847812,0.32614652190537236,7.471898257451346,15.452126,1.0433273
3400553242339072,46.173564318470596,3.8814627955769603,0.5687758982149533,1.948240801562544,-1.1956411680763124,17.36426,1.076327
16122207717840384,49.525189178536785,10.712720295883509,1.9948234897647248,14.582466870194523,-10.006139061119509,16.127237,1.1482992
735401480403584,47.04308039273795,2.249335283648938,0.5129018904297878,5.8265872505060825,-5.243324311863168,17.334808,0.9374893
12155414578343168,54.61965202889077,9.666246924959895,1.0331186420798035,7.782437238128167,-8.258485556620174,14.505657,0.9909976
54155243432320,45.11013057384516,0.5089237499320818,3.7526948163929936,29.882782918028994,2.9956321014908687,15.109212,1.0570952
832575116051968,46.824645798854185,2.6946886204359806,0.5845211072234404,6.129057595264335,-3.5587935475102372,15.081379,1.1382513
788766449648640,46.80433206250447,2.3947310787207248,2.1019657294045793,18.11277499296166,-29.397309594143767,14.163554,0.9845972
15342211592419584,48.55177224104927,10.317650142746276,1.2327042605362484,5.633156571433968,-3.3435647534014814,16.965937,0.9670711
1796773799018240,45.119277909692876,3.0978418261978575,1.1365605176800173,3.9521212792038485,9.064985739727012,14.292542,0.9298727
1965961150870144,45.622021071179624,3.9761695414683826,1.0587629135614816,-0.19200393672591026,-10.195664575375284,15.438127,1.0019133
9340252494297472,50.5062342783112,6.079427631546638,0.8646270315060507,5.752905725000554,3.732664309615837,16.83049,0.9318915
748836138516864,47.58447324542575,2.296503625080529,0.3165406360568948,-1.3618540909811099,-0.5995629101484086,17.768137,0.9852316
1969367059915776,45.679853073648665,4.094214280312837,0.35859948433173283,-6.54714267767239,-3.0550912119244398,13.87737,5.1113443
1824472043147520,45.02503806921401,3.4473739702170247,1.0199368750052236,-5.107252123785571,-3.8657554119884074,15.438129,0.9516146
2161364982347392,45.41540241731675,4.207348903363455,1.712533963432146,6.623333911340528,15.932716611621446,15.166597,1.1072274
3178142655675008,48.47426696276372,4.748061166840566,0.9861275917221937,-4.880248373491664,-7.291522091447504,14.84153,1.1842709
1082537917023232,46.084528925081486,3.0407000060140947,0.9945673702663159,2.022903299711,-6.471537249343145,13.615584,0.96681964
10400800178887168,49.782454065801964,7.5102374267331475,0.6791110337576908,4.588632614527217,-2.7653273846820103,17.251839,1.0367771
7693630752497664,45.004409369331526,7.181491110209133,2.365743344624946,25.98152066487402,-0.9130300545812733,14.589459,0.9603838
2381713984553088,47.673983286475575,3.326116703992827,1.1631761627518744,8.23529863735439,-21.621632074705982,17.82946,1.0412029
3563448466288896,47.6720657926403,4.726241940101782,0.3985889066269663,3.299429113496047,1.434136000865824,17.937317,0.9465146
13473694659661952,53.058680117020195,11.595075875247394,0.9447523544913944,4.478842671467273,-4.147708344258143,16.89503,0.9311654
2919619984133632,48.83213084947983,4.415641814188358,1.2462931764308807,-2.987131851524297,-8.190376861593291,14.856182,0.98576725
3324308982655488,48.98584914363287,5.471282300151418,0.837788749295193,10.56782333809755,5.223312258214408,16.230991,1.0238851
9302010105514112,50.03788607274898,5.629991112389639,0.4281883407334267,-1.2607858716755316,-2.6283173734150584,16.76977,1.0906128
12956237000652288,53.45245266022661,9.848450985318905,0.7501799149854751,2.05092255310994,-7.44273524718312,16.751846,1.0354774
852228886344320,45.66142093173669,2.0091688533943857,0.5150393830096832,-2.1595604983842587,-3.2827876508469647,14.499621,1.0416598
613875381383296,46.89434975688879,1.8279018462447916,0.8877996377236052,5.196734978822404,-4.839404968396084,15.360376,1.0379801
12843674497671424,52.3225661047502,9.963355972107658,1.0203248112026584,3.877668712142708,6.752700096522206,15.318889,2.2874029
955170662439424,45.677382593575906,2.5524581311643013,5.065616180736829,-12.554958364755237,-20.97383793532318,15.112519,1.0862206
16478385061189504,52.95216841335482,11.683986751632542,3.3404078229778773,-3.6782972340730935,-5.772447398944869,13.343673,0.87782973
660089229432448,46.030487904152196,1.8381627144985568,0.13036197093475407,0.3837855182536628,1.9142994286261752,14.369086,7.7544465
968601024779776,45.559798218235315,2.634413548075063,3.804867697501906,6.39046757203395,3.9289339288368055,17.767363,1.0405382
12846968736889984,52.27237529219818,9.996808994031031,8.274505436041258,-5.357263793840561,-49.03771016177822,15.846903,1.0277463
827180637131904,46.89686265213696,2.573579501460869,1.188480099804072,-1.300337638320086,-7.707431933385444,13.88652,1.0415202
7340137764207104,46.289117472488286,6.315271435258808,1.042850262481252,10.46784198627963,-10.109275733980496,13.976497,0.97866356
540513044635264,45.26729620980289,2.112577015154851,0.9452539818809527,5.387505960723176,-10.436666305327226,15.714815,1.0198557
581950889119104,46.173504076261835,1.4214600354534062,0.7827708291334134,0.7706981554860828,-1.516267315398564,17.7296,1.0563407
2331656141277440,47.70118979803012,2.907202700431588,5.246598725615335,0.697144594716401,-18.53885727916883,15.415879,1.0425828
4062150004346240,48.03844879080766,5.7238728775557375,4.381245894976679,41.565194267111394,-4.674209555756613,14.794225,1.1122297
122359324075904,45.12466970690608,0.967425800598775,0.4840099714761006,5.783575879898206,-1.5631102622918305,16.623732,0.9755065
4395198948436480,47.68970347834395,6.451138859302081,1.5299694257579965,21.43669534299989,1.7218415265495957,14.299775,0.9785551
7871648556909824,46.21705630091752,8.167121642680724,0.3920194484512058,3.6058578462066793,-8.353821625494291,17.301197,0.96491146
63810329933568,45.447778046856925,0.6885866380605914,1.4177882567711466,3.499805277558873,-26.815252363609947,17.334034,1.0356733
898167856523904,45.91854598983056,2.3230194676981513,0.9758185032816666,13.16147881708628,-10.125177360529735,17.352894,0.95829666
149572236736384,45.8843962805482,0.7664977010814793,1.146382324703099,12.429906147526196,-1.0569436366490723,14.663007,0.94977564
3732433955006592,45.509485296799774,4.616407766179162,0.3895698821717784,3.7080232779654665,2.2952750261124875,15.977221,1.0709945
2127250058075264,45.231990112847306,3.967192679750312,1.8081898129422125,10.997995058955663,16.433446722325936,14.910052,1.0596132
15702885766223488,47.64635149354974,11.374393194126647,2.379597110358332,13.999587897137449,-3.463067934727146,13.657818,0.9567584
11511994117720192,54.13516775356982,8.568107931391935,0.36917406690783694,4.2333622882720485,0.09156440525260043,17.334837,1.0241883
10434300923716736,48.32823860049735,6.859650903971032,1.882173223764863,16.277366588106503,-0.4843962425097187,17.427687,0.97510743
13213454002203008,53.959960220996464,11.051351283465248,1.7709193858031587,10.959056261243651,-12.000108912665471,16.828646,1.0288947
1955756307917312,45.6323247447334,3.871353755391795,3.273895145889628,-6.411604357184878,-16.807317013864505,10.202864,1.1872551
699706007757696,46.32297536952038,2.2063053857096513,1.1607201585620597,0.22794708200835437,7.0860759075014546,15.641731,1.0376855
17431970879956864,49.378808236076786,12.985226243813994,1.5001863760392384,5.4959728957561556,-18.964971057540364,15.38074,1.0124059
3971680813301376,47.74694246780881,5.20873236087739,0.8612293516177124,17.42901127653564,-6.506793651595131,15.38074,0.9624291
998803234633344,46.51415617125083,2.6689604825760376,0.8616183401991074,2.9249529318566587,0.3489035840113684,14.842323,0.98338693
3301391037180032,49.70986918120279,5.518618860027725,0.5842958732006329,8.26649785334851,-34.932792054123006,15.371299,1.0395291
1111576191555968,46.35754418669024,3.3101785193485074,0.8579616723843704,8.528640011700922,-3.3939386161599034,15.712103,0.997135
2767165825049344,47.259701070678986,4.187170630816169,0.7151096102962095,5.59170614402457,-4.566232005867735,16.733973,1.0068055
9319774090217472,49.8177666722683,5.78805081593333,1.5595466025628884,7.212268994315912,-16.657533434078633,13.657808,1.038277
1079655994599424,45.7810147113257,3.040622801926505,3.970852534552304,-21.49689207956439,-10.553490221864076,13.244106,1.0653455
16011638278016,45.20999456018632,0.3510952526446219,1.0440006632168373,4.352899037659498,-1.0290240196651237,17.438854,1.0015172
1069313713379584,46.20378753759809,2.9665960085355207,1.7239045077771213,1.794594484624808,1.9517352259429606,15.921656,0.96474636
824088260668672,47.19595429156143,2.6942975296122587,1.3973749609152475,13.266794609849317,-4.2886637857489545,15.544991,0.9282637
16867229924920064,52.19618941333827,12.946021406129486,1.249188646214285,15.748958093201313,-18.80694711388268,17.334848,1.9609611
542029168385920,45.13388061540918,2.1179517098539664,0.45734432368712485,0.4262031283909994,0.17490786905751293,15.421243,0.98808837
15450479127961856,48.44977527144695,10.905705893410397,0.5861883743821811,-0.9600529440644066,-14.828262724245842,15.371306,1.1489992
13905592276283776,47.0595189308555,8.588876587329404,0.2098847415245378,9.41352847742235,-6.117312522284265,17.768173,1.027306
473069173520768,45.50720563810136,1.8201120446165255,1.1459388445147733,3.9544179742219345,-11.461444464432144,15.082173,1.504675
2868389614290688,49.420155102009524,4.1077212703884145,0.21090138494874622,-2.0476852232441187,-9.30308912454912,17.728786,1.0303884
15599737831586432,47.374586187471756,11.163092344987755,0.6488841483917213,0.5196306359719288,1.4536329521926614,14.842333,0.9802076
2488611426123776,47.941336898725005,3.6653797004842166,1.0504726637967885,19.85742865227678,-5.417345852634128,15.702342,1.0820452
597520145900672,46.35931120346693,1.7328532265577465,2.4640948848834308,-8.752054038044244,-9.05891058983556,13.74634,0.98294157
10467286272555264,49.040612628325356,7.310865992365839,3.836897428049458,14.59893687487636,19.590486534263167,16.60446,11.282092
9825476424328704,52.92978801142455,7.374141384655304,2.154212438079214,-2.050879118954198,-11.077428658988946,17.189816,1.6422272
1833160761441152,45.72207975762104,3.1189318217361,0.9062740096986128,-0.1418281136686149,-2.885494829833339,13.549422,1.0290599
1841067796919168,45.95549410155992,3.264810197515144,0.6957249799318341,0.50070201210354,-7.928717673639425,14.369173,0.9805996
7555779482248832,46.56301296886614,7.313924472549574,0.7602898973207528,-1.3807592858798674,-2.619988879965958,15.923234,1.0365143
4365409055321856,47.864446773610624,6.087231445958907,0.8246958794234561,1.046321289222133,-11.638315402764919,17.90071,0.9908803
3963773778340352,47.517481764277484,5.056420010112688,2.081286574582724,19.127434556296187,-17.134694368622238,17.797071,1.0060879
1854296296158720,45.52346343159776,3.3457176002696247,0.5331899061612012,5.080545583823753,0.4178854535479348,13.516492,1.039517
790587515776256,46.908595354325584,2.446315507841279,2.0066972151824976,12.749482681378247,0.8900204806198293,13.975676,1.0070839
27187903193628672,45.454740216591645,10.566851780141112,1.4231060673180511,-5.658001072113723,-19.23780221588443,13.820064,1.1917837
16557137581431296,52.37035733077908,12.015986420890778,9.089009244148052,8.599787993962835,-18.638678509874527,10.689287,7.129353
16223057845209728,51.091492754182056,11.263507217163717,1.2075394688767056,9.194074665541567,-6.759053023070424,14.207966,0.9327507
1834298928436352,45.602080966258804,3.104933824594604,1.1873958927087913,3.911135587034286,-8.561457885561301,12.252959,1.0321093
153729765076864,45.92922213365965,0.9301296450606708,0.6956216942077845,26.221227201645306,-4.345554027215578,15.339785,0.96199757
3616877859431808,46.75909075376667,4.873040779481423,2.4368255637310563,-0.947685434197925,-6.731477851591832,13.40409,6.9412775
7732384242288128,45.73322889196297,7.532194194797145,1.312692963478901,7.189544754224022,-7.583530007557169,15.83187,1.0743339
3518815166014080,47.08813223075384,4.2333837899518905,0.3872791082417112,-4.607564120692452,-6.007040200907579,17.494345,1.0199411
3269947581107712,49.21184525666427,5.240800481033502,1.3603522975364084,-5.881165115219494,-13.994042012402092,16.62456,1.0649383
988946285380864,46.443465587063194,2.5524736063848033,0.9130610316675705,9.083455015339599,-0.7931540494893676,14.784378,1.0320592
877964330368256,45.746171821506465,2.292955400355599,0.6123499945438934,2.601454695927785,-14.401701080079139,16.82867,0.9850791
9993705999032064,52.011955455215656,7.265856614668427,1.0286509202950025,6.048070865926232,8.853295246324658,14.581041,3.9331877
544430054818560,45.15842182204553,2.1601253726945875,0.8447259852020408,8.043773986361424,-3.973424877457702,16.64595,0.9502391
9128252908515968,50.79361735840948,5.705511835409497,3.074337377428787,3.2016733729340334,0.4341645454951228,13.754379,0.89953583
935997928415104,45.20891001370104,2.3858968160197325,0.4437194385163647,1.8464099935577398,0.34746916234145797,14.58104,0.9185132
994576986834176,46.60896912180821,2.592097904621998,0.3485142522519866,4.290624084554867,-0.5909492988139974,16.750982,1.0352418
753891315276800,47.579844847992646,2.419256119386565,0.5633857735953179,-1.523891774811359,-6.815205233467379,17.470373,0.952165
539555267221504,45.33170831624086,2.0961554633509634,1.2102443044236793,27.391023887335805,-2.384164836503145,14.935381,1.0767586
14412299633366400,48.7946779129035,9.650856176336317,0.6903383578162949,-0.22070578052627896,-3.4744368226078017,16.912868,1.0342561
3946460765312256,47.670922254526616,4.933852663937155,0.3991999425881778,2.085843793740033,-3.1865744915385568,17.302034,1.3750756
2760976776884992,47.59093262547512,4.2496936272304,0.29660627355653446,3.2321881993055133,-1.0339825828398579,16.533606,0.9418089
8922674298496512,45.23193011122863,8.979504056262977,1.6449939007237329,8.265711713314193,-12.904900306143974,16.31619,1.1382166
3555137705040640,47.41805646157728,4.557769296110868,0.8521675711403044,-1.5999995016392614,-9.050584264948576,17.41728,1.1863173
3219339981955840,48.693019589182136,5.212191469440049,0.818996604054097,0.7665080613968884,-4.104505844915773,15.112472,0.90410376
15312352979815040,47.84987336341886,10.400881435711728,0.944303099372809,10.79696626019976,-7.7035895338874765,15.810592,0.93797797
3323896665795840,48.98594010034736,5.440301631420563,1.5241262053471003,5.702963004426275,-22.950246451344004,14.825484,1.4092362
985334217197568,46.432597368910464,2.4219932167942066,0.4735720488391369,2.449464449692746,-5.090061809831183,17.651907,1.0351948
70059506681856,45.372457252949495,0.8683591276555832,1.0912809381749111,15.562118582869381,-11.06208396668177,15.715656,0.95446306
1041722843499264,46.62030056805914,3.0025150036844943,0.4966745779100747,5.147364514469923,-5.364282557493794,16.231049,1.0872421
963726237318784,45.83518812246827,2.665755847590522,1.7850173699695935,7.140606039200971,-6.037945531402264,17.212675,1.0979886
870508267113984,45.550453286397506,2.205024252543665,1.3435231782478214,7.660258501687952,-0.943356797049012,14.67885,1.1044717
844566664692736,45.72779861370396,1.8241213889542032,1.5935631275069841,9.218455846875793,-17.36819699566644,13.913179,1.0876557
3202022673835904,48.53725924817278,4.830422145804736,0.6775530512655177,3.9483730220317663,-5.734322658779382,15.127871,0.8713002
1071478376892928,46.27598085207896,3.0399586124088644,0.5831989851186069,8.296318688942955,-15.141414233167005,15.524212,0.9979907
686851170433920,46.28069424218243,2.0179935497058645,2.0981867969327026,-5.274515174049007,-9.762190892880863,13.358975,1.1180489
7379922045911296,46.76443804753179,6.586881434860226,0.7742590124820133,0.4112848017557124,2.6314778376676853,17.78455,0.9920088
1089242361625216,46.134049435488436,3.216200934841129,0.4651465862460352,-0.7507082506486309,-1.3741990023468629,15.949361,1.0538738
2526888174676096,48.61970283259759,3.9968189542061014,0.6051205784768774,4.702259801095398,-5.984754161255603,16.249527,0.9378635
3872759126586496,46.12568008286317,5.185205615993683,2.1839221853100144,-11.055973325403272,-11.849501604276963,13.359869,1.030377
849922488806016,45.566557632296586,1.9100164384590328,1.2741039637601816,-8.825357213545004,-1.591162775367874,17.805338,0.98057634
14664946789004800,46.412686112952656,8.803392615879787,1.6146408533746857,5.600061531664703,11.769529338680075,17.7962,1.5642092
871878361142144,45.74474122903466,2.1910605994220664,1.113344156495244,12.115602571004434,3.1783703071523024,17.439716,0.9844649
465372592100480,45.28108536249623,1.7079963089387231,0.2640590370417564,6.390814897726909,-2.6556162804868158,16.752684,0.97102714
4185325371326848,48.21437718999693,6.183358188664663,0.5551337762769527,22.898402201312017,-5.097642174768134,17.894997,0.97814
1047254761371776,46.75950761878133,3.0490110614945367,1.2370306310281836,7.200335119240677,5.523563660703957,15.015907,1.1934938
856077177052928,46.006322474888854,2.0813947495900087,1.6416007261676744,14.377812992812462,-1.592824048456715,14.826728,3.1420388
836556550062976,47.13553622321722,2.7702759786728883,1.8239729869501826,10.264925888548177,6.769980423106298,12.317665,1.576794
10504184336314112,47.98520795000936,7.108589978519428,4.176165548449998,-1.9495375228461977,2.3786855155342903,17.994577,1.0038372
15303174634260352,47.49338550294438,10.391458709232284,0.6242865798050269,-4.0022215045896505,0.08932367056773338,17.734676,0.95467114
7334537126877056,46.64477286947594,6.362903204248914,2.395018059190125,11.559739726434994,4.8095046932205054,14.450172,0.87953824
3285409463698816,49.65034009227298,5.317143249690258,1.398428670322173,15.141852097439163,-15.449863296682324,17.212685,0.9697466
3247068290849152,49.35725169043279,5.006419470046536,1.7539183666511802,-3.622310162943374,-16.43743294176797,17.49362,0.9973634
10296277854832128,49.667206591488295,6.853721018383407,1.2087025984514155,9.340699651998415,-6.245275059225882,16.533625,1.0075201
772303839869056,47.47482961144622,2.5997598640020363,0.39997421304957004,2.9407999330325953,1.1364564692115204,17.492706,1.1684717
197366632798208,45.965947431737824,1.2082604339529066,1.1196583762412766,1.4425549549374495,-1.5127869083755892,14.15699,1.2321807
977294038623872,45.72809708386975,2.771176351443293,0.6679311835028806,3.6306598890559494,-8.766551676864847,17.364176,1.1532716
