source_id,ra,dec,parallax,pmra,pmdec,vt_kms,phot_g_mean_mag,teff_gspphot,ruwe,astrometric_excess_noise,tension_score,in_nss_orbit,in_nss_accel,anomaly_class
4915737301751402368,23.02593647656361,-53.59804529933088,24.546480798821342,-82.08327135217257,20.37656566279513,16.3332371203058,14.087738,,89.19043,8.320475,2.9197562,False,False,Unexplained Astrometric Tension (High Priority)
4928347433108236416,14.23177290647748,-51.87546502553087,31.82989178757504,106.55306245947484,5.7690226264010125,15.892337789467554,8.788604,,65.453636,9.574432,2.840191,False,False,Unexplained Astrometric Tension (High Priority)
5599574508495310848,114.36518722138187,-29.21841000971281,20.60891828127482,13.110676641866805,-80.27950724454976,18.71055072002088,13.752552,,59.83281,8.286204,2.7447777,False,False,Unexplained Astrometric Tension (High Priority)
5805136969048123264,257.03608189057064,-69.60558528169821,23.448769767841966,-50.10634140366888,-88.94418314650292,20.63815633572268,12.168547,,61.268482,7.6668105,2.7250965,False,False,Unexplained Astrometric Tension (High Priority)
4621878289355122560,69.76331025042394,-81.91627752169192,31.114344698003304,15.40467213840077,287.23186471487395,43.82450843454742,12.606128,,49.81452,7.7599893,2.6398597,False,False,Unexplained Astrometric Tension (High Priority)
1476094811262603264,201.3679486589072,37.71954766221739,31.02710513898841,-210.33050867858307,35.81672420815689,32.59790355133737,13.733575,,49.412502,7.445161,2.6204448,False,False,Unexplained Astrometric Tension (High Priority)
2157225359678799232,278.06069350796685,57.472621392212325,21.93987651105806,-118.51824796409154,92.8127168356931,32.52554691132649,13.033968,,47.580658,7.0737915,2.584508,False,False,Unexplained Astrometric Tension (High Priority)
2039606129792672640,290.1771773798632,30.54745050011687,20.17848709343876,39.586538472869776,85.36638260962526,22.10625363820921,13.476478,,55.340992,5.4616404,2.5533898,False,False,Unexplained Astrometric Tension (High Priority)
1761587197303801984,313.8831982312859,14.141927539149288,23.090606039252027,47.41431705494436,-156.5731910876764,33.585804291246376,8.838723,4950.8223,51.513554,5.9329047,2.5528367,True,False,Known NSS Orbit (Binary/Multiple)
5852426100862268544,210.03013880928268,-63.56494126462717,26.60495328125393,120.0510061897468,-218.335096683777,44.39595018490549,11.786607,,43.671837,7.1709805,2.5524757,False,False,Unexplained Astrometric Tension (High Priority)
6714021730425322496,288.95817981440103,-41.11005818965287,21.461189170695828,87.2521333138046,-49.39191485192156,22.14647317779826,8.69096,,52.526367,5.788804,2.5521705,False,False,Unexplained Astrometric Tension (High Priority)
1292155518186768000,229.0875432978408,37.06965001673765,32.64979228777027,-271.4036626563287,32.90443122843116,39.6940328479205,6.9532356,,41.01935,7.5742908,2.546187,True,False,Known NSS Orbit (Binary/Multiple)
2261787850327205248,290.0822471766596,69.91739549923368,21.63911308016532,63.83716565773102,212.42689496920696,48.59215142372726,9.160051,,45.77188,6.6209416,2.5426073,True,False,Known NSS Orbit (Binary/Multiple)
494182239911543424,62.00322421528313,70.00487843915103,24.53448145698561,-66.72852048535668,21.92109226065868,13.570948085912873,13.918625,,55.122295,5.2772684,2.539098,False,False,Unexplained Astrometric Tension (High Priority)
6022999077758917632,243.1697812281217,-34.376164092418755,24.6113841782552,72.99655022738366,-24.517865507688548,14.83197107932159,13.214347,,49.39304,5.961874,2.536392,False,False,Unexplained Astrometric Tension (High Priority)
2296691950032196224,270.5558783256496,83.23437512247035,37.58105851585247,-93.07713257384312,179.3140903792949,25.484280670340496,14.453472,,43.9227,6.739881,2.5314233,False,False,Unexplained Astrometric Tension (High Priority)
6400160947954197888,320.3708445905063,-66.91885062855162,31.70305479425217,104.06412499639283,-99.48600054976754,21.527147512745035,9.993517,,48.12634,6.056402,2.5309663,True,False,Known NSS Orbit (Binary/Multiple)
1030578231604610048,127.86435542498032,54.4597159447218,24.357062759438858,-170.67365381586148,-155.3620911242467,44.91848485607811,9.30613,4764.1265,46.14639,6.2645707,2.5253477,True,False,Known NSS Orbit (Binary/Multiple)
1030578231604610048,127.86435542498032,54.4597159447218,24.357062759438858,-170.67365381586148,-155.3620911242467,44.91848485607811,9.30613,4764.1265,46.14639,6.2645707,2.5253477,True,False,Known NSS Orbit (Binary/Multiple)
1524803932288582528,199.1199918096356,40.12027488666614,36.78430533304751,286.67222916278064,-327.7218645891304,56.11229953131842,13.839675,,49.91066,5.623821,2.519302,False,False,Unexplained Astrometric Tension (High Priority)
5408308138660576384,151.46279843536186,-47.32092154213903,20.85331024532946,-45.913761617847626,77.08369879342743,20.39593091801149,14.265381,,40.956345,6.9358044,2.511912,False,False,Unexplained Astrometric Tension (High Priority)
1866215589940389120,315.31877706948273,33.24185192455687,49.784021123792655,325.5527908071197,-164.23093825101068,34.72050935554161,11.2303705,,37.482445,7.5360403,2.5050843,False,False,Unexplained Astrometric Tension (High Priority)
935430721585996800,121.3311059924016,51.16296582780839,22.712314251227337,-33.39348323814031,-80.80152316122492,18.24822646019966,12.751554,,46.03793,5.912609,2.5027578,False,False,Unexplained Astrometric Tension (High Priority)
6347165552647512960,288.0545924544375,-83.484279132426,25.29188192043604,133.39040368466934,-127.7580572416417,34.61893591694138,7.138142,6286.2974,37.62266,7.359058,2.4976068,False,False,Unexplained Astrometric Tension (High Priority)
935690133313703808,119.93237741358328,50.68762919339272,20.41964991683925,10.770783587060066,-134.37954166769256,31.296576340861808,13.338744,,43.24303,6.2204814,2.4944823,False,False,Unexplained Astrometric Tension (High Priority)
2226895604737698816,342.73323321662946,71.12427069689777,26.787668095816905,7.473252076990698,-48.68739293464368,8.716854399059836,9.555551,,45.499462,5.829532,2.4923973,True,False,Known NSS Orbit (Binary/Multiple)
4599165883819178240,262.8317634112679,30.139305828176106,29.13811248154682,-198.0450801162356,-26.08506752519707,32.49816710238124,14.38966,,50.85979,5.0934825,2.49124,False,False,Unexplained Astrometric Tension (High Priority)
4952751402923758592,40.85702748285795,-37.92878353529694,20.83651049013954,102.96615377187274,-103.20932994103678,33.16795838652736,7.919067,,40.75,6.537918,2.487379,False,False,Unexplained Astrometric Tension (High Priority)
1939658740421595136,357.245093514336,47.754649409924895,21.13741172998047,-92.55470785253944,68.3715022838789,25.806587685214776,13.38682,,48.000675,5.378055,2.4859357,False,False,Unexplained Astrometric Tension (High Priority)
560680428280655104,23.6259100651686,78.06341552461502,25.380651161908105,-33.5823275813985,80.77270312099989,16.338274493658613,10.185155,,43.34697,6.0552926,2.4854736,False,False,Unexplained Astrometric Tension (High Priority)
1344158844768366464,263.78286701770884,40.523641249424585,25.9696734753302,-22.18880946627773,73.76267185268905,14.060544950654023,13.572608,,44.265083,5.8609653,2.4824464,False,False,Unexplained Astrometric Tension (High Priority)
2134231062552666368,286.4066990039991,52.188164298832014,34.075478302975235,108.93548576165416,-48.52058734457359,16.590037681816458,14.431943,,35.995,7.4181666,2.4814596,False,False,Unexplained Astrometric Tension (High Priority)
466413416622337536,44.2242208409533,61.45418734166039,23.396553468891028,85.77136697567775,-100.54368932076034,26.77708336727717,12.941018,,41.820576,6.2358537,2.4808798,False,False,Unexplained Astrometric Tension (High Priority)
5650303672897324800,137.92998284917084,-25.048212170824257,21.18321156259924,-159.07793888001504,-364.6119434334468,89.02218450313325,14.160135,,40.69524,6.3678484,2.4768844,False,False,Unexplained Astrometric Tension (High Priority)
1886061568653752960,345.62983379613166,29.80048640318671,32.799749232896495,-124.09136615796405,-12.67156454419808,18.02789454818712,14.457742,,39.775448,6.5293303,2.4763715,False,False,Unexplained Astrometric Tension (High Priority)
1442169070750037760,203.79628673022657,22.500242550616004,29.264966733554903,-268.4413573091034,103.3162367785425,46.59271543363072,6.7892175,,37.428375,6.943067,2.473189,False,False,Unexplained Astrometric Tension (High Priority)
1527631807474248448,194.8851758273367,41.98756180109054,42.48777135419227,-238.26970162053308,178.68281676618238,33.22915216120514,8.304795,4695.5728,37.919315,6.816838,2.4718916,True,False,Known NSS Orbit (Binary/Multiple)
1527631807474248448,194.8851758273367,41.98756180109054,42.48777135419227,-238.26970162053308,178.68281676618238,33.22915216120514,8.304795,4695.5728,37.919315,6.816838,2.4718916,True,False,Known NSS Orbit (Binary/Multiple)
5772585514985452416,213.96388601479333,-81.79139318286917,21.20628189269833,-58.56477682017418,-138.42783594590637,33.599681617830726,14.459943,,32.37701,8.132623,2.4708323,False,False,Unexplained Astrometric Tension (High Priority)
2608006877750828160,340.3071119624003,-10.747589282344595,44.64237601284473,236.231639945898,40.4322440214832,25.44965500579851,13.089948,,43.520042,5.78658,2.4703403,False,False,Unexplained Astrometric Tension (High Priority)
6637674353112670592,280.298172004501,-56.87458946752126,22.371648640071378,9.75752530470638,-55.419010865184816,11.923713090665538,9.991211,,42.56136,5.9327035,2.469918,False,False,Unexplained Astrometric Tension (High Priority)
4938555161620867072,33.57873331852074,-49.86267365840998,29.568352034548624,233.0860198501259,-62.43170730667539,38.68617426682559,9.193871,,37.774414,6.683107,2.4627347,False,False,Unexplained Astrometric Tension (High Priority)
1923896622760418176,352.34657450570336,41.46426656329359,66.43275181674146,403.7451992389488,-41.03687975219845,28.95865104279892,11.078279,,34.734077,7.309845,2.4603486,False,False,Unexplained Astrometric Tension (High Priority)
1502044385189172224,207.18299080446343,42.63658053042297,26.56886287314525,68.7098079274469,-5.718613160324516,12.301729087447312,9.510388,4357.8013,40.09172,6.106479,2.454709,False,False,Unexplained Astrometric Tension (High Priority)
4979767262612500864,11.720019688000956,-44.0300404591508,21.35738386583159,136.7295838366986,9.606760070672788,30.423219800153568,12.862357,,41.258453,5.8804817,2.4531317,False,False,Unexplained Astrometric Tension (High Priority)
6356417496318028928,328.71099285330774,-77.33745756697532,40.96407900039063,245.05352080905223,-173.57078806783426,34.75110503573837,10.836141,,37.83206,6.360317,2.4447565,True,False,Known NSS Orbit (Binary/Multiple)
3287114397785845504,67.91989082459693,7.776066769332277,25.24555017308412,183.0827908778648,-336.7425788466165,71.97297331623643,13.474871,,45.545757,5.113302,2.4447238,False,False,Unexplained Astrometric Tension (High Priority)
1859995961888258432,306.7345258398294,27.51752720408229,32.49374557912561,-23.23850215540629,280.7016609572737,41.09129217830271,11.322155,,35.169514,6.8369193,2.440312,False,False,Unexplained Astrometric Tension (High Priority)
2983928735054717696,81.07977038972696,-16.021054872828934,32.06140648712182,31.98659319809813,-24.00298306216711,5.9129173749955735,12.496781,,33.469078,7.2345366,2.4402828,False,False,Unexplained Astrometric Tension (High Priority)
3315403904256700672,92.6308791862399,2.425095234643282,25.93377183003957,-38.05708243553577,-49.96837024288542,11.4812481457096,10.478101,,44.11956,5.1635075,2.4344592,True,False,Known NSS Orbit (Binary/Multiple)
3504984860211920768,195.5458610835189,-22.671702099310608,25.57369274293936,-34.057689334579734,-55.748762644708776,12.109677313141956,13.4429,,48.375664,4.568756,2.430385,False,False,Unexplained Astrometric Tension (High Priority)
4237555510387302400,301.19418593796337,1.1559120727088348,29.34039815995665,-28.14688307913057,-30.18572611239852,6.668327468473039,7.4965343,,34.676075,6.736286,2.4285624,False,False,Unexplained Astrometric Tension (High Priority)
6606871814033940608,339.9326013420709,-32.072484120288834,24.805407977516268,-177.6071416341727,-173.96084474454972,47.51083999503792,10.437833,,41.072803,5.528553,2.4283714,False,True,NSS Acceleration (PMa / Unseen Companion)
1572914025633785728,182.8644382923951,53.42098081934995,34.96573119728463,-168.0706355693218,-120.49370030636,28.036932237058817,7.7295084,4785.9863,33.898228,6.8912053,2.4273205,True,False,Known NSS Orbit (Binary/Multiple)
5371687288986430848,176.15933897984942,-49.41756259101251,28.9648812540584,-109.57220296481832,-51.32540484834799,19.8027543413424,8.829321,,37.864445,6.0241942,2.424828,False,False,Unexplained Astrometric Tension (High Priority)
5494796479205203584,91.11954982238876,-58.67525817866615,24.80110043252304,141.32667695327223,122.72874219387944,35.77709454420737,12.141392,,41.775185,5.364999,2.4247167,False,False,Unexplained Astrometric Tension (High Priority)
387731166240901632,8.855278140160342,44.12208174037274,21.058112874868257,-214.0722447420995,-24.04340446038324,48.49359649583291,13.330006,,40.25242,5.601089,2.4244075,False,False,Unexplained Astrometric Tension (High Priority)
5599363707202178688,114.80680204747448,-29.52752393714421,22.576127807915363,-59.843220549651306,72.00490984216492,19.659417760859647,10.444592,,43.444603,5.098895,2.423187,False,False,Unexplained Astrometric Tension (High Priority)
5111963126166679936,52.16324503171523,-15.621230892219272,43.79937642370047,180.1534536427993,57.76441748233538,20.47606157079726,12.931298,,33.498302,6.861394,2.4205222,False,False,Unexplained Astrometric Tension (High Priority)
4896668338448601728,63.02303323608768,-24.886576507711872,26.553152977559307,-23.686023986620253,-0.9872684561125744,4.232280097922556,13.364924,,43.09709,5.06661,2.417394,False,False,Unexplained Astrometric Tension (High Priority)
5808812121015148160,246.76073275863945,-69.73629808997522,38.954177625228,88.30586272474743,103.12363038179728,16.52183976939778,12.56814,,29.122854,7.916718,2.414439,False,False,Unexplained Astrometric Tension (High Priority)
5375199094762328704,173.59630309012832,-46.97437616732576,23.2170299418218,111.86949876911116,-68.77684984224604,26.813088516694123,8.714245,5258.1484,37.390594,5.901384,2.4116986,True,False,Known NSS Orbit (Binary/Multiple)
1295779817749391104,226.63279379639053,38.984005998403816,29.72725160540317,-104.46106939235555,-316.76104089398194,53.18828819481318,8.300495,5009.389,34.782272,6.3776555,2.4092765,True,False,Known NSS Orbit (Binary/Multiple)
4249180956060309376,303.7467112198179,5.321555626177919,22.01701964719752,-99.5406310583073,-47.37645126854198,23.735709380944183,10.0455885,4516.85,38.440147,5.6687546,2.4088297,True,False,Known NSS Orbit (Binary/Multiple)
4953865551800209408,39.98967214806203,-36.42877718770266,24.15137564583539,-106.39620660220656,5.218659579357424,20.90872094825401,14.055597,,38.885075,5.567907,2.4072099,False,False,Unexplained Astrometric Tension (High Priority)
737756599837263104,161.2183179256713,32.41147678358537,32.04030671062139,-213.1133191248317,-22.785708332718905,31.710535207150976,12.825272,,36.24307,6.01713,2.4053845,False,False,Unexplained Astrometric Tension (High Priority)
4931155036049677312,24.366706249739,-45.97410608440934,22.750977426328703,136.63991062072714,-34.30604771312477,29.35437424793811,14.835527,,27.169146,8.333234,2.404108,False,False,Faint Star Noise Suspect (G > 14.5)
1571145907856592768,187.8296795599063,55.118844491249305,38.78459453354552,99.4226853473604,-27.38320586568848,12.604481331078654,7.7882166,,37.48392,5.7518187,2.4032657,True,False,Known NSS Orbit (Binary/Multiple)
3171511573443110144,68.24185340023558,-16.544069253856744,26.26981776992802,-94.47850230280947,-215.48925484586204,42.45897134437575,10.288525,,38.600815,5.532132,2.4016514,False,False,Unexplained Astrometric Tension (High Priority)
4905808544248368640,4.377880525043035,-59.951543073831225,20.674769818655747,89.43496863466368,-61.9449655068521,24.944763359692807,10.649042,,41.47023,5.0355177,2.3984509,False,False,Unexplained Astrometric Tension (High Priority)
6666429988090051712,303.55983830319354,-50.113764329485264,20.25297819705341,20.55916910865856,15.341639806050694,6.004272834857011,9.731015,,43.029213,4.800981,2.397265,False,False,Unexplained Astrometric Tension (High Priority)
2210901799363697152,359.0582923590294,67.97527374627155,23.104633165324024,-103.16147704452804,-36.17034641686982,22.42936068822156,9.862571,4433.061,38.718117,5.4193077,2.3954024,True,False,Known NSS Orbit (Binary/Multiple)
1310908754150989824,249.466362926366,28.532270911337832,28.427157023824705,74.5937843583136,13.428623533983084,12.639106737189412,10.756485,,39.550392,5.197355,2.389357,True,False,Known NSS Orbit (Binary/Multiple)
1068825362052486784,137.1941040180756,66.59343368621055,49.3133601193705,228.71430106158624,-131.8642135771898,25.378632591988143,11.865351,,38.97963,5.22381,2.3848941,False,False,Unexplained Astrometric Tension (High Priority)
4418323360946538624,227.30470373252223,-1.5286123457720648,20.80684692508889,-146.41121193768902,99.67201448902571,40.35316518418402,10.5935135,,42.026825,4.7444506,2.382775,True,False,Known NSS Orbit (Binary/Multiple)
917037880621467904,128.99205189974995,44.677234103215845,20.692067050935187,-6.845844871134403,-64.07174926495429,14.762131028767566,12.294192,,38.558746,5.2350874,2.3809655,False,False,Unexplained Astrometric Tension (High Priority)
560384934529559808,27.48767741677521,76.9924818435848,25.105997527199936,99.2081937408993,37.52113098637467,20.027287439486432,7.8505797,5070.7637,32.88617,6.256778,2.377757,False,False,Unexplained Astrometric Tension (High Priority)
4962094636124753792,27.453573732710776,-38.40155918446957,39.71925558810917,-2.5711009397318776,285.6991582604061,34.099408725834074,6.2440023,,31.316929,6.595502,2.3763356,True,False,Known NSS Orbit (Binary/Multiple)
4962094636124753792,27.453573732710776,-38.40155918446957,39.71925558810917,-2.5711009397318776,285.6991582604061,34.099408725834074,6.2440023,,31.316929,6.595502,2.3763356,True,False,Known NSS Orbit (Binary/Multiple)
3349660700851864832,88.75979639080772,16.48745197418646,24.80575252907304,68.88093415537871,112.86789202960728,25.268893031950512,14.384294,,36.168125,5.575798,2.3762746,False,False,Unexplained Astrometric Tension (High Priority)
902175202130167936,122.23471851379664,32.8189773927967,41.73123379858156,-8.518545854441982,-202.92533062574867,23.071655732228656,9.405085,,35.78742,5.632031,2.375377,False,False,Unexplained Astrometric Tension (High Priority)
2900763191655475968,84.13167281751998,-33.88685506526912,22.888702512498075,-1.4009318955740593,-209.99550956287536,43.49305359511365,11.998325,,35.090736,5.7448735,2.3741663,False,False,Unexplained Astrometric Tension (High Priority)
3314151251273992832,67.9051025367819,17.70963694563987,28.50799708079248,98.72381967215487,-22.03806136654581,16.820403933927196,9.247976,4713.615,43.27126,4.46468,2.3737643,True,False,Known NSS Orbit (Binary/Multiple)
3314151251273992832,67.9051025367819,17.70963694563987,28.50799708079248,98.72381967215487,-22.03806136654581,16.820403933927196,9.247976,4713.615,43.27126,4.46468,2.3737643,True,False,Known NSS Orbit (Binary/Multiple)
1429437378934511616,244.27298578329305,55.2671877781025,49.63026344630695,87.96992153097975,-430.9626629329256,42.01253223503556,9.078422,,39.075447,5.0038686,2.370335,False,False,Unexplained Astrometric Tension (High Priority)
6478328150150225664,315.27888909461694,-49.12456979699407,74.4553628583603,-292.9177630752833,-215.3818855826352,23.148614509621435,11.984518,,35.508106,5.600185,2.3698835,True,False,Known NSS Orbit (Binary/Multiple)
1873271430935980160,314.5491182430022,40.19229520440285,25.85724413312014,232.6871516006124,204.23882376071944,56.761079622030095,10.162859,,36.396687,5.397617,2.3670802,False,False,Unexplained Astrometric Tension (High Priority)
422886126401496064,2.8401417383400163,58.35001365330005,32.88922061315015,234.520065109474,21.57864237135125,33.94520992287738,9.0115385,,37.184536,5.261336,2.3670292,True,False,Known NSS Orbit (Binary/Multiple)
422886126401496064,2.8401417383400163,58.35001365330005,32.88922061315015,234.520065109474,21.57864237135125,33.94520992287738,9.0115385,,37.184536,5.261336,2.3670292,True,False,Known NSS Orbit (Binary/Multiple)
6596870381389659520,339.6005688123502,-35.688003757362374,23.65525832496105,126.74525712026995,-28.357006193115385,26.02745370837141,14.696528,,33.3675,5.955307,2.36564,False,False,Faint Star Noise Suspect (G > 14.5)
4863230025184180864,55.35618336581914,-32.10976355972408,28.47924026769044,37.246719472678045,-20.806519460082853,7.101597613611622,13.559496,,37.62987,5.164845,2.365455,False,False,Unexplained Astrometric Tension (High Priority)
4524280513381095040,277.7195187435822,18.60111323026428,26.42035893377616,227.1194027481869,256.2862810129034,61.44244993882887,13.136306,,42.96175,4.330934,2.3598852,False,False,Unexplained Astrometric Tension (High Priority)
1835968299951158272,306.4142811751298,27.301677865861123,20.779999214099053,-7.263325386101592,-13.521054412380622,3.5013884813199034,14.35937,,31.997366,6.1436915,2.359037,False,False,Unexplained Astrometric Tension (High Priority)
3986730279284134016,161.88770952849964,20.12682410782535,29.788230658998064,-160.77621996248834,-219.0831318346489,43.24554678911457,12.45274,,38.510143,4.9208245,2.3579574,False,False,Unexplained Astrometric Tension (High Priority)
4864200550353918592,66.77515755250947,-40.443940997702086,24.596003866141213,210.7081353384945,138.12992197753366,48.5587793887886,13.595598,,45.027027,4.052924,2.357016,False,False,Unexplained Astrometric Tension (High Priority)
2926756814770728064,99.9050012583941,-21.025659098708843,63.73823823196375,-196.9279191997121,109.93549289749728,16.774011062902957,12.266764,,30.681206,6.414717,2.356967,False,False,Unexplained Astrometric Tension (High Priority)
6411063808333667328,333.94860005426,-58.94506322006604,46.86145147012146,-44.64650085781816,115.2293622198894,12.50089345665823,13.106456,,27.46616,7.257124,2.3556268,False,False,Unexplained Astrometric Tension (High Priority)
2078929961307827200,296.67309100885655,44.34853850916056,24.438960685843693,134.5133034110557,8.589541412250135,26.14493444266479,6.944481,,32.786983,5.909713,2.3551614,False,False,Unexplained Astrometric Tension (High Priority)
1009609612855383424,137.02421236956997,45.173680330499785,31.77004600938553,74.47453080526327,-29.62603308738312,11.959462220338503,9.481421,,37.086525,5.094353,2.3541436,True,False,Known NSS Orbit (Binary/Multiple)
1635111852228375168,249.2989787318703,64.59628205910067,34.924639810333986,-62.65263770251811,-46.10209690716115,10.55830733251993,14.373013,,33.830338,5.6755066,2.3537905,False,False,Unexplained Astrometric Tension (High Priority)
1393681260799837184,226.84983546222,43.56492175013124,33.03650948158312,83.33737491621712,39.15503451413231,13.212346873300245,12.688842,,34.721027,5.491376,2.3529294,False,False,Unexplained Astrometric Tension (High Priority)
5964388339124624640,252.8523023459444,-44.3624503740012,20.24001764258656,29.82830813306813,-55.07644696812508,14.669914537505775,12.579817,,34.82445,5.459313,2.3520706,False,False,Unexplained Astrometric Tension (High Priority)
851711054387998976,153.64705038956987,53.771272508258704,26.016364132272127,-263.92631804457875,97.94902508448548,51.29528944415857,7.8465323,5491.9194,32.58073,5.8905153,2.3512125,True,False,Known NSS Orbit (Binary/Multiple)
2983397469077381632,78.5844994764436,-15.827619785286457,33.06201077534173,203.42435578335483,-221.2082252340804,43.08945433520324,7.2549515,5409.6104,32.020996,6.0014405,2.3506222,True,False,Known NSS Orbit (Binary/Multiple)
2983397469077381632,78.5844994764436,-15.827619785286457,33.06201077534173,203.42435578335483,-221.2082252340804,43.08945433520324,7.2549515,5409.6104,32.020996,6.0014405,2.3506222,True,False,Known NSS Orbit (Binary/Multiple)
340590219380026112,40.49556898895132,43.571937113543385,33.48953397133953,-45.50420451374747,-20.337868329960017,7.055226393877089,10.499132,,35.66685,5.2334127,2.3469906,True,False,Known NSS Orbit (Binary/Multiple)
1341396287443528192,257.35889855238844,39.15741585126371,35.11577268987949,102.04617732257562,-665.3811508568126,90.87365757217437,12.647116,,35.528,5.254094,2.346735,False,False,Unexplained Astrometric Tension (High Priority)
4939330454756157696,33.47223608647845,-49.386718037433575,29.66582343791632,229.71458229031248,108.61902989481412,40.60410155819962,12.17298,,35.14335,5.2422104,2.3411815,False,False,Unexplained Astrometric Tension (High Priority)
6372708410351284608,307.2663933301116,-74.35431204033159,24.55581040716537,114.21793417736718,-186.25979209421112,42.17948497987552,14.509066,,30.63023,6.10862,2.3379354,False,False,Faint Star Noise Suspect (G > 14.5)
1432617510160019200,257.78507886229846,56.65889196470552,35.69019232278293,-2.450253213585052,-69.12290239525895,9.18686138538192,6.8092947,,34.332497,5.3230476,2.3366318,False,False,Unexplained Astrometric Tension (High Priority)
5347651243253941760,168.859386468787,-52.81341349089895,20.44477742362184,115.10182104916528,-27.641350091645307,27.44709698348084,8.420346,5249.6226,31.928347,5.766852,2.334563,True,False,Known NSS Orbit (Binary/Multiple)
3969780311109655680,165.2619250228775,16.221663591250735,21.413575478522503,23.862614496547568,-42.7530410324572,10.838984510934278,13.6116295,,38.900387,4.551768,2.3343852,False,False,Unexplained Astrometric Tension (High Priority)
2985148956740210688,79.43548221592668,-14.398133062428714,20.77599207267492,-38.11633138662424,77.84010150616864,19.775868914336307,13.055302,,38.51015,4.6046953,2.3341272,False,False,Unexplained Astrometric Tension (High Priority)
4745123853382686336,39.3521946305974,-52.543198712272,25.20695947095665,101.5349474410132,-20.20658991628567,19.469319029501147,5.212268,7200.984,17.101858,11.611525,2.3338108,False,False,Bright Star Artifact Suspect (G < 6)
1021178472339004032,148.18856454808397,55.471170828514296,26.95845194744509,296.47189183916606,-194.27351784874045,62.32848686574552,11.361909,,32.451687,5.6309657,2.332814,False,False,Unexplained Astrometric Tension (High Priority)
5107009925066813568,50.97988368953924,-14.879251825562209,41.52757333134785,-27.952436468152307,-6.023235335628296,3.2640746969881382,12.655439,,33.185284,5.470184,2.3318622,False,False,Unexplained Astrometric Tension (High Priority)
2064100569188230144,307.85797116863074,38.56548761204535,64.93554533931663,201.38337848845225,720.6780184247978,54.6269033238034,12.146215,,34.272625,5.2570066,2.331314,False,False,Unexplained Astrometric Tension (High Priority)
4071380820557119104,281.10073632893386,-28.97191705247508,25.722586385137067,-2.780928661734423,-171.25653979883288,31.56539177461052,11.167371,,36.341873,4.879447,2.3297439,True,False,Known NSS Orbit (Binary/Multiple)
6613996340143809664,335.1874313076317,-30.875377133871183,23.63488379942572,-58.977094060989565,-26.211243210470656,12.94471449773624,13.872508,,43.354343,3.9205341,2.3290448,False,False,Unexplained Astrometric Tension (High Priority)
732443347335215232,167.8048041307803,29.2462338540401,22.66204594881797,-236.24083589957613,-186.1289290505561,62.9122881191478,12.09802,,36.33931,4.86449,2.3286068,True,False,Known NSS Orbit (Binary/Multiple)
5626286318863781248,131.22143301423537,-36.02746452069941,22.13419961239061,37.4810288295473,-61.277485201593606,15.384104979152522,11.7757845,,36.249283,4.8497734,2.3264384,False,False,Unexplained Astrometric Tension (High Priority)
4356442919556951424,242.7376695679293,-4.829643972838985,21.58358309026751,185.27418599419,-151.79917205869558,52.606382596565446,13.329406,,37.312004,4.6699405,2.325427,False,False,Unexplained Astrometric Tension (High Priority)
4473756480908157184,265.7544343062549,5.7890271239487605,47.828026233697685,243.9674439850905,-83.87960143449588,25.570088320080583,9.961636,,33.668644,5.282799,2.325379,False,False,Unexplained Astrometric Tension (High Priority)
5220893216305190528,122.07061027893592,-73.02851676063513,43.37067888079434,26.676075682113527,-168.55890675063353,18.65299575200921,12.904259,,30.758236,5.852909,2.3238363,False,False,Unexplained Astrometric Tension (High Priority)
4805123721874344576,86.95608601317743,-40.06335631474956,21.34177983456416,-28.103518506328804,75.23710950656576,17.839600062937855,8.60721,,33.33059,5.2721043,2.3202562,False,False,Unexplained Astrometric Tension (High Priority)
5432298795177144064,147.00009654574308,-38.36371035033687,26.965111315347983,-116.42397563070315,121.19435782387812,29.54415913294381,7.2436967,,30.346804,5.855735,2.318167,True,False,Known NSS Orbit (Binary/Multiple)
4909160852123114240,19.65640254941369,-58.77788372292483,25.97816068126033,54.68277355356598,41.10630783826301,12.48339982075415,12.930016,,32.654728,5.3706746,2.3181314,False,False,Unexplained Astrometric Tension (High Priority)
6896057214818851712,319.400308010856,-8.90324555850425,37.14695815073456,-74.6283762951079,-40.13576736041415,10.813559290245871,11.409526,,30.823793,5.696003,2.3147018,False,False,Unexplained Astrometric Tension (High Priority)
573140025326714496,16.384325835930245,83.46713592115647,30.592241301526617,-102.28807530237545,-25.62367329157744,16.339969135121386,11.25363,,33.639057,5.109952,2.3128815,True,False,Known NSS Orbit (Binary/Multiple)
2276308649422972416,304.9655817669522,73.50076453654803,20.53069821356985,36.07817400635138,-59.257593193239934,16.018800400767283,14.436182,,33.927734,5.049182,2.3122516,False,False,Unexplained Astrometric Tension (High Priority)
1526985908816139008,194.59154978508803,40.55576388578391,24.58616681948837,219.9002219943628,-153.85813065581115,51.74668804824618,11.213887,,30.111015,5.8068376,2.3116708,False,False,Unexplained Astrometric Tension (High Priority)
1314876857254249216,252.4408932514757,34.34440996252359,25.89907060290996,-61.46835935980047,-382.9535495980481,70.99160919886275,13.464874,,36.03234,4.637418,2.3077726,False,False,Unexplained Astrometric Tension (High Priority)
1565976794456209792,200.8479754605447,57.90600448390408,38.68337633026152,121.99469736984602,-6.863984437485511,14.973534320861138,9.139757,,34.18627,4.890535,2.3040066,False,False,Unexplained Astrometric Tension (High Priority)
1587576253706543232,228.15665054327465,45.73119308728785,52.58638573372806,-385.9275906706963,338.94279743275206,46.30243721985311,12.280228,,30.10293,5.688851,2.3039603,False,False,Unexplained Astrometric Tension (High Priority)
3216729573251961856,83.01880234240605,-3.091678445477229,27.221039825331268,10.10396031478486,-40.12455271324385,7.20572058946272,10.442061,,33.49796,5.0102487,2.3039107,False,False,Unexplained Astrometric Tension (High Priority)
4924503334299333888,4.226864845306885,-52.65033534576694,34.01517036244036,312.8934234841574,184.95341429033525,50.65434416765721,6.6634336,,30.033684,5.6704893,2.3017664,True,False,Known NSS Orbit (Binary/Multiple)
2850307187170712576,2.3164562697848825,25.281310829496064,22.7774984411475,173.62674618934707,-149.51249464108258,47.68655977718704,7.618992,5544.6006,29.200163,5.856711,2.3015013,True,False,Known NSS Orbit (Binary/Multiple)
2160473763703687808,277.3056703881708,63.85302472698933,32.931158594562454,216.6919568773804,12.553785847189385,31.24530581515476,11.109433,,33.005085,5.045968,2.3000467,False,False,Unexplained Astrometric Tension (High Priority)
4843733377624782592,61.76475544639517,-40.75119493893696,24.17531879089689,-67.75732603719585,320.181545312809,64.17393682002269,10.506287,,39.286835,4.069547,2.2992163,True,False,Known NSS Orbit (Binary/Multiple)
6678530491511225856,313.0689991644687,-39.99811023748099,35.701784809270826,115.62776348919948,-163.52676773757594,26.592676287700765,9.764071,,34.147648,4.8204355,2.2983162,True,False,Known NSS Orbit (Binary/Multiple)
5179399816430035456,45.83944230419235,-8.087772712674681,23.94904881285048,119.76065319071724,-37.68946078818087,24.85158425513186,11.827883,,31.875866,5.2222066,2.2974064,False,False,Unexplained Astrometric Tension (High Priority)
1272616371928341632,232.97291700107013,28.85282794752023,37.63821004746626,-542.648277865761,38.29672882952956,68.51564036461858,12.828906,,28.738047,5.898952,2.2972403,False,False,Unexplained Astrometric Tension (High Priority)
4867399098398887936,68.921548582743,-35.91594552457567,32.083383344310974,-109.06646724012714,-209.5087845614568,34.89933768516634,13.369047,,37.945095,4.2217097,2.2969685,False,False,Unexplained Astrometric Tension (High Priority)
1703002640793744512,245.31724456698245,74.56458104779156,20.17501157289357,-90.83611998116174,216.57673384427207,55.18317417129504,10.354167,,33.640366,4.8530507,2.2942429,False,False,Unexplained Astrometric Tension (High Priority)
4724313637321332864,40.89755236580847,-62.91937685171654,21.837101649521195,-27.74106128601416,-40.8259948847992,10.715052796467724,7.300081,,28.923803,5.8022404,2.2939074,True,False,Known NSS Orbit (Binary/Multiple)
6058588452413670400,182.0346777528966,-60.78107400968008,22.568588851298628,-84.45135053459899,32.98082131306704,19.043497061636405,7.3762026,5972.281,31.006723,5.3376365,2.2933831,True,False,Known NSS Orbit (Binary/Multiple)
1908305169922494208,339.3742976723185,39.37942754829618,46.88672381432608,-63.5036134317712,-359.4632638215455,36.90621406394544,8.840223,,31.988127,5.134935,2.2927988,False,False,Unexplained Astrometric Tension (High Priority)
2851698687854277888,357.47422000769114,24.46348758699652,21.11473791098881,121.77819075479552,-48.081661343140325,29.394331565457296,12.797312,,31.334208,5.2371316,2.2910037,False,False,Unexplained Astrometric Tension (High Priority)
1843299087553747968,311.6829779611049,24.70158231931584,25.817341048485314,81.57075850134765,-1.81422269470912,14.98137862757277,14.37716,,23.43529,7.2403774,2.2858174,False,False,Unexplained Astrometric Tension (High Priority)
1814070838668707840,311.0915839709638,19.74716000109157,50.80441958228267,30.088694103111607,-554.7933430497548,51.842855520485024,9.649384,,32.36998,4.9426928,2.2841258,False,False,Unexplained Astrometric Tension (High Priority)
4566925728996140928,259.5646283602377,21.217005190482755,23.840213326875904,-58.784183065634096,62.33462175049565,17.037048387342136,14.705011,,28.942444,5.63377,2.2832956,False,False,Faint Star Noise Suspect (G > 14.5)
5318575448532526848,130.52737409853327,-52.756249556942,24.90143854987483,-23.500465552975943,30.94856073322901,7.397716849344916,7.854989,,27.811884,5.897471,2.2829204,False,False,Unexplained Astrometric Tension (High Priority)
2299477734539451392,329.54897890823844,82.86933419657237,24.934271594344374,-107.0020197706509,-59.91375720824027,23.31500450709449,6.852749,6019.965,32.206543,4.94458,2.2820654,True,False,Known NSS Orbit (Binary/Multiple)
976886845438004224,112.6148633226288,49.43273921273371,23.750420811953,4.289024853443134,-95.59678309371311,19.099853517917392,13.073777,,32.60551,4.8554206,2.280849,False,False,Unexplained Astrometric Tension (High Priority)
6663106301880701440,289.76755437840285,-47.48497855024591,24.852068689632045,64.44024859065404,5.336234297736517,12.33388893778698,10.841543,,35.090324,4.4079723,2.2782218,False,True,NSS Acceleration (PMa / Unseen Companion)
5661194090755452416,144.2411188258142,-26.16992209610879,55.35172364584934,6.608187428419599,-23.85608106689176,2.1200339138479523,12.259643,,29.168858,5.4884243,2.2770586,False,False,Unexplained Astrometric Tension (High Priority)
2825274743381064320,349.3689253700396,19.61253328169823,60.77137660270086,352.0501443326373,-131.06142682317417,29.30293186940575,10.84611,,28.397623,5.6500363,2.2761059,False,False,Unexplained Astrometric Tension (High Priority)
933500082245641216,117.13299330194052,47.76385554910802,22.576288378650755,68.61848215626561,-243.0002149889428,53.01940393510536,7.8565116,5427.086,28.445686,5.6296773,2.2755089,True,False,Known NSS Orbit (Binary/Multiple)
933500082245641216,117.13299330194052,47.76385554910802,22.576288378650755,68.61848215626561,-243.0002149889428,53.01940393510536,7.8565116,5427.086,28.445686,5.6296773,2.2755089,True,False,Known NSS Orbit (Binary/Multiple)
732408781822492416,167.53019381019558,28.94528796938356,28.00195705512577,-916.90498369548,-488.88666742535474,175.90961589618416,12.24467,,33.647263,4.5593967,2.2719774,False,False,Unexplained Astrometric Tension (High Priority)
271164963555608448,66.29109964548665,51.53227369158126,29.03824235293657,83.55610402866199,-89.30525056226047,19.9652178805824,11.386195,,29.017042,5.431496,2.270965,False,False,Unexplained Astrometric Tension (High Priority)
1675284502413364608,210.0917197440584,71.71219386001547,22.777751660825704,-46.58223852200088,79.06326503906183,19.098089676240942,13.593522,,34.079086,4.4756556,2.270924,False,False,Unexplained Astrometric Tension (High Priority)
3213122208743219200,74.99435192617729,-3.5532199706139447,22.25781855737338,69.71115215241339,38.13204362232085,16.923129950034046,12.699977,,31.407427,4.9393573,2.270772,False,False,Unexplained Astrometric Tension (High Priority)
488099260551658752,55.02373146572637,63.87397285600121,24.06726470066773,140.073189240144,-133.7708970181958,38.15030538502528,8.061449,5116.7974,28.841726,5.4654436,2.2706196,False,False,Unexplained Astrometric Tension (High Priority)
2281125476721659392,345.4943319197127,76.19542248752556,41.330992608673405,406.0007532170115,117.89224143678736,48.48982345053615,13.428613,,34.507233,4.340041,2.2654548,False,False,Unexplained Astrometric Tension (High Priority)
1342735149009387136,265.5546504952076,38.07120439202614,24.76871065905899,-104.87420606105412,101.63373794595978,27.95073478620603,7.1462774,,29.276623,5.2451267,2.2620623,True,False,Known NSS Orbit (Binary/Multiple)
6676186087905510016,309.8006327557987,-43.7420164769709,29.11098749432822,-7.298405337310832,-139.40936298955597,22.73268548692573,11.819973,,31.569117,4.775076,2.2608202,False,False,Unexplained Astrometric Tension (High Priority)
5661603972370860800,145.0324040306735,-25.53767354942198,20.92511588774368,-101.10936626270274,71.89880264377895,28.1066251060774,14.642296,,28.120499,5.480139,2.2606072,False,False,Faint Star Noise Suspect (G > 14.5)
1937497512876953472,351.6679590426255,45.35442709333743,28.065946946892893,432.2746046675981,115.92801895407987,75.59322440212644,10.30877,,32.637917,4.556648,2.2585354,False,False,Unexplained Astrometric Tension (High Priority)
3358735760588625152,100.89385696869358,16.693188453379197,41.99356411980165,-207.4728325393264,22.38013321802853,23.556568979203888,12.896967,,31.208744,4.804456,2.2580378,False,False,Unexplained Astrometric Tension (High Priority)
48197783694869760,65.84566930782594,19.658531350570183,21.59864636466577,97.31780026776585,-37.78017810014982,22.912379050360823,9.1158905,4812.708,34.355576,4.1876893,2.2509713,True,False,Known NSS Orbit (Binary/Multiple)
6578350001374194816,325.54332617016723,-41.12621315461098,33.39571300516725,172.2531553112397,-262.60727231063674,44.58034330617614,8.460963,,33.003048,4.397866,2.2507763,False,False,Unexplained Astrometric Tension (High Priority)
3242797516476212608,57.37311795805363,-8.233882694560718,22.547909789803345,-61.52927421854163,-95.18683814580892,23.82898770332722,8.520839,,39.551266,3.5019915,2.250565,False,True,NSS Acceleration (PMa / Unseen Companion)
4877255842185254272,75.21083535310567,-28.06472068008353,30.6137186233131,-83.76260440614865,256.1232162213288,41.727206572845134,11.847796,,20.331165,7.7555366,2.250445,False,False,Unexplained Astrometric Tension (High Priority)
6371557530914670976,317.3502273752858,-73.17454548407463,46.993019936270365,431.2357549169602,-388.9255138052405,58.58000849587093,5.5129414,,21.070093,7.445533,2.2502935,False,False,Bright Star Artifact Suspect (G < 6)
5746229289255499776,141.36545247223555,-5.990799538134347,22.3249240142266,29.895705034117483,-241.6551636983037,51.70418486126498,11.705516,3524.8186,31.301104,4.6847734,2.2502728,False,False,Unexplained Astrometric Tension (High Priority)
3951192311128386560,180.43749674304817,19.780403684681204,21.18573526598744,-177.78128991448278,28.61596071835715,40.29194730292001,13.308408,,34.165905,4.199151,2.2495253,False,False,Unexplained Astrometric Tension (High Priority)
4273253182601225088,277.2735742275324,0.4400481662925175,23.01755731424511,72.23778873909444,14.231872947889428,15.163366679320523,8.6934395,4909.0947,37.74375,3.7019746,2.2491255,False,False,Unexplained Astrometric Tension (High Priority)
1879665881313941760,333.5744909840743,25.56822986577246,24.251921954541046,160.2832673318366,-45.71812948741093,32.579782919936,13.272648,,35.56771,3.9673238,2.2471783,False,False,Unexplained Astrometric Tension (High Priority)
1159380486880813952,222.8165713010764,6.253749195524648,22.49268936423259,-46.77866080554988,-195.89717844506737,42.4473051778635,10.374524,,33.94616,4.195338,2.2464044,True,False,Known NSS Orbit (Binary/Multiple)
5580750457110689408,100.4164909796466,-35.55367153603071,34.42458662497225,204.66876398032667,7.909324063236393,28.205141367109285,9.190427,,32.487267,4.397915,2.2439392,True,False,Known NSS Orbit (Binary/Multiple)
843042092397033472,169.0896083971078,54.00174007370407,41.47579341967687,100.86981562847429,23.469378438863927,11.83684906161518,12.684902,,28.179674,5.2224355,2.2438962,False,False,Unexplained Astrometric Tension (High Priority)
928808878446700288,124.25668505711825,45.76532830010514,21.92043827990042,137.2346882763335,-13.169169029102536,29.814430596781587,12.382282,,32.807644,4.3439875,2.2438405,False,False,Unexplained Astrometric Tension (High Priority)
3385254533644096384,102.7729880388514,27.3433594271766,27.241928388801835,-19.04471422206504,-75.27090297191845,13.510920712811703,11.295551,,29.760386,4.8773427,2.2428195,True,False,Known NSS Orbit (Binary/Multiple)
1147577916752169472,139.56099575060227,83.52830103690297,21.069265851653537,-55.91224574562652,-113.30444773951098,28.42784296365109,9.2045555,5045.0293,32.505642,4.358656,2.2410145,False,False,Unexplained Astrometric Tension (High Priority)
6604348434848487808,342.1621609735609,-31.145186395257348,49.66294825173393,426.71323495205513,-92.16294958286468,41.67019264475085,11.169128,,28.264599,5.126169,2.238432,False,False,Unexplained Astrometric Tension (High Priority)
4551544278579199872,267.93835488749664,18.8600742273645,34.160521663389815,-44.418085748234766,77.80750034514436,12.43291090943552,12.596082,,28.554464,5.0448227,2.2370577,False,False,Unexplained Astrometric Tension (High Priority)
2034189424437011840,300.1907346859921,32.95155494906646,32.97796995704339,76.85401277221567,66.81527243815495,14.638751242849056,12.136627,3215.6704,27.935556,5.169726,2.2364233,False,False,Unexplained Astrometric Tension (High Priority)
1919841898754457600,354.0343026968416,38.52623164709344,31.749787873914705,356.85405199322685,-300.1316903548516,69.62002281669893,13.041161,,34.454605,3.989092,2.2352688,False,False,Unexplained Astrometric Tension (High Priority)
2720456307039073792,331.20864190699507,5.442800130187557,21.41824925798172,-216.4140486926653,75.02481685907657,50.69523672249976,13.455687,,32.934574,4.217297,2.2350976,False,False,Unexplained Astrometric Tension (High Priority)
6605949663080115072,343.9345994759944,-30.376689075336703,27.784337108697567,357.03947155318093,182.6488712852921,68.4250963057893,10.909039,,32.679615,4.2558346,2.2349186,True,False,Known NSS Orbit (Binary/Multiple)
5914654305776844672,253.3912371494312,-60.82249413171697,20.808090120740143,-2.0322862486873667,79.68077955017709,18.158667231885524,10.003514,,30.889908,4.5533404,2.234371,False,False,Unexplained Astrometric Tension (High Priority)
237507744398899200,54.73713542273923,42.53770546378468,22.195418758283854,-193.36427576113465,-133.95052597764612,50.23982903504588,6.597098,5795.2,27.95198,5.112251,2.2326138,False,False,Unexplained Astrometric Tension (High Priority)
3013306212577379072,81.14188940613423,-10.557696949733154,20.07664118845288,98.5966654954762,-2.983040378452685,23.29116706411596,13.2080765,,36.599377,3.668018,2.2326062,False,False,Unexplained Astrometric Tension (High Priority)
2051069745406938240,289.90173428305326,37.33460085465486,39.31824251629437,-64.72724412362189,-185.0598277751957,23.63745247831284,11.480082,,26.510462,5.409586,2.2302473,False,False,Unexplained Astrometric Tension (High Priority)
6387615073604362752,347.5886519771709,-69.20631007211955,25.54485962622168,202.22076209787653,-28.39495104115121,37.8951261531146,11.449415,,32.871258,4.1000714,2.2243927,False,False,Unexplained Astrometric Tension (High Priority)
3309540170088830464,68.49438499286096,15.16352719505778,20.64126832294862,108.03672531476836,-33.11013701066008,25.95076230546991,8.2856655,5125.9937,27.214418,5.1591134,2.2243173,False,False,Unexplained Astrometric Tension (High Priority)
5298126490756239360,136.77581874843898,-61.76393076290197,21.107031323058354,-33.543172322430955,54.23490176428443,14.32215335188576,8.53824,,29.707933,4.63631,2.2238674,False,False,Unexplained Astrometric Tension (High Priority)
2993171371535967104,92.81388213224952,-15.003472511311212,25.790457026183027,104.9733779391418,-7.395764343497808,19.34268369298203,12.135458,,33.870766,3.934896,2.223103,False,False,Unexplained Astrometric Tension (High Priority)
635130112940983552,137.94628033589362,17.99738857573397,33.246617250502155,53.01205551144259,-106.36740338041696,16.9456192662787,13.890532,,35.719955,3.6749156,2.2226846,False,True,NSS Acceleration (PMa / Unseen Companion)
6102470884859025664,215.53464932679228,-44.18257671180916,22.57562023701386,-82.40235199650681,-130.00662173964113,32.320745967943225,12.055577,,32.129436,4.192582,2.2222865,False,False,Unexplained Astrometric Tension (High Priority)
6257172793656011520,226.22434785345817,-18.59148259427934,30.304249449046544,-126.2323023023604,-123.41706854226416,27.616011833735133,9.006034,,34.061226,3.8957546,2.22208,True,False,Known NSS Orbit (Binary/Multiple)
6257172793656011520,226.22434785345817,-18.59148259427934,30.304249449046544,-126.2323023023604,-123.41706854226416,27.616011833735133,9.006034,,34.061226,3.8957546,2.22208,True,False,Known NSS Orbit (Binary/Multiple)
1325653136360249856,246.7560023244686,33.47515412378568,20.705658748062984,-161.9319861616358,-6.172522841711288,37.10054377941962,10.965954,,27.588339,5.0293007,2.2209926,True,False,Known NSS Orbit (Binary/Multiple)
6644840974200903808,289.27319383688314,-52.64862750136737,41.99135743175161,-19.250662280013835,-236.2433067842813,26.758274658153365,13.814517,,32.51397,4.115739,2.2209783,False,False,Unexplained Astrometric Tension (High Priority)
2444986450522708736,2.305542694997113,-4.134215850732998,29.904297009371216,-193.1876771798633,-66.73795497652921,32.40024441220266,11.096695,,29.601665,4.613675,2.2205634,False,False,Unexplained Astrometric Tension (High Priority)
5219159904943973888,143.5036842658655,-71.59751362313649,25.76405876518816,-67.77895627561821,179.64890907897683,35.32891067071866,12.050049,,32.61374,4.088156,2.219961,False,False,Unexplained Astrometric Tension (High Priority)
2960883628470038400,75.84268832469027,-23.24957808978437,41.485177812896254,311.294633529824,164.31163057383222,40.22247246660068,8.734858,,22.981735,6.1677566,2.216766,True,False,Known NSS Orbit (Binary/Multiple)
3010893368669025152,87.34929334369596,-10.715844593891186,20.50881328654433,12.48919171872917,-19.393687880042787,5.331819961843502,14.573308,,28.271715,4.7626348,2.2119732,False,False,Faint Star Noise Suspect (G > 14.5)
2315801462121049856,6.322672481636932,-32.70769871283595,26.13699253873441,142.55470579200966,-15.602675348245686,26.009570610074444,10.497291,,29.654102,4.489505,2.211618,True,False,Known NSS Orbit (Binary/Multiple)
4482248936925366400,271.71181626508815,8.875295389692015,23.127740419162045,35.585995877630225,-144.9253876235823,30.58761988889933,6.854615,,32.36682,4.019727,2.2107801,True,False,Known NSS Orbit (Binary/Multiple)
4482248936925366400,271.71181626508815,8.875295389692015,23.127740419162045,35.585995877630225,-144.9253876235823,30.58761988889933,6.854615,,32.36682,4.019727,2.2107801,True,False,Known NSS Orbit (Binary/Multiple)
2353617309132684032,20.125944929090004,-19.95005389146345,33.71947364360657,189.0906899659691,-216.13969269439383,40.37318137041604,7.399266,,28.273691,4.7272835,2.2093313,False,False,Unexplained Astrometric Tension (High Priority)
3849259470039948416,149.189696693009,4.691498135690801,22.017284176893227,-177.19153055422743,-43.256413166008365,39.270887154951765,11.90571,,32.12291,4.0357995,2.2088833,False,False,Unexplained Astrometric Tension (High Priority)
2276178670828990080,308.67398481778804,73.65952412867455,23.74149334047824,46.922431502191934,27.45740601686204,10.855202807046943,10.583997,,32.21252,3.9933643,2.206418,False,False,Unexplained Astrometric Tension (High Priority)
4459558173724236416,249.13942361412896,12.233301546785468,22.184842170207133,83.53856506808974,-165.0489940022998,39.52794055733102,10.903213,,32.92914,3.882431,2.2062166,False,False,Unexplained Astrometric Tension (High Priority)
1506057843149059200,213.266292346309,46.31480662600072,22.125509084593475,-60.35238966715625,-39.69304524642596,15.476688306252594,13.890762,,29.251858,4.4905334,2.205768,False,False,Unexplained Astrometric Tension (High Priority)
685459673588235136,135.9632611073803,22.24591922432544,23.13546007261778,-38.20947229482017,-2.70583920999345,7.848750996784584,14.292806,,27.2443,4.8843875,2.204977,False,False,Unexplained Astrometric Tension (High Priority)
371013469896837248,16.99442613077417,39.25244694155732,24.586360480966587,-70.49508659337923,-29.92758730518077,14.766216321738844,7.628427,,25.477058,5.252139,2.202178,False,False,Unexplained Astrometric Tension (High Priority)
6121038715672407808,212.06722512547617,-36.469163733621954,27.093908051481048,10.829257505946671,-237.27718546643487,41.55828100543786,11.5936,,29.921759,4.314497,2.2014492,False,False,Unexplained Astrometric Tension (High Priority)
4706095382483758592,17.84553380734584,-64.67158208354398,32.43494806720937,-78.08411017613727,-44.60166349679993,13.142766431789534,13.065096,,27.250277,4.835298,2.201434,False,False,Unexplained Astrometric Tension (High Priority)
5792401325861101824,232.6581877622942,-75.10853394733397,27.102826576186995,-64.48740737558417,-335.9745745817704,59.83694462560554,13.569641,,33.344067,3.7633386,2.20093,False,False,Unexplained Astrometric Tension (High Priority)
1768695093298872832,331.0926843764405,15.100065043773734,43.27346959606786,655.9009242785356,495.82792374233617,90.07194228456629,14.372966,,25.89576,5.129819,2.2006762,False,True,NSS Acceleration (PMa / Unseen Companion)
2848303052351577344,359.43884270035375,23.30003862527304,59.55447427020274,1021.2375324743984,-1021.6366479663636,114.9830004530362,10.659585,,25.647442,5.187009,2.2005248,False,False,Unexplained Astrometric Tension (High Priority)
903616971110812544,127.89599775703914,34.96627368234726,34.06504737804655,-31.48141646508473,63.1067841129493,9.813986704457424,7.0775313,,26.4895,4.988287,2.2003765,False,False,Unexplained Astrometric Tension (High Priority)
2871113658020223872,354.7954736905214,30.95342981437777,34.74129835219588,265.52060717511523,56.5757212479709,37.04375550653397,14.929936,,25.22784,5.284407,2.2001443,False,False,Faint Star Noise Suspect (G > 14.5)
4007861690179758464,180.5713223722556,28.587065674736987,57.1228337797663,-787.3459385091131,-47.74205699185505,65.4597277524496,11.78098,,31.265797,4.0702424,2.2000983,False,False,Unexplained Astrometric Tension (High Priority)
6799342114753527168,307.8981461660401,-28.088190075140524,24.456199379040203,59.64140316496382,-20.98932003357839,12.255604582277863,14.137599,,28.72014,4.5044403,2.1988997,False,False,Unexplained Astrometric Tension (High Priority)
4934747999530846080,23.36261071414672,-43.9010279330065,24.166941912511188,225.96388107719827,67.30311902489049,46.24828582862828,7.628394,,26.003098,5.0731897,2.198442,False,False,Unexplained Astrometric Tension (High Priority)
4468231641147900928,271.0082550770564,1.832264793509801,32.691116718372534,95.99463829919635,-28.119351193777245,14.504898736659118,7.9051075,,26.105288,5.016238,2.1960535,True,False,Known NSS Orbit (Binary/Multiple)
1388940235380157184,231.31470625984608,39.59247193813808,22.09845156723416,-92.12912562962153,111.37598939820975,31.006560080090647,10.046107,,30.560497,4.12706,2.1950288,True,False,Known NSS Orbit (Binary/Multiple)
2300220420283692672,324.24405560019903,82.92107202270006,20.628053890330087,-19.70672441567548,-47.232730285398645,11.761279997028558,8.573563,,30.176743,4.1736064,2.1934657,False,False,Unexplained Astrometric Tension (High Priority)
796559581202440064,147.6328496839229,36.80741021960155,20.9227096864086,-125.97077407025444,-45.90274320386693,30.3771028804992,10.998036,,28.364355,4.4988737,2.1930466,True,False,Known NSS Orbit (Binary/Multiple)
2341871673090078592,0.0051209692069888,-19.498840627947185,26.79785275175776,179.8045126985549,-1.0410085670707347,31.80748068583405,8.942914,4617.567,29.386,4.3040085,2.1927447,True,False,Known NSS Orbit (Binary/Multiple)
680446793919166080,120.43099355408992,23.70702647325986,46.09372752792488,-127.8464238556729,-135.21031378348204,19.137451473969502,10.101673,,29.330631,4.307198,2.1921868,False,False,Unexplained Astrometric Tension (High Priority)
2170612429147782528,314.8361074658435,53.05142824747883,26.704913697688248,181.4456359862602,20.33467540561068,32.41060094611847,13.257326,,23.338219,5.669631,2.1921697,False,False,Unexplained Astrometric Tension (High Priority)
4241912119057100928,297.90124553499334,2.9767229539295883,23.424888490906405,245.7458345979569,156.77525991983018,58.98959233299233,9.902853,4379.4917,33.08753,3.6804478,2.1899517,False,False,Unexplained Astrometric Tension (High Priority)
1150745330577624064,131.3910567265507,84.69239089025507,21.566217547411068,-81.785081860616,-194.8319270744572,46.44615684505104,9.483481,,26.942255,4.7390275,2.1892724,False,False,Unexplained Astrometric Tension (High Priority)
1762516692648475520,310.9488841662767,15.199579686722702,21.958401044324507,40.64172518969141,-33.27393996799336,11.33937337406216,12.372137,,31.347687,3.9180954,2.1880023,False,False,Unexplained Astrometric Tension (High Priority)
4606619816743417600,272.776365025068,35.73245896944999,26.21319521131332,52.19338752333197,-34.253265239820564,11.289921709214411,12.485342,,29.533638,4.1966934,2.1860442,False,False,Unexplained Astrometric Tension (High Priority)
310361075612875392,20.370411122182936,31.3408231462218,34.39086126091772,560.4200230087638,-109.70083794271696,78.71490880852639,8.211291,,25.707224,4.941858,2.1839774,False,True,NSS Acceleration (PMa / Unseen Companion)
1473443510771118336,202.09786961637167,35.75657213593895,37.1608079568389,-191.89204887521288,-51.46091502696063,25.34394001683756,14.362248,,25.051313,5.093216,2.1836772,False,False,Unexplained Astrometric Tension (High Priority)
1189404610382948224,236.13218451286187,11.26631324911478,23.570630771567625,-124.31551636015227,-33.0062006586165,25.86826298383117,7.38998,5877.446,29.831694,4.1031938,2.18252,False,False,Unexplained Astrometric Tension (High Priority)
5851167679807239808,211.03923736570573,-66.2433311102426,61.86031750182893,455.3884631335182,111.88741840241256,35.935140826686705,10.497711,,29.51122,4.144974,2.1813703,False,False,Unexplained Astrometric Tension (High Priority)
2245822391738484992,313.066891292311,66.2860552586031,20.62832892734879,278.9440276030264,283.05222677147447,91.32451640728308,10.069902,,28.734678,4.267753,2.1800318,True,False,Known NSS Orbit (Binary/Multiple)
6070890269547491840,181.5799428195948,-59.88667817106034,27.14705564742127,25.661200976279776,130.82300965047244,23.279891884387663,11.182181,,26.93943,4.61385,2.1796494,False,False,Unexplained Astrometric Tension (High Priority)
6572223552647639552,327.43769901167747,-41.642671949119,38.62252547882438,156.74864167002653,-70.01483120342743,21.071095218012086,12.253279,,27.61183,4.4727206,2.1792984,False,False,Unexplained Astrometric Tension (High Priority)
3481380127975181696,171.24474240982389,-31.99928798552417,20.54475677138845,-69.02946639923309,-0.0290423152340795,15.927769171678715,7.9564376,5577.844,23.57559,5.4091105,2.1792603,False,False,Unexplained Astrometric Tension (High Priority)
4661244374746578304,76.22310915869599,-69.16885256476036,24.413491158377514,4.884608980870193,-2.584637023343138,1.0730606697969882,9.036946,4939.1006,26.148958,4.761607,2.177998,True,False,Known NSS Orbit (Binary/Multiple)
5545537291566200320,119.65187943041204,-34.94386558147616,35.45998027593648,-347.813607511985,204.5130517086792,53.93987945339112,7.756915,,25.307331,4.9521704,2.1779218,True,False,Known NSS Orbit (Binary/Multiple)
5545537291566200320,119.65187943041204,-34.94386558147616,35.45998027593648,-347.813607511985,204.5130517086792,53.93987945339112,7.756915,,25.307331,4.9521704,2.1779218,True,False,Known NSS Orbit (Binary/Multiple)
6594778590582157824,334.9616060584018,-38.54383167372722,25.615585142222944,-100.54871667393108,-173.87823143851045,37.171055818226016,11.952787,3279.6116,28.808979,4.213631,2.1766682,False,False,Unexplained Astrometric Tension (High Priority)
6729631939383751936,279.6272763952219,-39.075014683980704,21.75602935056785,192.8241069364407,61.24175114014293,44.08304603158248,12.77081,,27.0386,4.553512,2.1765518,False,False,Unexplained Astrometric Tension (High Priority)
1070273521945893888,150.52594268578818,68.71297455426868,21.952384013262083,35.79786310125579,-34.12135875334971,10.679381686492098,12.0622425,,31.969833,3.6843848,2.1753929,False,False,Unexplained Astrometric Tension (High Priority)
3281554785959621760,71.86518150765092,4.476349064111567,22.076112475478386,114.75197848033052,-6.584334513508241,24.68156720757259,11.068645,,29.126213,4.135605,2.1748757,False,False,Unexplained Astrometric Tension (High Priority)
4132420994507739008,252.2013381528752,-18.156109905267027,20.280769651858563,-130.41961156874285,-156.39576835899751,47.599050303887005,12.740907,,27.458374,4.398096,2.1709154,False,False,Unexplained Astrometric Tension (High Priority)
6631710606341412096,282.3029934908453,-62.37144176580244,25.007878309894323,30.24610322993322,-13.770730129986925,6.29969473860015,8.67581,4993.752,28.900923,4.12106,2.1702716,True,False,Known NSS Orbit (Binary/Multiple)
6631710606341412096,282.3029934908453,-62.37144176580244,25.007878309894323,30.24610322993322,-13.770730129986925,6.29969473860015,8.67581,4993.752,28.900923,4.12106,2.1702716,True,False,Known NSS Orbit (Binary/Multiple)
1371625023187238144,239.6906371381192,34.81494388803044,36.36057753614503,68.12618308884839,-59.65647509449128,11.805909735806503,11.659972,,24.973043,4.9156747,2.1694758,False,False,Unexplained Astrometric Tension (High Priority)
3461326620728918144,182.21422576484508,-37.39234828867161,27.99503323275509,271.3043229177163,-317.62348276752857,70.7337320712395,13.628156,,30.340282,3.8533719,2.1680632,True,False,Known NSS Orbit (Binary/Multiple)
57890528450770560,52.63083564689775,20.098424828985976,27.383498191202406,179.2080909791691,-44.90543404130034,31.982586584617938,10.12197,,30.956553,3.753409,2.1677577,False,False,Unexplained Astrometric Tension (High Priority)
4905968935508340224,2.3945202034352264,-60.35803775237816,23.989308951427745,190.7784142040173,18.972871822712563,37.88523548147032,14.747665,,24.453844,5.0081353,2.1670868,False,False,Faint Star Noise Suspect (G > 14.5)
4142065055816427008,260.0804069648473,-11.748827275736986,20.029582021311526,86.60605845614529,-138.16519397562055,38.59317995068335,13.555076,,30.715649,3.7805004,2.166833,False,False,Unexplained Astrometric Tension (High Priority)
3621610157353795584,199.18790599285884,-12.339220944641513,44.79661619772081,-284.93745410081704,-52.0537419668774,30.651691222397105,12.436001,,27.381859,4.354051,2.1661453,False,False,Unexplained Astrometric Tension (High Priority)
2898534202410937088,96.1568108978457,-28.03067068725348,31.479914186715167,32.75934066839753,-71.29450408224031,11.815171103583587,11.496074,,26.427597,4.5371385,2.165343,False,False,Unexplained Astrometric Tension (High Priority)
2218144110660778368,330.9498703431263,64.6283669591411,32.1200261538732,212.5627795303841,89.05767310179499,34.01346312585859,4.3197494,6993.754,17.475716,7.3701572,2.1651685,False,False,Bright Star Artifact Suspect (G < 6)
1030516968191117440,128.963424913903,54.11421168936359,32.480051246902164,-62.49863967584482,-205.46373477766824,31.344118548486367,13.832655,,30.304535,3.8165374,2.1642425,False,False,Unexplained Astrometric Tension (High Priority)
3460420279549683712,178.60573810257992,-37.74869869710507,20.00925288492684,-305.9296656119352,49.52705741000396,73.42262738821412,6.348521,6004.0796,25.024832,4.821831,2.1634307,False,False,Unexplained Astrometric Tension (High Priority)
4975005999307397376,11.424064250573212,-48.30143521144048,24.84841232336785,-59.61838242919878,-37.86289967699979,13.473605693655076,7.7123346,,24.865072,4.858133,2.163349,True,False,Known NSS Orbit (Binary/Multiple)
4975005999307397376,11.424064250573212,-48.30143521144048,24.84841232336785,-59.61838242919878,-37.86289967699979,13.473605693655076,7.7123346,,24.865072,4.858133,2.163349,True,False,Known NSS Orbit (Binary/Multiple)
81166811651514880,38.9763012067701,15.248593995525905,21.31772274797328,55.13796324617828,-60.00182545388741,18.120833616739333,9.242079,4536.3975,29.76111,3.8901882,2.1629748,False,False,Unexplained Astrometric Tension (High Priority)
30321099016072320,49.61317372318086,15.176106923971478,20.219630328202456,3.719589057897707,-281.2930503790567,65.9546104120394,7.221677,,28.10156,4.176579,2.1627734,True,False,Known NSS Orbit (Binary/Multiple)
4660766641264343680,82.18736509782727,-65.44796165891661,67.33308290357063,37.55425099410488,158.57356369018362,11.472904794846828,6.690593,,25.130001,4.747249,2.1596525,False,False,Unexplained Astrometric Tension (High Priority)
1298694726154793856,246.182126028406,22.905363838477594,41.45126985823066,-151.31257980482852,-98.79665326092751,20.666497909132143,10.361775,,30.980034,3.658722,2.1593485,False,False,Unexplained Astrometric Tension (High Priority)
3287041688283537408,66.31352505335228,8.048835488344537,29.67640507207261,139.9995366957023,3.3593049580169687,22.369779356007548,11.564099,,26.788876,4.355475,2.1567523,False,False,Unexplained Astrometric Tension (High Priority)
221399894752720000,55.4735868586713,35.245982542168086,28.15037053169726,85.6132706187359,-83.74678731447912,20.16785244559972,12.625857,,28.492893,4.021934,2.1556077,False,False,Unexplained Astrometric Tension (High Priority)
1156350542072311936,226.9978784125963,4.255690082387415,20.365300009220213,-89.99505588565853,-16.21252225917681,21.285532935180832,9.316172,,35.257298,3.0503874,2.1547456,False,False,Unexplained Astrometric Tension (High Priority)
797106798693569536,148.98554241587792,38.0817390456131,23.41230067662858,-174.36755964194046,-5.220810148088674,35.3213733766328,7.981536,,23.877123,4.9747567,2.1543021,True,False,Known NSS Orbit (Binary/Multiple)
797106798693569536,148.98554241587792,38.0817390456131,23.41230067662858,-174.36755964194046,-5.220810148088674,35.3213733766328,7.981536,,23.877123,4.9747567,2.1543021,True,False,Known NSS Orbit (Binary/Multiple)
2085008267746614912,304.2257054816864,50.27778053901994,22.50940570120579,-218.18231244676457,-216.6540804349633,64.75464733013798,7.968069,5493.1587,24.834665,4.7428713,2.1541874,True,False,Known NSS Orbit (Binary/Multiple)
1669793988020855168,216.37080457068697,65.697897298001,42.5930096425049,138.5825325215365,47.47228348294647,16.303661223507174,12.046838,,25.575003,4.5654473,2.1533158,False,False,Unexplained Astrometric Tension (High Priority)
2683284082351171840,331.0740067596428,2.6060514543697053,27.315856926770586,133.65055057960922,29.168460890110627,23.740037514010154,9.104567,,28.94093,3.9179578,2.1532972,False,False,Unexplained Astrometric Tension (High Priority)
5055726331925367168,53.48648345822909,-31.079810829785828,23.76970724107845,-28.632324783615644,71.16084926602447,15.297552854433404,6.090067,6166.024,25.865807,4.4969907,2.152851,False,False,Unexplained Astrometric Tension (High Priority)
3248028717923282048,53.6669497285217,-4.844031284491506,37.81982726482703,406.0290810738864,-324.89321804229115,65.18046068069962,11.74105,,26.910942,4.277953,2.1523943,False,False,Unexplained Astrometric Tension (High Priority)
6771207742504559744,293.0168469493453,-24.029330989473337,21.138601294121766,-42.15292327774474,-30.759870187820248,11.702322172228806,13.293978,,33.14238,3.273707,2.1511884,False,False,Unexplained Astrometric Tension (High Priority)
4912320779822624000,23.479580229148585,-55.52430374497416,23.816667935026462,-59.6608623477574,-156.72821995417394,33.37892986796542,9.606295,,28.416334,3.9631732,2.1493275,False,False,Unexplained Astrometric Tension (High Priority)
6387153622317262976,356.04552516157065,-68.53105028465717,38.317534522773535,-7.195112677146117,-318.0923677346762,39.36299797267544,13.020195,,29.822268,3.7250416,2.1489463,True,False,Known NSS Orbit (Binary/Multiple)
5965924361179144832,257.0291897550524,-41.72534693322215,48.25402769309368,-215.3949663758387,-310.1915095897713,37.09954256274709,7.9269795,,25.210152,4.568424,2.1473079,True,False,Known NSS Orbit (Binary/Multiple)
4100702970280133504,284.7818672906684,-15.76415550215532,25.41675852980335,11.737786252449125,38.074795793250985,7.431105290621216,11.241642,,24.7636,4.663598,2.1469061,False,False,Unexplained Astrometric Tension (High Priority)
728504488663060224,156.74876003132306,26.641075783455527,33.63722516156077,161.263549111651,-85.84037488461902,25.745933236906,8.017824,,24.303293,4.757399,2.1458914,True,False,Known NSS Orbit (Binary/Multiple)
2572002686598426496,25.145811817546065,8.760827461068956,20.50149471418204,57.40851786260403,8.734925031976413,13.427094088514778,6.24609,,23.330904,4.996859,2.1458554,False,False,Unexplained Astrometric Tension (High Priority)
3444406511166874112,86.35152031790581,30.54171728737849,31.208707513437364,122.60111752734976,-221.96450250763067,38.516663151268894,12.677583,,27.73056,4.0394707,2.1453435,False,False,Unexplained Astrometric Tension (High Priority)
4433380077474648192,248.213458802102,3.245207416281944,22.09703438467138,-373.82867424785337,-183.10095331321543,89.3005033941984,8.585478,,28.569544,3.870224,2.1434522,False,False,Unexplained Astrometric Tension (High Priority)
4964126297390536576,32.380654294990784,-39.56761330100939,22.486009555224616,79.2335592836848,-10.005242219260897,16.836560402010043,11.926546,,15.55675,7.9199815,2.1422827,False,False,Unexplained Astrometric Tension (High Priority)
3562962623740696576,167.8913092098125,-14.994031549534432,51.87483578869705,693.0715544307121,-599.182035897168,83.72221088394016,8.551208,,26.688833,4.196683,2.1420557,False,False,Unexplained Astrometric Tension (High Priority)
4750988506669932160,48.90100805889861,-46.25822328327445,20.240540004043982,120.63491974793192,-11.330918926784353,28.37786343097109,12.110238,,28.401966,3.880681,2.1418288,False,False,Unexplained Astrometric Tension (High Priority)
5962356922678202624,265.17624938012733,-37.62307917708026,25.314488387843625,58.77661299320416,32.135094057931035,12.544329070148288,9.451855,,25.242462,4.4697304,2.1400976,False,False,Unexplained Astrometric Tension (High Priority)
1373576445871569152,239.1899490646807,38.26727070602718,24.834787163458014,84.31020682709831,52.05798263280813,18.913760364369608,11.625941,,28.349953,3.8189263,2.1355026,False,False,Unexplained Astrometric Tension (High Priority)
2998645114077523712,87.42695733998323,-11.980285107746589,22.64002463019528,-33.14677344523948,3.908015936362182,6.988491384146072,12.945637,,25.641636,4.314838,2.1344357,False,False,Unexplained Astrometric Tension (High Priority)
6223455960353208192,219.92077982051427,-26.723859025118696,27.109660972384567,41.38873268262877,-45.02457457014189,10.69416850224576,6.8759966,6242.3164,27.0336,4.0058746,2.131384,False,True,NSS Acceleration (PMa / Unseen Companion)
556708683042297728,70.60521838212496,80.51406988402776,33.97481756699047,-65.85182424641334,-91.88667736299688,15.773327157526596,14.980289,,17.347143,6.8009343,2.1313746,False,False,Faint Star Noise Suspect (G > 14.5)
886057182003477760,111.2359724255376,30.910391275850856,34.9489391207318,-134.4095085308124,10.40270807069801,18.285811903700782,11.780699,,24.92357,4.42952,2.1313717,False,False,Unexplained Astrometric Tension (High Priority)
1355264565043431040,257.3834721191679,43.680105808986085,131.59960903219002,332.03214754852814,-274.50099472651857,15.518554897375193,10.453175,,23.181572,4.8340755,2.131115,False,False,Unexplained Astrometric Tension (High Priority)
2118829756505654144,277.3658411359888,47.03495081379491,20.20204833316713,38.138127014645406,-95.54343840348103,24.139692617048183,9.98964,4240.861,27.766521,3.86649,2.1307373,False,False,Unexplained Astrometric Tension (High Priority)
3570845980378511232,182.98894218087392,-13.930202350338275,45.05555791495534,1.5101307434937314,-9.003517227031049,0.9605273262843969,11.955564,,25.084072,4.382547,2.1303859,False,False,Unexplained Astrometric Tension (High Priority)
990629606913592448,108.07239973444564,59.26311290205985,25.689422414881232,82.27944527236069,-296.68364463437126,56.81340595870206,10.269704,,30.073357,3.489456,2.1303756,True,False,Known NSS Orbit (Binary/Multiple)
5788964286871098624,197.013532225879,-77.31023755605983,23.541538520762305,57.45409076395359,-55.17986838557517,16.040925536827096,8.438636,,25.92389,4.1916175,2.1290028,False,False,Unexplained Astrometric Tension (High Priority)
65082159129262720,55.72271025408254,23.446859021038467,23.823840350306234,170.67558116096535,-54.80106579862412,35.66870728712924,13.959754,,23.347944,4.762015,2.128823,False,False,Unexplained Astrometric Tension (High Priority)
946030529073022080,107.55549608697169,37.66831559930888,44.60083534517721,-209.28153394130828,-280.80880855544444,37.22342593991763,13.232475,,33.12374,3.048349,2.1274173,True,False,Known NSS Orbit (Binary/Multiple)
1568219729458240128,191.0578294698512,51.75845261941906,68.95161770569291,-387.04218778039206,-185.27835852652944,29.501146568382467,6.7498126,,24.010105,4.541435,2.1240163,True,False,Known NSS Orbit (Binary/Multiple)
1568219729458240128,191.0578294698512,51.75845261941906,68.95161770569291,-387.04218778039206,-185.27835852652944,29.501146568382467,6.7498126,,24.010105,4.541435,2.1240163,True,False,Known NSS Orbit (Binary/Multiple)
5815402868607222528,250.3295907748016,-66.78229292472818,28.99449832779618,-441.5976222794965,-407.7686050198792,98.27204299800798,13.790465,,26.50774,4.015337,2.123673,True,False,Known NSS Orbit (Binary/Multiple)
3116065985196889216,106.7888537497756,3.4462790733912563,36.38554756538337,12.72442946423508,-258.7384466592117,33.750328243283086,9.299451,,28.098753,3.7175887,2.1224072,True,False,Known NSS Orbit (Binary/Multiple)
3116065985196889216,106.7888537497756,3.4462790733912563,36.38554756538337,12.72442946423508,-258.7384466592117,33.750328243283086,9.299451,,28.098753,3.7175887,2.1224072,True,False,Known NSS Orbit (Binary/Multiple)
922279188128102400,120.2499185399885,41.439492573251705,20.547692449879072,1.5391388383478264,0.5443707920601436,0.3766434432337225,13.356925,,23.848755,4.5291634,2.1201253,False,False,Unexplained Astrometric Tension (High Priority)
6631456997113317248,278.9574621016509,-61.228791092719135,24.653411475830328,-21.28240528574365,-426.01970771486094,82.01915952137016,8.901621,,28.184128,3.6758687,2.1198668,False,False,Unexplained Astrometric Tension (High Priority)
3297396274614449920,64.06834701747788,7.159213909372406,24.81467134864896,-96.75241259737736,-49.87636125233443,20.79447087104812,7.3612614,,25.024624,4.261797,2.1195016,False,False,Unexplained Astrometric Tension (High Priority)
499849844393678336,86.62695786632412,74.6092903649378,26.69029008529584,155.83602839501324,-150.82592392278394,38.51864126828959,7.170313,,25.908375,4.0806384,2.1193585,False,False,Unexplained Astrometric Tension (High Priority)
109931856900594432,45.86992813436105,23.06147511658081,25.50493573848693,121.72648339511692,30.69626943049181,23.33295441403249,6.9079165,5656.717,25.350222,4.1820335,2.118482,False,False,Unexplained Astrometric Tension (High Priority)
706804351083390720,131.41346532868693,31.038694230146785,22.239574096062768,61.30808101218926,12.295294846486048,13.328315556048915,13.496002,,31.510324,3.165862,2.1181579,False,False,Unexplained Astrometric Tension (High Priority)
6428553842878813312,300.2550587080204,-64.80894588374956,20.3991541993645,122.66743549653845,-233.33866621918028,61.26093546836588,6.726368,6568.6235,24.428823,4.3637347,2.1173697,False,False,Unexplained Astrometric Tension (High Priority)
6612817835477756160,329.70265125152406,-32.44203323266612,55.685921808904105,-388.96076746762856,-349.1104763176652,44.49296831257232,14.008697,,23.813108,4.4993696,2.1171288,False,False,Unexplained Astrometric Tension (High Priority)
2991362056431878912,90.60232090869223,-16.580691124405092,24.86605266902934,-8.221632979445632,-67.48928909602373,12.96129176659874,11.387385,,24.844725,4.247802,2.1152117,False,False,Unexplained Astrometric Tension (High Priority)
6141993173915033728,196.50368087233025,-38.45288585848572,28.88255917903581,-121.8644657359086,-67.85266750822998,22.89288859060438,13.029612,,29.065197,3.4639022,2.1130881,False,False,Unexplained Astrometric Tension (High Priority)
4075920012534699008,279.0838181635564,-26.232990161461235,21.506381607974003,-32.23044740584014,-29.132691374152675,9.576334600554258,12.742498,,24.767433,4.2176027,2.111352,False,False,Unexplained Astrometric Tension (High Priority)
5179167166641737856,44.95095979918339,-9.222299163855244,29.215730205285663,291.6911371361545,-542.1498148673788,99.891853704335,13.882437,,27.18326,3.7505083,2.1110415,False,False,Unexplained Astrometric Tension (High Priority)
826737606268186496,148.05120209605835,49.63496204836984,20.84285976052684,48.56856918539928,-70.25811904422251,19.425848383851008,10.315929,,26.841055,3.8083563,2.1107962,True,False,Known NSS Orbit (Binary/Multiple)
1736325127380047744,316.361002972751,5.957600548194883,22.29762042118461,-58.6703401302014,-157.65330348512765,35.76278560707577,5.8123603,5974.734,20.905523,5.1671443,2.1103451,False,False,Bright Star Artifact Suspect (G < 6)
5085528388438480000,54.20556978450522,-24.301686069142548,24.948839580636964,129.56267946685213,-67.78572526435718,27.78363369613217,13.024786,,25.906689,3.9731848,2.1100464,False,False,Unexplained Astrometric Tension (High Priority)
529443749617791232,9.423304994887962,68.36055648915087,42.9223935983614,-31.540493301273628,-43.69248802710732,5.951460141193661,10.893285,,24.614605,4.222011,2.1090307,False,False,Unexplained Astrometric Tension (High Priority)
3495643100184989824,191.907313472834,-27.77708495730194,20.262794929512527,-205.30068603649983,-38.46586933145531,48.865762473310085,13.7754345,,29.176075,3.3997471,2.1084545,False,False,Unexplained Astrometric Tension (High Priority)
3332237186760702336,95.5269314047159,13.045914895587437,26.82480026839003,114.7265160251848,-118.50350774100713,29.14817072677996,9.925516,,27.637714,3.6207638,2.106216,True,False,Known NSS Orbit (Binary/Multiple)
3571164636886908544,181.59259610109527,-13.249222307237774,32.84940603272076,79.96774825725225,-64.13496581635316,14.793014904100874,11.644217,,23.037659,4.5275607,2.104972,False,False,Unexplained Astrometric Tension (High Priority)
6337994182561381760,219.8264245624889,-5.126453916687159,22.719589184987203,-84.00826776935374,39.25402514667488,19.347569060675703,13.09919,,28.810778,3.4193382,2.1049123,False,False,Unexplained Astrometric Tension (High Priority)
2702970670543128832,339.61290912480763,2.4679545743826994,31.821114174021467,32.8439608195566,-17.2727243825123,5.528209157320763,13.145244,,25.953733,3.9001155,2.104406,False,False,Unexplained Astrometric Tension (High Priority)
918773120425514752,118.50911449086412,36.23164155419723,21.741150738853328,-91.81652301582658,-184.707390282368,44.97527487845264,14.496766,,18.089474,6.010522,2.103176,False,False,Unexplained Astrometric Tension (High Priority)
897128439461463808,110.63578595521145,35.89208473893864,24.631755281646257,21.4371220458047,-130.50705179909534,25.45313706095364,10.182115,,27.34567,3.6325846,2.102712,False,False,Unexplained Astrometric Tension (High Priority)
3308428877366857728,70.36635522147463,14.076016738839469,26.18294762918706,99.25034104868864,-33.95699033688271,18.992073485741425,12.363147,,25.720503,3.9174654,2.1020207,False,False,Unexplained Astrometric Tension (High Priority)
1355445400346030976,257.14654992741646,43.57210963568045,23.53468936763852,83.3264537963387,32.452676428578144,18.012010844175126,13.545689,,23.342157,4.4040823,2.100863,False,False,Unexplained Astrometric Tension (High Priority)
6655976140774224512,281.94527217027616,-49.822567497376525,22.86159443017203,48.53751971158072,-77.32536851355357,18.930861724490885,14.655545,,22.02388,4.7238193,2.1005797,False,False,Faint Star Noise Suspect (G > 14.5)
4071372539860350464,281.4909749900135,-28.93270089026472,53.207192365600505,307.226609416772,-248.83850053123825,35.224331432589416,11.373336,,19.562845,5.4248214,2.099293,False,False,Unexplained Astrometric Tension (High Priority)
1369142321635356928,236.87839989627312,30.7381306885266,23.73485102929418,-143.70897906300593,100.15610871388576,34.985449609802146,13.898607,,26.330034,3.767544,2.098746,False,False,Unexplained Astrometric Tension (High Priority)
4802798289141512576,85.75234987303133,-42.87842379667345,29.65010486881376,102.45204362929212,94.35290634873292,22.26812412029592,13.798974,,26.339642,3.7414114,2.0965176,False,False,Unexplained Astrometric Tension (High Priority)
2913765672571405440,92.45029142187252,-22.774090895604523,22.04649289441265,99.42247236575196,56.00415517753278,24.5362931760564,5.609972,,18.021915,5.9245763,2.0961943,False,False,Bright Star Artifact Suspect (G < 6)
2540712922134895744,7.149188346187682,-2.663966494726344,21.363848033627683,63.153633004700055,-4.299083072048078,14.04572609693545,10.683741,,33.443645,2.7250044,2.0954404,True,False,Known NSS Orbit (Binary/Multiple)
6911638638908447104,318.4935442407655,-5.067583863261423,28.141466555373,137.66506237227682,-32.93870574590523,23.8444325097255,12.119279,,26.59825,3.6834798,2.0954218,False,False,Unexplained Astrometric Tension (High Priority)
5492026740698525696,110.09084049949465,-52.30862999206016,29.476183863179088,-31.76195360375022,138.16303748042907,22.799478293850395,6.4647684,,22.13728,4.619684,2.0948362,False,False,Unexplained Astrometric Tension (High Priority)
3817534337625985280,170.87509547259216,7.024697236311857,27.02506049844168,172.10563522175994,-49.87962122637029,31.43138812655221,9.833677,,27.549984,3.499509,2.0932865,False,False,Unexplained Astrometric Tension (High Priority)
5937909698253691648,251.38700575019445,-48.999342631305566,22.803935584600428,133.36833055760752,-326.5802034579311,73.33218678593033,13.183848,,29.426697,3.2084289,2.0928617,False,False,Unexplained Astrometric Tension (High Priority)
5289757523635492096,122.2513051701196,-61.30371244519543,36.2471823324388,-145.71062052181904,-301.1797061477789,43.75637683489966,4.6162243,6417.606,12.991809,8.526251,2.0925918,True,False,Known NSS Orbit (Binary/Multiple)
1065792668464776960,153.93063597447016,66.07828526626682,26.4038569911167,-81.27187727773733,-106.42821072517609,24.04193339222768,10.996414,3571.2615,26.040648,3.7390714,2.091345,False,False,Unexplained Astrometric Tension (High Priority)
1105242767716286336,94.65408515128996,67.72822279195137,22.327895221878748,-125.42700321698828,-37.23891094039025,27.778489224061456,8.545333,,18.908195,5.508681,2.090143,False,False,Unexplained Astrometric Tension (High Priority)
685283609993221248,136.9923354758998,21.90222613099304,27.39016926237469,-56.97503299549895,-187.2242721365772,33.87044255665829,12.017054,,24.674046,3.980388,2.0895035,False,False,Unexplained Astrometric Tension (High Priority)
5005339841488712192,9.387880388812665,-34.66197194543741,20.02590988691218,-5.845904778382067,-150.1032194517322,35.5588959093852,11.731977,,23.950495,4.1298447,2.089419,False,False,Unexplained Astrometric Tension (High Priority)
3993125004551614336,173.15427291170167,24.32287531433796,21.31742810685757,2.399809900194937,-50.27858519082196,11.19344529829131,9.182682,,26.298723,3.6625984,2.0885627,True,False,Known NSS Orbit (Binary/Multiple)
719601571215916544,134.44338403785713,38.258471466933536,22.53973739010791,-112.43980299171866,-107.3208203136793,32.69077525453805,6.9751496,6189.5405,21.241089,4.7689548,2.088274,False,False,Unexplained Astrometric Tension (High Priority)
2835796794780715392,344.92298047164434,21.90208165574728,26.088738087037687,105.9942726918698,-71.69530261677302,23.251930385064217,13.76751,,22.27861,4.494485,2.087815,False,False,Unexplained Astrometric Tension (High Priority)
1068183865737016960,144.80847666470612,66.84883376837193,24.02193018601076,-206.4998106145065,-146.51914085852553,49.966219734111895,9.688303,4504.998,27.58805,3.4079907,2.0849617,True,False,Known NSS Orbit (Binary/Multiple)
476899841267393024,65.21723368756693,64.15789110948583,30.056344205080155,48.617716559273816,-2.536760216097152,7.67839035037432,10.55702,3791.4531,26.083015,3.6544526,2.0842264,False,False,Unexplained Astrometric Tension (High Priority)
1724494760222303872,265.7826990117504,85.44041645352517,45.25515643057084,-100.0068896211964,-273.5364118215206,30.507846001413835,11.044,,24.418808,3.9658086,2.0837145,True,False,Known NSS Orbit (Binary/Multiple)
2833336809311479936,341.91396560880247,18.444544232017616,36.936417680860885,384.48950371714704,199.21324313851235,55.57611963165483,11.860655,,24.250277,3.972136,2.0812597,False,False,Unexplained Astrometric Tension (High Priority)
2521755280086864128,32.910611209935,8.0627479588417,26.31906354726002,222.43034796583203,-326.0397204872948,71.08907436317382,14.624102,,21.312555,4.657216,2.0812383,True,False,Known NSS Orbit (Binary/Multiple)
5280405107797382144,98.95171231809162,-67.38132223578107,29.539195208437512,-147.53192368302575,352.7149449738316,61.35600412338475,10.802455,,25.96947,3.6350543,2.0805178,False,False,Unexplained Astrometric Tension (High Priority)
6339563731114827136,227.491824572178,-2.4340405743733835,23.7578037276874,42.92381510542768,12.735377898798642,8.933748349687784,13.14379,,22.548512,4.333669,2.080144,False,False,Unexplained Astrometric Tension (High Priority)
1625055478362341120,243.72103582313284,60.643174127748686,32.368291080038205,37.99023724798903,443.2670261320893,65.15627581713152,12.637676,,26.859882,3.4629323,2.0787244,False,False,Unexplained Astrometric Tension (High Priority)
1567471477437161344,192.14445313032533,49.564931784811854,37.224514122493225,108.58182009779738,-16.92140484680881,13.99458844665692,11.348832,,20.967232,4.71448,2.078518,False,False,Unexplained Astrometric Tension (High Priority)
3028470161558479232,111.61089378158653,-15.770762419630342,38.53665004800351,45.61986331829702,-97.52067701390392,13.243915719696089,8.797454,4367.6597,26.174938,3.5686126,2.07767,True,False,Known NSS Orbit (Binary/Multiple)
3028470161558479232,111.61089378158653,-15.770762419630342,38.53665004800351,45.61986331829702,-97.52067701390392,13.243915719696089,8.797454,4367.6597,26.174938,3.5686126,2.07767,True,False,Known NSS Orbit (Binary/Multiple)
3902745286187581312,187.2371023163365,8.424237710162307,72.26642305254668,-638.3293193454637,-243.23237567393463,44.80943353674076,10.865707,,21.309357,4.603591,2.0770369,False,False,Unexplained Astrometric Tension (High Priority)
1697598231905663616,230.3743330375308,73.47698295984449,20.23280570027679,-122.45825573451808,66.40403447108815,32.63833052103656,7.277044,6463.5244,23.242723,4.127749,2.0762138,True,False,Known NSS Orbit (Binary/Multiple)
5364580148905328256,159.32453165752833,-48.22566700401987,37.43386257807968,-164.16088263355874,-0.1829080235496576,20.788670170469203,3.854386,7163.408,17.052204,5.9539137,2.07401,False,False,Bright Star Artifact Suspect (G < 6)
4866887138297037184,72.93990734051125,-35.840351935847096,32.79385156892737,-83.5440991947243,-36.97556126081088,13.20654466003897,7.9469438,,21.114048,4.6117964,2.0736732,True,False,Known NSS Orbit (Binary/Multiple)
4866887138297037184,72.93990734051125,-35.840351935847096,32.79385156892737,-83.5440991947243,-36.97556126081088,13.20654466003897,7.9469438,,21.114048,4.6117964,2.0736732,True,False,Known NSS Orbit (Binary/Multiple)
6511657371244871680,335.65055910506527,-50.8121625279775,35.87820526708649,156.10598388885967,-1048.6992517733308,140.0879365288367,8.489168,,24.742647,3.782003,2.073056,True,False,Known NSS Orbit (Binary/Multiple)
6511657371244871680,335.65055910506527,-50.8121625279775,35.87820526708649,156.10598388885967,-1048.6992517733308,140.0879365288367,8.489168,,24.742647,3.782003,2.073056,True,False,Known NSS Orbit (Binary/Multiple)
2527798711389815296,8.017741626124803,-5.06049639861298,20.262650921514847,303.0561849732098,-21.66298709950017,71.08124256267612,13.887201,,27.835426,3.242591,2.072229,False,False,Unexplained Astrometric Tension (High Priority)
6413081274731392256,329.47986679144515,-54.99259895540606,21.22153377386448,31.80832128663744,-0.1806538963033899,7.105463077959893,4.239373,7126.925,11.619547,9.147063,2.0715296,False,False,Bright Star Artifact Suspect (G < 6)
2406551230571728896,347.1683010679319,-16.3832494103689,21.462181101113064,170.15118138146778,8.710244556640703,37.631438050349,10.013878,,26.146492,3.497956,2.0704288,False,True,NSS Acceleration (PMa / Unseen Companion)
4190441815089981056,297.3035842413496,-10.59021859795936,26.927697131757377,117.10986783858556,41.77237039635238,21.88880470294367,12.972186,,24.462458,3.8073168,2.0704029,False,False,Unexplained Astrometric Tension (High Priority)
2774406387677214336,12.578746273732094,10.871159869801124,22.866120293317163,99.40764227174628,19.427932681197923,20.99850081566381,12.35366,,24.79234,3.7426295,2.0703368,False,False,Unexplained Astrometric Tension (High Priority)
3355110120995488000,104.4586400634328,16.577918715418047,26.969406920517244,68.11908610852697,-149.0628198292646,28.80729488061886,8.158055,5328.16,22.444395,4.2378683,2.0702624,True,False,Known NSS Orbit (Binary/Multiple)
5244602741448864256,154.6837625441296,-68.32573603375005,46.12595582544101,-72.34324468258363,58.12663054995842,9.537495447586144,9.559575,,25.994589,3.5095637,2.0690174,False,False,Unexplained Astrometric Tension (High Priority)
2411855072801158656,349.7792060351376,-13.459104922440806,39.40193916260075,264.63407071915043,-59.48164078002404,32.63262357520446,4.9478116,,14.080681,7.298392,2.0676177,False,False,Bright Star Artifact Suspect (G < 6)
1589569462130363520,227.2213458294615,49.56844951096669,25.15883685484625,-104.8789054878043,-13.268374013544452,19.91897285250905,11.775094,,27.458824,3.2349324,2.0655284,False,False,Unexplained Astrometric Tension (High Priority)
2044288988480314240,287.2242901987072,34.062505199687415,34.75205194306545,-79.56159253510303,61.61782585201911,13.7270476317785,8.923362,,24.915676,3.66476,2.065302,False,False,Unexplained Astrometric Tension (High Priority)
981548637301374336,105.98716288465668,52.69772729783498,110.82634141717595,675.7749453514461,-921.8797769662092,48.89211002805162,11.699139,,18.897764,5.11674,2.0629306,False,False,Unexplained Astrometric Tension (High Priority)
5479778765278589568,99.50108246925384,-61.53305327925275,45.70521998650167,-41.761576063888505,70.14777945902622,8.467344138934545,6.142297,,24.094032,3.795068,2.0627043,False,False,Unexplained Astrometric Tension (High Priority)
3311899034847352576,65.20066546044764,15.235608333811118,36.84896218277336,167.95127854279576,-69.68356100326109,23.39214775415893,12.495952,,24.375233,3.7382193,2.062564,False,False,Unexplained Astrometric Tension (High Priority)
5850562123751996928,204.8380144067013,-67.67162751664532,29.6324489646666,311.53769433756304,-166.29756534863122,56.49442181414899,6.8344226,5920.2437,23.209454,3.965411,2.0616202,True,False,Known NSS Orbit (Binary/Multiple)
2832847320478810880,340.2458693541317,17.611395197455252,29.461178904484505,171.89884524656193,22.570576482013465,27.89690175553412,11.695829,,24.618202,3.6811712,2.061611,True,False,Known NSS Orbit (Binary/Multiple)
3531971582843325184,167.0236879750043,-28.26826992249492,36.77351557828118,-513.1288995214422,-62.686388158170864,66.6391653457393,8.809733,,25.52003,3.5149815,2.0615373,False,False,Unexplained Astrometric Tension (High Priority)
780370406354833920,159.11327776044823,41.5007904959361,35.30349168657572,255.88723481861533,-218.7238636857588,45.20161673692907,11.2717,,22.888262,4.031459,2.0613067,False,False,Unexplained Astrometric Tension (High Priority)
1800750014779745152,324.97790658381984,27.61105185986933,42.802092974122594,277.365583128817,-219.2479002644943,39.15738453629627,10.749838,,21.674805,4.3030725,2.0604827,False,False,Unexplained Astrometric Tension (High Priority)
235742233662354944,49.1917341666133,38.92436245086948,37.3510579674924,-60.4225435366028,20.56851280392,8.100768253936232,12.243532,,23.801842,3.817095,2.0593958,False,False,Unexplained Astrometric Tension (High Priority)
5429692918260640640,142.32166762553132,-39.62510137708523,29.31647940132049,-14.246754973735074,15.443495191839874,3.3975116810798807,13.077087,,27.051523,3.2287748,2.0584064,False,True,NSS Acceleration (PMa / Unseen Companion)
6364795328246346112,272.81495048666767,-78.9883353114025,85.6340687124235,64.590835937985,297.742165183696,16.865575183459637,11.240905,,20.175114,4.6665,2.058131,False,False,Unexplained Astrometric Tension (High Priority)
6218307978201647872,223.26892251499848,-29.095891041741705,21.472033065184693,137.54939199085132,-100.63622725092604,37.62725241627969,11.0608,,24.982527,3.567815,2.057345,False,False,Unexplained Astrometric Tension (High Priority)
3852892363832072192,146.56801015762505,5.461261682965408,27.386415138964352,-237.8651258530488,238.18015329912868,58.266586399608485,12.780381,,26.194914,3.3365583,2.0553622,False,False,Unexplained Astrometric Tension (High Priority)
735219962087569792,158.98800263567898,28.89176238173275,34.40979495463314,-122.01170669986875,-71.8655432321156,19.508006450918234,12.0171585,,23.060534,3.925844,2.05535,False,False,Unexplained Astrometric Tension (High Priority)
3195979899048978304,63.31802735024997,-7.558926599978222,23.731807503130177,114.35751512038772,24.09811606681557,23.344784573525896,14.218048,,24.407314,3.6525784,2.0552137,True,False,Known NSS Orbit (Binary/Multiple)
462185901790089856,51.63079051777535,59.147404698833,42.74373646250192,172.47748401353772,-189.8859396994623,28.449777172157614,13.578607,,24.73458,3.5807664,2.0542426,False,False,Unexplained Astrometric Tension (High Priority)
3312783561888068352,66.40598637273915,15.94090753969732,21.10764322783181,102.95013743101792,-26.0262116770142,23.84849683982785,6.341617,6228.145,23.987513,3.7149749,2.0534647,False,False,Unexplained Astrometric Tension (High Priority)
3216299591188448768,86.25154834073464,-2.5935064803021053,22.304750276575863,6.189424441342418,-370.6865252388816,78.79367703184661,10.305126,,24.748907,3.5650425,2.053001,True,False,Known NSS Orbit (Binary/Multiple)
1956463676139809664,332.1612465905126,39.94851127519936,25.5323030182523,-58.30295804744061,-72.45715267018758,17.26717288694896,11.781431,,24.471083,3.552368,2.0468905,False,False,Unexplained Astrometric Tension (High Priority)
89308798334436096,37.09239378590695,21.99592583001865,23.61921203798047,53.69697835183967,-17.64654465427178,11.344243135174905,10.760443,,29.04328,2.8206944,2.045188,False,False,Unexplained Astrometric Tension (High Priority)
4474719550017901696,269.2265968575217,6.173143477663246,26.906465647613256,-92.25684996068898,-105.86000603553624,24.739590980822783,8.327449,,23.229353,3.7752812,2.045036,False,False,Unexplained Astrometric Tension (High Priority)
2297894128558108288,321.7518119541504,81.74282143354026,20.64906695159849,225.85002158016025,85.70908463523455,55.457121711763136,7.8696766,5362.7583,21.200712,4.220657,2.0440755,False,True,NSS Acceleration (PMa / Unseen Companion)
6402494695743366144,328.5148257582208,-64.04524669135976,20.41154426702165,21.09024987212732,6.232622007458487,5.107501922953486,13.631234,,26.41104,3.1899893,2.0439982,True,False,Known NSS Orbit (Binary/Multiple)
2716106428586177280,340.4105763964715,8.675529118116572,20.40670383956813,115.57643082928432,-57.84423352857637,30.02320480560945,11.68897,,24.528936,3.5057673,2.0434475,True,False,Known NSS Orbit (Binary/Multiple)
5685460587259119488,146.41244490744572,-15.830031507924762,24.002955844129936,-13.856939363156972,123.75652649661214,24.59406227502773,12.227931,,26.30812,3.186749,2.0419667,True,False,Known NSS Orbit (Binary/Multiple)
1329323684130318848,246.9069285377905,35.69527695691902,32.13864378154556,77.26851343947726,-4.535194974042595,11.41676852832484,12.44413,,23.46722,3.6897883,2.041615,False,False,Unexplained Astrometric Tension (High Priority)
4415724630860603392,230.48573673353647,-0.5647524129451742,26.60399321903997,41.27359301259271,-36.86609352700289,9.861001228717097,13.290497,,29.942606,2.6677237,2.0406861,False,False,Unexplained Astrometric Tension (High Priority)
6912161147450851840,317.1892170475512,-4.42686813905115,34.85088697195119,-80.35648369829919,-29.1194720926276,11.62574763209022,9.056368,,23.86802,3.598603,2.0404422,False,False,Unexplained Astrometric Tension (High Priority)
4441561543497575424,254.58571366020465,7.552137201890788,39.24529507016931,25.93859072822212,-15.909954306372995,3.675568786312715,12.601579,,22.631721,3.8410175,2.0396543,False,False,Unexplained Astrometric Tension (High Priority)
2139949828686236672,292.1876327704028,54.02515616674652,21.069777932435624,-34.48371667160376,-194.5098600534897,44.44500433473272,12.153606,,27.190857,3.0184526,2.0384817,False,True,NSS Acceleration (PMa / Unseen Companion)
970050253935929344,92.12544831682622,49.03379812541307,24.62496823886088,-199.6089339254936,-286.4386839348348,67.20959361344723,13.833151,,24.280857,3.4885411,2.0373693,True,False,Known NSS Orbit (Binary/Multiple)
2322071461538241280,5.984137392698673,-27.989344933308043,28.42065716936992,-7.240297967486654,-13.71108467056538,2.5862395637516284,12.833892,,25.71765,3.2332535,2.0369055,False,False,Unexplained Astrometric Tension (High Priority)
4572466438664619264,255.85231772469635,24.55989804469956,35.37230632084074,19.93948219211635,149.7188055968762,20.24193920665343,11.802589,,26.296062,3.1304033,2.0358832,False,False,Unexplained Astrometric Tension (High Priority)
4246659260498821248,306.4712262031507,5.926001553308323,22.132374735979,-200.0289978464795,-391.9015561962586,94.24195848718526,14.25518,,22.45987,3.828523,2.0352216,False,False,Unexplained Astrometric Tension (High Priority)
908481141832887296,125.09953684660752,39.06767446989692,20.142675314047004,-1.4661044921329245,-107.41861951152144,25.28274729341262,11.708696,,23.944796,3.5276155,2.0350807,False,False,Unexplained Astrometric Tension (High Priority)
108759738849783424,46.332179850521634,21.52281420934559,27.47556275156893,55.59537211043072,1.1030578804888391,9.593982291229596,12.827303,,24.893963,3.3503976,2.0346231,False,False,Unexplained Astrometric Tension (High Priority)
6175261067172368640,207.57861070801377,-29.566818376399866,29.5425782662217,-586.7405820992183,-142.1995521807822,96.87528001243292,13.083224,,29.9604,2.6055644,2.033521,True,False,Known NSS Orbit (Binary/Multiple)
2581557958039687296,15.588001705787812,9.815054011093862,21.745535054059093,280.77041582015045,-174.5968872119453,72.0764466550315,13.397092,,25.852985,3.17267,2.0329247,True,False,Known NSS Orbit (Binary/Multiple)
6659849204841549824,291.62655061800075,-48.6059843843388,36.41086858270703,115.23538400338528,-353.04342678257683,48.35063528382332,12.234286,,21.254784,4.0729322,2.0327158,False,False,Unexplained Astrometric Tension (High Priority)
5788596049254781952,184.3655529952001,-78.17891005182854,30.89094405524308,138.75351113802157,113.90466369589694,27.548558304931976,14.878525,,18.682596,4.7566614,2.0316079,False,False,Faint Star Noise Suspect (G > 14.5)
943441488428601856,98.06214154259098,37.80293543783399,30.17588119939776,-88.46305648863132,-133.49781382948277,25.158395095065675,10.618762,,28.48454,2.766648,2.0305643,False,False,Unexplained Astrometric Tension (High Priority)
5780757600795837952,242.43054856793435,-76.74330782440816,24.56345349549188,21.773350779089224,32.21620462917049,7.504167284791053,12.118636,,24.38841,3.3990896,2.0305464,False,False,Unexplained Astrometric Tension (High Priority)
658643100382720384,130.7932239378343,17.96167946792581,20.79087519221047,-276.0376773143982,-135.92111245553772,70.15488416314139,11.828272,,23.967672,3.4650755,2.0294547,False,False,Unexplained Astrometric Tension (High Priority)
4981046441313358080,13.98528553411551,-47.1495572089793,25.695160986951365,-36.47790843959592,0.5579056547859935,6.730553440336771,10.418901,,11.006816,8.705121,2.0286627,False,False,Unexplained Astrometric Tension (High Priority)
2129138610028908416,291.6772049917254,47.40314586694752,22.72237242829605,54.735840560862776,23.71794507980292,12.445273858751031,13.419771,,27.310654,2.8960254,2.026954,False,False,Unexplained Astrometric Tension (High Priority)
4289349483103591040,292.65149451929085,3.580443655323461,22.01268960281615,-178.6496754798727,4.637119109226381,38.48546832754742,13.22198,,25.490602,3.1619403,2.025676,False,False,Unexplained Astrometric Tension (High Priority)
6456916226351208192,316.8233299092524,-57.0327450422836,22.60602862021737,50.10319932528414,-105.42305071331975,24.476821941886403,8.660213,,22.25747,3.7567887,2.0247896,False,False,Unexplained Astrometric Tension (High Priority)
4723513708252878080,46.08145535292806,-60.431282224846434,28.161434685189217,49.10987385249234,-15.403475589949457,8.663860268307054,13.886105,,23.47065,3.4961665,2.0233674,False,False,Unexplained Astrometric Tension (High Priority)
2238597054155896832,292.7788671713701,58.58423547216919,55.27670003834909,-507.3261925054449,-397.297027552144,55.261279129306416,6.36492,,24.661036,3.276532,2.023103,False,False,Unexplained Astrometric Tension (High Priority)
139281533098990336,48.03948821522479,37.21766836736786,21.850717134527137,-33.92177754455694,-25.307174905732367,9.181644747845676,7.761932,,20.10277,4.241059,2.022675,False,False,Unexplained Astrometric Tension (High Priority)
4838609039260040704,62.8670858596109,-44.30147177009725,36.2606565896238,616.0092009070161,254.0642406130138,87.11341435831788,13.126308,,27.018484,2.8930674,2.0219529,False,False,Unexplained Astrometric Tension (High Priority)
2202663326237018624,327.3230974304767,59.38126337140466,31.45332642556645,78.02720710111927,96.75223196488388,18.733044829714604,12.505198,,22.343878,3.6917937,2.0204973,False,False,Unexplained Astrometric Tension (High Priority)
2464859126762143616,24.40829412915852,-9.403438642410402,22.97018059566209,263.004651549991,86.2727065016119,57.12316610823783,6.127653,,20.701488,4.0537734,2.0196173,False,False,Unexplained Astrometric Tension (High Priority)
3744010334378135552,197.4823461109752,14.649945960485118,20.31719020526012,153.87018329731393,24.366167049952743,36.34882264793155,12.362448,,24.970907,3.1851132,2.0191417,False,False,Unexplained Astrometric Tension (High Priority)
5644763680491239552,127.07443295421496,-29.144407628212253,27.365130087414407,-136.44803788476594,156.13663917562104,35.92043061664706,13.380306,,25.70523,3.0491672,2.0173874,False,False,Unexplained Astrometric Tension (High Priority)
3845908124238526848,140.04476223124843,3.790828531202626,40.36194513055016,-121.5322651973802,68.76094187593003,16.40008557875695,12.133168,,21.631985,3.8015592,2.0164785,False,False,Unexplained Astrometric Tension (High Priority)
4890157064949308928,59.31925575363604,-27.21258077891298,28.04878313090498,67.0448001273269,66.564656501553,15.967332982471657,9.932284,,15.082394,5.8512673,2.0142412,False,False,Unexplained Astrometric Tension (High Priority)
1310513342280948480,255.9712102029427,32.19655819582678,54.27147396330813,192.95677399504004,97.16082940424306,18.87037452630449,10.869015,,21.787483,3.7270067,2.0127933,False,False,Unexplained Astrometric Tension (High Priority)
6748241006182314368,298.60124894519976,-31.800432698623027,41.27656919020578,-459.9081484413152,-101.90957774298208,54.10002990742955,11.884278,,23.658827,3.3405733,2.0115402,False,False,Unexplained Astrometric Tension (High Priority)
1982273405932339584,340.17722393494057,44.596380481371725,27.50561545744918,477.8124922102624,-21.62541589024069,82.43314778281552,11.98434,,22.382542,3.5829217,2.011052,False,False,Unexplained Astrometric Tension (High Priority)
6002346882130529664,232.8008833443007,-41.90313897896754,32.78111672174448,74.23299268586344,-82.96857209021627,16.099375538021167,11.856234,,23.04702,3.435365,2.0095441,False,False,Unexplained Astrometric Tension (High Priority)
4633222427558646400,30.30259440977801,-78.84665703413023,20.701690087382616,121.7085717709654,-56.76490211018089,30.752218307065217,12.603713,3769.659,24.080519,3.243084,2.0093474,False,False,Unexplained Astrometric Tension (High Priority)
5871861686868751104,205.663496252906,-57.7873528082848,22.424181864444027,23.362107540400856,40.89465983400519,9.956377500340723,12.712975,,23.399164,3.3608916,2.0087757,False,False,Unexplained Astrometric Tension (High Priority)
3650089054701095808,219.7995570301668,-0.5194100765562718,24.691799988625736,-27.373198167319096,124.615163102455,24.494707272122525,11.254361,,24.183432,3.2179182,2.0086162,False,False,Unexplained Astrometric Tension (High Priority)
6451858850820471680,319.6890979181634,-61.354678165079605,34.382931985710904,441.0806109115709,-427.1865271175876,84.65886814309422,6.428695,5528.6826,22.66549,3.4932928,2.0079298,False,True,NSS Acceleration (PMa / Unseen Companion)
6429606934498303616,308.7223967518596,-63.797414529187954,26.37121769881971,190.62669379079057,-294.27034860866144,63.026976419897366,12.790703,,21.620008,3.6979606,2.0067654,False,False,Unexplained Astrometric Tension (High Priority)
2385581310447304448,349.26157280997325,-22.08679071580444,21.857385180830065,-47.03709027405461,-114.0989678912102,26.76629712266549,12.128634,,25.533354,2.9729428,2.00622,False,False,Unexplained Astrometric Tension (High Priority)
5093218647640381696,65.6995010071422,-17.97389537633468,25.70943888673002,118.14328950757636,-126.01701590761088,31.85037646131269,11.144955,,20.70881,3.8977876,2.006155,False,False,Unexplained Astrometric Tension (High Priority)
3205094369407459456,69.40630766284495,-2.491585546760618,36.00852069860525,54.7824718064461,-47.31215488638252,9.529354842584924,9.801462,,22.86412,3.4288728,2.0054476,False,False,Unexplained Astrometric Tension (High Priority)
4777112872882315264,72.73480682433792,-53.45931819668422,26.675390683844107,-80.12157204786205,85.81646187275368,20.863980388279167,6.3103156,6304.604,20.384111,3.9641728,2.0051389,True,False,Known NSS Orbit (Binary/Multiple)
4692263148249862016,18.94713711376181,-68.87542916816633,42.99118967176437,413.47961478401,116.03664131633552,47.3541011523906,4.8297544,6435.571,10.409619,8.715999,2.0049224,False,False,Bright Star Artifact Suspect (G < 6)
6261708725800628864,236.4827837931972,-16.54946911031954,37.54677235434228,99.58729211361332,-211.9263202031032,29.56374693399529,13.325865,,26.972715,2.7491121,2.004853,False,False,Unexplained Astrometric Tension (High Priority)
239070631455336064,46.711803265191904,40.35851307542976,35.592721031544514,-387.8949843571226,-199.76653067143965,58.1110252671592,9.2625885,,22.251827,3.5392218,2.004347,True,False,Known NSS Orbit (Binary/Multiple)
5872646428933893120,208.8565781188244,-55.11337942639222,29.110250599848893,-74.29068256402206,-27.56774623442616,12.90397993671043,12.130976,,24.815424,3.067704,2.0040712,False,False,Unexplained Astrometric Tension (High Priority)
5163558946250753536,54.41007191101646,-10.948694221156668,27.56804239183639,175.9754112164066,-42.66046941463577,31.13637459473437,10.629208,,27.486034,2.6615791,2.0027804,False,False,Unexplained Astrometric Tension (High Priority)
3793898411041910144,175.55398369123793,-1.3687129840118293,54.070939450548416,-98.05757863352156,-4.860463261194137,8.60739064149056,13.006214,,16.35648,5.1463604,2.002308,False,False,Unexplained Astrometric Tension (High Priority)
5555756358787669888,99.63936088113935,-46.34140126655705,27.92109791239756,-155.27284440245498,13.347346974450412,26.459587561562447,10.291816,,23.540836,3.261353,2.0013695,False,False,Unexplained Astrometric Tension (High Priority)
4050315620888089472,271.3601615129743,-29.498170370561425,29.77168522294386,29.708775607279225,-143.45985879182768,23.32741744809096,9.936634,,19.714754,4.0795927,2.0006204,True,False,Known NSS Orbit (Binary/Multiple)
916460950550337664,126.1759866073596,44.56029370233207,25.91338699306558,12.514711561902146,21.639972512203364,4.573036980396165,13.513375,,24.343193,3.0985658,1.9990095,False,False,Unexplained Astrometric Tension (High Priority)
900556927171103232,112.04470267737904,40.656435946609406,32.82210761783828,93.25439238186344,-34.134017840009506,14.342561155294314,7.212213,,21.016499,3.7406662,1.9983997,True,False,Known NSS Orbit (Binary/Multiple)
1409388540316441984,254.50188005017472,49.63265277688086,21.85393397022472,-49.40865672059856,-62.51102588196082,17.28379450741339,11.574184,,22.658722,3.3806362,1.9967726,False,False,Unexplained Astrometric Tension (High Priority)
5902262122552686848,227.659975372361,-50.1521085898988,21.580742560057097,-84.38179676937072,-55.55461019506666,22.191957691192457,8.562776,,20.809387,3.759414,1.9958127,True,False,Known NSS Orbit (Binary/Multiple)
5607537171705477632,103.99762371142128,-30.24386215891186,21.667804505175337,-31.69771481479769,-79.27845774216374,18.67948361327334,11.010582,,26.21026,2.7730474,1.9951637,True,False,Known NSS Orbit (Binary/Multiple)
3607945912174970880,199.696076918488,-14.519722807157766,20.561758854832785,-101.6016122548625,-125.49611075762095,37.22628168103096,11.904047,3765.1006,23.262035,3.2244616,1.992419,False,False,Unexplained Astrometric Tension (High Priority)
4147672354657788160,272.12445337782907,-12.769090656661565,24.79871119050276,-83.68224339596297,26.637343873556286,16.78739426793735,12.679117,,24.172165,3.0604472,1.9918895,False,False,Unexplained Astrometric Tension (High Priority)
6503514697366717568,340.50298087974977,-59.25349560258783,26.365298784819064,318.261413075082,-13.897631059713714,57.27780439412977,12.744694,,23.061172,3.2523444,1.9915099,False,False,Unexplained Astrometric Tension (High Priority)
576411244218052224,18.58793040851025,89.30640877827095,22.550705829579133,80.07745903857764,-89.84476768761043,25.299546877509886,10.012868,,23.95794,3.079061,1.9900097,False,False,Unexplained Astrometric Tension (High Priority)
982051285912835200,115.54196257366144,50.0745897978384,48.58464331280764,189.17155508078,50.63518630197075,19.107502795207367,11.184148,,20.20505,3.8294237,1.9893553,False,False,Unexplained Astrometric Tension (High Priority)
4556066746008265344,265.8145945335091,21.60639741947181,45.74434105690742,-151.42791578789573,-631.5121927567685,67.2985064627063,7.2970448,5128.3076,19.948757,3.8777165,1.9881324,True,False,Known NSS Orbit (Binary/Multiple)
3974526181252628480,176.96936825712953,17.71043762986392,40.876321631441584,140.2365665460446,-149.02287196005798,23.73134727031742,13.621727,,23.380623,3.1480913,1.9867043,False,False,Unexplained Astrometric Tension (High Priority)
4333914750933670144,251.58252285824923,-12.125321501408193,28.02767881009853,-62.34629148690088,-43.09328475897666,12.818728104467963,14.141827,,21.26077,3.5615435,1.9866908,False,False,Unexplained Astrometric Tension (High Priority)
5682008056323530368,142.8412957234274,-17.295762704607554,63.75938682352279,-362.690622078861,-130.64458557420315,28.661897170300463,14.977961,,14.689433,5.578688,1.9851444,False,True,NSS Acceleration (PMa / Unseen Companion)
2463943091843102208,25.801729038842105,-10.122821881196185,26.260979277849472,320.04425510415336,324.70275560645297,82.29930370026268,12.595367,,22.104786,3.3713443,1.9851015,False,False,Unexplained Astrometric Tension (High Priority)
450495000807136896,38.476830178196,49.50566812945198,20.0196708974552,459.011623303635,-85.85283225450534,110.57446370369784,7.614327,,19.734808,3.8799205,1.9836457,False,False,Unexplained Astrometric Tension (High Priority)
1851868127125091840,319.02526757391206,29.86431792811961,50.75995459634728,200.4600870181129,36.53663325772578,19.02937479185108,11.412565,,19.189732,4.0159082,1.9834185,False,False,Unexplained Astrometric Tension (High Priority)
5076269164798852864,44.3050129336034,-24.975259249570108,40.98608865864962,12.814126123633304,-32.40071025663992,4.029913046286639,7.5274553,,20.025099,3.7979374,1.9826293,True,False,Known NSS Orbit (Binary/Multiple)
4286952513384184832,280.7739718865999,7.699888549264744,21.374061998851754,137.38027630544605,-257.5434321016382,64.73797785976896,8.469502,5596.8003,21.452457,3.4541907,1.9802458,True,False,Known NSS Orbit (Binary/Multiple)
5828892398811756032,243.0720206558056,-64.01427734756258,21.95368901223051,-240.4357526273552,-230.8814701056204,71.97827279825947,12.728229,,24.264229,2.9216404,1.9784343,False,False,Unexplained Astrometric Tension (High Priority)
3236441892590973568,83.33944280702126,4.100011832556652,22.159598567183647,144.95377063427904,-39.05631774640244,32.11496736548935,10.057794,,24.94299,2.8129437,1.9782088,False,False,Unexplained Astrometric Tension (High Priority)
2466228465415338880,27.880428007437143,-7.7398840735357775,20.879399367019907,98.14739530810434,-0.5455276484844829,22.283781337650428,8.460701,5599.874,21.08572,3.4806366,1.9753282,True,False,Known NSS Orbit (Binary/Multiple)
6154124089999486592,190.6631249956649,-36.3420129066923,35.14345688802098,-249.63517802972345,-10.74046917961757,33.704221737068195,10.874836,,20.798903,3.5306056,1.9741967,False,False,Unexplained Astrometric Tension (High Priority)
5959134808228006144,262.4764214241359,-42.08294746784107,25.715642088015027,48.00841689494939,6.6630642527552375,8.934791936770733,14.838314,,14.462944,5.514389,1.9741304,False,False,Faint Star Noise Suspect (G > 14.5)
5834351577215734656,237.00919234558577,-58.18755892170184,32.701378004271746,-523.8024100126023,-203.3342749600197,81.45207004000332,10.847729,,21.438055,3.3888931,1.9735403,False,False,Unexplained Astrometric Tension (High Priority)
5963919642242901760,254.09204935854785,-46.07935835827552,47.90576375156358,-44.99526761721447,-26.28724289926352,5.15663027541205,14.730305,,15.188551,5.189624,1.9731805,False,False,Faint Star Noise Suspect (G > 14.5)
149767987810042624,62.9849842726935,23.63610634024568,27.33561891737813,145.75707188996822,-58.12214431849017,27.21232736581115,9.071881,,22.46139,3.183687,1.9729958,False,False,Unexplained Astrometric Tension (High Priority)
6502342648035634688,348.19407848478454,-50.823743200735386,26.16459524236134,104.93597694925842,-77.05538452657446,23.587428376193976,12.734823,,17.808586,4.268117,1.9722848,False,False,Unexplained Astrometric Tension (High Priority)
2190258605992864896,311.3375057842007,57.57867088856138,35.23373573308592,-64.27080579179005,-235.26684106974147,32.81350743248471,4.32131,6000.053,14.96711,5.256139,1.9714444,False,False,Bright Star Artifact Suspect (G < 6)
4502798839309818368,268.25134217312507,16.91653367638175,48.23102583317718,-240.92796032439327,-228.3870673111556,32.62866948402327,12.10062,,23.198982,3.0311978,1.970903,False,False,Unexplained Astrometric Tension (High Priority)
5751367891208036480,127.15076543032087,-10.437500747260076,23.5423668864464,-118.93185774646818,41.92871879083947,25.39265636883265,10.150008,,22.213593,3.2081413,1.9707091,True,False,Known NSS Orbit (Binary/Multiple)
1612627045598361856,224.35736129851696,55.91241946396424,27.00120863928869,-74.17948931766901,355.6688770630809,63.78668184623319,9.931101,,23.047604,3.0542421,1.9705354,False,False,Unexplained Astrometric Tension (High Priority)
2482274463233174016,21.57948536516073,-4.674550200716356,21.77508067860164,-105.44426817767642,-113.73535252111948,33.76426546147016,7.9856544,5625.451,18.338476,4.0838733,1.969558,False,False,Unexplained Astrometric Tension (High Priority)
883439489632629120,109.08221549977452,27.14164565299547,83.87595614967746,-33.30098118609544,-198.41746032850912,11.370925730424204,9.736692,3148.527,25.5839,2.6381886,1.9688519,False,False,Unexplained Astrometric Tension (High Priority)
2822598051042043136,358.5838336569116,20.255049242843203,26.039352176851946,-21.696906927156256,3.955752401147528,4.015038214279089,14.5265255,,20.923428,3.4444556,1.9684514,True,False,Known NSS Orbit (Binary/Multiple)
3181367767472670080,73.01496562474308,-10.973690528268827,59.11283958879949,-391.3763078885974,-218.2237444474543,35.93504631470658,14.140559,,16.812687,4.525751,1.9680284,False,False,Unexplained Astrometric Tension (High Priority)
502314915103799424,78.31590606714202,73.4913520737781,21.82229780293667,-75.29178535618496,37.7891084279227,18.30013690804857,8.777136,,22.58528,3.1005442,1.9666669,True,False,Known NSS Orbit (Binary/Multiple)
502314915103799424,78.31590606714202,73.4913520737781,21.82229780293667,-75.29178535618496,37.7891084279227,18.30013690804857,8.777136,,22.58528,3.1005442,1.9666669,True,False,Known NSS Orbit (Binary/Multiple)
1559514827181963776,203.788687187522,50.65449496702524,22.566732254345144,-89.11154438783947,-35.47527614429709,20.14798384658772,11.952906,,22.514849,3.1073976,1.9660358,False,False,Unexplained Astrometric Tension (High Priority)
220457029177927552,58.75371732376768,37.22830193379539,23.48260015099273,70.78517817881253,-46.485128611072895,17.095328639442037,13.03563,,23.761993,2.8689306,1.9634738,False,False,Unexplained Astrometric Tension (High Priority)
317745395705580672,25.734565655864376,34.439411887858405,21.60209033550884,82.43623259584498,-101.85427923510451,28.75485017968164,14.830127,,19.161144,3.7895026,1.9627118,False,False,Faint Star Noise Suspect (G > 14.5)
256020908870126208,72.37402302618231,48.47857016546634,44.2721759638505,174.40238109755964,-198.94329233985155,28.32845422066044,12.445678,,20.53129,3.4527955,1.961049,False,False,Unexplained Astrometric Tension (High Priority)
5689208517455498752,142.336702916312,-15.356908742225531,24.98959714210007,-58.74313390596598,37.659300633558736,13.236741424996575,11.044941,4223.944,21.208319,3.3024392,1.960221,False,False,Unexplained Astrometric Tension (High Priority)
2404579570000684544,343.6623683129667,-15.820936714471294,23.145107751295345,-34.15162837900651,-26.35857257808245,8.835843022279798,3.2723644,8265.248,13.03171,5.9981866,1.9599869,False,False,Bright Star Artifact Suspect (G < 6)
1541869795859266048,186.41113824367503,45.76305432953815,26.06402011613752,-198.68767313924585,-271.1300630856197,61.13596088273434,11.983261,,18.248999,3.9971547,1.9599619,True,False,Known NSS Orbit (Binary/Multiple)
1108328134781066880,110.50926853391368,68.27482444940482,26.46526721147828,66.88337289747855,117.36237756169945,24.196056104824248,9.679021,,23.47485,2.873784,1.9587383,False,False,Unexplained Astrometric Tension (High Priority)
45842561068797696,63.53286109940845,17.130583849199805,22.12517931340675,200.2262098799756,-104.1872981886437,48.36014987768053,13.397552,,15.245592,4.962586,1.9585791,False,False,Unexplained Astrometric Tension (High Priority)
5225863906515477376,163.8163930280901,-73.9368211911611,77.49871406895507,163.1347926407081,-216.3113417388728,16.57240199202839,14.718879,,13.765969,5.572597,1.9565438,True,False,Known NSS Orbit (Binary/Multiple)
2977321391726144896,70.2398160188787,-20.479134880146525,21.86532601946008,94.54934941122173,-71.24343360043164,25.666413859246127,12.290497,3783.6143,23.491306,2.8387542,1.9550974,False,False,Unexplained Astrometric Tension (High Priority)
6626588256543082496,334.38718001588427,-23.70349619343433,28.024713385107617,265.92557475489275,91.46253254682745,47.568396588288536,10.433154,,23.092436,2.899687,1.9544995,False,False,Unexplained Astrometric Tension (High Priority)
4519296908205176192,283.6680260901175,21.20712673526556,26.225829131735107,81.57621992842118,36.666454458173305,16.16638696583692,13.187644,,22.954758,2.9171944,1.9538479,False,False,Unexplained Astrometric Tension (High Priority)
1455613177379106432,206.01906940746304,30.06916251875572,24.63036794362812,-286.0818382568251,38.02116131882279,55.5447264865647,13.255111,,23.026865,2.9035022,1.9536893,False,False,Unexplained Astrometric Tension (High Priority)
4689958498867294976,7.583240173519337,-72.03869609144888,20.167814096398857,91.6226268830169,-117.02948421660696,34.93545366634223,11.935227,,22.912088,2.9091122,1.9521427,True,False,Known NSS Orbit (Binary/Multiple)
4116761238885758208,264.86744620203064,-22.69765543590452,25.0244156088663,-97.10440737555952,-361.30966902282,70.87303913913507,10.717214,,19.961046,3.480448,1.9515047,True,False,Known NSS Orbit (Binary/Multiple)
1512602170717804672,208.4412194698222,52.17423738053794,21.165137097190115,-2.13857192659853,-134.3257094520029,30.0894668929965,12.797709,,14.044913,5.3381867,1.9494841,False,False,Unexplained Astrometric Tension (High Priority)
6578729710843028608,321.558926248788,-42.45859551128849,41.979810147333225,-53.81820150890234,67.397737624026,9.739439081088902,11.498758,,18.373123,3.839527,1.948986,False,False,Unexplained Astrometric Tension (High Priority)
4506650604692623488,285.65934747814373,14.56700168697608,34.691635019879534,176.6166829308399,-5.781861992034634,24.14687584933592,6.730132,5698.026,19.591799,3.537763,1.9489162,False,False,Unexplained Astrometric Tension (High Priority)
4299567450800546304,301.9600941467845,9.399971447188552,26.160669350030616,48.13604237059569,28.221243315459464,10.111094790534164,6.436103,6614.8525,19.031578,3.6709514,1.9488802,False,False,Unexplained Astrometric Tension (High Priority)
1790202571530814464,320.5141472143,19.81145823376916,23.75798711938306,118.5008133076914,55.658361007848455,26.12287170669916,8.9522915,4991.1455,20.378487,3.3581378,1.948473,True,False,Known NSS Orbit (Binary/Multiple)
1790202571530814464,320.5141472143,19.81145823376916,23.75798711938306,118.5008133076914,55.658361007848455,26.12287170669916,8.9522915,4991.1455,20.378487,3.3581378,1.948473,True,False,Known NSS Orbit (Binary/Multiple)
4837303163043957248,63.54138338038431,-46.13288592203669,20.468843887849136,177.89060245030325,-105.09896916192278,47.85149815274128,6.7790675,,20.051548,3.4185247,1.9474251,False,False,Unexplained Astrometric Tension (High Priority)
4478529529619894400,276.54112619610726,8.775502789184603,32.180384426575536,-196.8763513677731,-458.8026748713724,73.54559018165493,7.6524715,,18.49664,3.7884488,1.9472877,True,False,Known NSS Orbit (Binary/Multiple)
3765015370155449088,151.8067388705116,-14.304375027154638,25.296787289317145,-116.28279464911296,49.48227290356793,23.681597143426828,9.616825,,22.440063,2.9458122,1.9471605,False,False,Unexplained Astrometric Tension (High Priority)
4292090050197851520,290.20666385425056,3.211165127278127,37.12361365252419,-41.5233159049212,117.6249982372035,15.928450341196411,10.579192,,19.495558,3.5335257,1.9463718,False,False,Unexplained Astrometric Tension (High Priority)
4277922774136597120,275.88062962140475,3.0882987203246275,20.545107249782884,-1.2082698748011769,-106.15459671598283,24.49513994427298,8.171603,5267.8213,19.609837,3.4973903,1.9454346,False,False,Unexplained Astrometric Tension (High Priority)
4373047022600429056,262.0464620657355,-1.7331905936508398,37.37450134672875,97.66657316418994,-142.88470927078848,21.95225835065698,12.984693,,20.561756,3.2830403,1.9448123,False,False,Unexplained Astrometric Tension (High Priority)
1778107737466461824,332.65566135462484,19.331665146720944,24.03990037590336,26.090600266315786,-67.059822503069,14.189229898564031,13.885114,,24.25394,2.6296456,1.9446466,True,False,Known NSS Orbit (Binary/Multiple)
824358778501921408,145.18187207292596,46.64589343730368,22.670263284818763,12.21911136332962,22.906409069267298,5.428728120515195,13.126418,,22.99063,2.8288288,1.9446168,True,False,Known NSS Orbit (Binary/Multiple)
5074324266168557056,49.19532554008581,-24.071018717221843,34.79353371106905,-82.25162539400706,-109.73457512002533,18.684552679358216,12.72815,,20.727592,3.2440188,1.9443262,False,False,Unexplained Astrometric Tension (High Priority)
6382975134534925952,335.68444886983434,-72.26329896006533,34.23471222303697,209.03317805808769,-242.0953685994625,44.28975005568091,13.408204,,23.213383,2.7820768,1.9434688,False,False,Unexplained Astrometric Tension (High Priority)
3082317193037072256,118.64132984200316,-1.4125566023335825,50.71416764263571,-251.9570675488245,-56.450973459384834,24.1353899245851,7.2459936,,18.420408,3.7648525,1.9433486,True,False,Known NSS Orbit (Binary/Multiple)
2722184666306107008,331.48794682007144,8.219008695917701,22.75806466463169,-26.14918801360137,-32.916607651628155,8.756673092787555,10.498994,,23.655596,2.7099895,1.9433067,False,False,Unexplained Astrometric Tension (High Priority)
3406103958460672768,72.60016001356304,17.202509213090394,23.887027361434384,102.94382741164958,-34.75861289105094,21.562702682583936,6.964308,,19.275482,3.5520072,1.9432082,True,False,Known NSS Orbit (Binary/Multiple)
1550381733845638016,200.2116267119332,43.99030806241768,22.06596712548035,-150.47069620053435,25.76458031661842,32.796331151711584,6.410667,6502.3564,19.0467,3.5998757,1.9425658,False,False,Unexplained Astrometric Tension (High Priority)
4100702974564787968,284.7813157406916,-15.765859573101208,25.42880122072217,21.32134322997636,51.20117480597792,10.339510400500084,11.937905,,19.873085,3.3974178,1.9414631,False,False,Unexplained Astrometric Tension (High Priority)
2857606741788304384,8.185934131560842,27.74554680691051,20.10570291327977,86.93074389318626,-81.38448831780033,28.07671001261772,14.394215,,19.760077,3.4205098,1.941261,False,False,Unexplained Astrometric Tension (High Priority)
5343936233991962880,176.44809645872854,-55.34184629248199,24.194022221333974,-97.61193096620744,5.958134985070441,19.161246878725784,12.16678,,18.870047,3.6273804,1.9411081,False,False,Unexplained Astrometric Tension (High Priority)
6540497629960898304,344.6603552415467,-45.5204872892353,21.03184622631877,77.57451010786927,47.13303749956387,20.45925882796917,14.473034,,21.808796,2.995722,1.9402269,False,False,Unexplained Astrometric Tension (High Priority)
3897232781562753408,175.45761916274878,5.1386269485056655,31.762048768962966,230.64327521353988,-469.130417098129,78.02190599214138,9.075252,,22.613335,2.8517442,1.940022,False,False,Unexplained Astrometric Tension (High Priority)
4629215639686687232,61.04510944545436,-74.70595359701349,21.50468625956747,-8.854264730789275,145.45605396468628,32.12352793419094,14.61845,,15.641703,4.5596914,1.9393348,False,False,Faint Star Noise Suspect (G > 14.5)
6399966162596931712,320.0357835714584,-67.65117367541892,47.0216858624172,-431.2819712489052,87.27974654933894,44.36090908109899,10.070288,,21.355299,3.0713336,1.9392424,True,False,Known NSS Orbit (Binary/Multiple)
1712390236711693696,212.08712737883127,75.85367010804545,43.01840517227815,-403.5548419882024,368.1808824599452,60.19722281949809,10.744589,,23.660952,2.6671069,1.9383558,False,False,Unexplained Astrometric Tension (High Priority)
4549983418742839808,263.4709486275802,16.919716366320987,60.91217812052727,-135.04660909133085,-130.46984226940003,14.613633788724586,12.399733,,16.408813,4.2826796,1.9379314,False,False,Unexplained Astrometric Tension (High Priority)
2871038685070645376,351.648766963449,32.60992834285229,23.241328518562163,190.09257333987748,-21.54723957737024,39.02095112495113,12.766618,,20.58582,3.1935515,1.9361501,False,False,Unexplained Astrometric Tension (High Priority)
5022016821542110976,25.146729598310028,-30.729964243734702,22.70378508213848,504.31857661700496,-354.3733166761083,128.69684030329805,10.9449835,,22.329632,2.8655868,1.936097,True,False,Known NSS Orbit (Binary/Multiple)
3635080656558301184,201.13912535702187,-5.164151647253015,37.48295412262013,132.13500656172295,-33.84085142969526,17.250465998807883,5.6571035,,14.899589,4.7860966,1.93556,False,False,Bright Star Artifact Suspect (G < 6)
4906750860074362752,9.30921091994285,-59.7065519497839,21.36847946480713,-7.156376784637278,24.62768610582026,5.689496102336349,13.562213,,21.995115,2.9163601,1.9352089,False,False,Unexplained Astrometric Tension (High Priority)
2579116591253816832,21.40369360248064,9.755131457443111,54.563909303480536,209.1264334978493,-405.0445142255851,39.60348378462633,12.365184,,17.589603,3.8825438,1.9339023,False,False,Unexplained Astrometric Tension (High Priority)
4234960284989103744,296.7109772197207,-1.9611316547120965,42.58816796576918,117.167226758674,-22.09264885437541,13.27164881356534,11.096894,,19.360239,3.4276187,1.933081,False,False,Unexplained Astrometric Tension (High Priority)
4716354478806033792,24.9168382346084,-59.46493145207256,25.9849156318839,117.36927997719869,133.93701784855335,32.48854095555755,10.518231,,21.90809,2.9102802,1.9328125,False,True,NSS Acceleration (PMa / Unseen Companion)
3306007129990778368,66.7015509438664,10.87104212376382,21.159358865398456,84.59769361862016,-3.291155368253534,18.967313527072456,9.099008,4522.12,22.14037,2.8690455,1.9327887,False,False,Unexplained Astrometric Tension (High Priority)
3934530861677044992,192.426104683578,16.208664560682404,21.17597605300952,-48.27824772111859,-249.90330527565376,56.97792819492131,10.924239,,19.75082,3.3322823,1.9323019,True,False,Known NSS Orbit (Binary/Multiple)
5726110532872810752,120.63789578264358,-13.092609747516256,29.44614922157202,147.24115155627788,-252.1139889122575,47.002204975859726,12.245428,,15.038948,4.656776,1.9297864,False,False,Unexplained Astrometric Tension (High Priority)
5497202515587909888,100.96628908951696,-54.56659701398939,20.74671421684601,-39.61525514240955,150.8875063128189,35.64513933822988,8.249335,5185.9775,19.120049,3.4487317,1.9297252,False,False,Unexplained Astrometric Tension (High Priority)
4390293339220478976,259.2363428306867,5.059005623612945,23.61234544618809,40.84036551466155,-62.97062947203677,15.068195041164683,9.976238,,22.283592,2.8147902,1.9294558,False,False,Unexplained Astrometric Tension (High Priority)
526914735434842112,13.502994353728482,69.18247073392563,34.273122124434806,72.25607208234382,-264.286303321621,37.896203731841794,12.020406,,21.182175,3.0072818,1.9288204,False,False,Unexplained Astrometric Tension (High Priority)
2427825582274968576,1.8084334682837235,-10.608133956454507,21.47584831807236,-47.8503629610652,-39.563479034556224,13.705002008790382,11.295311,,19.191692,3.4132476,1.9278715,False,False,Unexplained Astrometric Tension (High Priority)
4157315453909266176,272.46619809590334,-10.454130718780826,31.325630117798948,-81.8792786735509,-94.9348912181005,18.971616580839093,12.430807,,21.3866,2.9568753,1.9274942,False,False,Unexplained Astrometric Tension (High Priority)
1321160669287864320,237.8109559036129,30.678381484789192,21.13875745421492,-180.90106224487005,-14.43879792856731,40.69696593942152,11.365849,,19.85982,3.2398896,1.9253299,False,False,Unexplained Astrometric Tension (High Priority)
138725111495101184,46.728817217259824,35.809696370437734,20.096169352106298,-62.57284823095627,-23.339084109537986,15.753576335251235,14.13831,,20.053642,3.1977246,1.9252071,False,False,Unexplained Astrometric Tension (High Priority)
1023658936212291200,137.20884479761872,54.11996682412288,28.43722288808541,-355.83304790328503,-402.4400651264425,89.54960944900832,13.6148205,,23.10806,2.6379032,1.9246147,False,False,Unexplained Astrometric Tension (High Priority)
2833639793484485504,340.9321942595808,19.28123034008664,26.59286214133787,-45.30180517903479,-96.35469146125166,18.979966243698684,11.986276,,22.247095,2.7502239,1.9213306,False,False,Unexplained Astrometric Tension (High Priority)
3190783297858653952,61.75175346463004,-10.001118415279455,22.368869019117778,-138.4926037815241,-134.17643863264166,40.86510454279724,6.762479,5915.507,19.390965,3.2914188,1.9202003,False,False,Unexplained Astrometric Tension (High Priority)
1958871774103885952,334.4551627745178,43.50812738699521,24.270882178351503,18.41202576397776,-75.7750076998698,15.230639750739876,12.468901,,20.864878,2.9854646,1.9198947,False,False,Unexplained Astrometric Tension (High Priority)
4777112872882315648,72.72979168410161,-53.46115516174292,22.733234239021908,-100.27326901852796,85.65884197834113,27.50027316080341,5.554189,,14.306562,4.800682,1.9190145,True,False,Known NSS Orbit (Binary/Multiple)
1628085835487863808,243.3323773472452,61.127247352555536,22.269555600249884,33.21706833952873,-50.17806277929333,12.809636448867888,14.985368,,17.27095,3.8048515,1.9189962,False,False,Faint Star Noise Suspect (G > 14.5)
4531538531380350848,281.6769153653757,21.828313383492656,25.962116220420587,84.59269147320846,-55.764198090645735,18.50004697084362,13.409502,,23.330154,2.548788,1.9179977,False,False,Unexplained Astrometric Tension (High Priority)
886770902489820672,109.45225398115348,30.97864093109689,23.249058194509924,-7.732772721011596,104.6077923127116,21.38766748953813,14.549883,,22.912699,2.612406,1.9178727,False,False,Faint Star Noise Suspect (G > 14.5)
3311914432305653504,64.57391967950156,15.0089842076943,24.962006729699947,86.67222399297101,-95.90880012771792,24.54921272268335,9.134139,,21.499987,2.8387337,1.9166262,False,False,Unexplained Astrometric Tension (High Priority)
6833291426043854976,317.5196426869063,-19.34221070164809,29.76532524277505,88.44020192730088,-95.08461876738576,20.681166109548265,11.618676,,17.82884,3.6209695,1.9158561,False,False,Unexplained Astrometric Tension (High Priority)
1152641923712857216,119.5393113755852,87.95892568765329,36.83372913032815,-285.54450564398974,-471.0613071348699,70.89378012297394,12.773515,,19.51842,3.214215,1.9151614,False,False,Unexplained Astrometric Tension (High Priority)
1510392805181563008,206.71159209568737,49.542670047810894,25.867555424558443,-260.66091015420506,33.36602959698732,48.15829826113715,13.066524,,20.74726,2.9523778,1.9138191,False,False,Unexplained Astrometric Tension (High Priority)
4930688705680557952,19.4988683864946,-48.14986458713251,21.66428259744201,213.6666199048392,105.02550209529232,52.09625376411464,10.990457,,20.67445,2.9623263,1.9133842,False,False,Unexplained Astrometric Tension (High Priority)
4822636399484228224,79.34425241093663,-35.36592307249036,85.45190598238578,-219.38263643848123,-166.46812804185794,15.27741567693319,10.348972,,17.883001,3.5727742,1.9126202,False,False,Unexplained Astrometric Tension (High Priority)
5861438114844805248,191.8280909885511,-66.23740849524093,30.726776359511017,-95.7076329380579,9.66491139930166,14.840692544838207,8.351284,,17.593275,3.6393638,1.9118052,True,False,Known NSS Orbit (Binary/Multiple)
1609586552350380928,213.4014308141158,55.369629963175335,24.09433052099848,-264.964666208744,-48.7565488535347,53.00604712883522,8.926796,,19.935146,3.066486,1.9088387,False,False,Unexplained Astrometric Tension (High Priority)
4955814156986260224,28.094425969287084,-43.6939336863185,27.70564808413188,472.7862184095737,359.658582014221,101.64061651560222,12.5768795,,22.178566,2.6498363,1.9082068,False,False,Unexplained Astrometric Tension (High Priority)
268044480833981824,82.89030071162558,54.99438725948114,22.0018414254982,-102.95243341140925,-286.889935730565,65.67226674903944,14.401583,,18.309906,3.414569,1.9075744,False,False,Unexplained Astrometric Tension (High Priority)
6631773239851168768,282.9778598616757,-61.94959422804637,33.98383135759117,-299.33375071546607,-147.20256090857606,46.53039267486387,12.108137,,21.381432,2.7762558,1.9070982,False,False,Unexplained Astrometric Tension (High Priority)
2325009390966517888,352.823479104258,-33.72412611571758,25.25052593284865,267.11261556811354,-35.74372732002973,50.59403530628588,12.579116,,20.574856,2.9231784,1.9069749,False,False,Unexplained Astrometric Tension (High Priority)
5666080805760384896,151.70531041391553,-22.277504542499013,20.834182236718977,36.91555148115458,-31.28944515075821,11.010794793635242,14.483071,,17.614937,3.5773132,1.9064918,False,False,Unexplained Astrometric Tension (High Priority)
1823339000171510144,299.2581831754562,20.097719458505207,27.562952059008683,106.42498384730106,82.71932109012032,23.18239790937932,13.506723,,20.566404,2.915846,1.9059839,False,False,Unexplained Astrometric Tension (High Priority)
3387533172708237824,80.99442547786752,12.432330913434193,21.78778035483691,174.56312194534254,116.26491314613412,45.63357304656292,11.733977,,18.953644,3.2472243,1.905798,True,False,Known NSS Orbit (Binary/Multiple)
2323040096922657920,3.584118099917792,-27.532123872274944,21.21074939055903,-1.3309885446401273,-163.9712795162951,36.64776404043738,7.273277,,18.761478,3.2850807,1.905226,False,False,Unexplained Astrometric Tension (High Priority)
542896755414366720,52.73336213328124,70.68510049094185,43.82835219278717,371.5316560315915,-480.51450840987343,65.69589362836818,12.549112,,20.88074,2.8438199,1.904509,False,False,Unexplained Astrometric Tension (High Priority)
479668033588960768,80.91792514803306,64.12419397211922,27.143270258384348,176.98443499087645,-125.50173474838272,37.89226740022149,7.179155,6052.705,17.332996,3.5884957,1.9005439,True,False,Known NSS Orbit (Binary/Multiple)
3829901506975903616,152.81997435686708,-1.5001889947852594,26.714931253734203,-6.208007336890406,-60.09201092513686,10.719865315092486,12.972825,,20.519516,2.8712106,1.9000139,False,False,Unexplained Astrometric Tension (High Priority)
6768045340904025088,294.6538886875693,-24.28259228181168,40.120069659771495,42.60922297272409,77.26167269986558,10.425252359875694,12.00412,,21.316511,2.722413,1.8995407,False,False,Unexplained Astrometric Tension (High Priority)
1773172957482270464,327.5365408539466,17.285560523053032,31.309073162480985,101.07601070811528,-30.213513516994247,15.972889358556442,5.2051387,,12.416012,5.383943,1.8990711,False,False,Bright Star Artifact Suspect (G < 6)
3404798597640071296,72.76054145781335,14.971194428416442,21.09312454746806,91.67669179018684,-24.42309165568012,21.322020499722825,10.98731,,20.36813,2.879705,1.8977499,True,False,Known NSS Orbit (Binary/Multiple)
3181016331773143552,71.28467181990506,-11.860858410344488,23.695728604910617,632.8283201037219,85.05074910265748,127.7392966998675,12.258687,,21.83688,2.6138783,1.8971641,False,False,Unexplained Astrometric Tension (High Priority)
1394070487915862912,232.05069126799108,43.66978117341906,33.657335168591665,-119.41810118680534,167.91761696956414,29.02126726360703,12.564921,,19.854631,2.9724205,1.8969171,False,False,Unexplained Astrometric Tension (High Priority)
1622592331797245056,240.33874429595068,57.18686694477743,20.68637239028938,-48.5450432777087,179.06776958045896,42.51619628425964,10.992719,3566.5984,22.218342,2.543617,1.8961585,True,False,Known NSS Orbit (Binary/Multiple)
1792795421811851264,325.36119034692035,20.719494097157583,26.43103309894602,44.35222229224743,-34.99015939283981,10.132112078109223,12.211116,,20.140036,2.9070687,1.8959112,False,False,Unexplained Astrometric Tension (High Priority)
1479776113631780352,216.2632346896839,34.29519910582447,21.587062097174154,-157.7223272413632,80.08543961365388,38.84460536627243,14.864193,,16.15832,3.8685732,1.895798,False,False,Faint Star Noise Suspect (G > 14.5)
392562179817077120,6.288326102286173,48.047481360238166,20.6204845305594,278.8159604973406,17.662269731086692,64.22584290344474,7.4123487,5835.7134,18.40777,3.2715933,1.895591,True,False,Known NSS Orbit (Binary/Multiple)
1535794513079329920,183.12355268102888,39.67365388404551,34.85492763716947,164.0789706376031,-153.44472876498088,30.553558140754813,10.818378,,21.465136,2.6628165,1.8955488,False,False,Unexplained Astrometric Tension (High Priority)
492569256353689088,47.359295778177255,67.54536215141054,20.81965317131684,-65.08340468989837,54.886609193148274,19.385127927783792,12.363702,,21.241291,2.701197,1.8955231,False,False,Unexplained Astrometric Tension (High Priority)
1490227830646467584,221.8253772658717,42.76409087058471,21.577646891105385,-56.22794193201618,156.77022769570294,36.58968707182462,14.142026,,19.26255,3.0800552,1.8953798,False,False,Unexplained Astrometric Tension (High Priority)
296949091043932160,23.226153476801187,29.0823362147166,30.987922994225084,-203.87399583121223,46.78822313280268,31.999010223217816,12.620368,,21.501205,2.655087,1.8953605,False,False,Unexplained Astrometric Tension (High Priority)
5055136276435763456,49.87311474170777,-30.994424886439024,39.0218468766442,262.01593118380845,254.4955205098012,44.37359018124651,12.79933,,13.017287,5.0328016,1.8950396,False,False,Unexplained Astrometric Tension (High Priority)
4449182464747984128,254.44228864229487,13.291978303987246,29.7827416284574,26.12411561093592,101.50685065731096,16.683174909752744,10.081266,,17.817678,3.3859668,1.8929164,False,False,Unexplained Astrometric Tension (High Priority)
6588749457226272512,328.9518162243943,-33.22175639908686,42.99928863748419,70.97189659211409,-192.2653789397598,22.594368870012744,11.471893,,18.174675,3.2985296,1.8927865,False,False,Unexplained Astrometric Tension (High Priority)
1059054066639835136,166.3167333527229,65.81309215239317,25.591984504827305,-216.0022406679652,-149.09523778711923,48.61654033848496,8.286806,4914.6064,18.886238,3.1287222,1.8919611,True,False,Known NSS Orbit (Binary/Multiple)
4951246446383399040,36.14251988249532,-40.83997272505953,31.182331622885982,228.32495814057552,109.14874057272472,38.473165477671294,6.0198236,,17.16302,3.5222304,1.8899462,True,False,Known NSS Orbit (Binary/Multiple)
4230094705509739904,304.6898980921147,-0.6576084147330267,36.62274460230693,-205.98118803928435,-66.12097560568894,28.002352797630607,10.256057,,22.703856,2.4182608,1.8899047,True,False,Known NSS Orbit (Binary/Multiple)
6116137234574323968,214.5579725318267,-40.05434760256435,30.502643728121864,83.71459062508194,-59.33435457026907,15.946716051088424,12.000562,,20.523003,2.7803533,1.8897734,False,False,Unexplained Astrometric Tension (High Priority)
2464844420794189312,24.732902373134973,-9.424585199314464,22.83867066824159,535.5141999042531,-110.6459740930799,113.50088275038657,14.736822,,17.73773,3.3701513,1.8893945,False,False,Faint Star Noise Suspect (G > 14.5)
3540212181975592320,173.25915983116968,-23.186337969780887,22.20237681731324,242.0137352218601,-202.89055521126704,67.4289225492606,12.093665,,16.305443,3.7436626,1.8884463,False,False,Unexplained Astrometric Tension (High Priority)
5953526023242377216,259.60126609726484,-43.44665974211082,34.14577337740753,-850.1285981693032,-651.7018175341689,148.71277775446623,12.141335,,19.834106,2.8992302,1.8883915,False,False,Unexplained Astrometric Tension (High Priority)
4995796699034222464,2.439279177736424,-42.02765540973986,60.88929302038334,266.75012604835865,-18.09920572715969,20.815291503638093,12.140126,,18.226328,3.2393184,1.8879952,False,False,Unexplained Astrometric Tension (High Priority)
2269197489251449856,271.37379910203146,76.16266627274624,20.37866551233546,-121.0159659531275,-83.28607770403633,34.17321337453246,12.42812,3200.9917,20.338356,2.788074,1.8867342,False,False,Unexplained Astrometric Tension (High Priority)
3028616705839515392,112.33976600493212,-15.005359868316484,25.872483045721008,-183.363017629568,-229.63744103219145,53.84283480169767,11.580892,,19.371792,2.9650593,1.8854195,False,False,Unexplained Astrometric Tension (High Priority)
3474976194297039872,185.6060188470481,-28.22819870949484,27.74854611785468,-2.42640390347294,-1.0199945559190997,0.4496551969789383,12.497022,,22.112957,2.4732819,1.8853868,False,False,Unexplained Astrometric Tension (High Priority)
5951165616635298816,259.7685324639266,-46.63635961449501,113.28575402688406,952.0351652393872,138.38030784958903,40.25677888701284,7.987019,,17.542185,3.348226,1.8823957,True,False,Known NSS Orbit (Binary/Multiple)
3386515265459448192,100.02308275296836,28.586252631525777,43.89423571824628,43.13239544581067,-242.1285252299356,26.56094923780962,10.932818,,18.631588,3.088379,1.881801,False,False,Unexplained Astrometric Tension (High Priority)
2880533208495595136,0.0958264855254361,37.96747057716188,22.158019719036744,262.9417360178162,-59.15935648149133,57.65977627481595,14.187966,,19.26661,2.942451,1.8805716,False,False,Unexplained Astrometric Tension (High Priority)
6321410317399605760,232.52789207221105,-7.851335662546416,26.986761654974032,-334.53737782364783,-494.1675007551452,104.82547657457496,13.119191,,23.91709,2.1745198,1.8803864,False,False,Unexplained Astrometric Tension (High Priority)
6507142978363075840,341.03696859387617,-54.2221513025887,22.338793881212432,57.15595055576818,-77.56952132870498,20.446799998993303,12.847998,,17.916943,3.2331464,1.8799273,False,False,Unexplained Astrometric Tension (High Priority)
5294069567720883968,116.56122265124526,-59.8133948081776,29.131572025651383,-69.74139755093195,162.19854648487066,28.7303835906204,7.9403462,5239.643,17.199562,3.4092677,1.8798838,True,False,Known NSS Orbit (Binary/Multiple)
4021566209266336640,176.4823529618982,31.82410244585442,31.63887765400161,-165.4478216855959,-260.0135252445386,46.17601498391904,12.808223,,18.951975,2.9988985,1.8795949,False,False,Unexplained Astrometric Tension (High Priority)
2983174336936702592,78.25032188634586,-16.188352696783685,21.53190913681342,47.97050660692882,-25.344411126317627,11.94459762669696,14.988949,,15.684285,3.8284981,1.8792768,False,False,Faint Star Noise Suspect (G > 14.5)
6405172968629392768,337.3402783927765,-62.40126743229282,27.26709938406553,-77.76044198411151,82.49773525624825,19.70957802750717,14.663535,,17.191526,3.3921504,1.8779917,False,False,Faint Star Noise Suspect (G > 14.5)
3581990978129992192,181.200394098287,-9.03006479568323,22.602696806104024,-132.55857341431783,-47.47395553132963,29.53070297340431,14.364144,,18.223728,3.142825,1.8779339,False,False,Unexplained Astrometric Tension (High Priority)
3524996177995941632,194.43152735953856,-14.463421568310949,39.497773707258254,-361.6467921462248,6.04804060127652,43.410433771057846,8.773898,,20.632206,2.6521256,1.8770914,True,False,Known NSS Orbit (Binary/Multiple)
3524996177995941632,194.43152735953856,-14.463421568310949,39.497773707258254,-361.6467921462248,6.04804060127652,43.410433771057846,8.773898,,20.632206,2.6521256,1.8770914,True,False,Known NSS Orbit (Binary/Multiple)
5378572671315156608,176.59100197034283,-45.47132579045986,34.767991315167635,-56.79517992262628,-73.19982321998685,12.632354167743191,13.75477,,20.987677,2.5868924,1.8766828,False,False,Unexplained Astrometric Tension (High Priority)
3613992087962158848,207.58546734933373,-10.360326893223268,29.611656253360604,-286.40914936566776,-373.7042611576531,75.37493167131156,12.357637,,19.653805,2.824772,1.8760521,False,False,Unexplained Astrometric Tension (High Priority)
6289569349715912704,210.49823543331232,-21.133956858818983,25.04911079138896,-217.89550744739915,-141.51016003227377,49.16912547473623,9.205312,,21.551664,2.482017,1.8753117,False,False,Unexplained Astrometric Tension (High Priority)
1497245497970801664,207.26792813756248,40.13688984879343,31.875926650944383,-52.78149963149463,-3.3076389683390808,7.864867299497583,12.984713,,18.772522,2.9971426,1.8752723,False,False,Unexplained Astrometric Tension (High Priority)
2636589099125426816,345.46652895143507,-3.849672612330977,61.834078502615135,402.7537924129328,-213.66655565116488,34.95289598684242,7.207799,4905.6895,18.149633,3.1341658,1.8752558,False,False,Unexplained Astrometric Tension (High Priority)
1754405702747817344,310.1323414732715,11.043229528452374,25.22115986992673,75.16594831452613,105.588666525065,24.36108306500873,9.073639,,22.416069,2.3461905,1.8751101,True,False,Known NSS Orbit (Binary/Multiple)
5293116840892939008,111.8931257137566,-59.98976218087154,23.735681261119154,-77.1470508731795,-215.117306035828,45.64232423308685,12.348559,,20.661755,2.6282556,1.874865,False,False,Unexplained Astrometric Tension (High Priority)
5154508075768624128,47.708374058431225,-15.828055268386064,23.16466395903121,324.97004637059234,0.8993087534874625,66.50287080613026,13.91107,,12.845464,4.8297515,1.8743998,False,False,Unexplained Astrometric Tension (High Priority)
4177027635793615488,267.0472809292628,-3.086242822712816,23.235872646402147,26.374767444671168,-51.32498487690645,11.772721355828946,13.642166,,13.724995,4.4325476,1.8725157,False,False,Unexplained Astrometric Tension (High Priority)
5683957348704456576,145.501711957805,-17.83428727554406,23.57776227265024,100.19953739400825,-68.09983534568819,24.35821044897061,11.786748,,21.885294,2.3935459,1.8708061,False,False,Unexplained Astrometric Tension (High Priority)
6509993810151618304,337.5388272892954,-53.75205402083646,64.35766905397324,-54.67739958085539,-737.7531639215564,54.49060864782741,12.7922,,17.299686,3.2929907,1.8707981,False,False,Unexplained Astrometric Tension (High Priority)
4465641500980123904,247.00850291125505,15.564462190005848,27.897827617401365,-9.04322952915441,-307.5419597731999,52.28090153654957,12.294729,,21.15321,2.5036445,1.8698963,False,False,Unexplained Astrometric Tension (High Priority)
243561964658385536,55.68842181674367,43.4608898750104,21.204677970338608,20.81897738554695,-48.890196893730426,11.8794832669748,13.430836,,21.975378,2.3720756,1.8698337,False,False,Unexplained Astrometric Tension (High Priority)
627135804414244864,147.87924697248403,18.446192975361328,23.81333873288264,-119.30186551903684,-91.242119676363,29.89867772320081,13.661822,,20.186764,2.6672752,1.8694103,False,False,Unexplained Astrometric Tension (High Priority)
3161338616985852416,105.62883798982872,13.256308858777944,21.84239099887364,-36.67274491545688,100.94155929239768,23.308421719795348,11.913178,,21.308397,2.469725,1.8688459,True,False,Known NSS Orbit (Binary/Multiple)
4479486310908962176,279.17387569649725,8.97194335793307,21.872091103278848,14.06470084281256,-3.05819503960992,3.119556224042369,14.629837,,12.216234,5.05115,1.8687751,False,False,Faint Star Noise Suspect (G > 14.5)
6179271776352879872,196.733534860218,-34.12233912365244,25.03659784725244,-190.21806612093528,-86.62490136199138,39.57501951312849,7.1883345,6200.798,20.815094,2.5353327,1.8668087,False,False,Unexplained Astrometric Tension (High Priority)
1092189709265324416,130.3649262041816,64.37376759094975,23.32251370064059,-76.6186700715044,-149.91021862461616,34.21942759759798,14.563755,,16.19868,3.539319,1.8664703,False,False,Faint Star Noise Suspect (G > 14.5)
3410559832411244160,69.96546164739077,19.6593898461387,23.49906732692057,87.29198550840418,-34.15227879507703,18.909194182528253,14.677451,,16.270372,3.5063796,1.8652253,False,False,Faint Star Noise Suspect (G > 14.5)
5975317763881135872,260.6584817763622,-35.91029383550807,25.385784611659577,64.3467121077171,65.45377004423537,17.139885433490452,6.29556,6048.3306,17.510674,3.1834877,1.8648413,True,False,Known NSS Orbit (Binary/Multiple)
5032683355641241472,14.622927124027411,-27.858385088201203,84.97896047373257,1298.5224618723528,-299.5014693256626,74.33863126021093,10.572564,,17.007895,3.305755,1.8646998,True,False,Known NSS Orbit (Binary/Multiple)
368617286179206528,9.622473905593075,39.20398880108833,20.64490757064287,179.15539627773953,-144.51886202909958,52.85354224221674,13.679849,,21.243773,2.4411106,1.8639302,False,False,Unexplained Astrometric Tension (High Priority)
4595398544666486912,264.8844056627425,27.77596168650456,35.94731368635524,7.779489347045801,-202.15931866274047,26.67903111438384,11.572832,,18.415531,2.9609017,1.8629783,False,False,Unexplained Astrometric Tension (High Priority)
5477731508988791680,93.62463234397435,-63.31486240452506,27.165098506320703,3.976984413414868,132.26852607977312,23.092069539026063,13.833103,,19.427326,2.748514,1.8622723,False,False,Unexplained Astrometric Tension (High Priority)
2901594044489030912,83.86122552121891,-33.2687526353447,21.18868466113612,-46.6535092311981,108.66632459612424,26.45741432085625,6.627993,6198.007,18.274137,2.984644,1.8622265,False,False,Unexplained Astrometric Tension (High Priority)
1552146862324723328,203.70527045460065,47.37613580382146,27.15656625085376,-336.1134032240246,-16.865017766819964,58.746013393481206,9.814146,,19.682892,2.6988308,1.8621534,True,False,Known NSS Orbit (Binary/Multiple)
1038226571926583168,140.1285425883557,58.37918046270876,21.038147580715822,51.22425591721228,58.21046417586632,17.471782207831865,12.919209,,17.743855,3.0952811,1.8613317,False,False,Unexplained Astrometric Tension (High Priority)
1402707735867918080,234.4806114691428,50.08107214066883,21.565786101219217,-19.99665744866799,-246.56825786326883,54.37719716260233,7.585846,,14.285105,4.086,1.8612597,False,False,Unexplained Astrometric Tension (High Priority)
3293515101648626816,69.92746822890604,9.870399108426144,32.998602088071095,-14.957253036875116,-375.9123751578527,54.04505891876779,8.859872,,14.087497,4.131741,1.8590987,True,False,Known NSS Orbit (Binary/Multiple)
3724962880270554752,205.7537843617715,9.072714871805545,46.01270550435875,-332.0788896615862,-117.59971044967644,36.2944452724344,11.905579,,17.971361,3.0196328,1.8587673,False,False,Unexplained Astrometric Tension (High Priority)
5140693571158739840,24.771554293454543,-17.948299887129313,367.71189618147696,3385.315810465071,544.3863845619521,44.20351484123167,10.507542,,12.367461,4.83881,1.8586049,False,False,Unexplained Astrometric Tension (High Priority)
1473166433840438016,199.8920812760396,35.1067150662818,72.97333539774851,389.3891225166324,-778.7065135604856,56.55799702156552,8.694069,,19.274893,2.7394242,1.8577967,False,False,Unexplained Astrometric Tension (High Priority)
5492357178302095872,113.61940822582898,-52.96555360439587,34.95841726566753,-51.06685311752785,285.04620476485525,39.26855321026455,14.034543,,17.608576,3.080221,1.8564079,False,False,Unexplained Astrometric Tension (High Priority)
1638750067484668672,264.1659392246217,69.5698241040821,22.34393327742924,-57.77616086960909,-207.9701670903723,45.793793127725536,6.1864114,5729.289,18.207747,2.9455433,1.856363,True,False,Known NSS Orbit (Binary/Multiple)
6648032547221054080,277.0423592680804,-57.72266822605558,20.85182325938008,-78.87564467266992,59.32599664798176,22.43767371165052,10.734395,,21.45041,2.347969,1.8562169,False,False,Unexplained Astrometric Tension (High Priority)
1297565458994346240,247.554529319034,21.48954466071868,22.00225443817068,-98.82186841087012,-14.869239096336226,21.53121871931517,2.547638,,10.0778885,6.123406,1.8560573,False,False,Bright Star Artifact Suspect (G < 6)
5217602588456509696,146.09050499759576,-73.9777296584399,40.84528996852602,-525.0842816341391,-97.3484414625567,61.97930963530458,13.647875,,18.6226,2.8434515,1.8547616,False,False,Unexplained Astrometric Tension (High Priority)
2831698914945028480,344.69827668417867,18.913253545712703,24.038034597510908,12.944639135235684,-87.66951483188939,17.47649263760134,13.956388,,10.266579,5.961573,1.8541331,False,False,Unexplained Astrometric Tension (High Priority)
5645692939616481024,129.33585324304838,-28.333488122410728,43.66261840862225,131.811732213921,-200.91507058751725,26.088825174107768,14.111042,,8.194062,7.711178,1.8535762,False,False,Unexplained Astrometric Tension (High Priority)
4853410870951405440,52.33951776568323,-38.73376959266737,42.23988394164304,-31.99940385405804,84.62481048850299,10.15351764896272,11.391519,,16.348387,3.3613899,1.8530998,False,False,Unexplained Astrometric Tension (High Priority)
908295771043635584,126.12774163824643,39.01432743428811,34.55074517156804,-214.09683447472725,-143.69642802638137,35.377689990021814,14.701292,,14.613423,3.8738077,1.8526204,False,False,Faint Star Noise Suspect (G > 14.5)
6519024545827374080,340.65628194803026,-47.21340010968395,41.44695528668804,9.686234806612076,-320.1866876985067,36.63790885166191,9.913662,,17.96993,2.9632943,1.8526027,False,False,Unexplained Astrometric Tension (High Priority)
1103927786165647232,96.05335500066988,65.96180923677352,42.10402979689398,39.27081249696217,-17.497843718509586,4.840523583676048,12.334319,3000.0386,18.76127,2.7947712,1.8524479,False,False,Unexplained Astrometric Tension (High Priority)
2006430088723379712,337.29850744905974,54.94807624210564,21.289514996463208,384.2378774824792,140.942415272548,91.13130553110086,14.213778,,18.765604,2.7893357,1.8519256,False,False,Unexplained Astrometric Tension (High Priority)
1752267702388066176,305.70220657087145,8.422726753868833,20.517531432042126,-222.34646059549107,75.25997036141297,54.2350471825199,12.465483,,19.789787,2.5928771,1.8518834,False,False,Unexplained Astrometric Tension (High Priority)
3293652471881614592,68.1581773712397,9.851814264619623,23.247832437104908,124.49668689603035,-6.844189779943712,25.42447598639273,10.871542,,21.229527,2.3478668,1.8517084,False,False,Unexplained Astrometric Tension (High Priority)
6519158033411958400,340.8814737920075,-46.51995462275277,28.886728035663094,-46.43572042715447,-195.46028686438564,32.968865908092745,11.967331,,19.022974,2.7354486,1.8516212,False,False,Unexplained Astrometric Tension (High Priority)
6025716490692263936,247.73572695159663,-30.85713619807269,20.904978782352902,39.95431557554376,-47.429305035815936,14.062738214649164,13.76558,,20.09306,2.526029,1.850332,False,False,Unexplained Astrometric Tension (High Priority)
831378954088728320,163.76948706828307,47.24100038178631,33.60026306547642,-641.3635460628454,-169.0224584585056,93.5757895045948,11.795196,,17.571098,3.021782,1.8492174,False,False,Unexplained Astrometric Tension (High Priority)
3026511175437908096,112.05454567294036,-18.79032299838628,73.96916112713724,25.170187111052883,616.3721814583512,39.53443600511,12.319978,,15.335719,3.5900066,1.8475175,False,False,Unexplained Astrometric Tension (High Priority)
4103151720098775168,277.31642932090944,-15.730367725978908,31.023214475374008,207.62265787145463,111.30278283865636,35.996759260366126,12.558435,,16.728382,3.1925716,1.8459345,False,False,Unexplained Astrometric Tension (High Priority)
4472789731012285824,269.60149125030455,4.46131566867934,23.69344688040669,-46.22216671360813,-57.54300376542201,14.767235116164152,9.331153,,19.118301,2.6631958,1.8453095,False,False,Unexplained Astrometric Tension (High Priority)
5650253748195722240,138.22126589688642,-25.06618156998259,20.363206591670163,-261.92863072541564,129.71976113543627,68.04405047526998,12.510101,,17.008345,3.1051993,1.8439963,False,False,Unexplained Astrometric Tension (High Priority)
2868826845633950720,351.57089932364966,27.867446424433133,38.75568828994513,-42.37818331509912,-42.88247480813298,7.374409114129253,11.140092,,16.683216,3.1850197,1.8439772,False,False,Unexplained Astrometric Tension (High Priority)
1865347044472259840,315.90394324978087,32.434196662776344,23.004625006942693,-13.236361391581926,-53.45861927207048,11.348651408421537,14.454922,,17.540287,2.9738145,1.8432443,False,False,Unexplained Astrometric Tension (High Priority)
6698021534137490432,299.8383867998863,-36.519508010508645,28.257531872757347,141.52293131605063,-396.6314270510704,70.64752163509812,10.404297,,19.547308,2.5580535,1.8422995,False,False,Unexplained Astrometric Tension (High Priority)
5196869200771478272,137.49805397872464,-79.23122521799067,36.35484883858104,-92.53244214665966,11.592457925387269,12.16003301188273,10.866782,,18.866108,2.683413,1.8419328,True,False,Known NSS Orbit (Binary/Multiple)
265724476942021504,76.70364328338266,51.608730752527,35.758534604477,-41.00538467672565,-161.71957417195975,22.1174303041502,13.625421,,14.419036,3.8134515,1.8413929,False,False,Unexplained Astrometric Tension (High Priority)
89906520343072000,38.84376543226623,23.574862682172206,32.849590896624186,-90.9045797578472,-65.07077888556739,16.13277481266817,12.378636,,19.250582,2.5931025,1.8399134,False,False,Unexplained Astrometric Tension (High Priority)
6064816017535011072,209.153391242327,-54.70514626870792,26.187953090900866,-35.57555601424947,-231.76097033556243,42.444101873888506,11.171898,,17.994429,2.8277698,1.8380839,False,False,Unexplained Astrometric Tension (High Priority)
2625365215709552512,340.19982364260915,-3.5544847804664057,28.953541475081167,-14.153835304892912,-39.69041240182893,6.8992137833922245,6.5768275,,17.454746,2.9413273,1.8375561,False,False,Unexplained Astrometric Tension (High Priority)
2314540352350932096,0.7130679014251329,-31.17533378318114,23.07065095779549,311.64720381827306,-111.58257139817816,68.0168632589509,12.4403,,19.674402,2.487263,1.8363862,False,False,Unexplained Astrometric Tension (High Priority)
6572227714472220416,327.2987838540347,-41.5589925328267,65.39916452823127,280.1763143731345,-223.70017398559776,25.987784319727343,10.955828,,16.12399,3.2492309,1.8357828,False,False,Unexplained Astrometric Tension (High Priority)
1236929488664453376,223.3469462324429,19.153760857444336,85.99323916198021,-441.3661347359183,216.6453933152916,27.103833246435805,5.7661414,4996.135,16.495794,3.1448374,1.8348808,True,False,Known NSS Orbit (Binary/Multiple)
493873895619008384,62.10251464093316,69.18275356506828,43.003120979627575,269.9985529178805,-73.38653641989318,30.84325156922898,13.394921,,19.486805,2.5069618,1.8346717,False,False,Unexplained Astrometric Tension (High Priority)
5746079210213876608,141.1020704272579,-6.588923391304406,24.754338835566458,-113.54547300087263,-54.11577079736624,24.08730915434801,14.409932,,18.486166,2.6961117,1.834592,False,False,Unexplained Astrometric Tension (High Priority)
2926465306753096832,100.51171824753447,-21.86549454541925,22.157229149383564,9.694709946650711,27.653235564262225,6.269369433340604,13.643424,,22.125364,2.08507,1.8341554,False,False,Unexplained Astrometric Tension (High Priority)
943144723367710720,99.47007631989622,37.26090243072096,21.44577450214384,7.088698527949397,-85.92824797001794,19.05848687755629,9.399409,,19.773506,2.448403,1.8337016,False,False,Unexplained Astrometric Tension (High Priority)
4442459187365006464,253.60890636421428,8.303621490669999,30.99565138236829,-69.89891786446566,-25.12949289977079,11.36019817342422,11.63502,,18.294928,2.7051613,1.8311378,False,False,Unexplained Astrometric Tension (High Priority)
2300460624917976576,332.23591667082763,84.22940320519969,20.334568045356043,-2.4036682961649207,-15.358222567297068,3.623950080583636,11.008058,,17.937628,2.7784421,1.8310778,False,False,Unexplained Astrometric Tension (High Priority)
3363939714760988928,108.83447439421025,20.59441891318508,24.08778279218224,-199.8596090695564,61.62648757828802,41.15971339350556,12.602729,,19.153456,2.5373516,1.8309255,False,False,Unexplained Astrometric Tension (High Priority)
6601847282118458368,337.4755560619273,-31.662557898740804,28.23750806809605,-39.38616096525968,-155.44406147850628,26.92036336838825,12.429922,,17.960827,2.7714994,1.8308403,False,False,Unexplained Astrometric Tension (High Priority)
6549704734172475648,346.96232010565205,-38.54918555251439,27.3761309367871,-75.26720616753374,-152.32734381753374,29.42141042261801,13.378645,,22.104876,2.0619748,1.8304896,False,False,Unexplained Astrometric Tension (High Priority)
4364702279101280256,258.2144935996152,-5.128512033637167,43.25858041469199,192.69486230860457,-704.4193513088945,80.02955012627918,10.871941,,18.62504,2.6332498,1.8303925,True,False,Known NSS Orbit (Binary/Multiple)
3545469496823737856,170.36193916124157,-20.454238172164345,72.86378758599548,174.0148505136386,-79.4279876422625,12.444879809506068,8.125107,,18.144773,2.7219546,1.8295226,True,False,Known NSS Orbit (Binary/Multiple)
6369133825033348224,319.4012317994519,-74.5648058140258,24.68529123238198,65.89776360834689,-158.0266538370912,32.8796844882514,11.462804,,18.679314,2.6136713,1.8293095,False,False,Unexplained Astrometric Tension (High Priority)
5222956488533801728,139.32055698140618,-68.68977048577645,29.46123582718287,-105.20438756292546,-39.90437635647571,18.10476220148076,5.2412887,,11.086758,5.085047,1.8290684,False,False,Bright Star Artifact Suspect (G < 6)
3002957677856537728,98.08450702928356,-9.724966540939787,38.98757540506176,-16.762943176771447,-54.42015246965279,6.92370357203334,12.918655,,15.680382,3.2989297,1.828717,False,False,Unexplained Astrometric Tension (High Priority)
5669429299704388352,153.03152188037586,-18.617806397717537,55.49310151125162,-521.1244776072947,-2.5583514933500644,44.51733016043036,9.239718,,18.446188,2.6531916,1.828579,False,False,Unexplained Astrometric Tension (High Priority)
865209037088705024,111.93455265828278,21.444740945380808,30.80674465122156,-56.44965365870399,-121.06796948023164,20.55520930318922,5.0987425,6470.4863,9.810427,5.861502,1.8281071,True,False,Known NSS Orbit (Binary/Multiple)
1273423791421021568,231.9562807016411,29.106103677611483,27.925632182460006,-202.0687270515396,92.4115537952054,37.71874888733738,3.6044285,7756.88,7.2964063,8.210386,1.8273869,False,False,Bright Star Artifact Suspect (G < 6)
1468322432286288128,203.1618848330328,30.98481288823181,44.58329430024923,-193.149506326008,-78.34695076666235,22.16251436033636,12.757908,,15.771648,3.2539725,1.8266717,False,False,Unexplained Astrometric Tension (High Priority)
1017783146073299328,134.8975225560541,53.72986152233806,55.73380444545231,-268.96551256595194,-181.40437288765435,27.59394229760252,12.093691,,14.597138,3.5902798,1.8261069,False,False,Unexplained Astrometric Tension (High Priority)
3257976858613768704,60.34869833738926,1.1135124364664166,27.468234835108472,109.86916945688444,-30.839442095223298,19.694029859330858,14.085472,,17.05631,2.912578,1.8243481,True,False,Known NSS Orbit (Binary/Multiple)
3309493720019304576,69.38373895275495,15.14637886078526,25.64365899829558,101.49228775284692,-18.51264849142796,19.071359597927497,7.4436464,5720.599,13.72717,3.8550699,1.8237765,True,False,Known NSS Orbit (Binary/Multiple)
3309493720019304576,69.38373895275495,15.14637886078526,25.64365899829558,101.49228775284692,-18.51264849142796,19.071359597927497,7.4436464,5720.599,13.72717,3.8550699,1.8237765,True,False,Known NSS Orbit (Binary/Multiple)
3177244255271333376,64.17331222924167,-12.555352413452626,45.93129124019139,-84.7687434224574,236.5566353261371,25.93471503959807,10.404114,,18.666117,2.5673935,1.823405,True,False,Known NSS Orbit (Binary/Multiple)
2962433871145965568,78.49686656901106,-21.97329534230868,31.677006535538062,64.80042942570033,58.462409255085234,13.06074020100622,9.876864,,21.034779,2.1619022,1.8228865,True,False,Known NSS Orbit (Binary/Multiple)
5744327241514202624,137.69209786896232,-7.487750561411958,28.27972566946,20.50014484625088,-43.82743904331216,8.110660546955078,13.129295,,20.15447,2.2959814,1.8223561,False,False,Unexplained Astrometric Tension (High Priority)
6500347141807192064,345.4572826340772,-53.28642008909012,25.69374032731832,155.5185878682679,-220.08940987803908,49.72081963896454,12.039133,,17.526878,2.7833376,1.8215797,False,False,Unexplained Astrometric Tension (High Priority)
6455906771597962752,310.6948421082574,-57.62186927559365,20.99822950429991,153.42779628495674,-184.53710258126108,54.178560509192266,13.232919,,20.484892,2.2346854,1.8212657,False,False,Unexplained Astrometric Tension (High Priority)
375707319395404928,13.420813736480666,43.36282198435276,30.21783543179026,283.8960787637108,-126.5855606235334,48.763353233554334,7.0498734,,16.470896,3.0210998,1.8210621,True,False,Known NSS Orbit (Binary/Multiple)
3413174711580137728,73.26963747632014,22.23384233042775,35.45397226005672,164.64923956345746,-106.76569360198864,26.23817310544112,12.446361,,14.016956,3.721765,1.8207581,False,False,Unexplained Astrometric Tension (High Priority)
5044744654602054528,47.34457743943399,-39.18432797515237,37.3876874968238,353.0779272554047,-26.55584030929623,44.893998429909765,12.464453,,17.695625,2.739733,1.8207065,False,False,Unexplained Astrometric Tension (High Priority)
900194908672475648,112.98643440678478,39.22610652623538,25.869957397775977,151.1213433091692,-251.6966659051803,53.7961613511121,11.926529,,17.719517,2.7342741,1.820658,False,False,Unexplained Astrometric Tension (High Priority)
5492744309474814080,115.83912428675237,-52.16342544001729,33.66516072883994,-56.351528341269656,132.99400210118722,20.33892718742976,6.552329,5990.554,17.534908,2.7687118,1.8200965,False,True,NSS Acceleration (PMa / Unseen Companion)
5193725009832516608,120.73658372124562,-83.5015221744434,42.91131005405483,-107.70102481996486,118.56078858000636,17.694795696084608,14.144569,,15.14776,3.359969,1.8198318,False,False,Unexplained Astrometric Tension (High Priority)
5166645550267371776,49.14901342388444,-9.15443433073889,26.56435579679213,16.354505395122263,38.03326385176017,7.388008678191043,6.0460615,,15.862389,3.1602314,1.8194861,False,False,Unexplained Astrometric Tension (High Priority)
657244521593508992,123.0551707935252,17.647820124018562,41.15433662915181,36.984535710412,-150.88866885029023,17.89499841032204,5.93185,5779.816,14.978375,3.4045806,1.8193693,False,False,Bright Star Artifact Suspect (G < 6)
6780206038286320000,315.30472338264667,-35.18439407900951,23.55272386217883,-182.24194840501,-61.29991012687752,38.69936619130035,7.541463,,15.572601,3.2348669,1.8192009,False,False,Unexplained Astrometric Tension (High Priority)
4387171623850187264,259.64688818749056,1.944069682858092,27.83682411864957,-447.526744379688,-283.383987754729,90.20596059069156,13.115513,,16.625803,2.9652102,1.8190489,False,False,Unexplained Astrometric Tension (High Priority)
5180879930879739392,45.53900507056594,-6.495161601568471,30.46117503946199,81.66445920095859,-141.42467488114625,25.414785101344457,6.0611343,5902.2427,16.980652,2.878544,1.8186231,False,False,Unexplained Astrometric Tension (High Priority)
2517082767985498112,36.50903983468936,5.780261550303989,34.19982855446601,383.8565016343658,162.08449813410377,57.75556616361868,7.744828,,17.824545,2.689135,1.817943,False,True,NSS Acceleration (PMa / Unseen Companion)
3487432561528023424,178.18751600092602,-26.50286535924817,25.918336271082623,-167.13631552278957,62.31166235565307,32.62465170153574,12.437854,,15.937148,3.1231318,1.8176378,False,False,Unexplained Astrometric Tension (High Priority)
1141988132779865984,109.02381633053469,79.61635575184975,34.93928085684341,151.53974604226147,19.000695903558565,20.721503139477893,14.4845495,,15.348766,3.2764769,1.8171595,False,False,Unexplained Astrometric Tension (High Priority)
1624385699685942912,251.4795863618808,60.94985852499221,46.67947912094701,22.23723594275545,-279.5954859450364,28.48359590206759,12.211432,,17.163681,2.8217914,1.8168774,False,False,Unexplained Astrometric Tension (High Priority)
6516282569985457920,342.96321772872375,-46.777243486862886,24.322863553202925,-5.828301875997302,-48.63139736882727,9.545972651146837,9.148524,,18.11664,2.6147084,1.8161509,False,False,Unexplained Astrometric Tension (High Priority)
3860989266242834432,153.84141093990328,5.229299398847995,24.29341048201944,-124.5984793572636,-60.72261412682056,27.04701826659777,8.674673,,16.967985,2.8570619,1.8158869,False,False,Unexplained Astrometric Tension (High Priority)
3506688892780702848,200.87697653740463,-20.23564510719588,23.564727928443432,118.3285864958518,-214.7482519582148,49.3245257456121,11.499562,,17.361715,2.7457438,1.8131307,False,False,Unexplained Astrometric Tension (High Priority)
5208534503745727616,122.8504854740375,-80.04491824467422,25.4150911040265,-161.15003798151662,222.0698116287082,51.17785078889681,13.717575,,19.324802,2.3576763,1.8121538,False,False,Unexplained Astrometric Tension (High Priority)
6015902623551872256,235.1878243594365,-32.86707449907487,32.998140493762385,-141.95449807204577,-123.80412710909788,27.059191342375644,8.535814,,16.563782,2.9151359,1.8119063,True,False,Known NSS Orbit (Binary/Multiple)
4855697167942783872,58.37510600958957,-38.38219999195301,38.99417960428081,134.62851458118516,380.5729036528186,49.07529116011769,12.909847,,17.1981,2.7574725,1.8103762,False,False,Unexplained Astrometric Tension (High Priority)
5858834368253510272,199.18606471489736,-65.13850320352991,24.821533942277057,-98.11561119095867,-54.84895962860043,21.46751672602047,5.948961,6437.1045,13.818936,3.6732264,1.8100914,True,False,Known NSS Orbit (Binary/Multiple)
6357835488360338560,336.4861959864114,-75.01455673687933,42.6919979094217,33.330313786875664,-3.785081633453611,3.724747690160457,8.3805275,,16.763857,2.8503244,1.8098712,False,False,Unexplained Astrometric Tension (High Priority)
862888139840028160,173.48330855743137,62.36670489061789,26.180176164605005,66.73727774227535,-211.3446842910987,40.13099810835172,13.822085,,18.868624,2.420642,1.8098478,False,False,Unexplained Astrometric Tension (High Priority)
221399899050288896,55.46848736594276,35.252915956938814,27.11077429017401,84.0794668654629,-84.92812638515139,20.89662628302276,14.804097,,15.552017,3.1494558,1.809778,False,False,Faint Star Noise Suspect (G > 14.5)
3293154736711966976,72.19715787165818,10.05039445254577,57.895585590339024,-58.97812989886889,-82.49711408398231,8.303497784577296,10.918032,,17.429642,2.6924515,1.8086033,False,False,Unexplained Astrometric Tension (High Priority)
1466872554405096192,197.58824489678497,32.882975294708444,21.29243747345908,-176.06755301154303,1.6730227314609103,39.20080233354609,13.302989,,19.414816,2.3121634,1.808245,False,False,Unexplained Astrometric Tension (High Priority)
604583102941729792,136.5574753515366,12.85834931754075,34.17347420242768,-292.1885056136119,-283.40193863727245,56.46527437694984,12.094458,,16.825228,2.8210218,1.8081405,False,False,Unexplained Astrometric Tension (High Priority)
1074883087005896320,176.48416699731987,72.09596348724513,37.74559390137638,15.425477061345966,61.628869986410685,7.978736185274946,8.398538,,16.7573,2.8236496,1.8066821,True,False,Known NSS Orbit (Binary/Multiple)
6316323426853857280,233.31713451136784,-11.644609811489389,23.022579097602115,-151.60839576373087,-31.77652667197365,31.89528436024092,12.85563,,18.317297,2.4979882,1.8066797,False,False,Unexplained Astrometric Tension (High Priority)
6084289433600532224,203.96184375095424,-45.62017517977027,20.12464053345329,-77.57017146891697,-91.88357248925422,28.325217175506264,11.742502,,18.204292,2.5181065,1.8064828,True,False,Known NSS Orbit (Binary/Multiple)
2313841445205764224,358.9171723973929,-33.16947481778266,20.26676159661437,297.14582381016623,25.77933519575885,69.76457533236596,10.211989,,12.193892,4.25122,1.8064024,False,False,Unexplained Astrometric Tension (High Priority)
2130469362695417856,287.55865463697484,46.95536966865799,28.04122590810688,-151.58435840544203,-397.87848106636005,71.97894312864784,12.805909,,12.410016,4.1573467,1.8061986,False,False,Unexplained Astrometric Tension (High Priority)
1934035253840592256,340.1267906515272,43.01258375317252,33.149241719592695,92.29446233417212,-132.63165697615656,23.107153600115588,9.422657,,19.09733,2.3490748,1.8058975,True,False,Known NSS Orbit (Binary/Multiple)
4085801362212254336,286.0603137688936,-18.760376833628424,21.40047329663939,-91.37363445038672,-80.05652471249654,26.91005259373552,10.039396,,17.72776,2.5998917,1.8049433,False,False,Unexplained Astrometric Tension (High Priority)
2279525756023441664,338.8364438658072,74.6889150664752,25.45536402992864,242.6085782547204,100.58153231009656,48.90910657213093,10.61451,,18.36217,2.4729514,1.8046227,False,False,Unexplained Astrometric Tension (High Priority)
4878523609157978880,71.67705727163127,-28.706218479692133,25.25464875850308,114.26071151337,115.28801253170631,30.46802505556961,12.732617,,18.002014,2.5373054,1.8039937,False,False,Unexplained Astrometric Tension (High Priority)
4095396422225930624,270.90095793365253,-18.98205434475698,75.60402860165894,171.786982244556,-338.33674544577536,23.792021894242104,12.455414,,13.555129,3.6970026,1.8039244,False,False,Unexplained Astrometric Tension (High Priority)
52798209065854848,63.197912787518135,22.390667138371487,21.811496339922304,121.7464575401594,-42.808906439582486,28.048244463115346,14.442423,,18.382572,2.4607985,1.8035827,False,False,Unexplained Astrometric Tension (High Priority)
1056080476098246016,168.12156995059465,66.10774401748469,23.3574477167076,89.93538195116207,132.92298949592382,32.57187526417135,12.295947,,20.32955,2.1267607,1.8032224,False,False,Unexplained Astrometric Tension (High Priority)
1581101092291353984,185.7074661881416,58.89319648542592,21.263113007254663,10.284310824081356,-100.73604264993128,22.57516796242629,14.2852125,,16.52568,2.844476,1.8029964,False,False,Unexplained Astrometric Tension (High Priority)
1666363752260368256,215.61700056301493,60.96568649386808,22.83275281974994,-15.089347371923305,-68.75372622701761,14.614184378116455,11.509358,,18.799034,2.3777735,1.8027661,False,False,Unexplained Astrometric Tension (High Priority)
5610820966263524992,105.90279442002355,-26.71830342084188,20.09364076322581,51.85944410505598,25.10645193590221,13.592975512270051,14.25296,,7.5545187,7.3740697,1.8011434,False,False,Unexplained Astrometric Tension (High Priority)
4977352700720504192,4.007918068822641,-48.26195875452634,40.67176114702131,-40.36822119115581,-260.89116190829367,30.76985646968253,10.55244,,11.091052,4.6960974,1.8005502,False,False,Unexplained Astrometric Tension (High Priority)
3626268998574790656,194.75278644922545,-9.833210907654898,49.826332493870936,-824.4581307025305,195.00806642621944,80.60313090287761,7.3262544,,15.693782,3.0229225,1.8002692,True,False,Known NSS Orbit (Binary/Multiple)
3626268998574790656,194.75278644922545,-9.833210907654898,49.826332493870936,-824.4581307025305,195.00806642621944,80.60313090287761,7.3262544,,15.693782,3.0229225,1.8002692,True,False,Known NSS Orbit (Binary/Multiple)
4501028767325555456,267.4280358132732,15.907567870797044,20.41301644356024,37.33948508459634,-5.266530232758639,8.757093093733733,13.248144,,20.61681,2.0591676,1.7998247,False,True,NSS Acceleration (PMa / Unseen Companion)
3342585373587633664,91.07244673454888,12.294291286580536,21.392238203519128,38.87185589838266,-120.2558855401157,28.00603414858553,10.610912,,18.803226,2.3478575,1.7989993,False,False,Unexplained Astrometric Tension (High Priority)
4805477936417129728,82.85227797184363,-43.58541065090221,31.79979614621733,-71.14174216532236,324.20945980120666,49.48054780931872,12.701205,,17.750074,2.5443323,1.7987347,False,False,Unexplained Astrometric Tension (High Priority)
6021240894267470336,250.7144984875685,-33.24108669526605,27.89542480938426,-138.30227443472702,-278.99401343787787,52.91713512749796,10.794398,,18.670267,2.365938,1.7982566,True,False,Known NSS Orbit (Binary/Multiple)
6335626483054413184,227.7904628271844,-4.772327274045545,24.3579072975014,95.46954017945085,-393.24980553600494,78.75626931160585,11.755651,,18.953539,2.311468,1.7977109,False,False,Unexplained Astrometric Tension (High Priority)
2407654319907293568,351.67240216046685,-15.075734252486631,37.71899864356813,-51.80260938280877,-86.58115298222954,12.68034316655257,13.526363,,21.190836,1.9595693,1.7973766,False,False,Unexplained Astrometric Tension (High Priority)
5040058948360482432,19.82830527682411,-25.08897018712004,23.35589333131494,-27.84638472607752,43.14302933766144,10.422184282626551,12.498779,3133.9414,18.28361,2.4247746,1.796694,False,False,Unexplained Astrometric Tension (High Priority)
1207359669624120960,229.8971037679864,15.955859878975811,26.749578951163663,-136.80499087948382,14.789943144026513,24.38538568523055,8.165425,4992.143,15.842932,2.9484787,1.7962654,True,False,Known NSS Orbit (Binary/Multiple)
47322641158530560,64.69836193590072,17.537791779281445,25.20995120322378,63.679401641388345,-62.65808887570281,16.798899660677307,10.789875,,17.849663,2.5001786,1.7957203,False,False,Unexplained Astrometric Tension (High Priority)
466267976146818816,45.982900005550526,61.32360322421722,27.8919111200338,75.28203601288706,-436.2507438672461,75.24044049017263,13.930563,,18.124268,2.4381492,1.7945852,False,False,Unexplained Astrometric Tension (High Priority)
3763589995064822144,164.95828474871715,-6.880189570909195,31.93785766227863,-215.15562329878145,18.78637184091236,32.05660788658342,14.317961,,16.6003,2.7445033,1.7935102,False,False,Unexplained Astrometric Tension (High Priority)
3203033266142270464,65.12215313287982,-4.44406036635621,25.54685236085953,66.59049817639603,-82.33826602174595,19.649976876965617,13.915996,,18.419828,2.3687236,1.7927511,False,False,Unexplained Astrometric Tension (High Priority)
6137710099384586240,198.28274383514085,-41.5109360365971,84.31428584114606,-1031.6937155089452,23.207876785233587,58.02042092922071,11.401026,,13.582476,3.5667226,1.7925836,False,False,Unexplained Astrometric Tension (High Priority)
2907902355014696960,86.30056297909942,-26.9933989989506,22.1213336875799,-126.32762743730494,16.808792026415702,27.30984397261274,14.84114,,15.695054,2.94904,1.7922544,False,False,Faint Star Noise Suspect (G > 14.5)
3297674347977307136,63.3879265189744,7.716072998746295,26.156161647937303,11.072378272124716,-9.667012821043368,2.663932498282674,5.141016,,10.196307,5.0746264,1.7919624,False,False,Bright Star Artifact Suspect (G < 6)
2926756741750933120,99.9050962494302,-21.025532807947208,65.30804349927207,-139.51063221573668,45.23692133548747,10.645617341796775,12.022031,,15.065483,3.109962,1.7918208,False,False,Unexplained Astrometric Tension (High Priority)
2466059140624616576,27.71220989706444,-8.341573350854015,26.475322920511804,579.0785926434062,551.2815634536485,143.15721985584076,13.882863,,17.119188,2.6116188,1.7911851,True,False,Known NSS Orbit (Binary/Multiple)
5408905998117849984,144.99672269018004,-50.457006641275264,22.730751909884344,58.35649607932904,-107.41654523383122,25.49400393998719,10.774997,,17.523537,2.525941,1.7908967,True,False,Known NSS Orbit (Binary/Multiple)
1626129117107252096,237.7006985876004,58.97462615184342,24.97703795055416,-230.9679770858348,-49.69021370282432,44.839131593998985,14.670989,,15.797321,2.9060192,1.7903178,True,False,Known NSS Orbit (Binary/Multiple)
5463156589008251648,148.3661558697456,-31.7527691349112,39.09220988552514,-155.31171248230956,-119.12310802875236,23.73552465195316,9.517374,,19.772293,2.1170447,1.7898,True,False,Known NSS Orbit (Binary/Multiple)
3423743492225744128,91.1758248101958,22.32285913143616,33.191231460411004,105.65044048002436,-62.577816692257485,17.537588983296345,12.392055,,18.10141,2.3924963,1.7882317,False,False,Unexplained Astrometric Tension (High Priority)
1146337324038514176,157.76666053128412,82.55873989737904,43.436727240335145,-86.13272545487838,19.83218185075603,9.64605918803957,5.144055,,9.923698,5.178516,1.7875578,True,False,Known NSS Orbit (Binary/Multiple)
6889764714070444032,312.50107074677686,-11.902603390122524,31.66099337912586,134.57362387978594,-2.6303742693208507,20.153002435069627,12.703428,,16.742887,2.6619043,1.7875373,False,False,Unexplained Astrometric Tension (High Priority)
1373473435375960448,239.24215475818627,37.637303183917325,22.55014764721277,-87.67051749726056,35.97677993592882,19.92145349895544,12.151507,,17.450752,2.5125773,1.7874401,False,False,Unexplained Astrometric Tension (High Priority)
571488283984760960,65.06180340789624,84.90079462652417,44.34956545765309,182.3880709721218,-213.50347500560025,30.01445903567016,13.9604,,13.708653,3.4699636,1.7872988,False,False,Unexplained Astrometric Tension (High Priority)
4624715888348463104,76.65165427681458,-77.56932853271947,26.771884972962688,141.26619806405483,-418.3570063091107,78.18727251527314,7.1604066,5575.0986,15.859433,2.8634562,1.7872636,True,False,Known NSS Orbit (Binary/Multiple)
6317986025874074880,232.0470945841209,-8.456030481022136,25.312399709914185,-260.95602398432266,-420.1796957239296,92.6317407932466,14.746941,,16.296515,2.7558117,1.7867986,False,True,NSS Acceleration (PMa / Unseen Companion)
4397964189471197952,239.83281714401167,-5.989887632158762,23.84831747710881,-379.59269399458776,-319.8921302660014,98.67406826158216,13.047339,,20.887104,1.9269652,1.7862958,False,False,Unexplained Astrometric Tension (High Priority)
6180149633308111616,195.135632981694,-33.50564042097606,25.428718908629257,-70.34045257961158,-122.38492095673686,26.315118469417847,5.912653,,13.652879,3.4729056,1.785814,False,False,Bright Star Artifact Suspect (G < 6)
1675750454824995584,194.7204153800625,62.36255706618504,23.149481482300214,-4.953194961307261,77.04135085116923,15.808831208239116,12.670251,,17.511032,2.487313,1.7858027,False,False,Unexplained Astrometric Tension (High Priority)
2294405824838599808,270.0394735311632,80.00463713397076,21.310230862824245,47.50705339229104,117.89489217406752,28.27495092984475,5.542706,,11.928655,4.1179647,1.7856888,False,False,Bright Star Artifact Suspect (G < 6)
2803019356723339264,10.738057574388064,22.66045926890525,32.169424731673324,402.5795213104657,22.6460292733162,59.41769853774815,13.6727295,,18.942865,2.2157767,1.7847316,False,False,Unexplained Astrometric Tension (High Priority)
21983296184043520,42.20330397566607,10.010319313069465,23.475515984172745,234.2504034165317,-198.06900332348943,61.94576773413302,14.905679,,16.46625,2.697823,1.7845409,False,False,Faint Star Noise Suspect (G > 14.5)
3762120497774235648,159.24967013188297,-8.840127969018234,26.30359524506685,-71.47960430911967,-59.26575400754798,16.734176316513512,6.9872932,5621.1973,16.19218,2.755508,1.7839739,False,False,Unexplained Astrometric Tension (High Priority)
3699014096618129792,181.6040802096483,0.2667670997156706,39.37533857969317,25.829882262748,-131.38398940452714,16.12034579567086,13.447735,,17.594158,2.448581,1.7830089,True,False,Known NSS Orbit (Binary/Multiple)
3352930992028060032,104.10766428393184,12.125380622664627,27.42538206455231,38.50366063929313,-90.22327795426784,16.95582043590288,10.338943,,17.478718,2.4610505,1.7817175,False,False,Unexplained Astrometric Tension (High Priority)
2665087581524066176,347.219160516318,6.56109407412839,30.21713303382574,103.6109477192501,8.284069953216688,16.30637799041702,10.205649,,19.091484,2.1674848,1.7815542,False,False,Unexplained Astrometric Tension (High Priority)
6691115226725317120,299.42260914439,-38.059287339405465,22.05796048909767,85.50650589948508,-94.50576902208373,27.3895690269154,6.458912,,17.667242,2.4164054,1.7807381,False,False,Unexplained Astrometric Tension (High Priority)
5605469402661155968,112.2134000119854,-30.24774602314018,64.14011057455802,-112.74090020612914,-160.99639244151766,14.526333607838138,9.256418,,10.317213,4.845804,1.7804067,False,False,Unexplained Astrometric Tension (High Priority)
1566603962760532736,198.24286777773872,58.08610465062938,32.482368518804066,190.57686006096137,-82.12401869867988,30.28519416676988,14.068155,,16.314981,2.6882384,1.7794056,False,False,Unexplained Astrometric Tension (High Priority)
445496036835235712,58.21589433820292,55.9271705825135,20.93215481518225,141.77133919114914,-236.66618302287844,62.47817144220544,11.700148,,17.697348,2.3924549,1.7784224,True,False,Known NSS Orbit (Binary/Multiple)
3240019600349499264,76.27746371141228,6.130162553593152,22.28605588163676,42.13039000159601,-0.2735822707231287,8.961749973936705,7.562999,,14.047808,3.2716012,1.7781992,True,False,Known NSS Orbit (Binary/Multiple)
2975532662404990336,76.79047191300016,-19.390649962673614,28.97907836218088,-28.02180615270913,282.0314340329676,46.36256718019284,6.3211784,5654.1147,17.519033,2.4161894,1.777052,False,False,Unexplained Astrometric Tension (High Priority)
3111066471465385216,109.42086431198744,0.1346493294385295,21.114519108125887,-154.05435048396947,-16.890409806212382,34.79436290962572,8.800736,,17.341974,2.4500318,1.7769216,False,False,Unexplained Astrometric Tension (High Priority)
5158668524688461824,41.0510565876771,-13.361096125238992,27.9762423666254,-174.12915923374055,-62.58770021224056,31.35359783959904,12.07998,,17.904903,2.340427,1.7767739,False,False,Unexplained Astrometric Tension (High Priority)
6512664180298450688,343.86440001278254,-52.303103057081984,42.49279550300762,132.69592892479895,-96.33535357722694,18.29325894910412,10.661733,,18.57249,2.2128837,1.7757652,False,False,Unexplained Astrometric Tension (High Priority)
181654512210763264,76.16808425787566,33.01033352051306,20.054211144408924,24.62356487005737,-134.6552046244339,32.35798162014987,14.878488,,13.551437,3.3991609,1.7753551,False,False,Faint Star Noise Suspect (G > 14.5)
4708306019331470336,5.768640536785785,-65.1213732159355,20.762381141419425,-102.04904125952378,-51.69526847089104,26.11887487349837,7.738794,5950.6187,15.235454,2.9122045,1.7752769,True,False,Known NSS Orbit (Binary/Multiple)
3983787397757283840,164.89335121452078,17.998323481776946,26.95508687939749,-244.6228432310188,-227.90700288419816,58.798531924582726,8.507076,,16.09799,2.6986566,1.7748156,False,False,Unexplained Astrometric Tension (High Priority)
2131422261318410368,284.25243045672994,47.339540925223545,38.81917520504413,12.734291776329826,-393.4909246716376,48.07697380511609,12.151188,,17.621613,2.3741026,1.7742039,False,False,Unexplained Astrometric Tension (High Priority)
919086653037344896,117.0659193859376,36.86360114601708,21.907806855810524,-217.3361539902945,-69.2416751466155,49.35679647397968,13.612925,,17.748627,2.3482897,1.7739878,False,True,NSS Acceleration (PMa / Unseen Companion)
257197901709260160,66.55768770704864,46.99534557627648,29.64153305120341,168.66233784207608,-119.39167852598666,33.04772589755537,14.536127,,14.269908,3.1553874,1.7730327,False,False,Faint Star Noise Suspect (G > 14.5)
1717627794711189760,189.3271164821308,79.21549768824848,28.606514976568747,-139.07978108894594,-15.5525998555924,23.19097466499194,6.855833,5879.082,15.625189,2.7909617,1.7725747,True,False,Known NSS Orbit (Binary/Multiple)
4840037682821728000,65.1044003677553,-42.02369322678112,20.141733779808696,113.27618719806998,53.34812959532233,29.46885069472513,11.663288,,18.074566,2.277074,1.7725542,True,False,Known NSS Orbit (Binary/Multiple)
5994934563174251264,240.54318777659444,-42.70097368294331,24.58552900278325,0.905116882507599,-168.42776224088283,32.475944803743594,6.796041,,15.310715,2.8680787,1.7724907,True,False,Known NSS Orbit (Binary/Multiple)
1333979085082651008,259.86958726671986,33.086263963733906,25.84672643483148,-193.49525374865385,28.490569588739582,35.87101320525571,9.5793295,,18.813934,2.1465123,1.7723091,False,False,Unexplained Astrometric Tension (High Priority)
6887029163498137856,313.9137824572892,-14.037655663551345,84.85630425628715,1416.6229793926188,-472.3752911444054,83.42298711094988,11.062044,,15.301226,2.8684683,1.7722652,False,False,Unexplained Astrometric Tension (High Priority)
3884641758516220544,159.47927469503355,12.777110673477855,38.24847951000426,-222.40993641545617,17.672933592447116,27.65210415673967,12.185323,,17.403687,2.4004843,1.772182,False,False,Unexplained Astrometric Tension (High Priority)
3902874650601954816,188.3146767758809,9.021829208339808,223.4774738242332,-1710.4676540646703,203.09780864044555,36.537820633347,11.240162,,13.949631,3.2352505,1.7714418,False,False,Unexplained Astrometric Tension (High Priority)
1712745791285225600,204.10996295847693,75.54219524738762,23.093390639650494,44.78826727967204,36.45085614111437,11.853840431828722,10.40936,,16.883787,2.4987252,1.7713797,True,False,Known NSS Orbit (Binary/Multiple)
1853361577451795584,320.5046425837432,31.10198303719321,22.137530805468888,374.50067885753487,178.54885767447763,88.8425631901747,10.156129,,12.600634,3.6862452,1.7712173,True,False,Known NSS Orbit (Binary/Multiple)
4776121594430008704,73.25658138382005,-56.72839109247709,26.225275230466647,135.77528903914762,56.80126604191787,26.603803783980087,10.965401,,17.56617,2.3546295,1.7703216,False,False,Unexplained Astrometric Tension (High Priority)
2921519634732224000,104.39109241940685,-24.63040969691908,24.71365471355612,-46.01133443699316,93.38619435334935,19.969145708531222,5.4132667,,10.198657,4.771883,1.7698605,False,False,Bright Star Artifact Suspect (G < 6)
1886061603013491456,345.64341455734086,29.80507359263073,22.974075188453348,-117.08222047133371,-2.065038373857769,24.16249931330288,8.599754,4937.685,17.604189,2.3227522,1.767114,True,False,Known NSS Orbit (Binary/Multiple)
1886061603013491456,345.64341455734086,29.80507359263073,22.974075188453348,-117.08222047133371,-2.065038373857769,24.16249931330288,8.599754,4937.685,17.604189,2.3227522,1.767114,True,False,Known NSS Orbit (Binary/Multiple)
3329891443126668544,93.22672441784242,10.108727208411793,42.21515064856037,-216.11652180882345,2.759094514146668,24.270371167848097,12.54696,,17.707628,2.2909212,1.7654779,False,False,Unexplained Astrometric Tension (High Priority)
5131300889999108608,36.875530606173776,-19.12877052888649,51.87440389648295,-349.41204355263574,-180.14519017526,35.92445884397104,12.108423,,15.653667,2.7195785,1.7651098,False,False,Unexplained Astrometric Tension (High Priority)
2994892519549840768,92.85754644313356,-12.08981853046156,35.61162404688075,76.7012650037664,-428.6020865054224,57.96010006353179,12.398204,,16.77284,2.4646,1.7642598,False,False,Unexplained Astrometric Tension (High Priority)
5564101853903376128,104.57831592272404,-39.53665400179794,40.056133064575,-74.56319713684451,218.752192221896,27.350960480888773,11.983078,,18.012493,2.2245188,1.7640388,False,False,Unexplained Astrometric Tension (High Priority)
1930969884139574016,345.09447158834206,41.12582441338783,23.86618198219516,-34.20618168021184,-143.47149934207775,29.296069295154645,11.205064,,16.47991,2.5196364,1.7634526,False,False,Unexplained Astrometric Tension (High Priority)
2890924761610405248,91.07394470377422,-31.65382768292953,21.336801209862607,-11.75710811006466,33.091469016239806,7.802289132176206,13.386932,,18.112608,2.1918197,1.7620193,False,False,Unexplained Astrometric Tension (High Priority)
4012559697206896000,187.73070117337545,31.869577485475507,24.538670412622547,-82.71428720096,-102.28866992622292,25.41273893432756,12.865817,,16.349304,2.522485,1.7603484,False,False,Unexplained Astrometric Tension (High Priority)
316416154867209088,21.538384179441376,31.914860800226705,21.591596153048656,-54.87856381503055,66.49238964653941,18.92847572659496,9.056167,,17.59709,2.2694592,1.7599168,True,False,Known NSS Orbit (Binary/Multiple)
316416154867209088,21.538384179441376,31.914860800226705,21.591596153048656,-54.87856381503055,66.49238964653941,18.92847572659496,9.056167,,17.59709,2.2694592,1.7599168,True,False,Known NSS Orbit (Binary/Multiple)
1535911267469691264,183.8576445493024,40.12843817185085,25.140165609056183,-163.34516519133456,50.45553253203945,32.236537452196,8.575957,,16.981918,2.3873034,1.759841,False,False,Unexplained Astrometric Tension (High Priority)
746869150345181952,149.95212736930372,33.09220494037155,30.065614264342425,-2.272679864100521,59.78089458858942,9.432511486962246,10.264005,,16.159239,2.5570807,1.7595146,False,False,Unexplained Astrometric Tension (High Priority)
3048519339470667520,110.32016188681524,-8.878501754795352,30.24302369696033,23.419104844188805,-157.79328031943936,25.004373102846586,6.4224157,6029.689,13.513402,3.2236285,1.7564504,False,False,Unexplained Astrometric Tension (High Priority)
2954944062358463232,79.97929128738816,-28.29627582619831,32.25943213312574,6.664033363298112,261.2569756829937,38.40376623549278,14.681396,,14.102579,3.0430744,1.7560103,False,False,Faint Star Noise Suspect (G > 14.5)
2317008279211780480,6.254996746582235,-30.699023693778503,23.99233461624918,-170.0835792031321,-316.6124042315488,71.01217473208219,7.4331527,5827.4346,14.849583,2.837253,1.7557347,False,True,NSS Acceleration (PMa / Unseen Companion)
5286733213822497408,106.71898907646064,-62.35343604948742,21.67964426483801,-2.5457336130897588,-39.79374145761074,8.719084808989296,14.127222,,16.88757,2.3737142,1.7556756,False,False,Unexplained Astrometric Tension (High Priority)
2869556440318958848,353.8502198710375,30.06127153116982,32.825312059481284,-184.1033234707429,-272.6534930596823,47.51101573017489,12.096152,,16.009792,2.5550072,1.7552263,False,False,Unexplained Astrometric Tension (High Priority)
1073206263054159104,158.84150877915906,69.446793871661,78.57484210850646,-1653.6375443251518,-641.5296492899556,107.00956244947147,10.719594,,15.245745,2.7327878,1.7551819,False,False,Unexplained Astrometric Tension (High Priority)
4904601933317318016,3.685975236371545,-62.09913915565912,20.624681473190947,205.8405222437273,-23.005282956324905,47.60587915168749,11.207574,,17.22772,2.2990403,1.7546155,False,True,NSS Acceleration (PMa / Unseen Companion)
5076176840181970304,43.84840520565799,-25.225211372976887,33.236854922909416,353.97083493504704,-83.19070795542763,51.86131964238636,11.212871,,7.857818,6.222623,1.7539968,False,False,Unexplained Astrometric Tension (High Priority)
1363286430081515904,267.3089954942571,48.38659770032732,23.482986590177788,83.28450122193117,156.63712235973202,35.81185091831894,11.627813,,17.145641,2.307961,1.7537141,True,False,Known NSS Orbit (Binary/Multiple)
4017595353086877056,173.23801255732928,26.148882153160603,20.156643902974025,-62.09252071892212,-79.19353215904552,23.667133296086256,9.85059,4517.852,17.113264,2.313311,1.7535951,False,False,Unexplained Astrometric Tension (High Priority)
4503191953375005056,270.7750930761633,17.905552306448058,37.63271237002312,-303.8678096301121,-178.21384100646804,44.37460047420401,10.957101,,16.387928,2.4598129,1.7535766,True,False,Known NSS Orbit (Binary/Multiple)
891106452933162112,105.16014336115452,33.5820234218005,37.96018529775052,4.168461116691493,-173.15419319824528,21.629770008602733,12.587302,3000.2114,15.534425,2.6430051,1.7527549,False,False,Unexplained Astrometric Tension (High Priority)
5752796848303604480,126.79415273456516,-9.339229532520315,27.980830516629176,-232.02300973574944,9.061281160885745,39.33895244158179,13.094201,,17.719255,2.1911235,1.7523892,False,False,Unexplained Astrometric Tension (High Priority)
3602130732616055040,177.37646313560148,-2.320431654643862,35.8358056206679,76.16523579305802,-55.672626794116965,12.47996865316142,12.834468,,15.478813,2.6528206,1.7523661,False,False,Unexplained Astrometric Tension (High Priority)
3649601421294715136,217.8718340984341,-1.3410002808400343,37.753480703237415,-73.47775745111281,-56.84624386969939,11.66492058228488,12.273899,,16.811136,2.3353372,1.7487367,True,False,Known NSS Orbit (Binary/Multiple)
6717022263300468608,284.6199275557547,-39.598232355891305,20.179605444309832,-144.4105268940016,78.56964822351418,38.62001091749997,10.170431,,17.280464,2.2431345,1.7485204,False,False,Unexplained Astrometric Tension (High Priority)
3201187387980074752,69.64897001599066,-4.529320820411343,21.21289136685652,-7.508556181118184,-112.78755107660324,25.260558680022385,11.32218,,15.59947,2.5912802,1.7483592,False,False,Unexplained Astrometric Tension (High Priority)
3312892757136810880,67.24952006074582,16.15896922043472,22.17514707292207,130.93138565834687,-26.57679514531823,28.56052211190488,6.4531355,6035.9746,15.832871,2.5320814,1.7475903,False,False,Unexplained Astrometric Tension (High Priority)
1695571110421334144,225.10654743640995,71.76581561380722,28.808884108513816,-403.50280627852703,80.38320145805665,67.70061694191597,6.4840364,5625.766,14.98538,2.7310293,1.7474964,True,False,Known NSS Orbit (Binary/Multiple)
1695571110421334144,225.10654743640995,71.76581561380722,28.808884108513816,-403.50280627852703,80.38320145805665,67.70061694191597,6.4840364,5625.766,14.98538,2.7310293,1.7474964,True,False,Known NSS Orbit (Binary/Multiple)
3895876671408042496,178.04113449306163,3.9559459675936046,62.55383411494754,70.9911454373661,-141.87660352137112,12.022588308737728,11.782662,,13.877565,3.025865,1.7471725,False,False,Unexplained Astrometric Tension (High Priority)
6729921695061106432,279.08159413889547,-38.16927615806862,20.0901573741639,0.4635955364722974,-79.99237693498962,18.875304172116035,13.2748575,,20.149902,1.7698755,1.7467332,False,False,Unexplained Astrometric Tension (High Priority)
5196333738608618752,122.29380725518423,-81.57587497832365,22.21520916730536,-6.315268876559209,100.970196074416,21.58798040206887,13.548864,,17.430117,2.198003,1.7461792,True,False,Known NSS Orbit (Binary/Multiple)
3314185129975960448,67.12038862642493,17.695791947186837,20.91843408231149,109.48695047352118,-44.22729129657963,26.75945630385748,11.360385,,15.092351,2.6895719,1.7457329,False,False,Unexplained Astrometric Tension (High Priority)
6298167775459045632,213.58848617834568,-15.356876138958809,34.496737270827595,-124.49617545574016,-168.1229351323565,28.74782268589778,9.732099,,16.356575,2.3975546,1.7448589,False,False,Unexplained Astrometric Tension (High Priority)
4068118221626486528,266.2265145349834,-24.39236155938892,24.007980594702573,-64.66156630872348,-141.894830501982,30.789684565042613,13.245604,,16.427935,2.3801467,1.7445185,False,False,Unexplained Astrometric Tension (High Priority)
4142150508486262656,259.79711484240704,-11.124975929990232,31.52099707477628,12.047480429129008,-72.6003075214103,11.067732044624917,10.133265,,19.656328,1.8207439,1.7438661,False,False,Unexplained Astrometric Tension (High Priority)
2583446850296290432,18.61227593660124,11.658566202425076,24.31500737814347,131.22471899734123,-27.523661052992164,26.140349470722523,12.190598,,17.799263,2.1095655,1.7431017,False,False,Unexplained Astrometric Tension (High Priority)
4739421098886383872,34.77264501996377,-56.58060765022451,29.30878226305802,107.32262501263546,65.54912181495783,20.34023358449732,11.364484,,14.309499,2.867104,1.7430103,True,False,Known NSS Orbit (Binary/Multiple)
1149897160435827200,94.27003653062827,83.89237332010515,47.29240520948253,-45.547186508260026,-183.205094076727,18.92302831110139,12.113543,,17.049479,2.240908,1.7423778,False,False,Unexplained Astrometric Tension (High Priority)
3420438360271164288,75.43448125564046,26.671247306495093,27.15815187258307,-12.729692212278453,45.80522069830992,8.298337613122328,6.776842,,14.724628,2.7456274,1.7415689,False,False,Unexplained Astrometric Tension (High Priority)
3312652513846244096,68.20929931916466,16.00568312875324,21.986514300716408,101.05427327696728,-29.529461832054025,22.699296725721315,8.728549,,16.327187,2.3770065,1.7414433,False,False,Unexplained Astrometric Tension (High Priority)
676841387916344960,123.07561364066852,21.97998256140275,37.56479208691184,-425.5489454505142,8.075745462697759,53.71160376277443,13.262441,,18.218351,2.0260212,1.7413809,False,False,Unexplained Astrometric Tension (High Priority)
4674060870691341184,52.37471708939293,-62.94496013381724,46.24007680792532,350.43133613337045,338.7602788403991,49.96778591647268,9.970118,,9.530126,4.7703657,1.740302,False,False,Unexplained Astrometric Tension (High Priority)
3155422557233784832,110.57209810817876,8.86546170720877,28.049190686763964,-143.9221072304308,-69.74702881260917,27.0293894060618,13.893149,,15.779107,2.4820476,1.7399172,False,False,Unexplained Astrometric Tension (High Priority)
2772447981373673344,0.1960031662286723,16.40221354119649,21.104398388924803,12.28263116115205,-119.0462932240002,26.882128177428573,11.840755,,17.105165,2.2049363,1.7389467,False,False,Unexplained Astrometric Tension (High Priority)
2695668504585758592,329.6173185817752,3.776320688588017,22.91072605623874,-249.0924757728669,-134.2199287954462,58.54582161480647,6.812403,5830.036,17.805113,2.0772161,1.7387028,False,False,Unexplained Astrometric Tension (High Priority)
525862056127397248,15.346471828585589,65.87209957984435,24.685052054877584,137.15134776814415,-8.856849248123597,26.393142487049985,8.095494,,14.292135,2.8321939,1.7385446,False,True,NSS Acceleration (PMa / Unseen Companion)
2631031170926210944,349.247021846391,-7.16057891853555,20.652978916796325,131.21225525016172,43.80165752588881,31.750872969992844,6.6030593,6486.6367,17.309713,2.1636713,1.7384812,True,False,Known NSS Orbit (Binary/Multiple)
1387349379494809600,231.1217925864527,37.37755402807135,26.57591538063661,-149.92769409565324,89.57304686374037,31.152635626554524,4.1502557,,7.4669933,6.3200755,1.7376614,False,False,Bright Star Artifact Suspect (G < 6)
3403722072679163520,82.85328736759666,21.70595293465551,22.245000584610803,-157.82961198744158,-131.75014739082667,43.81232581544131,11.854652,,15.731881,2.4742837,1.737646,False,False,Unexplained Astrometric Tension (High Priority)
2585868490297270144,24.27436244166704,12.141825955491717,30.34934122978608,-72.58852159114649,9.67625597341815,11.438388219282844,5.4418836,,10.050222,4.433822,1.7372811,False,False,Bright Star Artifact Suspect (G < 6)
5720062394284050176,124.09527637358948,-17.36754076395468,21.53943583758222,-179.97733911315305,42.868544765292086,40.71811862539628,10.07256,4333.182,16.870575,2.235973,1.7371348,True,False,Known NSS Orbit (Binary/Multiple)
5914851736838104192,253.0757875876265,-59.829709670467096,21.844407134994523,23.69293451037276,-28.593505711614227,8.058503706445988,10.851149,4143.3765,17.51859,2.1137853,1.7367878,True,False,Known NSS Orbit (Binary/Multiple)
3775615766054509568,156.6719928539553,-6.529221374762543,32.564236886395044,0.4761670956432731,-641.5308050135606,93.38951757291328,9.421418,,17.610344,2.0933836,1.7362016,True,False,Known NSS Orbit (Binary/Multiple)
3775615766054509568,156.6719928539553,-6.529221374762543,32.564236886395044,0.4761670956432731,-641.5308050135606,93.38951757291328,9.421418,,17.610344,2.0933836,1.7362016,True,False,Known NSS Orbit (Binary/Multiple)
1391009688062653824,231.9075626152998,42.88865412429352,30.704608397386817,-39.04624796857897,-245.9598196076547,38.44914350257096,9.489223,,16.516712,2.2963424,1.735956,False,False,Unexplained Astrometric Tension (High Priority)
3135512635041016448,113.65855443105616,2.6366815185708763,22.42189165934112,-18.37438664978604,-78.43594372664643,17.03198723688758,14.333338,,14.937142,2.6425529,1.7356734,False,False,Unexplained Astrometric Tension (High Priority)
5201488661435528960,161.99978993857397,-76.57069934519645,26.97287228359672,-215.68584968927337,93.42438467119656,41.30992987200833,12.69498,,16.873055,2.2211568,1.7352057,False,False,Unexplained Astrometric Tension (High Priority)
3737813697298504576,196.15725318188672,13.351987410576,37.05984273857072,128.17306317557137,-77.8494126416455,19.18234072177285,12.292292,,16.965824,2.2000656,1.7347338,False,False,Unexplained Astrometric Tension (High Priority)
6055592455013106944,192.16837411307552,-61.29800352780974,23.60327031898299,32.003640489015005,-57.92835300401969,13.291765255820296,13.6138,,16.895489,2.2110574,1.7344189,False,False,Unexplained Astrometric Tension (High Priority)
2525983520771085056,14.127728176720694,-4.421435916516857,34.07092238891262,371.5534366592268,-125.04905199496238,54.54553639544415,13.608412,,19.091478,1.8414625,1.7343814,False,False,Unexplained Astrometric Tension (High Priority)
3509843219842074240,191.748454641378,-19.042665144871503,26.01951379280508,-110.80703258080204,-238.0902027209301,47.84505370200522,11.599279,,15.403699,2.5164518,1.7337297,False,False,Unexplained Astrometric Tension (High Priority)
1098326392897863680,122.58738707958943,69.72560126912373,33.463540006349675,162.99237948955613,116.76920053112454,28.40344279888789,6.4029765,,14.882623,2.636032,1.7333071,False,False,Unexplained Astrometric Tension (High Priority)
2129771310248902016,291.61139228720253,49.46847368667248,41.11317035721932,457.07535165768337,712.8229076749203,97.63609985315068,7.716483,,14.259338,2.7936265,1.7331539,True,False,Known NSS Orbit (Binary/Multiple)
6777240591003648768,316.4250390173305,-35.2502696876676,30.01940148151339,185.40357794626783,-44.94628646336141,30.125771594221376,12.812466,,14.988117,2.6072538,1.7329237,False,False,Unexplained Astrometric Tension (High Priority)
3066501100524306176,126.6131155729522,-3.9877345664610977,21.43975011046569,-54.424364543206295,-68.45589085269185,19.336678743892524,5.5512676,,10.459181,4.1690803,1.7329109,False,False,Bright Star Artifact Suspect (G < 6)
2732696822098230912,338.7596340560168,14.32288577135884,22.81672768317152,70.15445679368624,-114.72591116493916,27.93904003944206,12.163429,,17.235525,2.1366992,1.7328974,False,False,Unexplained Astrometric Tension (High Priority)
1364626975273915392,258.64289954684267,45.4487653917924,24.629545663686763,27.13151906171168,-82.46772057445233,16.709580034791465,14.414127,,13.740952,2.9273975,1.7321217,False,False,Unexplained Astrometric Tension (High Priority)
3379371940275817856,99.71849558960956,22.91971899540557,26.04175510510596,-123.73046353447316,-304.9601835240269,59.90806769979796,12.277665,,16.459305,2.2747464,1.7315891,False,False,Unexplained Astrometric Tension (High Priority)
6109175431890126976,210.6492300880555,-44.29475551995306,27.44519515955412,40.33044588476564,-8.598375383978334,7.122631082797003,12.81358,,14.08088,2.827664,1.7315636,False,False,Unexplained Astrometric Tension (High Priority)
577542877903588480,136.06302800728113,3.0259766522214853,20.495275783833165,60.77412571406116,-90.77122048873537,25.26625047268719,8.703942,5201.3228,16.1932,2.3201437,1.7304896,False,True,NSS Acceleration (PMa / Unseen Companion)
5056524409865686016,52.14851723823404,-30.56809028417382,25.200430626413564,-190.43789670284315,-76.51685924459741,38.60690205989672,9.800171,,7.7580204,5.928201,1.7303715,True,False,Known NSS Orbit (Binary/Multiple)
5446118385026456576,153.24579160294087,-35.73212979151902,32.55037911870502,-471.79431321432105,203.6338945996638,74.83657362416726,11.875543,,15.953797,2.3670943,1.7301193,False,False,Unexplained Astrometric Tension (High Priority)
3948419961278614272,189.904064294632,19.929246316640803,28.12717593752861,-85.06860937650464,-102.34170828856988,22.429035839773206,8.480273,,14.878086,2.607759,1.7297846,False,False,Unexplained Astrometric Tension (High Priority)
5537696949028822272,117.87981929875215,-39.33014528947834,29.767198419171304,133.5307347240402,-216.35540150840475,40.48876282462405,12.580121,,15.875761,2.3800685,1.72966,False,False,Unexplained Astrometric Tension (High Priority)
1843508681959702400,309.7799667188972,24.96276674338672,23.72692314053992,9.8469408628521,-117.72554930906148,23.602859269964064,14.698468,,7.559728,6.0866594,1.7289478,False,False,Faint Star Noise Suspect (G > 14.5)
4334539307897516544,252.4783941760368,-10.746145072100903,27.907732287802222,104.12187119305884,-90.84175376431187,23.47148843601473,14.123289,,15.283554,2.4977078,1.7280079,False,False,Unexplained Astrometric Tension (High Priority)
2637901190159207552,350.2411216325456,-1.7936009375389197,24.41751873309521,155.68397952093534,20.693331297459405,30.49065341164632,12.29706,,15.808846,2.3773239,1.727473,False,False,Unexplained Astrometric Tension (High Priority)
2830003639812085632,343.2210139297966,17.508354135026508,25.357389907499527,171.99746710472812,20.00478989490483,32.371044742199054,8.927595,4949.5264,17.545252,2.0409336,1.7271665,True,False,Known NSS Orbit (Binary/Multiple)
62944841667483648,50.981408943120925,23.65771795304784,20.70055060412505,17.5659364491483,24.905345032333635,6.979263106782862,12.147665,,17.441975,2.0587509,1.7271397,False,False,Unexplained Astrometric Tension (High Priority)
1781542405633390336,330.9539519775029,20.83254005032317,20.58787064865591,60.061285154136144,-26.92820326261176,15.155789364667688,13.554633,,16.9296,2.149323,1.7268639,False,False,Unexplained Astrometric Tension (High Priority)
5570642264461522048,99.07487784757532,-40.00636495667074,51.99983897182415,-230.95638194756705,40.63242315329103,21.37807251237581,9.847228,3497.8625,17.13314,2.0989342,1.7250494,False,False,Unexplained Astrometric Tension (High Priority)
5340703974733709440,164.31605843726754,-55.97562733196925,27.52935128129832,106.53701228863818,-173.3437255543585,35.03612447719142,14.7321825,,14.603385,2.6344006,1.7248863,False,False,Faint Star Noise Suspect (G > 14.5)
3671255551184740992,213.26263434374536,5.108166375632173,26.45696372623049,168.16467237375596,-180.23338381088945,44.1674717577181,12.894096,3002.8545,14.64715,2.6206741,1.7245426,False,False,Unexplained Astrometric Tension (High Priority)
1959369685372552832,328.084525228968,39.80168967760554,25.99974717379737,455.0927095445659,5.474181163026504,82.98193788176916,8.050121,5330.1733,14.180299,2.737682,1.7242877,True,True,Known NSS Orbit (Binary/Multiple)
2212954759370787456,342.00227278110555,67.82403729919984,23.131922922888645,334.2704190281489,44.51424438851917,69.10742538788527,12.634543,,17.524843,2.0138474,1.7227753,False,False,Unexplained Astrometric Tension (High Priority)
5674858997360528384,140.2832759884523,-23.43348692213097,21.13243098423209,-14.925104944485376,-258.3255135421217,58.044743726633214,11.0882225,,15.677555,2.3683233,1.722692,True,False,Known NSS Orbit (Binary/Multiple)
5271529648072052096,129.38957865615302,-68.53061204255549,23.50755877429937,-98.59856800928424,-0.023590325868825,19.88311808795317,10.943029,,16.318853,2.2323856,1.7222128,False,False,Unexplained Astrometric Tension (High Priority)
6086305182012067200,197.9536327748292,-46.32220312071082,22.049019885849585,-253.4947893943252,-162.28875220497184,64.71271406380771,13.031744,,17.132954,2.0757232,1.7217795,False,False,Unexplained Astrometric Tension (High Priority)
4689442248089776000,3.758245403725562,-72.84306810749226,28.83336476932249,-99.99503242127052,-140.38463925306257,28.337034773610085,10.989419,,15.3058,2.440389,1.7214637,True,False,Known NSS Orbit (Binary/Multiple)
166228810749161088,65.24178825431129,30.921970128670143,20.15354381876532,-0.6012669483460584,-106.36609768104526,25.019587403929,14.205369,,10.570139,3.9780824,1.7211428,False,False,Unexplained Astrometric Tension (High Priority)
22757455449227008,36.90432805651296,8.499236720148058,29.5582060914233,343.21609572838537,-118.32629149888258,58.223511974330485,14.30175,,15.530911,2.3850365,1.7207603,False,False,Unexplained Astrometric Tension (High Priority)
5101076861542917888,56.168396761642455,-19.496934240508537,23.54664660453608,44.2795402992019,44.32936055458744,12.614056063139804,13.219064,,18.825132,1.7770994,1.7183294,True,False,Known NSS Orbit (Binary/Multiple)
2833449303095300096,341.87644550151333,19.22405677607949,25.85054082742801,-106.17885055116363,-68.3087304140107,23.152417704926588,9.805286,,15.62551,2.3431668,1.7179923,False,False,Unexplained Astrometric Tension (High Priority)
1762987494080694016,311.555869099026,15.907606875878937,27.28870287268221,87.6910100692285,67.91578377618744,19.26775355838102,7.334961,5373.9927,15.07648,2.4523134,1.7164102,False,False,Unexplained Astrometric Tension (High Priority)
1275127175448008448,229.70743591832493,29.25186995835838,20.92614939438198,-66.27346684790172,-42.21494304517703,17.800205825175123,11.489184,,15.166411,2.4285836,1.7159976,False,False,Unexplained Astrometric Tension (High Priority)
2021679765266909952,295.18671377803383,25.59614961040822,20.58195739372288,18.77427808541679,-30.99625713396018,8.346550446389218,9.190377,,17.02268,2.053648,1.7158469,False,False,Unexplained Astrometric Tension (High Priority)
1769172109546787328,326.58015691235414,14.631226220452833,20.34385297259525,-118.66003768193916,-134.888549836683,41.86221109111691,10.318378,,16.27796,2.1861699,1.7148688,False,False,Unexplained Astrometric Tension (High Priority)
3533005364291059712,168.42256156605782,-25.48731750161052,20.4637350874031,-502.0280684501898,62.58878465530594,117.19623825822548,14.473253,,14.251661,2.6372628,1.7146401,True,False,Known NSS Orbit (Binary/Multiple)
1847354223872439040,321.3701091767498,27.209990363094644,39.70410185293101,-180.42635803720967,-155.05006819052545,28.40350706832626,8.049691,,14.540471,2.5584664,1.7138413,True,False,Known NSS Orbit (Binary/Multiple)
1160184436039120128,224.73084530216653,6.605280698192328,27.43125434572484,50.81707232258325,93.40394058751828,18.37566701111577,8.226708,,15.4027605,2.3587477,1.713776,False,False,Unexplained Astrometric Tension (High Priority)
2045232777472519808,294.255268123586,31.78975808404865,40.063183975284176,56.76150765147104,143.79951512410312,18.29264178017761,10.384194,,14.129501,2.6382453,1.7110188,False,False,Unexplained Astrometric Tension (High Priority)
1118834930455090816,136.73073170845066,71.166320244454,20.13021370840607,-101.25098111508872,-13.391877407410542,24.051277295275497,9.828962,,16.338701,2.144544,1.7107751,False,False,Unexplained Astrometric Tension (High Priority)
4697746378377916928,28.408797099441884,-66.89200976586119,58.82926301511856,392.3157704758028,156.83670007522943,34.04540910106781,10.613806,,11.816082,3.3436708,1.7103305,False,False,Unexplained Astrometric Tension (High Priority)
4009083969152655872,186.73946291825348,27.013815112944705,37.63644830553584,89.93746680388368,-250.2801327895036,33.49740771707956,13.340563,,17.137533,1.9936701,1.7101523,False,False,Unexplained Astrometric Tension (High Priority)
6714027605939931520,287.2105068430094,-42.42864332488467,30.25943682137518,19.131269796031127,-122.12300030062276,19.3652319557434,7.647082,4908.087,13.759868,2.7283657,1.7101328,True,False,Known NSS Orbit (Binary/Multiple)
138899242360079616,45.72865961003174,36.08346317203201,31.19289166081617,-60.407927903678,-224.9708541093593,35.400522664094936,14.345978,,14.348184,2.5699494,1.7094591,True,False,Known NSS Orbit (Binary/Multiple)
4359809585500446720,258.4166535743788,-8.422597892343063,48.48429107544957,-436.9579163870903,-412.0697117693301,58.72373789232534,10.866073,,14.192529,2.6089373,1.709439,True,False,Known NSS Orbit (Binary/Multiple)
3668176368871118208,213.8823024007916,4.655318867383002,72.00423705033546,-744.4391061212714,-769.5444674061894,70.49027685995341,12.655272,,13.1520195,2.8925202,1.7092233,False,False,Unexplained Astrometric Tension (High Priority)
3444268144500146432,85.80574101077947,29.947363017817512,23.464953250327994,84.3538268480621,-49.061591072165896,19.71422271697977,8.39083,5247.715,15.41515,2.3196454,1.7090394,True,False,Known NSS Orbit (Binary/Multiple)
6371519975720449536,320.45453109275604,-72.98834664457496,24.249804768242,147.69693763075333,-331.55637232878365,70.95428053930543,12.24468,,17.0767,1.9914483,1.7082856,False,False,Unexplained Astrometric Tension (High Priority)
648136197331416704,147.21574410425586,28.43760958118272,36.895114130726434,72.94327328717013,-154.55759107605957,21.95882913507214,12.618623,,14.993293,2.4030576,1.7077663,False,False,Unexplained Astrometric Tension (High Priority)
1107146846976017152,91.5219264476314,69.47586226071198,30.936291433692965,-174.5693551473211,-70.67057092819871,28.85867150538612,8.08008,,13.240445,2.8522444,1.7076163,True,False,Known NSS Orbit (Binary/Multiple)
1215012579790653952,229.7440195493176,21.796521630790068,23.994961584497965,153.5278769822387,-252.250443202999,58.33944765883771,13.956773,,15.471065,2.2885501,1.7065247,False,False,Unexplained Astrometric Tension (High Priority)
4169462136799175296,263.6946481607731,-6.903308364480113,35.99628905001834,-8.681777920830639,-73.9065541832664,9.799921151221357,10.534884,,16.052786,2.1655397,1.7059982,True,False,Known NSS Orbit (Binary/Multiple)
4169462136799175296,263.6946481607731,-6.903308364480113,35.99628905001834,-8.681777920830639,-73.9065541832664,9.799921151221357,10.534884,,16.052786,2.1655397,1.7059982,True,False,Known NSS Orbit (Binary/Multiple)
5140693571158946048,24.771674208211856,-17.947682860008488,373.8443122683992,3178.694257574896,584.0613350385156,40.98165765258696,10.817838,,10.453167,3.8557587,1.7055049,False,False,Unexplained Astrometric Tension (High Priority)
3664244648433770880,209.57830611003536,1.3300223733989465,21.37082494760736,-197.51076821824364,32.25975116862179,44.39232133045837,11.921409,,16.048351,2.1524017,1.704072,False,False,Unexplained Astrometric Tension (High Priority)
2035957434815627008,286.65482754962375,25.920367748079403,23.12482033960718,-0.1645847356970273,-51.573122280550656,10.57228036023099,10.428325,,15.990722,2.1637216,1.7040663,True,False,Known NSS Orbit (Binary/Multiple)
6685418107226825216,296.8539540961635,-43.34546394353637,27.63615197427422,-101.26480713007318,-77.18913255220866,21.84096466491698,6.9931026,5963.556,12.53561,3.03207,1.7036736,True,False,Known NSS Orbit (Binary/Multiple)
6685418107226825216,296.8539540961635,-43.34546394353637,27.63615197427422,-101.26480713007318,-77.18913255220866,21.84096466491698,6.9931026,5963.556,12.53561,3.03207,1.7036736,True,False,Known NSS Orbit (Binary/Multiple)
5176144780975494144,33.99603744969769,-9.486954819276528,24.009336435960208,97.3971595965024,-47.7898350331316,21.420561992793147,11.383864,,13.577773,2.7183843,1.7031829,False,False,Unexplained Astrometric Tension (High Priority)
1382198098798074624,245.9653274802845,43.06788015863556,20.2738171141982,42.70363174932518,-46.79982478856839,14.813750574904958,10.606077,,17.440065,1.8935931,1.7029855,False,False,Unexplained Astrometric Tension (High Priority)
918766901312365440,118.06519827677896,36.2698543049357,22.370627553559903,55.03825867749777,-18.856956680439648,12.328476266550462,6.920683,,14.743046,2.4219997,1.7028672,False,False,Unexplained Astrometric Tension (High Priority)
1703559779655983616,237.04330073754176,74.41275991667158,38.71779535453947,110.70925203875152,-305.1915345088629,39.74914712415735,8.844388,,14.83287,2.3999538,1.7026982,True,False,Known NSS Orbit (Binary/Multiple)
3954959611626259712,192.8487895698986,22.10436185267063,29.943088642999086,-177.27163978607643,45.05053035597236,28.9570239438642,12.165349,,14.874571,2.387709,1.7023506,False,False,Unexplained Astrometric Tension (High Priority)
6412109512611009024,329.7292725244643,-57.93467119091619,37.40697793549689,920.0941509611064,-89.29766651978315,117.1485283429461,12.736108,,14.219413,2.539071,1.7017709,True,False,Known NSS Orbit (Binary/Multiple)
4385073721304161024,255.33364939035943,2.6057771355974624,23.86403540836569,-101.43675510948206,-54.81019846412079,22.90331691404516,9.287593,,16.988108,1.9564707,1.7009186,True,False,Known NSS Orbit (Binary/Multiple)
5544635382796726784,123.09008777384372,-36.35828788038037,21.83801956922728,-33.345221735356866,-182.8119649064733,40.338501583669554,11.133857,4180.2773,14.965216,2.3551211,1.7007911,True,False,Known NSS Orbit (Binary/Multiple)
5236430419447179776,177.006127625526,-66.11412387255041,27.505880749790464,-269.3863217254038,173.2331763838265,55.19814619229192,8.3485985,5101.9536,13.444643,2.7319531,1.7004855,True,False,Known NSS Orbit (Binary/Multiple)
5236430419447179776,177.006127625526,-66.11412387255041,27.505880749790464,-269.3863217254038,173.2331763838265,55.19814619229192,8.3485985,5101.9536,13.444643,2.7319531,1.7004855,True,False,Known NSS Orbit (Binary/Multiple)
878998184211702912,116.8203064495374,29.960315864560485,27.05896513037662,-42.568137450493886,23.382119987902023,8.50850002559747,12.185153,,15.996002,2.1286175,1.699364,False,False,Unexplained Astrometric Tension (High Priority)
4573953498079202304,258.6661075647716,26.929008266124324,33.6963807018215,-298.5298093914421,155.98666747970694,47.38534087771966,11.404374,,14.302896,2.4912586,1.698406,False,False,Unexplained Astrometric Tension (High Priority)
2794420351160369920,5.32195041979673,18.731822114487823,40.98616634719263,644.6983508033646,-79.36092688976085,75.12879573275417,14.816051,,12.584591,2.9670768,1.6983097,False,True,NSS Acceleration (PMa / Unseen Companion)
1620288580060016384,222.98762775185463,63.13408023573492,43.34523099181796,5.686358372945932,246.2403319468906,26.93736039600656,13.849209,,7.6736836,5.5053844,1.6982768,False,False,Unexplained Astrometric Tension (High Priority)
5703698671959786880,129.48734179603738,-20.21987304025261,32.27635301223176,-152.00596033298962,66.05785082060977,24.34231850396054,11.2708845,3288.5251,14.46084,2.4513562,1.6981833,False,False,Unexplained Astrometric Tension (High Priority)
6255263800956775296,233.20747706024991,-18.283708779974926,20.332915784995805,-91.06405707352368,60.63826534767775,25.50719362504244,12.31952,,18.06826,1.760104,1.6978418,False,False,Unexplained Astrometric Tension (High Priority)
4396944598591139456,233.8540961728496,-7.443899846666635,22.021605010598023,-276.7691002807646,-233.8869925068932,78.00309631837267,14.3950205,,14.538671,2.4236534,1.6970146,False,False,Unexplained Astrometric Tension (High Priority)
576949798755602560,135.29197057466232,1.9427029269138367,42.63290549090088,-375.502169583359,-97.4964871846578,43.13754862174672,10.679942,,14.366827,2.462607,1.6967641,False,False,Unexplained Astrometric Tension (High Priority)
1115034331075446528,99.34896892797804,74.10495513684505,29.62755315976704,-153.3937691326296,-189.287623347546,38.9825783740604,13.136919,,17.669851,1.809984,1.6959368,False,False,Unexplained Astrometric Tension (High Priority)
1133037803187201664,156.8444717143393,79.99722173119886,35.896238575125835,-94.5887377490276,-86.70480692164092,16.945331430755427,11.10011,,13.310855,2.728751,1.6957693,True,False,Known NSS Orbit (Binary/Multiple)
417895443121202688,11.07744702397539,54.29317179678854,23.03855721307493,238.52677794193923,12.089756626029676,49.14285662328106,13.309742,,16.643314,1.9802922,1.6954987,False,False,Unexplained Astrometric Tension (High Priority)
6188826566757373696,203.600977059602,-27.50721819208527,27.063288861834348,-525.4635246683765,-152.00084209433973,95.81496836414976,8.947413,,15.008964,2.3047304,1.6954868,True,False,Known NSS Orbit (Binary/Multiple)
6238383441311876352,234.36816570259305,-24.70987010220652,21.56056904594853,-59.09762821682358,-77.90709783503576,21.499907315921472,12.0001335,,15.690473,2.1565282,1.6948457,False,False,Unexplained Astrometric Tension (High Priority)
1786480209274650368,325.26888483794886,19.59294131635766,26.11386736326551,-67.36520481523195,-46.30212822802628,14.83891257061826,12.560909,,17.367128,1.8512284,1.69476,False,False,Unexplained Astrometric Tension (High Priority)
2527863067179694976,7.376893048991417,-4.910606782501115,20.96956655200264,-36.62566767914245,-81.15745706792552,20.128574201396336,9.236881,5105.694,15.719176,2.1469998,1.6943264,True,False,Known NSS Orbit (Binary/Multiple)
3016443153609702912,83.79155619067797,-7.423638082391385,25.384025002508427,84.41004169173932,240.2062266859629,47.5476566867994,11.246302,,14.476873,2.4082177,1.6932021,False,False,Unexplained Astrometric Tension (High Priority)
5460446292845923328,151.2094339161456,-31.09212975546247,37.634044162426704,-251.8288641666983,-248.9798323943376,44.60714251699015,11.029858,,14.284049,2.4539165,1.6931632,False,False,Unexplained Astrometric Tension (High Priority)
4508006852260180096,284.56162539258025,16.23133515068259,22.39756418851799,-99.66693334154414,-126.16252904979729,34.02944998183842,11.671986,,14.607615,2.3755608,1.6929252,False,False,Unexplained Astrometric Tension (High Priority)
3727805908102205440,209.1231776662301,12.683775458135354,20.956491909837816,-27.665790370349075,-217.8445430422299,49.67339124853036,11.558211,,14.639581,2.3630106,1.6922569,False,False,Unexplained Astrometric Tension (High Priority)
544900684075863808,53.5525861368463,74.64905039384304,26.497663090867256,228.79144354386645,-175.0539743338986,51.53771856010315,13.458184,,6.5980606,6.4524612,1.691716,False,False,Unexplained Astrometric Tension (High Priority)
4900997562402605952,7.607949525379981,-62.60067590887251,22.344043765580963,87.49557872057166,-54.35935745394068,21.85374321223089,11.137829,,14.297866,2.4385474,1.6916461,False,False,Unexplained Astrometric Tension (High Priority)
4149978790761302016,267.7319242304292,-12.506924133008386,20.43879513674798,-224.6429612640985,-251.9805654406694,78.29603854219155,12.636714,,15.37198,2.1970453,1.6914786,False,False,Unexplained Astrometric Tension (High Priority)
4211138502276225152,290.4283488967456,-5.63984026796845,22.706250929732352,43.18244013756102,19.6414981537589,9.904136017309902,12.159852,,16.12889,2.045541,1.6912689,False,False,Unexplained Astrometric Tension (High Priority)
5649253020818837760,135.45283574960416,-26.56222355840352,20.338035493859,-258.3495782733266,290.4280844829995,90.6013232057292,7.118901,,13.998488,2.5070338,1.691021,False,False,Unexplained Astrometric Tension (High Priority)
169149766466152832,62.41346249232952,31.64877907576801,25.088550936532403,62.53389803447878,72.91037933127214,18.1493987365726,12.619182,,16.356644,1.9961598,1.6902592,False,False,Unexplained Astrometric Tension (High Priority)
6827751124390424320,320.1348993408545,-23.6094025845886,20.29158817559374,-157.08929228159388,-416.34920432366624,103.95944554766744,10.1919985,,15.347746,2.1917403,1.6900721,True,False,Known NSS Orbit (Binary/Multiple)
6827751124390424320,320.1348993408545,-23.6094025845886,20.29158817559374,-157.08929228159388,-416.34920432366624,103.95944554766744,10.1919985,,15.347746,2.1917403,1.6900721,True,False,Known NSS Orbit (Binary/Multiple)
1352904738212716288,253.2288349000298,40.08461772804136,29.681154870816293,-60.53240725567073,-225.3374608980056,37.26526614691008,12.299086,,9.427352,4.192517,1.6897676,False,False,Unexplained Astrometric Tension (High Priority)
2924599091919101568,98.1262789371673,-24.12408575266792,20.28082533783685,14.26374007857106,99.881899885254,23.58340062868712,9.420027,4888.4785,15.395624,2.1751623,1.6891632,True,False,Known NSS Orbit (Binary/Multiple)
2012238465046622848,355.0329641598771,60.68733323587188,39.768259207409386,81.70199163428431,-288.3294181503818,35.722752804016416,11.147219,,15.607762,2.1229296,1.6879028,False,False,Unexplained Astrometric Tension (High Priority)
39163474607448192,60.248464510952175,14.345864861471355,21.96957786570396,128.23816554333953,-14.906157104815104,27.85680360250693,13.77109,,15.231374,2.19982,1.6878645,True,False,Known NSS Orbit (Binary/Multiple)
35398295820372864,43.35891525472872,17.407883277761023,50.49442129453855,14.632167578368763,-252.4286851275876,23.738053329599115,11.511135,,14.084385,2.4588425,1.6876687,False,False,Unexplained Astrometric Tension (High Priority)
5267405964069463680,107.17669014871674,-70.49661385571888,22.75007592323202,11.068785612802756,107.30164402229704,22.47726209431999,5.594026,6411.651,10.064108,3.8334665,1.687034,False,False,Bright Star Artifact Suspect (G < 6)
4361790394355496576,261.68041030444124,-6.665739020408568,27.26349288787585,-153.32139074645764,48.54013734365741,27.96303734904398,13.126828,,16.431997,1.9580367,1.6866939,False,False,Unexplained Astrometric Tension (High Priority)
5466259823138024320,150.62872969423992,-28.241251577659,29.43765290484386,-64.74473970284595,-14.387130718205926,10.680432210435669,13.4028015,,13.414798,2.6189065,1.6861615,False,False,Unexplained Astrometric Tension (High Priority)
2419886558565222400,355.6826080194672,-14.545021776793222,20.15262759389756,94.99210388019424,-67.62319101106114,27.42847246421106,9.783488,,14.948578,2.2331402,1.6842244,False,False,Unexplained Astrometric Tension (High Priority)
3215139851235339904,78.82692725261134,-1.4087687664410118,22.62028263939239,-32.625364173355,87.0742177938804,19.48674823157625,6.050684,,13.462858,2.5793278,1.6829388,False,False,Unexplained Astrometric Tension (High Priority)
6783833743761034752,318.44485566323084,-33.32555376680043,21.897694451542524,139.32305721405373,-2.153981015842346,30.164623111527177,14.703023,,13.20026,2.6493883,1.6828026,False,False,Faint Star Noise Suspect (G > 14.5)
4614931093854496640,76.82957998839792,-83.85929532865798,21.16291411443848,55.71023808920373,161.88169149015442,38.34853256574157,6.676154,5942.157,13.779001,2.487825,1.6817725,False,False,Unexplained Astrometric Tension (High Priority)
6792808541781612800,308.6298736531176,-32.51752728329782,39.88381705665631,33.487166709471275,-215.16704526918468,25.88197643625644,11.334967,,13.247837,2.626061,1.6815801,False,False,Unexplained Astrometric Tension (High Priority)
5076722404106123264,41.061652749281286,-25.495188483689752,21.676292396702475,152.97861624253568,54.593182577834654,35.52200262752239,6.824281,,13.873275,2.4545581,1.6805716,False,False,Unexplained Astrometric Tension (High Priority)
2018864362679341824,290.9970123214632,21.683979183574817,28.2020421169934,40.05951839242472,-76.4177489614735,14.502964567669157,14.66489,,13.699159,2.497666,1.6804723,False,False,Faint Star Noise Suspect (G > 14.5)
5242285490629566592,148.08727797724328,-71.54911153172668,47.49325908013027,380.8374298119497,0.6361082240268616,38.01278253382584,11.846445,,14.020301,2.416623,1.6803544,False,False,Unexplained Astrometric Tension (High Priority)
6321299575961441152,230.18912221861564,-7.937443079589627,20.432385316325828,-67.91331237963037,-75.49102249547346,23.558904660618023,13.787281,,15.907301,2.0105562,1.6802433,False,False,Unexplained Astrometric Tension (High Priority)
6542137929509574144,347.2094024838315,-42.45225846478433,24.81150096870167,115.95032151007088,-199.1566500566765,44.02990191026712,8.6204605,5187.6147,15.32623,2.1209674,1.6797245,True,False,Known NSS Orbit (Binary/Multiple)
6542137929509574144,347.2094024838315,-42.45225846478433,24.81150096870167,115.95032151007088,-199.1566500566765,44.02990191026712,8.6204605,5187.6147,15.32623,2.1209674,1.6797245,True,False,Known NSS Orbit (Binary/Multiple)
157301635324823552,76.25377592575771,31.44295052712361,27.20411362999697,152.87850461595832,-207.8295371688657,44.95827499268146,13.985322,,16.089836,1.9666387,1.6788163,False,False,Unexplained Astrometric Tension (High Priority)
6881037924643448192,303.4987517976237,-11.248874317991886,26.079333908236563,206.4447756535184,-53.75602298089572,38.77700792221616,11.436122,,14.574119,2.2711954,1.6782888,False,False,Unexplained Astrometric Tension (High Priority)
6285080838309725440,218.5182128483888,-18.40359805279839,36.769869668916606,-455.514941402186,-141.06924287898696,61.4779231919828,12.737504,,14.315254,2.3226962,1.6772897,False,False,Unexplained Astrometric Tension (High Priority)
4378798671004717952,252.43028534560096,-2.5039497899530727,28.68166206264847,138.23177213028038,-40.87611788448076,23.824739119884565,12.483342,,14.964901,2.1769497,1.6770842,False,False,Unexplained Astrometric Tension (High Priority)
4480966287905587840,278.2142257457908,11.17778285306785,23.787605946804664,-64.0625727226266,-386.46090216930605,78.06613231530505,11.260962,,14.008779,2.3871946,1.6762404,False,False,Unexplained Astrometric Tension (High Priority)
1090272573305131264,124.3080217921992,62.31099042486553,30.485162649112706,-110.08051752772184,-176.4022822219063,32.33352516170302,12.972108,,7.1681395,5.6120176,1.6757405,True,False,Known NSS Orbit (Binary/Multiple)
4175239619429149056,266.62469632038966,-5.643781080686507,33.516295862950024,-63.832967227965625,0.6812916074565893,9.028906474270894,11.528153,,14.601588,2.2421122,1.6752281,False,False,Unexplained Astrometric Tension (High Priority)
1003752587430126464,103.52263282869002,60.867337762118105,91.6112468233174,483.2063214560512,-980.5301830675568,56.56443313263175,10.003271,,9.051016,4.2147665,1.6739322,False,False,Unexplained Astrometric Tension (High Priority)
1004671160675810816,94.9056792160276,59.0110906288025,20.468570886110093,-4.643539854278752,24.66583816346498,5.8128946017427054,4.436156,9098.855,7.408748,5.3585863,1.6731055,True,False,Known NSS Orbit (Binary/Multiple)
4179996557704888960,293.35202398416453,-17.574406302838163,22.623222102589992,146.18074420155182,-465.28494044297054,102.19429062342942,13.0915575,,16.525757,1.8492317,1.6728891,False,False,Unexplained Astrometric Tension (High Priority)
1005809361369063168,90.48741788825885,60.57035758941577,20.64202887654372,2.7734844781894923,-153.52484913334317,35.26294312448286,11.688503,,15.41707,2.0511217,1.6724614,False,False,Unexplained Astrometric Tension (High Priority)
3951976572156615296,185.86004631113823,20.290513107332952,24.06999204704336,-408.18467664874686,-85.6064471950717,82.1389555111305,9.622904,,15.760447,1.97919,1.6716667,False,False,Unexplained Astrometric Tension (High Priority)
905909246695984256,122.54893174212008,35.453889375093695,20.927070598533025,191.2826445589328,-249.4317028354924,71.20375836033438,6.53398,,13.280383,2.5352151,1.6716263,False,False,Unexplained Astrometric Tension (High Priority)
2752295311921528448,4.218476928312463,8.844957640483408,24.65755900508224,-2.476908702384781,33.83190139883105,6.521665731992287,14.607103,,13.153458,2.5679932,1.671464,False,False,Faint Star Noise Suspect (G > 14.5)
5873043318275005824,224.1521271403965,-64.72198598468849,22.35611760409542,-73.24706384959549,-82.67258382909041,23.42086589229444,12.543659,,13.337792,2.516386,1.6711805,False,False,Unexplained Astrometric Tension (High Priority)
1035522868538613632,127.8654653442524,59.27741972061246,22.01615448904338,-78.86271770938504,19.72705182131828,17.503741332149882,12.025493,,17.099089,1.738051,1.6704144,False,False,Unexplained Astrometric Tension (High Priority)
5431884378073753984,146.41607682749785,-39.04186734614797,50.59253139068576,-151.52860461410137,-266.9255959111074,28.75967252397512,11.491858,,12.3444805,2.7903223,1.6701491,False,False,Unexplained Astrometric Tension (High Priority)
2840324854245347840,353.25022647446724,24.768590250850377,22.64243605068306,-163.7376725321663,-257.9726759922305,63.97031721657337,12.535949,,14.899376,2.1400242,1.670101,False,False,Unexplained Astrometric Tension (High Priority)
2241676236470963328,293.89351003121845,62.233266397350256,22.850644970761927,78.70349650021991,3.824359624967928,16.346662131666353,14.768248,,6.8638916,5.79814,1.6689606,False,False,Faint Star Noise Suspect (G > 14.5)
4559848344443145216,252.5210686073036,18.899769534955603,35.58427463059856,-30.61163239126908,-93.4533980354416,13.10057059421037,13.702029,,13.964195,2.3399482,1.6687558,False,False,Unexplained Astrometric Tension (High Priority)
628865130046268672,153.72046302348045,21.395135245402663,55.19342603491348,-183.9716700802864,-222.3523616472223,24.786798600078075,12.865055,,13.834893,2.364999,1.6679608,False,False,Unexplained Astrometric Tension (High Priority)
2108166009842570496,275.6811157914406,37.96142842397931,28.212463327553323,8.461936015145298,-400.9684944242109,67.38873960190502,10.879375,,14.643199,2.1770287,1.6676571,False,False,Unexplained Astrometric Tension (High Priority)
4318552924274675072,295.70937570868006,15.380911240426416,21.97028122454012,27.264240892892133,-54.64754868949122,13.17717619499849,9.227198,4646.518,14.678396,2.1667655,1.6672945,False,False,Unexplained Astrometric Tension (High Priority)
4861661881084190976,56.088923493969766,-35.170104585407074,28.91172353050789,-98.94500777566688,-84.56594797506034,21.341430734429885,12.339004,,15.05077,2.0884008,1.6672924,False,False,Unexplained Astrometric Tension (High Priority)
1520348951688726784,190.03488023780213,37.362174151533154,23.854251189317623,118.16687816680331,-192.5115119703268,44.88934438607115,13.082196,,17.492975,1.6532422,1.6666405,True,False,Known NSS Orbit (Binary/Multiple)
4805600119646735616,83.3667058276365,-42.95553305572998,95.93197430133851,-19.263189437097573,39.29618009001676,2.162578675341228,11.066227,,11.767297,2.9414935,1.6663375,False,False,Unexplained Astrometric Tension (High Priority)
1091831474634102016,125.26578762085546,65.44279094832586,27.18924290131368,-18.27042443521365,17.06847531828019,4.359265990940984,7.8193793,5252.6895,12.73506,2.6404545,1.6661565,False,False,Unexplained Astrometric Tension (High Priority)
3249297446966443136,53.011204746776514,-2.9834635644547127,23.244339125133457,-10.888527141495407,146.21923996434387,29.90264144863854,11.464644,,14.148653,2.275963,1.6660541,False,False,Unexplained Astrometric Tension (High Priority)
5567901976544151168,91.16657974589586,-45.07779707750548,35.77902407028838,-80.83053585207358,251.61725298958268,35.01547367751613,5.855232,6279.8643,12.635537,2.6661174,1.6658001,True,False,Known NSS Orbit (Binary/Multiple)
4414849458254065792,230.19522191383743,-2.417969830462781,29.068822649534468,-271.06338573679614,-168.0004110296177,52.0059893987246,14.256515,,13.341055,2.4710662,1.665653,False,False,Unexplained Astrometric Tension (High Priority)
835748825612078848,161.3117904571487,49.69072167149504,53.07193017080455,16.12934766762678,-209.3944554418392,18.75885431381156,14.31748,,12.470608,2.7041192,1.6645726,True,False,Known NSS Orbit (Binary/Multiple)
5345482937607273344,175.04723008312973,-52.35005807581732,32.82137661243,-422.66463479356594,-24.876425773902,61.15210767379662,11.792408,,14.101158,2.2748969,1.6644524,False,False,Unexplained Astrometric Tension (High Priority)
2846749201903437184,0.4565058865355245,21.463169542433945,23.038774984861124,177.8593902816727,149.55989057085748,47.815360952406586,9.981147,,14.615107,2.14951,1.6630449,True,False,Known NSS Orbit (Binary/Multiple)
4604234013949024768,268.5748733912546,33.038756386879584,29.35138547556668,77.35617956398221,19.69215254144611,12.892064811798226,13.516441,,17.108313,1.6839957,1.661989,False,False,Unexplained Astrometric Tension (High Priority)
4069746980613766144,272.3006639239062,-22.18414730201288,28.982327676252137,-13.11757546852717,-93.68764387658663,15.473415999537847,8.498441,4537.5654,14.548166,2.1556957,1.6619034,False,False,Unexplained Astrometric Tension (High Priority)
1039344740892636032,137.32573344555732,60.313766668836834,21.08223297696893,10.79789750520312,26.62766137187004,6.460955086388738,9.255264,4921.199,14.929405,2.0716333,1.6614118,False,False,Unexplained Astrometric Tension (High Priority)
6316896061956834560,234.8412955894033,-10.273980233247237,21.93871921906161,-4.206177374127554,-157.01368761758002,33.9393422578067,9.763812,,15.140733,2.0251927,1.6609,False,False,Unexplained Astrometric Tension (High Priority)
5718063035470961152,120.51246828769332,-17.17113162118514,37.43867083996036,-370.6866574291852,143.40254546318587,50.32598219148055,10.713723,,10.029941,3.5656872,1.6608045,False,False,Unexplained Astrometric Tension (High Priority)
1773363344791741184,324.5223185310501,16.088670741430118,20.194440938211542,263.5559491303435,-2.1179382323144536,61.86947260419338,11.601798,4137.1533,14.810015,2.0789013,1.6589513,False,False,Unexplained Astrometric Tension (High Priority)
3359404435457443456,100.60139638443486,17.644920414809167,20.35118514880448,7.04768154520244,-85.81170615129184,20.055709638336783,5.2046046,,8.173168,4.5784364,1.6589029,False,False,Bright Star Artifact Suspect (G < 6)
1697488139007837312,235.6771444213023,73.75820960109024,31.54374669534196,-4.006876112854766,45.27639427697846,6.830838435073789,12.579281,,15.226789,1.9929922,1.6587139,False,False,Unexplained Astrometric Tension (High Priority)
1430517198137007872,251.324340659274,56.78211919647027,37.32686226653061,-10.134851472263174,49.32134540396618,6.394630885718732,4.7224774,,7.45946,5.0956616,1.6577282,False,False,Bright Star Artifact Suspect (G < 6)
1312648589566927104,249.46274381323408,31.85038564138483,26.920457957386404,-109.00593609442512,18.22715924928693,19.46154086400364,13.442253,,18.095207,1.5119058,1.6575669,False,False,Unexplained Astrometric Tension (High Priority)
2864324994056704128,354.7489112125588,25.01454023960878,23.27318291360797,160.414079478257,-12.849706433216298,32.77909716727252,11.851001,,14.113811,2.218909,1.6573529,False,False,Unexplained Astrometric Tension (High Priority)
4540984195244025088,257.46817080562016,11.925767768358645,54.32834523306318,-363.33068210750736,-77.59401789310692,32.41766236561045,12.624714,,12.641725,2.5909767,1.6570189,False,False,Unexplained Astrometric Tension (High Priority)
5971759327638421120,252.9916051531402,-36.02825699243486,26.76282244065064,49.83843415184921,-226.2812603007016,41.04160862717177,11.3422985,,13.474317,2.3681974,1.6569042,False,False,Unexplained Astrometric Tension (High Priority)
4684649992302714112,12.455946850748427,-75.278716879984,21.56878372416565,118.08911354943652,223.0267717390272,55.46482712273184,13.712738,,8.549711,4.3008585,1.6562977,False,False,Unexplained Astrometric Tension (High Priority)
6063166269073377664,199.65150368268195,-57.45400148309616,24.912860153727124,-11.806436016731656,37.014225846811584,7.392757096476616,9.149408,,15.255226,1.9692831,1.6560702,False,False,Unexplained Astrometric Tension (High Priority)
4168738451991929728,265.175582420964,-7.768417348900477,22.44556412479539,-18.943268328594787,22.92026485196026,6.280043958698024,12.53626,,14.2348795,2.1811857,1.6559429,False,False,Unexplained Astrometric Tension (High Priority)
5963131906571653376,255.00914023873145,-46.55507983720722,26.624643183973863,15.31971035804312,-67.1906413971419,12.270190415698831,11.781544,,15.086187,1.9886494,1.6540544,False,False,Unexplained Astrometric Tension (High Priority)
1480783781678553856,215.55818281823565,35.64892126730345,23.59422321980407,37.95370565827817,23.634975225967786,8.9832301191817,7.990232,,12.62639,2.5692377,1.6538547,False,False,Unexplained Astrometric Tension (High Priority)
816649002967779584,135.1573578568694,41.78175608312542,53.36175020467222,-494.6131829502834,-285.41556632385345,50.73054919700151,3.959608,,8.007972,4.614457,1.6528304,False,False,Bright Star Artifact Suspect (G < 6)
1179916752747453952,219.56036901573017,14.028250205950997,20.353960057973413,-18.183011516932527,-137.73111608349907,32.35612949054848,8.088094,,15.052534,1.9845285,1.6524854,False,True,NSS Acceleration (PMa / Unseen Companion)
1641974419693052160,239.41923879592736,65.39595195057937,20.177804115213554,177.93097659863776,-165.3080928530245,57.0588090932059,8.788408,4965.3354,14.471374,2.1032805,1.6523308,True,False,Known NSS Orbit (Binary/Multiple)
2101992694430576256,290.38407222879454,42.515209619104674,31.47194002743817,54.73541827537156,141.7272803392939,22.88443199912295,11.176562,,13.228264,2.391273,1.6518656,False,False,Unexplained Astrometric Tension (High Priority)
1117564303034031744,138.34761177342463,68.87418195250696,42.36207518939939,-146.14437245944526,-248.2101999182195,32.23261275910786,10.871253,,13.690422,2.271822,1.6512065,False,False,Unexplained Astrometric Tension (High Priority)
2333073415404139264,0.9728437596281232,-28.39388766142193,20.136043553113744,91.85809843460724,-18.010219224644395,22.03716790298969,7.503518,5584.432,12.836162,2.4851024,1.6506507,False,True,NSS Acceleration (PMa / Unseen Companion)
67198925172337536,59.97722359716393,26.08875545690686,43.6472342258144,730.9157017329952,-255.8520335787411,84.10677545593106,11.467834,,12.874119,2.4742773,1.650582,False,False,Unexplained Astrometric Tension (High Priority)
6492406743706907776,349.3572276071401,-58.235369888848446,44.08078717004196,-10.76856609425339,74.5846519154427,8.104040145848074,3.891795,6492.633,7.9856334,4.5868993,1.6494802,False,False,Bright Star Artifact Suspect (G < 6)
5376122512726479744,171.44761494476748,-44.17437838404252,21.58119971153821,-90.90193341686503,-65.19817540229926,24.57215589858566,13.967114,,14.197589,2.137736,1.6488311,False,False,Unexplained Astrometric Tension (High Priority)
3474223308006008320,183.7854288109231,-28.251227279079583,21.110662721518004,-116.3596848631728,-52.51372018534879,28.66664884652412,13.595806,,15.73408,1.8289902,1.6484728,False,False,Unexplained Astrometric Tension (High Priority)
1420904889530023808,262.5253306533654,54.65960960698583,33.606266551783115,-38.92015427076037,137.48634159784214,20.15579802219652,11.867491,,12.997762,2.4240615,1.6484101,False,False,Unexplained Astrometric Tension (High Priority)
2037522284688036992,288.04743261052226,28.854397160581456,20.933712817014168,-23.679132680070044,3.0164031132340003,5.405506173475752,13.22925,,15.412188,1.8874869,1.6483843,True,False,Known NSS Orbit (Binary/Multiple)
5012730621213154816,20.28824280907928,-37.1021285372652,21.47395197401522,11.100545973115164,-26.43052567915138,6.328359197299083,14.5284,,6.2316236,6.1370635,1.6481208,False,False,Faint Star Noise Suspect (G > 14.5)
5680008113390950784,138.2929169446705,-19.2362358541018,21.90684378567903,-163.7096884121191,126.42962665234094,44.75988331565797,11.888829,,14.305709,2.1074338,1.6479113,False,False,Unexplained Astrometric Tension (High Priority)
2077398234224960384,293.96248008766423,41.31854097682884,34.88512635884218,-306.424895715047,-78.31853669676526,42.97800558742997,9.829365,,14.200103,2.1302304,1.6478679,False,False,Unexplained Astrometric Tension (High Priority)
1612283585653429760,216.11021046333704,60.2574458998646,22.7203163849737,-206.39732831524148,119.5643169188256,49.76751111763097,9.315166,4456.8896,14.419709,2.0810962,1.6476618,False,False,Unexplained Astrometric Tension (High Priority)
4427559159836789248,233.0869357129472,4.290187869173671,34.75931051586149,-81.36322627424664,31.745021425127444,11.910984192623737,11.278768,,13.991349,2.1746013,1.6475488,False,False,Unexplained Astrometric Tension (High Priority)
1384769474242031616,239.94668163441352,44.06654656223928,23.76245261923756,-69.38708110561744,-8.890615035212779,13.955481286682206,10.956624,,13.918647,2.19088,1.6475074,False,False,Unexplained Astrometric Tension (High Priority)
2899492637251200512,93.30542437726922,-27.701553789338497,29.61558836599469,-14.16228325446633,-1.234794293616982,2.275510294190345,10.942436,,12.638136,2.511461,1.6471709,False,False,Unexplained Astrometric Tension (High Priority)
4668562316118843648,65.47214455291832,-67.65818046882615,32.252072883082754,538.5510409630194,297.4150688551433,90.42586366474237,12.601732,,14.381329,2.0807154,1.6464505,False,False,Unexplained Astrometric Tension (High Priority)
1425709102508415360,249.8064511276,52.6283558177124,23.02132197647497,-124.19262333433306,162.0101225974296,42.034758910904735,9.606612,,16.13333,1.7426636,1.6458966,False,False,Unexplained Astrometric Tension (High Priority)
1413658802960984576,252.64258919699083,52.036493500349785,22.98682741498228,-152.4310128022094,455.42803884506935,99.04191163166278,13.049311,,16.59387,1.6626999,1.6452699,False,False,Unexplained Astrometric Tension (High Priority)
6351394068208572032,343.4161130554967,-81.13479186892938,21.429798765448467,43.98401220352786,-23.551156792782884,11.036658256324598,12.010922,,15.700058,1.8131565,1.6450951,False,False,Unexplained Astrometric Tension (High Priority)
496693490106986240,68.6133513506769,69.17750961122402,22.260451899374647,144.13856896927723,-255.87484907012737,62.540536681545234,14.881314,,6.511084,5.7689567,1.644175,False,False,Faint Star Noise Suspect (G > 14.5)
1416249870831275392,261.2845406771359,53.133118267797016,25.427149298153537,-17.53335085880142,82.02902949120467,15.638395853203086,7.6680355,5621.2437,12.585284,2.5017667,1.6441503,True,False,Known NSS Orbit (Binary/Multiple)
5846770973285176960,215.77734847275585,-68.38371641086239,39.92205857270723,56.84834116145922,-237.75357055980703,29.02741070855724,9.568611,,14.051007,2.1361828,1.6441088,True,False,Known NSS Orbit (Binary/Multiple)
6369133829329588352,319.40048768099734,-74.56729225063246,22.886056867998885,62.59312226433138,-145.09921838248678,32.73213462817881,13.089603,,15.07309,1.9166291,1.6430835,False,False,Unexplained Astrometric Tension (High Priority)
3040167968842728064,115.7316812315328,-10.729924733216455,21.700560811601136,-34.59640885183818,-163.17696063582048,36.43823691112869,12.226552,,15.233423,1.8789771,1.6420357,False,False,Unexplained Astrometric Tension (High Priority)
5555321772519758336,97.39125841928768,-46.80986711006942,26.662336372559736,177.69923882579755,79.34080475231715,34.6004877444464,12.209626,,14.798293,1.9618754,1.6417785,False,False,Unexplained Astrometric Tension (High Priority)
1212263869440765184,229.4710161361379,19.48261185850933,20.25976206661081,-314.33037034883824,67.74013468672328,75.23694903733762,10.889137,,14.935659,1.9300306,1.6410966,True,False,Known NSS Orbit (Binary/Multiple)
1806320484301834880,299.756665416721,13.346250200469422,24.95735289896432,-91.22487160088468,-77.03812529445702,22.67956246242951,13.776166,,15.015042,1.9137381,1.6409771,False,False,Unexplained Astrometric Tension (High Priority)
1216422870956354304,236.3739503130924,21.178757011723896,21.00646927529949,-245.36061310475492,36.12967307421964,55.96690107551033,9.012632,5112.7314,13.771679,2.171596,1.6402647,True,False,Known NSS Orbit (Binary/Multiple)
1216422870956354304,236.3739503130924,21.178757011723896,21.00646927529949,-245.36061310475492,36.12967307421964,55.96690107551033,9.012632,5112.7314,13.771679,2.171596,1.6402647,True,False,Known NSS Orbit (Binary/Multiple)
6350952476851001856,349.00317701788936,-81.37214286675653,45.13252467688925,503.2990354936116,105.19651768744856,54.0061196098719,9.463973,,15.961935,1.7348405,1.6400175,False,False,Unexplained Astrometric Tension (High Priority)
2656114879446514432,341.9877180522511,2.074200164002928,33.23057655560868,25.58033566473655,-109.31453925941432,16.01541155845745,14.055866,,14.646426,1.9741129,1.6390891,False,False,Unexplained Astrometric Tension (High Priority)
2746709861572970624,359.636419705836,7.656947081179305,59.094178923685945,82.46947755147647,-315.3463128409397,26.147486788681828,10.663617,,13.314306,2.2685847,1.6386783,False,False,Unexplained Astrometric Tension (High Priority)
3302220278803097472,59.91936952288674,10.330378079115244,24.94593416618985,140.81164181387047,0.0710353784424075,26.75840656679597,6.2539086,6573.4644,13.387039,2.2500176,1.6385703,True,False,Known NSS Orbit (Binary/Multiple)
3302220278803097472,59.91936952288674,10.330378079115244,24.94593416618985,140.81164181387047,0.0710353784424075,26.75840656679597,6.2539086,6573.4644,13.387039,2.2500176,1.6385703,True,False,Known NSS Orbit (Binary/Multiple)
4205548039761352576,284.88336544641794,-7.286840037453627,31.45288789662557,9.042851161079795,-43.88809999195086,6.753611534313636,13.185653,,16.857553,1.579793,1.6383795,False,False,Unexplained Astrometric Tension (High Priority)
3221060446473162112,82.93561160647488,0.0967416460518058,24.52507768034521,168.6813651472495,-460.10461114732857,94.72224778588463,8.195952,,13.476111,2.2266214,1.6383126,True,False,Known NSS Orbit (Binary/Multiple)
3221060446473162112,82.93561160647488,0.0967416460518058,24.52507768034521,168.6813651472495,-460.10461114732857,94.72224778588463,8.195952,,13.476111,2.2266214,1.6383126,True,False,Known NSS Orbit (Binary/Multiple)
6532945187667911936,358.28556749593264,-42.533835477712366,30.59365856047978,183.65345115396605,110.04748911418552,33.17475649537463,11.804135,,14.681086,1.9601915,1.638078,False,False,Unexplained Astrometric Tension (High Priority)
5525457185582817280,131.84424256769563,-40.79328746250559,27.193641670506995,-107.01957501537326,126.53350171407186,28.889183459601835,10.413952,,14.654211,1.9638426,1.6378176,False,False,Unexplained Astrometric Tension (High Priority)
480996449793955968,82.19936968686191,66.6021789571476,24.648114984244195,202.8043148450932,-160.659895712465,49.76046299456673,11.33675,,13.6562805,2.180334,1.6378052,True,False,Known NSS Orbit (Binary/Multiple)
3762231926405726720,160.7529993971504,-9.209721776944628,82.00054600006021,-1975.4498453049084,365.8310009847259,116.14294892301749,13.204992,,12.9937935,2.342227,1.6377718,False,False,Unexplained Astrometric Tension (High Priority)
5070988657126343552,38.85262691151451,-25.447321599814234,23.50873339158238,25.5025448110196,-14.17221603496618,5.883232541880493,12.676524,,14.42243,2.010657,1.6376997,False,False,Unexplained Astrometric Tension (High Priority)
3695245657952674304,188.7701383135329,-1.8948992478275144,22.74546534880578,184.9902292558179,-80.60750587084924,42.05570208300377,12.634559,,13.967012,2.1081717,1.6376085,False,False,Unexplained Astrometric Tension (High Priority)
5338458020412638592,166.36623310858005,-60.244292272826826,36.03104168682751,-234.5962671548555,78.9203529380165,32.564668288433104,13.845258,,13.736788,2.1596034,1.6375178,False,False,Unexplained Astrometric Tension (High Priority)
4914126865108605568,20.326248792276093,-54.57374842930503,21.06931327058321,85.26209252885826,-52.03830228934409,22.474201458590844,10.677135,,14.948647,1.8988997,1.6368351,False,False,Unexplained Astrometric Tension (High Priority)
6147299245230934656,188.4327108167208,-39.80488833191325,26.996882482808576,-106.31144776136544,-5.591756554980535,18.693375731600568,13.409708,,15.893577,1.724268,1.6364714,False,False,Unexplained Astrometric Tension (High Priority)
3296520066926319104,72.95873165305187,13.655005981699428,22.671066721414675,93.36783697514684,-29.05990025009136,20.44676079216288,6.3084307,,12.761127,2.3836997,1.6352808,False,False,Unexplained Astrometric Tension (High Priority)
5641092445525176064,132.01650650957177,-31.255692319027883,24.26628091882051,-132.402195118522,-182.94776043151583,44.116822476160735,13.707481,,6.615978,5.5250344,1.6351769,False,False,Unexplained Astrometric Tension (High Priority)
6476631088312446720,314.9193383116718,-52.17577995614631,24.59950777124496,144.64233195374652,-168.41458088536922,42.78108710683085,8.121051,,14.167516,2.0446305,1.6348283,False,False,Unexplained Astrometric Tension (High Priority)
6456334309822187392,314.9650290586553,-58.76012633348599,30.766270052035782,123.24418886644642,-347.48199986218964,56.80790828057367,10.900836,,14.673833,1.9373046,1.6344926,True,False,Known NSS Orbit (Binary/Multiple)
2183807118443409536,310.8370410403604,55.355691339073005,60.96180822116057,867.5262320157929,1711.731369861875,149.22526965347163,12.920318,,7.7298694,4.5511875,1.6325581,False,False,Unexplained Astrometric Tension (High Priority)
584891773105528960,133.5018884758708,8.154607453504635,24.60113471517824,-91.85551814844423,-28.97404484122187,18.559592562836794,12.713749,,14.169554,2.0273488,1.6324186,False,False,Unexplained Astrometric Tension (High Priority)
5224357128908104064,178.99345139112532,-77.01178727547715,21.579408718597577,-50.59857140290535,-0.9626590430802264,11.11728406530258,13.34606,,16.542608,1.592072,1.632251,False,False,Unexplained Astrometric Tension (High Priority)
5890493602926306048,231.20120125242627,-49.49760847899369,45.766915886843336,-120.6049313084208,-241.8268041449633,27.99031435391911,10.654489,,13.212974,2.2436893,1.6320398,False,False,Unexplained Astrometric Tension (High Priority)
3304340751399786752,62.59126565983153,12.078003656369738,21.51613506585367,167.80134074962106,87.41689367691548,41.68622881730919,7.921297,5371.872,12.731669,2.3567686,1.6308067,True,False,Known NSS Orbit (Binary/Multiple)
3304340751399786752,62.59126565983153,12.078003656369738,21.51613506585367,167.80134074962106,87.41689367691548,41.68622881730919,7.921297,5371.872,12.731669,2.3567686,1.6308067,True,False,Known NSS Orbit (Binary/Multiple)
750586216906847104,162.43628733718958,35.542869572300205,102.75212885827295,-700.8643323815055,-1048.6687776057422,58.19080131259884,11.625256,,10.243021,3.1676006,1.6303141,False,False,Unexplained Astrometric Tension (High Priority)
4858390078077441920,57.66918537727532,-36.03822640045072,21.397489331835533,-107.35352481149346,-103.88049149980525,33.09528578547,11.687673,,13.970606,2.0514858,1.6297266,True,False,Known NSS Orbit (Binary/Multiple)
2243479676058593152,307.3957792036708,62.99404854026289,23.4810376608742,34.79791946106351,-13.903874247319852,7.565203231165503,4.1649013,,6.2409854,5.827159,1.6294932,False,True,NSS Acceleration (PMa / Unseen Companion)
6125777546372427904,184.65783275330213,-51.49030898963218,21.35633286466209,-48.5420159543396,71.42585730055683,19.16925965888449,9.109747,,14.771692,1.8831701,1.6293006,True,False,Known NSS Orbit (Binary/Multiple)
2419293853079296640,358.09966516338073,-14.69115295225903,39.10770439143281,413.72012627682585,-237.16585109220844,57.80504612986442,13.797865,,12.362153,2.4363925,1.6281968,False,False,Unexplained Astrometric Tension (High Priority)
4775328880906229376,66.40090110043063,-57.34767255246569,30.81670116067184,40.62361685975461,229.44956286414737,35.844678815816245,13.569805,,14.621923,1.9030038,1.6278521,True,False,Known NSS Orbit (Binary/Multiple)
768175108710834048,176.532819518252,40.02905304032647,23.30505378964412,43.594393834670505,-135.44379225387272,28.94246127462146,11.7147,,13.954183,2.035998,1.6270059,False,False,Unexplained Astrometric Tension (High Priority)
5138510181584617856,31.2762752397911,-17.615403066083893,107.29720247543436,1275.218139180148,-169.70135038413508,56.83676603054853,9.17051,,15.138265,1.7917346,1.6259503,False,False,Unexplained Astrometric Tension (High Priority)
1128394767445870208,166.1398744121814,76.98443105917718,21.97117191162405,-39.95451558593275,-42.95074721051167,12.65664853664253,12.500537,,14.404063,1.9330335,1.625802,True,False,Known NSS Orbit (Binary/Multiple)
5367041817996189952,160.19670512388106,-44.76379490266097,23.88875671961552,-166.82042819270268,232.3764238606084,56.76471284900676,12.362027,,14.163053,1.9771684,1.6249603,False,False,Unexplained Astrometric Tension (High Priority)
1093918828739878528,129.09378163676524,67.2952414926635,70.6194625207145,-1070.527606648736,67.81479629140435,72.00530628636317,8.615115,,13.3707075,2.1505907,1.6245464,False,False,Unexplained Astrometric Tension (High Priority)
1980095479569917952,331.6540414647791,51.31261126681428,21.77358789597756,33.7274909172717,-69.8389041405627,16.885339746295816,11.292013,,12.856489,2.2741296,1.6242182,False,False,Unexplained Astrometric Tension (High Priority)
3823722904463045248,143.98307608318785,-6.155970200073464,20.917316461251023,12.441508646184394,-4.551687385607334,3.0023763177329887,12.418485,,14.019303,2.0012336,1.6240263,False,False,Unexplained Astrometric Tension (High Priority)
6426760779929152896,296.3164983960993,-68.38865035360448,20.051850654452004,88.67320257739392,106.18976921833423,32.706108732762544,9.762617,,15.042818,1.796244,1.6239042,False,False,Unexplained Astrometric Tension (High Priority)
5650465782142674944,139.1822321576617,-24.794989585579124,23.022533075854007,-194.86212844791527,77.94005586641461,43.21365974792535,10.976034,,13.700219,2.0679338,1.6235735,False,False,Unexplained Astrometric Tension (High Priority)
2035101469349603584,298.5694771938928,33.25262423467796,25.3409154797988,67.05234009213319,-82.58278598411155,19.89959707624537,12.304333,,13.479421,2.1149971,1.6231289,False,False,Unexplained Astrometric Tension (High Priority)
1706907487621086464,235.333821793032,75.98958834491458,73.25728827586713,805.11792432519,-716.3316373587872,69.73508858875928,11.171621,,9.184799,3.5639925,1.6224146,False,False,Unexplained Astrometric Tension (High Priority)
5655076339340163712,136.67550931250432,-21.79004332330675,28.083104534586507,120.27690063884762,40.74733871998113,21.436379753352632,13.043847,,13.353224,2.1366022,1.6220455,False,False,Unexplained Astrometric Tension (High Priority)
6441410982096229760,292.1629989955788,-63.63619767196934,26.18451713758921,82.82956195767042,-174.05737578596506,34.897590188826484,13.496985,,15.049655,1.7807815,1.6216935,False,False,Unexplained Astrometric Tension (High Priority)
3875508832683692160,155.32895115926468,8.073726000334581,32.18458375739602,-127.9593449005693,-88.67164798786523,22.93011660753677,14.053968,,13.404019,2.1188562,1.6212304,False,False,Unexplained Astrometric Tension (High Priority)
2734020947631404032,334.1527536691873,13.190101297391106,22.573973334819275,179.46379021104423,95.95770807867912,42.73590732061291,14.492718,,12.614726,2.3093536,1.620621,False,True,NSS Acceleration (PMa / Unseen Companion)
4279261876207080576,283.3570176109194,2.8470624550523547,50.23635292571096,295.67244144926894,47.467032754001806,28.257891120738503,11.437212,,12.457011,2.3461738,1.6199622,False,False,Unexplained Astrometric Tension (High Priority)
6891152297742497152,321.98333237739683,-12.669578733122572,24.28646646054508,-128.26984437155988,-121.40086478014196,34.47259428025596,13.629081,,14.4721985,1.8800247,1.6199307,False,True,NSS Acceleration (PMa / Unseen Companion)
6233827481743360128,236.8958731729969,-27.895119507549463,40.67301991092913,98.83529056237512,21.55389599886385,11.790063764702044,14.732497,,12.015044,2.4677982,1.6197792,False,False,Faint Star Noise Suspect (G > 14.5)
2368926221843121152,11.147133469003238,-18.9508849758741,27.80930777406556,283.83936758520593,185.4380842530257,57.79491394537382,14.820422,,7.7340393,4.385523,1.6196343,False,False,Faint Star Noise Suspect (G > 14.5)
3338997327844574464,82.25934606783345,10.248964833215991,20.28589936575877,115.05605714421728,-70.48100291125668,31.530296903621256,10.415642,,14.80146,1.8077068,1.6186563,True,False,Known NSS Orbit (Binary/Multiple)
3914533459586715392,172.38201848473557,9.685860642842664,23.480922254079097,-102.29482357492658,-286.8428254634477,61.4818475406118,14.049889,,15.450319,1.6894604,1.6186025,False,True,NSS Acceleration (PMa / Unseen Companion)
525117308802769920,17.59627444882385,65.44033375431947,24.39872240583345,208.2198778178843,-162.15086627392907,51.27550589814461,14.098685,,8.29899,4.003824,1.6183273,False,False,Unexplained Astrometric Tension (High Priority)
278485821212339200,66.4888804617179,57.50956469691881,20.24289791570332,-58.54241798908111,-69.9920942823059,21.36828840116513,13.634841,,14.758333,1.8128985,1.6181915,False,False,Unexplained Astrometric Tension (High Priority)
4554962286575172608,261.6483881029016,20.524072296818208,35.8277128302673,-199.5221440699509,62.93339011364989,27.68146627823024,14.473684,,11.615325,2.5709264,1.6178124,False,False,Unexplained Astrometric Tension (High Priority)
2875125810310195712,0.0157909355502497,34.18830049121731,20.194251110683552,-227.36584644839544,-56.93438104148487,55.02057684884996,8.348257,5589.557,14.25766,1.9057862,1.6173118,True,True,Known NSS Orbit (Binary/Multiple)
888935295425883392,104.40737096055057,30.49990253434605,20.02005049603782,1.92603348571029,-77.94127312212551,18.46104538483512,8.892772,4753.1284,14.701723,1.8130249,1.6165419,False,False,Unexplained Astrometric Tension (High Priority)
2291597672140946560,295.21254190111205,78.52796145804854,42.96670897510793,-163.13821428351514,-36.04631041959348,18.43298995523008,13.549292,,14.908418,1.7718102,1.616195,False,True,NSS Acceleration (PMa / Unseen Companion)
3406216383523959936,70.81584857548913,17.068982088574,22.40772965069851,84.43489741817137,-41.668730209110336,19.91938933672209,9.519791,,14.337425,1.8817399,1.616126,False,True,NSS Acceleration (PMa / Unseen Companion)
6793451962242905472,308.88632454929217,-31.49817896183129,30.12898948462093,-1.328525749890641,-127.15593719810136,20.00770072059309,14.656038,,12.853994,2.2108996,1.6156648,True,False,Known NSS Orbit (Binary/Multiple)
2920772722738017920,105.30823249972616,-25.94855952902532,67.80068788037818,205.9493691912517,42.3405930329413,14.700668698589377,6.468442,5001.6396,13.026053,2.160532,1.614573,False,False,Unexplained Astrometric Tension (High Priority)
6132327985669217408,190.1475240029349,-45.43951821521187,25.75679256764995,-130.84031979097313,-62.278814508309424,26.669626488177936,10.744468,,14.365711,1.8558507,1.6130626,False,False,Unexplained Astrometric Tension (High Priority)
2891185070988913536,90.07825876427718,-31.028114891649626,54.038056242911566,-479.8943987585388,430.3217952881387,56.54502278229939,8.256326,,11.832213,2.464457,1.6127012,False,False,Unexplained Astrometric Tension (High Priority)
5237097238888164992,170.46977807355898,-65.46209121533425,24.823331991798547,-248.58298029325715,183.15354848228827,58.965228551148606,12.585506,,13.590632,2.0139,1.6123685,False,False,Unexplained Astrometric Tension (High Priority)
228785215575246976,63.884633160139856,41.94057305798485,20.10966634185217,-1.2681918116281778,75.61607708612286,17.827553617287062,8.659588,5161.721,12.955595,2.151647,1.6109949,False,True,NSS Acceleration (PMa / Unseen Companion)
1173206811240350592,221.9613981066783,7.416475623456087,24.00320214984089,-76.68214892711985,-4.767225556044179,15.173443027398186,10.907482,3500.9248,13.460977,2.0321603,1.6108288,False,False,Unexplained Astrometric Tension (High Priority)
1641735516432426752,241.894822581674,64.79450751708897,23.85332785810812,-104.6833550195278,23.14949841025757,21.3067664107179,13.160008,,16.284807,1.5063529,1.6108248,False,False,Unexplained Astrometric Tension (High Priority)
3306856541379219456,65.60756954085089,11.305663743683306,22.70005263891222,113.95375057479764,-11.008751770472308,23.907842570914667,9.358516,,14.270141,1.8546894,1.6099871,True,False,Known NSS Orbit (Binary/Multiple)
1414660320615051264,259.1629487546879,50.60698336595497,24.1025227845,-9.14754127937827,101.056089680223,19.95691440159179,7.898359,5664.3955,12.178923,2.3429887,1.6097438,False,True,NSS Acceleration (PMa / Unseen Companion)
4950186203640554880,38.652274470583656,-42.17301319462301,20.423569148576952,-134.78001243803203,-190.185331250319,54.10458148608115,9.697532,4767.1772,14.316605,1.8416109,1.6094047,True,False,Known NSS Orbit (Binary/Multiple)
4950186203640554880,38.652274470583656,-42.17301319462301,20.423569148576952,-134.78001243803203,-190.185331250319,54.10458148608115,9.697532,4767.1772,14.316605,1.8416109,1.6094047,True,False,Known NSS Orbit (Binary/Multiple)
6804022495232526976,317.4648300965152,-24.40061725555152,20.36518791525246,-12.977804572856735,21.04736996004279,5.755739025576539,7.908209,5451.9785,12.650275,2.20947,1.6085334,False,False,Unexplained Astrometric Tension (High Priority)
5591534810757825280,111.74282841871263,-34.311760467839534,20.31703614730857,-293.7834103171371,83.63030018876015,71.27023649109003,6.9217825,6241.82,11.868006,2.415581,1.6078424,False,True,NSS Acceleration (PMa / Unseen Companion)
4807185684133792384,82.36257386914454,-40.53785128790628,20.220167261647063,-17.9350848012662,142.54769972592862,33.68274152294746,14.145638,,13.181684,2.0659206,1.6065319,False,False,Unexplained Astrometric Tension (High Priority)
1013461034585110528,132.82121712596864,46.10080320200135,34.40407931525653,-345.96727112207907,25.380619205300007,47.79825107091757,14.68943,,11.620057,2.4757516,1.6062571,False,False,Faint Star Noise Suspect (G > 14.5)
4389284507242221312,261.1745044104064,4.379496920035479,30.975989735625824,146.59134568359678,-190.7969808123601,36.82200243463772,14.124591,,13.142785,2.0724263,1.6061689,True,False,Known NSS Orbit (Binary/Multiple)
2833282727083398656,339.8045554680591,18.94202407991465,30.577837000005275,-41.40891703763367,-58.9380941884337,11.166864745689445,14.026821,,13.537175,1.9759051,1.6051471,False,False,Unexplained Astrometric Tension (High Priority)
3304162664875294848,64.31866422795959,12.232105408437944,24.632682804116698,35.129382892412266,-6.74824024082343,6.884127244509336,12.675442,,13.624836,1.956067,1.6050456,False,False,Unexplained Astrometric Tension (High Priority)
4365578211917535616,254.85811746036867,-4.308720328075415,21.596054590112114,88.44855213310328,-142.08737248986372,36.73827790926367,13.751882,,13.9395,1.8853906,1.6044518,False,False,Unexplained Astrometric Tension (High Priority)
522185735919412480,30.4882418329866,70.90697047592157,28.830014280586926,-96.37444642265758,0.7983396304996562,15.847229287565554,4.565197,,8.154829,3.9320617,1.6044433,False,False,Bright Star Artifact Suspect (G < 6)
2641185641845195904,353.6427059782818,-1.1484045815362425,22.07217905923796,172.91413326803303,-388.8405497828886,91.39679049764264,13.4657955,,14.575124,1.7591549,1.6043884,False,True,NSS Acceleration (PMa / Unseen Companion)
4426801321450590592,238.86767353108976,5.876899006087354,23.17216884937664,-50.67083673927704,-138.42904893264213,30.15684703447487,12.870829,,13.55467,1.9660249,1.6042638,False,False,Unexplained Astrometric Tension (High Priority)
160752585711255296,73.94311490973537,32.65102402281864,22.937205944500768,-12.17798082855225,5.354933672428817,2.749420600408113,14.580618,,12.976252,2.0915022,1.6033188,False,False,Faint Star Noise Suspect (G > 14.5)
5076176840181717376,43.84852139612799,-25.2251071062855,31.20802639165703,328.1906167647351,-89.59291858820487,51.676046410225744,11.23786,,13.085104,2.065608,1.6032938,False,False,Unexplained Astrometric Tension (High Priority)
6316896066257618560,234.84184576966663,-10.270414996017676,23.24214703642157,-24.091456269603945,-168.4333340719597,34.7033051872494,12.346111,,10.953338,2.6619308,1.6032567,False,False,Unexplained Astrometric Tension (High Priority)
1246505032351703808,209.55609934358333,19.286503809919417,26.334643810845275,-124.191152438279,-14.451037893871492,22.50634877960034,8.975679,,13.259068,2.0147767,1.601768,False,False,Unexplained Astrometric Tension (High Priority)
773669677553606528,176.36620786720255,44.68425089168544,29.29127760605232,-247.2192276039899,117.98065795200012,44.33229234331299,10.5724745,,9.236646,3.3239799,1.601398,False,True,NSS Acceleration (PMa / Unseen Companion)
4511351154301431936,282.83634670046524,17.261728418817366,28.43784644971176,105.3435772928202,52.99614881313515,19.657289810795536,14.349609,,12.1889515,2.272301,1.6008196,False,False,Unexplained Astrometric Tension (High Priority)
4986031970629390976,13.648789828328042,-42.26202609133255,21.140245189220504,-14.552634593146252,-179.31446749403705,40.34151995007016,13.707967,,15.360952,1.5950248,1.6005597,True,False,Known NSS Orbit (Binary/Multiple)
693496171578419200,134.87024025482975,29.30409824224684,43.34936861844543,-375.6401981976601,-235.30393819241183,48.4719642335115,14.878399,,9.941118,3.0085356,1.600421,False,False,Faint Star Noise Suspect (G > 14.5)
31933803400749184,41.41539806971738,13.580834540901405,21.106239214423923,18.44891404181663,-84.42989912972982,19.41042738182645,11.386484,,13.296081,1.9906315,1.5994866,True,False,Known NSS Orbit (Binary/Multiple)
47959705067457152,66.12800628155945,18.98678698271073,20.49866479939148,111.01913912861905,-43.00262897671094,27.53273312999008,14.982163,,10.618676,2.741757,1.5991459,False,False,Faint Star Noise Suspect (G > 14.5)
385796502515670016,5.290262542236193,44.94902233796446,21.030312628615818,206.9658206842417,18.63613432047985,46.84118105892639,12.457704,,14.163543,1.8038977,1.5989342,False,False,Unexplained Astrometric Tension (High Priority)
422465425765420160,2.781516396764267,57.614282094225366,25.75950674026866,196.98234899392435,-58.52675108402646,37.81648565675779,13.411799,,14.207193,1.7894737,1.5980306,True,False,Known NSS Orbit (Binary/Multiple)
2806028513890183936,7.630192574575985,22.76813785473473,27.292505399793924,185.1811467999792,-180.40285585650213,44.90423229788398,8.919854,4806.888,14.70642,1.6901702,1.5972867,True,False,Known NSS Orbit (Binary/Multiple)
2806028513890183936,7.630192574575985,22.76813785473473,27.292505399793924,185.1811467999792,-180.40285585650213,44.90423229788398,8.919854,4806.888,14.70642,1.6901702,1.5972867,True,False,Known NSS Orbit (Binary/Multiple)
4736745162461782528,50.048360767065816,-52.0323131900604,29.033804751907084,-84.13085342620653,-103.07628444918268,21.72388333987115,8.242693,,11.999098,2.2872999,1.595988,False,True,NSS Acceleration (PMa / Unseen Companion)
326843716987181312,36.456383923400615,34.30849579443891,30.78803664546144,88.7646563188519,-83.38691744294046,18.75198315347582,10.214999,,11.931765,2.3041537,1.5957649,False,False,Unexplained Astrometric Tension (High Priority)
6729000342975745280,282.86069713298525,-39.39718046338508,20.948126599585816,103.3871184002642,-185.46496231040047,48.05048561445668,11.150103,,13.072266,2.0155876,1.5957228,True,False,Known NSS Orbit (Binary/Multiple)
3313743710417140864,66.60303643900508,16.853180488088583,26.757921734572857,95.67399868464572,-38.76184315143705,18.28799176085819,7.8861456,5631.266,12.058122,2.268843,1.5956737,False,True,NSS Acceleration (PMa / Unseen Companion)
2346037207251416192,14.512184206577638,-23.34533804567313,24.665613348402182,248.3699801382579,-25.926499244151035,47.993447304068745,12.982668,,13.608957,1.8962237,1.5956569,False,False,Unexplained Astrometric Tension (High Priority)
5920516695604664704,266.85700211574124,-54.842076180540346,27.99357776546367,-71.96004950754903,12.21896045272574,12.36023796348187,12.679553,,9.563268,3.1206152,1.5955684,False,False,Unexplained Astrometric Tension (High Priority)
3147424915811731200,119.52362047731992,10.391463441835146,22.485968336404586,4.184082847891361,13.274064444669722,2.9341535806345824,11.293057,,13.425793,1.9340006,1.5954001,False,False,Unexplained Astrometric Tension (High Priority)
6649114535381357184,275.2777974476914,-56.37869411659978,21.77873568320016,-296.7229801375218,-267.7011586185006,86.9866625538652,13.763184,,13.620101,1.8917725,1.5953444,False,True,NSS Acceleration (PMa / Unseen Companion)
2833244072377840640,340.39710379936344,18.82468471284462,32.354450780636824,253.1460269790604,89.57011898255325,39.34343012860188,10.053203,,15.171722,1.5920626,1.5946804,False,False,Unexplained Astrometric Tension (High Priority)
2808951733055811584,12.018981563914032,27.537593028264016,23.577329384276585,-161.54304106729083,-57.95761813189483,34.50706895676352,14.705529,,12.09148,2.2498662,1.594345,False,False,Faint Star Noise Suspect (G > 14.5)
4498067846933539712,271.0897952647166,13.947021075648466,20.81990919286166,-54.86863707827557,-89.06461132890531,23.81837926389753,10.054802,,14.0873995,1.7888659,1.5942584,False,True,NSS Acceleration (PMa / Unseen Companion)
5295291743615591936,118.09001335116164,-57.45202673637819,36.49965775490135,-38.42022652328985,44.40598802099937,7.626347496564428,12.023001,,8.010052,3.9018185,1.5939925,False,False,Unexplained Astrometric Tension (High Priority)
172817599818083200,66.15668061516547,33.96056565842549,24.63199459639861,13.975244597941234,-60.56224748334576,11.96160396838876,9.204795,,14.358626,1.7344242,1.5939786,False,False,Unexplained Astrometric Tension (High Priority)
3633015155246198656,205.8427445679032,-5.209180315119295,20.611410552195085,-74.89508489261083,-71.0409730322363,23.74174858180393,12.696837,,9.485897,3.1369762,1.5937614,False,False,Unexplained Astrometric Tension (High Priority)
6410766630956403840,327.5995316667886,-58.30545679999609,23.294902418284828,47.35350349076454,-90.97090207986231,20.87028188086018,7.731377,5404.7866,12.357045,2.172153,1.5932688,False,False,Unexplained Astrometric Tension (High Priority)
1039005026159281152,140.32183153959673,60.362207711453166,21.956738485954983,-182.9248687357352,-154.33031366738666,51.67168527278702,11.961922,,12.418512,2.15196,1.5926503,False,False,Unexplained Astrometric Tension (High Priority)
3313526556869575296,66.20070596676636,15.874649203665436,20.67833275816717,100.34452068045356,-12.269188261040467,23.1751147188704,11.324224,,12.951795,2.020179,1.5923626,False,False,Unexplained Astrometric Tension (High Priority)
2392233119572232064,353.8790512815196,-19.144678984873885,22.72485580606776,98.03623476537196,-108.5651925473151,30.514188732634,14.975739,,10.877057,2.5901027,1.5916183,False,False,Faint Star Noise Suspect (G > 14.5)
6291879874618504960,204.93032287050104,-20.490009132765987,21.696379860166743,10.09230884786352,36.87001840461134,8.352121968368346,11.135854,,13.768764,1.8315084,1.5909128,False,False,Unexplained Astrometric Tension (High Priority)
3366718833479009408,107.52699543004866,21.24488058910462,22.87378542880793,-174.24936949082536,-473.2478677595579,104.51510725876643,6.1697664,,12.566327,2.0996106,1.5905155,True,False,Known NSS Orbit (Binary/Multiple)
5436800638157813120,144.0074374155296,-35.48328620434398,22.29289111265932,9.785372658819163,12.837159533354011,3.432395826726004,10.165317,,13.366745,1.9122016,1.5902472,False,False,Unexplained Astrometric Tension (High Priority)
3692994476615405184,186.0319550673252,-4.241411459996076,34.15057401224844,59.81361187999832,16.85111372472297,8.625983504799844,13.307632,,14.353264,1.7112036,1.5901128,False,False,Unexplained Astrometric Tension (High Priority)
1609585452838737536,213.2501088769991,55.325403930292445,26.68584280494981,-344.41968207803035,-5.734414179254896,61.191151615306126,8.60883,4625.6733,12.751134,2.051483,1.5900598,False,False,Unexplained Astrometric Tension (High Priority)
4943334631291335168,33.959158457213555,-46.06925265182454,20.58631833279897,76.62035713354274,90.9072046685002,27.37710595229876,12.25693,,13.46002,1.8902419,1.5899799,False,False,Unexplained Astrometric Tension (High Priority)
3191904249963463808,66.1741471947132,-8.754005905620055,22.93241993646715,-107.63275436699745,-170.6820977373587,41.711941695703565,8.338139,,11.737066,2.3138506,1.5898925,False,False,Unexplained Astrometric Tension (High Priority)
4305518626208903040,286.52920094055474,5.278688392447563,25.92040421353977,28.80012668872345,-195.40206355614023,36.12230682250277,9.271577,4641.0137,13.563508,1.8515083,1.5874467,False,False,Unexplained Astrometric Tension (High Priority)
3686982136579333632,201.7780561396866,0.0133180169722504,22.91834761233596,52.11301256462333,-24.7509669162696,11.933128573010045,12.129463,,13.70121,1.8205576,1.5870938,False,False,Unexplained Astrometric Tension (High Priority)
1239215751295421824,218.4450240936332,19.110461013614195,21.082072286629952,-138.9375999405782,4.087701996771108,31.2547319682198,10.993679,,13.614284,1.8369718,1.5868498,False,False,Unexplained Astrometric Tension (High Priority)
3113099227947062656,105.31473114627724,0.8778933836012281,31.24846137208316,-7.151490011984024,-104.17246624304865,15.840420168356143,11.329303,3248.1406,12.48686,2.0924227,1.5867522,False,False,Unexplained Astrometric Tension (High Priority)
2592744591203858304,22.807032572455764,16.90018920634647,28.21603832269724,0.4421882561282704,-126.2690491036264,21.21411598287908,12.421003,,13.300035,1.9017873,1.5865184,False,False,Unexplained Astrometric Tension (High Priority)
3838205087508630528,139.4505425703654,-3.277775676003425,24.947106043925043,-175.23658892509917,-79.81149259593788,36.589614672766125,14.772616,,12.382328,2.1093388,1.5854703,False,False,Faint Star Noise Suspect (G > 14.5)
1357275228213134464,250.56182978760768,41.99403654071441,26.46683530186061,-121.45637526258623,-271.9618189966608,53.34793673347487,13.622042,,13.850805,1.7792033,1.5853955,False,True,NSS Acceleration (PMa / Unseen Companion)
2393504773489279232,351.0463741615646,-17.76436094815798,43.88121418773838,-164.40310241836005,-87.2107750510707,20.10456662568807,11.0271635,,12.232616,2.1461449,1.5852981,False,False,Unexplained Astrometric Tension (High Priority)
4423007800173036544,236.8120142223106,1.8224806276085697,55.69354078444281,-213.41821720539463,-65.4039450906271,18.99941708011888,14.450013,,10.027137,2.8351083,1.5849545,False,False,Unexplained Astrometric Tension (High Priority)
5432546322733015808,144.6694045381292,-39.61433934775476,23.047117455303628,-41.40227587800739,-35.19381014682729,11.176821795059867,6.6554065,,11.854817,2.238717,1.5842679,False,False,Unexplained Astrometric Tension (High Priority)
3895459681624709504,182.008680686525,6.3375789261754685,20.055893130033056,-27.750374405593508,-58.719266923148055,15.350923785562069,9.099756,,13.678175,1.7987354,1.58299,False,False,Unexplained Astrometric Tension (High Priority)
4130977099522868736,249.33854599519807,-20.06172577673989,23.57794156366452,-80.19640794059744,-97.65090469670714,25.40559645110966,10.676437,,13.92754,1.7453138,1.5824664,True,False,Known NSS Orbit (Binary/Multiple)
2287506148856660992,355.2401576922941,82.8719406046139,50.51330123157782,-34.67192320184189,-20.255525445174783,3.768390433054359,8.021398,,12.1528635,2.145582,1.5823797,False,False,Unexplained Astrometric Tension (High Priority)
3845263368043470080,138.59168138850072,2.312888230104385,27.07038074089186,134.38578062598066,-322.1426382993846,61.124288407795305,3.8813465,,7.534457,4.072026,1.5822334,False,False,Bright Star Artifact Suspect (G < 6)
2693125982730064640,320.582936782856,4.443292752098095,22.920624868585385,-15.216199948719652,-81.13897283956469,17.073791404130525,12.161351,,14.316524,1.6673429,1.5819163,False,False,Unexplained Astrometric Tension (High Priority)
170457601190857728,60.28192487777339,33.195790698867306,22.74348256348203,125.17977971723327,-73.03399143649204,30.207503381421308,9.483366,,13.391308,1.8504659,1.5817387,True,False,Known NSS Orbit (Binary/Multiple)
5796872867857567616,224.007345163538,-72.66213351100447,29.528391204889083,-148.11505796492307,-146.40217038392808,33.43371748300566,13.810913,,12.75213,1.9918834,1.5815274,False,False,Unexplained Astrometric Tension (High Priority)
6748143424525465984,298.522748887162,-32.003984167733925,24.111337376288407,-140.44198095563613,-114.36090418655232,35.60841890007141,9.789056,,12.942229,1.947812,1.5815089,False,True,NSS Acceleration (PMa / Unseen Companion)
4805243259404635264,87.48749524873871,-39.54598858803538,20.38518153841588,61.151498257339554,-107.81599858181671,28.824121188054846,12.064224,,10.2133465,2.7307954,1.5809695,False,False,Unexplained Astrometric Tension (High Priority)
1451197916638959872,209.7176918251189,27.87062339863821,51.63747209760398,26.20385857031978,0.1411247787753402,2.4056252537405216,11.839533,,11.955949,2.1804497,1.5800726,False,False,Unexplained Astrometric Tension (High Priority)
5928485921565860864,249.27143078301123,-56.55714956516404,24.03297272986796,-108.73076051932576,-177.83080511179648,41.113994654361015,9.023871,5130.977,12.865648,1.9519603,1.5795422,True,False,Known NSS Orbit (Binary/Multiple)
5210486514842701056,121.21528964107031,-76.56954540849378,21.11546285191459,-107.804661736921,-455.8928417157663,105.1716315257704,11.655048,,13.692743,1.7725422,1.5793686,False,True,NSS Acceleration (PMa / Unseen Companion)
2357538717353755392,14.63240771322441,-17.624591335072168,22.92212841451241,-19.112145561344885,-22.384400421991145,6.087087074647728,12.2416525,,9.290909,3.0807066,1.5787935,False,False,Unexplained Astrometric Tension (High Priority)
373707582624517248,18.85598549877368,44.18080846880695,21.755140353505897,175.7455186183944,-61.4929510136388,40.57168965681216,14.486698,,6.243796,5.0716705,1.5787569,False,False,Unexplained Astrometric Tension (High Priority)
6575502708638975232,322.0087730085595,-46.46774038899327,21.965519205420847,-48.01585353513117,-88.94218390464493,21.8134998300962,11.924779,,13.149265,1.8829757,1.5787425,False,False,Unexplained Astrometric Tension (High Priority)
5843518239925459456,195.57143877146012,-71.5489615462354,37.38863264139122,263.7005052923015,-23.069019770614634,33.56203612927315,3.25495,,5.591848,5.778433,1.5786847,False,False,Bright Star Artifact Suspect (G < 6)
5127512041648672896,42.59701953898206,-21.078772145865464,31.72069367011288,218.20830676145903,102.27844341502848,36.01439486275831,11.930636,,12.255565,2.0831711,1.5773311,False,False,Unexplained Astrometric Tension (High Priority)
1841683423932168832,318.44188156209646,26.357563803579342,31.55559996498908,103.54687785594696,-378.9508658883709,59.015230687939045,14.622775,,11.455178,2.298025,1.5772557,True,False,Known NSS Orbit (Binary/Multiple)
5309282891664977920,145.5010548596149,-53.37620722036531,25.572083339089065,-162.07914097586638,33.527864535652554,30.68182293887288,12.971391,,8.780507,3.3005426,1.5770428,False,False,Unexplained Astrometric Tension (High Priority)
5390947154990629248,161.11498368508336,-43.547609618841854,30.204497562024,44.19481268559892,-79.87208310534042,14.326611066922968,12.920758,,10.673853,2.5335627,1.576534,False,False,Unexplained Astrometric Tension (High Priority)
835398287562006784,159.20241605295075,50.91686852379201,40.72950835068143,248.87347366169047,-199.64057121127155,37.13420242531665,13.001137,,12.715825,1.9643021,1.576267,False,False,Unexplained Astrometric Tension (High Priority)
3335618562971919616,88.56412515694382,9.532276540357522,21.87127265746461,-39.48575418264432,-15.72223992322199,9.211787798390434,10.074809,,14.053498,1.6805372,1.5760063,False,False,Unexplained Astrometric Tension (High Priority)
387989654552003200,11.12970518249818,44.57602770328926,20.739646272762347,33.37983447807443,-80.30704899328573,19.87831692697873,12.048058,,13.884445,1.7131674,1.5760051,True,False,Known NSS Orbit (Binary/Multiple)
894054862081534592,114.89842667112642,33.46183283119441,28.47305094656705,-151.37147344891207,-181.9404566639105,39.404162178956845,10.916538,,12.368442,2.0451057,1.5759174,False,False,Unexplained Astrometric Tension (High Priority)
1566676083851443584,197.31530673944388,58.574198852857485,22.63146756240301,-237.2721864562964,-219.97090126981524,67.7721886614968,9.454979,,13.093364,1.8759999,1.5758401,True,False,Known NSS Orbit (Binary/Multiple)
3532314252513733888,166.33198943163228,-27.293637874350004,22.531406579089364,-187.52448593290305,-3.0990537786791976,39.45939108880703,4.767822,,6.8477783,4.477069,1.5740979,False,False,Bright Star Artifact Suspect (G < 6)
5997977839551049216,239.71705924315103,-38.99825295714311,22.83511440670224,-23.87006210255617,-147.7360413934264,31.067099176235025,7.84567,5730.3086,11.166651,2.356871,1.5738575,True,False,Known NSS Orbit (Binary/Multiple)
5997977839551049216,239.71705924315103,-38.99825295714311,22.83511440670224,-23.87006210255617,-147.7360413934264,31.067099176235025,7.84567,5730.3086,11.166651,2.356871,1.5738575,True,False,Known NSS Orbit (Binary/Multiple)
6487710519092530816,358.1247919639412,-61.41002709051709,22.68128064825724,178.57278872725976,-817.9637262584695,174.98396296227034,14.528664,,13.072619,1.8673904,1.5738494,False,False,Faint Star Noise Suspect (G > 14.5)
6392352869207924224,342.6985235044084,-65.71381353792756,23.76008592706693,105.85287658668403,81.9938502685603,26.713892441489563,8.230862,,12.088849,2.0947366,1.5730087,True,False,Known NSS Orbit (Binary/Multiple)
5011312010694219392,26.39821608479836,-35.172062255598654,24.058850124235256,164.88187312351954,190.4527027725976,49.635297541031406,12.99091,,12.936606,1.891042,1.5728748,False,False,Unexplained Astrometric Tension (High Priority)
6280833734130138240,223.54287094068096,-20.69247815959228,43.189946111043234,-94.87293289129232,-291.94707209702824,33.69321674835017,13.661255,,11.136103,2.3504312,1.571834,False,False,Unexplained Astrometric Tension (High Priority)
1777019255313788928,334.2472761399256,18.39877880336912,20.276094794658693,-77.60490082186239,-87.09576546707689,27.273276753259417,11.328927,3589.5608,9.856674,2.7815485,1.5714002,True,False,Known NSS Orbit (Binary/Multiple)
3476422193822600192,186.75765348676697,-25.751235071565144,36.03930402695192,-281.1040727628598,-258.12020708490627,50.19883098628608,14.24185,,11.667215,2.194038,1.5713073,False,False,Unexplained Astrometric Tension (High Priority)
6006352372926246400,232.4182002299904,-38.54204717228383,32.762115557142394,-205.31811047202592,-194.79229769812392,40.95100320490012,13.0862255,,14.079754,1.6378047,1.5698378,True,False,Known NSS Orbit (Binary/Multiple)
1030570191425833984,127.88733437650838,54.288928287443206,20.52910085151988,-38.92372372024795,-202.10474994927927,47.52657915060801,14.262613,,13.611888,1.7266413,1.5695465,False,True,NSS Acceleration (PMa / Unseen Companion)
5744327241514202368,137.6931004854441,-7.485902087356926,28.256936084699696,24.84022516360939,-44.43050609002678,8.539628507069196,13.745091,,14.043552,1.6422098,1.5694443,False,False,Unexplained Astrometric Tension (High Priority)
4271120954685641728,275.4572347946761,-2.115987055822737,29.58375720402061,-86.63564630221599,-65.19552685634545,17.374063594674617,13.458469,,11.714612,2.1642425,1.5689976,False,False,Unexplained Astrometric Tension (High Priority)
4823476460727785728,76.09920834739316,-37.50570285904168,23.53032352428084,51.60259145145794,-37.93876656694572,12.903297950215103,13.000411,,13.454451,1.75151,1.5684371,False,False,Unexplained Astrometric Tension (High Priority)
4467824443887479552,270.7852161892121,1.4195639721097328,29.459434831201406,-85.11810905380081,-166.24280768456978,30.05357972801498,12.179983,,10.968161,2.3667486,1.5673445,False,False,Unexplained Astrometric Tension (High Priority)
2278587632086663808,314.5301950994882,76.81712205552769,20.07462570749193,258.93779874502667,345.77822207558086,102.01005642421968,13.303339,,13.974887,1.6412808,1.5671629,True,False,Known NSS Orbit (Binary/Multiple)
5752501178459544576,125.69863574211162,-9.125955075820064,22.726950051703948,-212.900941770768,193.65005803441923,60.02976174844485,10.376023,,12.683209,1.9095342,1.5670526,False,True,NSS Acceleration (PMa / Unseen Companion)
670216834655936128,118.7257197261927,19.234326463561374,49.24428961984943,95.0815927751756,-453.92975325352097,44.64557201676788,7.472892,,11.460389,2.2193298,1.5669649,True,False,Known NSS Orbit (Binary/Multiple)
670216834655936128,118.7257197261927,19.234326463561374,49.24428961984943,95.0815927751756,-453.92975325352097,44.64557201676788,7.472892,,11.460389,2.2193298,1.5669649,True,False,Known NSS Orbit (Binary/Multiple)
1427153899442271744,251.16516599533563,54.93966425825033,22.952928466623845,-94.02421317381273,-95.0579312875268,27.61374504525106,14.565017,,11.992504,2.069355,1.5659571,False,True,NSS Acceleration (PMa / Unseen Companion)
2967741488650812928,87.35671468280889,-17.974674525545545,33.29457100451824,138.12842348437457,-20.315985659583014,19.878262241110363,12.440421,,15.401742,1.3874589,1.5655057,False,False,Unexplained Astrometric Tension (High Priority)
4624526153873230720,71.88559051345844,-77.71666258605451,22.12564069489749,127.27524111901138,11.770307880989431,27.385376001337544,13.475027,,14.391734,1.5535804,1.5652627,False,False,Unexplained Astrometric Tension (High Priority)
1369929267019238144,238.15502031119692,33.25994761590353,31.22386214655385,-452.83903378523576,266.5527068472924,79.77717079994225,14.304525,,11.8882,2.088192,1.5648203,True,False,Known NSS Orbit (Binary/Multiple)
4506203756268609792,282.9985866318325,13.000294575166931,33.490967516993834,48.31391172527192,-149.70403494906216,22.26599500494675,10.866778,,12.545843,1.9249607,1.5646199,False,False,Unexplained Astrometric Tension (High Priority)
650345086129592192,123.6220170178822,13.11416730407056,24.50573964543704,-302.10090173903166,-168.22176792188745,66.88872688321865,11.863737,,10.029171,2.658561,1.5645754,False,False,Unexplained Astrometric Tension (High Priority)
2517912315148925696,30.512970177876323,3.943712646183637,28.921880587673567,-337.2817780937956,-321.22220182984495,76.34267882984616,12.411883,,11.931676,2.0655646,1.5632119,False,False,Unexplained Astrometric Tension (High Priority)
2288506631421723520,302.68153616962053,74.8810089188491,23.726042436884708,1.3108822005164456,-32.474253133225915,6.493649153519547,12.907644,,12.658056,1.8841884,1.5623907,False,True,NSS Acceleration (PMa / Unseen Companion)
2549050931124387456,11.307724871894935,0.2639506716073694,25.90155727636812,263.77733920021063,-45.52870915791088,48.99003044582412,13.1502695,,14.933194,1.4416741,1.5618404,False,False,Unexplained Astrometric Tension (High Priority)
463310461666948992,49.68192539369421,60.60585879684021,26.06893350477236,458.03064737691454,-383.3579505412045,108.61340056649918,12.197553,,13.196242,1.7624441,1.5617437,False,False,Unexplained Astrometric Tension (High Priority)
5871764831114179968,207.9153741179834,-57.43750429342162,30.64378593190456,-357.7639075343103,-416.5218262090122,84.93998070064208,7.7924604,,11.304525,2.2155995,1.5605142,False,False,Unexplained Astrometric Tension (High Priority)
6417114386463612032,295.0130610353198,-71.62665707268097,20.41123840720328,87.79253426727637,-174.49476646972442,45.36628297625457,11.235137,,12.581133,1.8882794,1.560359,True,False,Known NSS Orbit (Binary/Multiple)
3262668990124519680,49.33333423277851,-1.230460144849299,28.771767497427422,87.71743479333567,12.761581036286776,14.604575524910596,14.332379,,5.9948235,5.056442,1.559994,False,False,Unexplained Astrometric Tension (High Priority)
1525202642691151360,201.89896183291333,41.67193794027283,22.039066932941594,-181.75958548557625,-169.4073061556753,53.44354643382791,14.551555,,11.249448,2.227172,1.5599533,True,False,Known NSS Orbit (Binary/Multiple)
4012494070106667264,188.0824448083937,31.600890717109788,30.711981444027984,-421.0284053489628,215.9039286606365,73.0332549491559,12.0897455,,12.514943,1.9003445,1.5598785,False,False,Unexplained Astrometric Tension (High Priority)
2408787985115115648,350.6028720225036,-13.647255049211095,20.06281825168274,55.734835140793045,-131.91868965342124,33.83769565740628,14.5569,,12.706526,1.8554447,1.5597005,False,False,Faint Star Noise Suspect (G > 14.5)
3061783748969291008,111.36294910619914,-1.9890508490023189,25.19964856342837,-137.0681975117683,-52.79090272152117,27.6310885396511,9.739754,,13.096973,1.769619,1.5595909,True,False,Known NSS Orbit (Binary/Multiple)
1767343273816360192,326.4452059887411,13.404985542255908,23.405938696610384,-23.067709796642,-50.55041320817798,11.25372390369708,10.147664,,13.911607,1.603498,1.5589346,False,False,Unexplained Astrometric Tension (High Priority)
38929141191925760,60.18788343489715,13.906261435698088,22.207221277727587,129.1616867319085,-14.793878260018896,27.75179598212772,13.338667,,14.231843,1.5444818,1.5588605,False,False,Unexplained Astrometric Tension (High Priority)
803363981930350592,151.81815544423347,39.354768739905815,20.01154564465682,-38.92534699313895,-5.897322761423268,9.326123486065873,14.083398,,10.668278,2.3892164,1.5581936,False,False,Unexplained Astrometric Tension (High Priority)
1360829399550058496,263.5226457175258,44.7858100335904,35.56294756858757,-109.65224665391834,36.0195060992498,15.384819079394866,12.178724,,11.963974,2.0203414,1.5579315,False,False,Unexplained Astrometric Tension (High Priority)
561358895674283520,38.41801858148405,77.6678191370122,27.87498076433296,23.50414997533172,115.31349883716032,20.01364514467584,7.5108094,5547.633,10.863983,2.3191905,1.5570211,True,False,Known NSS Orbit (Binary/Multiple)
6556746796910473472,349.101676026194,-31.84346133014019,26.15811087927156,168.1988171415935,-276.82012352522656,58.70088222675125,13.556774,3002.655,14.854367,1.4269444,1.556914,False,False,Unexplained Astrometric Tension (High Priority)
5653063069125830016,133.83156827756443,-23.87057312949651,64.07682227187554,-566.8120925453887,26.75509116472693,41.98003837105636,12.374077,,12.037418,1.992824,1.5566146,False,False,Unexplained Astrometric Tension (High Priority)
2429776150261460224,5.413446634937429,-9.007855930507551,25.16387242927618,-182.7655766735681,-222.04293276713847,54.17679088509746,12.6617775,,11.957363,2.0099921,1.5562007,False,False,Unexplained Astrometric Tension (High Priority)
1637198450420211072,260.67249989511805,67.83859769911767,22.84635781529774,-241.6559366332268,300.91214805672075,80.07896131341974,12.544036,,12.509827,1.8745471,1.5558207,False,False,Unexplained Astrometric Tension (High Priority)
1275127175452240512,229.70729068792505,29.25176697690284,20.172573322460643,-73.82487261774618,-64.701725832466,23.06843200205384,11.681978,,10.680686,2.3624787,1.5552588,False,False,Unexplained Astrometric Tension (High Priority)
6164134146938406144,205.94519968985767,-35.40267735972814,37.53479134969504,63.106356049566855,385.4812360526069,49.33255782896752,11.060765,3511.951,12.881282,1.7855421,1.5548688,False,False,Unexplained Astrometric Tension (High Priority)
4601968126641385856,262.28783729928875,33.2713879859033,22.24866415262472,-73.0726598989494,-115.9230718712815,29.197085083813263,14.499391,,11.879391,2.0138447,1.553915,False,False,Unexplained Astrometric Tension (High Priority)
1648484868558988544,250.0827910688673,67.60294000951913,69.82066562861976,-273.269969202781,365.3098970480621,30.974368533947843,13.551671,,9.794354,2.6547146,1.5538292,False,False,Unexplained Astrometric Tension (High Priority)
4438645844823085952,247.1042290313127,6.133852453867069,23.85042359424462,-106.8437856150816,-65.78232030291665,24.93835409621118,13.346865,,6.003387,4.9620676,1.5537932,False,False,Unexplained Astrometric Tension (High Priority)
4711552774088958208,28.232022160013145,-63.491673654552365,28.368861632606865,132.41889669672156,7.702978005087992,22.16475945074893,14.001795,,5.746044,5.2194114,1.5531182,False,False,Unexplained Astrometric Tension (High Priority)
2162317953952277760,316.53624531787096,43.91961210471066,23.40367119458486,-44.57867935293663,-222.87804794722447,46.03864466637683,12.721373,,12.755401,1.7917156,1.5515652,False,False,Unexplained Astrometric Tension (High Priority)
1999883630848466304,334.0044766283057,49.14585102457056,35.32532893541289,-53.84194018430977,-35.1282901259984,8.627109917345875,13.942972,,12.419193,1.8672088,1.5515528,True,False,Known NSS Orbit (Binary/Multiple)
244808226728958848,56.20563144888352,46.0352908572648,40.32748827560923,339.3010028246691,-113.70483373333596,42.0645972508022,7.480358,,11.592656,2.0689785,1.5511768,False,False,Unexplained Astrometric Tension (High Priority)
921478434424926208,121.26280115121229,41.35598204565183,36.235003032048894,-344.387797617356,-201.17315312922352,52.178566716973314,13.942378,,11.392497,2.1201098,1.5507889,False,False,Unexplained Astrometric Tension (High Priority)
4063811988637931904,268.72572828931925,-26.8286705536448,31.797325259553894,42.511847462743525,-104.29182862215492,16.790346576746867,9.802924,,11.581348,2.0687563,1.5507215,False,False,Unexplained Astrometric Tension (High Priority)
6326190169323093760,223.1358050977086,-9.763802400468434,37.842921853461775,-302.0048556062061,-136.96445872397112,41.53998564415995,14.548069,,11.756508,2.0090313,1.548705,False,False,Faint Star Noise Suspect (G > 14.5)
6053667446352010112,189.0697485757739,-63.08386033207107,25.968590392885844,-125.74687107901634,-29.23749367951789,23.56693658059504,12.467961,,12.939071,1.729745,1.5480251,False,False,Unexplained Astrometric Tension (High Priority)
6547730797267255424,343.29959262635253,-37.83955810338186,20.25426948893282,114.38350991866216,-63.95119971009545,30.67130424834833,9.12669,,13.28706,1.657064,1.5478309,False,False,Unexplained Astrometric Tension (High Priority)
1515952176488267008,194.4162268442162,35.22441778572237,56.11070438680185,-277.6477991704464,-107.82614199088584,25.163651689047303,9.7722025,,10.599396,2.3147295,1.5457292,False,False,Unexplained Astrometric Tension (High Priority)
5537446226017231360,118.6515845847226,-39.83552906675606,20.236950660757586,-74.894974019794,86.30267169076811,26.76731572283044,13.892512,,13.676929,1.5676734,1.5455284,False,False,Unexplained Astrometric Tension (High Priority)
2635679803009267840,346.83297070040965,-4.259015445216363,48.35580209112499,33.20907548971713,21.56029155174049,3.881528221092838,10.01755,,12.652583,1.7733853,1.5451894,False,False,Unexplained Astrometric Tension (High Priority)
3241515069305344640,77.81534721614264,6.578586278586135,23.07547328120816,95.36387195612744,-86.43171954400393,26.44007645546014,12.875473,,13.0299015,1.686545,1.5441352,False,False,Unexplained Astrometric Tension (High Priority)
5684146705223059456,147.8491930485128,-17.739557755539053,32.08204563690039,424.81851556769806,130.90746421467827,65.68422815769249,10.940806,3307.2942,12.762037,1.7423525,1.5440433,False,False,Unexplained Astrometric Tension (High Priority)
2067948245320365184,308.21423778614803,41.9004943939358,45.74851918537352,-157.00752447215945,451.8265322760054,49.56453337236154,6.8316164,4991.622,11.774998,1.9695988,1.5436586,True,False,Known NSS Orbit (Binary/Multiple)
4753670769581963904,45.19309347201008,-46.896023033532245,28.81252538138486,712.8271980107861,288.4823605952462,126.52036222934488,14.960334,,10.678091,2.2733734,1.5434892,False,False,Faint Star Noise Suspect (G > 14.5)
5432719117856413696,145.39276384520167,-38.49632441910016,20.26160994074609,-201.75321144941103,76.76188283417503,50.503937878799725,8.003019,5742.398,10.551225,2.2907956,1.5406039,True,False,Known NSS Orbit (Binary/Multiple)
4780401443441735168,61.87273873790832,-52.57248367150858,29.72007452627104,155.90839644500966,-232.13729743461352,44.60272832397549,8.219992,,11.588854,1.9946977,1.5403935,False,False,Unexplained Astrometric Tension (High Priority)
6916734905368878080,313.31196742055806,-2.356033533965961,29.19503076827601,194.78618035073703,10.704331585691229,31.67563988000368,12.06226,,5.894487,4.887684,1.5403905,False,False,Unexplained Astrometric Tension (High Priority)
5240172091870983680,166.990361070097,-64.95586207248121,20.305043414891063,-154.24500743807232,21.68522705500485,36.36459316653187,8.955353,,12.05107,1.8757168,1.5397717,False,False,Unexplained Astrometric Tension (High Priority)
2237179062115406720,300.1332586236798,59.35831774938978,29.04616011540583,115.56302110223372,64.94891019711736,21.63504311387687,13.312127,,11.538622,2.0027332,1.5396707,False,False,Unexplained Astrometric Tension (High Priority)
6293464786270141440,206.0556646144828,-18.118862430468795,23.20522261832528,-44.868868292301656,-326.5710242906696,67.34017012072908,13.005995,,12.359403,1.7997469,1.5391163,False,False,Unexplained Astrometric Tension (High Priority)
112402940567232896,46.49239370159505,26.000644131314264,34.257501922985035,-169.7239503820541,-378.73141707185147,57.42981163444355,14.435533,,11.205745,2.0877235,1.5390792,True,False,Known NSS Orbit (Binary/Multiple)
4224926932139299840,309.1833932131571,-2.6886706179474125,24.45645550516947,397.68706677744586,17.798446261640038,77.16206942969652,11.353507,,11.555527,1.993249,1.5389326,False,False,Unexplained Astrometric Tension (High Priority)
710847946829074944,127.0856416539436,33.04144091081089,23.674668238086504,-64.50346422451332,-278.6793111906333,57.276281678829896,13.287576,,13.277707,1.6040008,1.5387642,False,True,NSS Acceleration (PMa / Unseen Companion)
6730759011817912320,283.8291087091082,-37.499932388490485,38.06534557437838,131.99379089110488,-355.99177447485346,47.28274934348759,7.7138214,4949.2354,11.268577,2.0673277,1.5386292,True,False,Known NSS Orbit (Binary/Multiple)
391754691605326208,7.554068983594905,50.4774252346465,22.133026790635213,258.0783213024249,-30.369145439756974,55.656817811398895,14.038836,,13.037074,1.6485246,1.5381842,False,True,NSS Acceleration (PMa / Unseen Companion)
836220138144316928,164.94610929576658,51.402596874395904,22.17892432044228,4.397355336166855,-102.3686941625374,21.90021622105337,12.890698,,10.438196,2.3003786,1.5371892,False,False,Unexplained Astrometric Tension (High Priority)
1561069296104659072,208.909732025732,53.03358581307272,22.67426934003681,-150.521652531594,67.09284601043487,34.45392748346544,13.404353,,14.953859,1.3036195,1.537164,False,False,Unexplained Astrometric Tension (High Priority)
2212083155887912576,347.5250057912397,66.69762707950026,29.694620411894302,-35.42477264674508,-106.96440535226928,17.987971350652707,12.92067,,11.388379,2.023354,1.536951,False,False,Unexplained Astrometric Tension (High Priority)
5225025597617811968,174.31281093850325,-75.89654946383399,22.6008692440854,-129.61185395626626,-3.637209942141376,27.19643114452256,5.5532355,,8.563678,3.0096087,1.5357623,True,False,Known NSS Orbit (Binary/Multiple)
943700316040210048,102.20486230886532,37.14619691211635,26.00384810484701,-190.4914060413117,-3.380891143144108,34.7318214811792,12.379702,,12.901814,1.6590296,1.5353739,False,False,Unexplained Astrometric Tension (High Priority)
380142611863228928,6.512002801673589,39.78997717816968,25.610150246139128,219.1424185757016,21.893864302572304,40.76546653383313,14.248305,,11.743912,1.9148788,1.5344332,False,False,Unexplained Astrometric Tension (High Priority)
278138031939130624,67.15352375717987,56.42069552929109,37.13307278074278,90.8248730755904,77.96429546825513,15.28083443255286,8.759044,,12.204762,1.8015498,1.5339277,True,False,Known NSS Orbit (Binary/Multiple)
527956488340229632,8.14303081725879,67.23432836058251,101.08642729912918,1748.3189457862784,-347.5892927945718,83.59245115732305,9.566636,,5.8858223,4.802143,1.5333955,False,False,Unexplained Astrometric Tension (High Priority)
869858184565864832,110.79919147156534,24.15756533998042,24.57420888354931,-52.530333059108,-128.33278081959048,26.749597643050446,11.843532,,12.813548,1.6622015,1.5329102,False,False,Unexplained Astrometric Tension (High Priority)
2316426946798199424,4.316620530534828,-32.33168744831069,33.87929401585437,210.5383702658264,-15.292745385358812,29.536632137628644,14.032,,12.103103,1.8162963,1.5325751,False,False,Unexplained Astrometric Tension (High Priority)
705250676730570368,132.25214780141587,28.997169805072083,26.579817789022943,-99.0072335850293,-74.3131907701692,22.078419532138746,14.469705,,11.064652,2.0787225,1.5323083,False,False,Unexplained Astrometric Tension (High Priority)
2131364330800527872,285.6318026910204,47.042874039878,26.558282932153524,79.1637606073752,54.02414980758273,17.106967907036484,13.305207,,10.047692,2.383441,1.531425,False,False,Unexplained Astrometric Tension (High Priority)
2851912955185211136,355.8112514250675,23.610564311345883,28.312775229428947,38.34579782853047,180.392364357998,30.87832995861435,14.45832,,11.066967,2.0710568,1.5313165,False,False,Unexplained Astrometric Tension (High Priority)
2823757279896577920,351.549981066738,17.001930136841423,46.174969545132335,125.90979266029574,-43.93297606249699,13.690583769344212,12.607367,,9.727168,2.4920306,1.5310645,False,False,Unexplained Astrometric Tension (High Priority)
3844632759469347584,142.71170695463192,2.45597094978029,45.27857869074216,-29.19950116140216,84.03364167645394,9.31394947858805,12.390023,,11.692141,1.8996025,1.5302324,False,False,Unexplained Astrometric Tension (High Priority)
4548267738224232448,259.5934943638732,18.14789454256117,47.04697992465934,-19.56997760117193,-243.73263511451628,24.6376213908823,12.058157,,9.515096,2.5623796,1.5301533,False,False,Unexplained Astrometric Tension (High Priority)
3837598913004243456,140.71941338595323,-2.788581802481113,24.544217423534537,-41.65869432465209,19.6880699274544,8.899263248806552,13.699484,,13.688883,1.4757948,1.5300827,False,False,Unexplained Astrometric Tension (High Priority)
1931708859034495488,347.61220703892667,43.54339487364322,35.55179809220367,-211.68913791329368,-144.5354509771659,34.17840014554472,5.7871304,6305.054,10.054698,2.3634036,1.5291481,False,False,Bright Star Artifact Suspect (G < 6)
691107693022103168,131.34565813891294,26.02485430332404,20.515650521381925,131.43293753691765,-189.1447987036233,53.220668662860014,11.932165,,12.261155,1.7545496,1.528582,False,False,Unexplained Astrometric Tension (High Priority)
1743167182082283136,318.4365391343176,8.769184518012592,38.41398174084111,151.07618118660545,-94.6147033450725,21.99790793497937,11.180425,,10.8854265,2.1003368,1.5282543,False,False,Unexplained Astrometric Tension (High Priority)
4558734161209124352,254.5732366441662,17.642751339602995,29.485384184897697,98.69173819804342,-67.66789175414569,19.23849071543664,13.215676,,14.5425825,1.3200109,1.5281315,False,False,Unexplained Astrometric Tension (High Priority)
4994200964065634432,8.893385969543834,-39.747034598098665,34.159820902652925,115.79577298957244,-166.7442249226305,28.1721006300146,7.2669106,,10.952907,2.0772078,1.5276862,True,False,Known NSS Orbit (Binary/Multiple)
4994200964065634432,8.893385969543834,-39.747034598098665,34.159820902652925,115.79577298957244,-166.7442249226305,28.1721006300146,7.2669106,,10.952907,2.0772078,1.5276862,True,False,Known NSS Orbit (Binary/Multiple)
4964990204291905792,33.21247765141461,-37.30466123378107,26.77057179441923,-29.45411490315239,-97.83741712744528,18.092886967939297,13.459178,,13.096264,1.5713527,1.5273091,False,False,Unexplained Astrometric Tension (High Priority)
3615122115332566016,211.6563341996564,-9.08224525314916,22.310525100925982,4.005788249439891,-136.97683994207364,29.116849674553944,14.152599,,11.537576,1.9146283,1.5266978,False,False,Unexplained Astrometric Tension (High Priority)
802677749236996224,153.7998022366454,39.5382016944974,36.60204366985962,48.547734454329,139.9528548899085,19.18539914926446,10.04568,,11.899105,1.8259978,1.5266862,False,False,Unexplained Astrometric Tension (High Priority)
5513998895734764544,120.35464513380109,-50.57406761072302,29.76258924255889,-48.45720606769312,-3.8140780910212673,7.741947187031861,14.108066,,11.248531,1.987972,1.5264723,False,False,Unexplained Astrometric Tension (High Priority)
2855743172658367360,6.016507609831263,26.44135299222926,26.037556802745428,141.78407104251576,-54.48600175041094,27.65404025143594,13.291309,,12.394174,1.7076554,1.525811,False,False,Unexplained Astrometric Tension (High Priority)
6310405202437746048,222.7068193518724,-14.913846282043652,23.51447064341617,-135.64508464657808,-70.64304151530325,30.831990946363764,10.976339,,14.089938,1.3797666,1.5254434,True,False,Known NSS Orbit (Binary/Multiple)
1363387860027419776,269.8253644334081,49.03798152615365,20.74207662408234,11.977964203578356,335.3506507524246,76.69113620750743,11.381252,,9.826955,2.411982,1.5254257,False,False,Unexplained Astrometric Tension (High Priority)
3406917219108423808,72.84398461826676,18.839698327208737,26.12212171857717,82.31875692430481,-35.74312033188596,16.28611041881802,5.033988,7543.088,6.7581897,3.9535594,1.5247477,True,False,Known NSS Orbit (Binary/Multiple)
6465741903107929472,324.64779800999383,-50.85318667794854,22.08772464925218,99.55591816403177,-60.36741133747107,24.987906867023195,13.917711,,12.008793,1.7867037,1.5245901,False,False,Unexplained Astrometric Tension (High Priority)
2913411183147100416,93.43901141965836,-23.86821581115909,59.37698131388076,-36.86511346756322,124.76258465358012,10.38638171425393,11.461941,,5.9532385,4.6035724,1.5232183,False,False,Unexplained Astrometric Tension (High Priority)
4387241236679196160,260.84415242777646,2.241636840825919,32.34484262921696,76.39422138902104,-35.50532676248039,12.346525144314048,12.89631,,11.791881,1.8146324,1.5210047,False,False,Unexplained Astrometric Tension (High Priority)
1667339740628349056,217.0652199484351,63.82098805278982,26.45621231054509,-144.1207522292212,191.5418944916361,42.95098240591497,13.337545,,14.747394,1.2503259,1.5209607,False,False,Unexplained Astrometric Tension (High Priority)
5068036605844590976,34.27104630293779,-30.106165473327536,43.09751000861174,47.89476015692742,-23.788489517626303,5.882163281089704,13.758472,,12.217729,1.7162031,1.5209527,False,True,NSS Acceleration (PMa / Unseen Companion)
4495567939749335424,270.50645109417167,12.42159841873906,34.78233012408422,38.89233616673738,3.795628320717496,5.32580398978667,11.830097,,11.827883,1.8053788,1.5208985,False,False,Unexplained Astrometric Tension (High Priority)
5840649029966569088,204.0263212652228,-71.73768853382717,21.81437629227569,-61.30428720820467,-42.65294879181946,16.229232780049543,10.032524,4461.1807,13.307476,1.4894414,1.5201976,True,False,Known NSS Orbit (Binary/Multiple)
3200172336885472896,69.51021039142073,-5.937864284342334,27.15440225116149,-62.84173966211674,-182.40502125219572,33.68009313260749,12.897624,,10.878632,2.0408487,1.519569,False,False,Unexplained Astrometric Tension (High Priority)
6562104510915442944,323.7082876647428,-49.79358815763508,24.286124643133,-585.513132745562,-116.09877545307964,116.51286182195174,7.9706306,5690.4893,10.456601,2.1610835,1.5192266,False,False,Unexplained Astrometric Tension (High Priority)
411413822074322432,17.094749861202942,54.91320397755905,130.28806976927032,3468.251393146748,-1564.8444473117734,138.44064924341106,4.9480124,,6.9658175,3.7400494,1.518755,False,False,Bright Star Artifact Suspect (G < 6)
178010009119238144,67.74977744640249,36.79851783382173,24.530738728670016,-58.056753810506,-24.73932689535235,12.195377916616035,12.805269,,11.844972,1.7822927,1.5179368,False,False,Unexplained Astrometric Tension (High Priority)
2728129004119806464,330.2405815746453,11.27320138568036,34.71765240427829,135.22885297761962,-41.68822628277447,19.32211278869676,11.687196,,11.650709,1.8285304,1.5179132,True,False,Known NSS Orbit (Binary/Multiple)
5367095178669583360,159.93892867591757,-44.5109041219751,53.23991279177908,-43.04090623659969,-143.4388431178582,13.334348503077177,10.696127,,11.894823,1.7651273,1.5170732,False,False,Unexplained Astrometric Tension (High Priority)
5726415887862017536,123.28415933113844,-13.918925645441798,46.5585568065759,-236.8383350458828,-438.38257092311375,50.73240842975638,9.222417,,7.306224,3.5001318,1.5169182,False,False,Unexplained Astrometric Tension (High Priority)
4439488551764956800,246.4552073324093,6.724416039292047,29.85103615908493,67.0520392026192,27.89495810771257,11.532842561941898,12.799999,,12.237435,1.6830215,1.5163145,False,False,Unexplained Astrometric Tension (High Priority)
2163241131400091776,312.7290262108133,45.0595666483951,24.073101697330923,-27.192656245281302,-99.3898580225404,20.29113329740013,13.576368,,6.7516117,3.8515592,1.5152888,False,False,Unexplained Astrometric Tension (High Priority)
3413223227530503168,73.19853255933324,22.64707023101858,20.901164236073424,71.04557845721568,-41.37851538485168,18.64718220155162,10.960711,4342.856,12.180523,1.6882118,1.5151294,False,True,NSS Acceleration (PMa / Unseen Companion)
1337526655053519616,261.17631931194893,38.03534670908006,21.56010522031023,-80.67506527515444,-205.0887453915024,48.45671296898192,7.9189067,5210.208,10.504888,2.1155217,1.5149221,False,False,Unexplained Astrometric Tension (High Priority)
6832480291404495360,317.52460350528327,-20.039898513330908,22.851517006382508,-160.7291702120001,-80.35962113842515,37.27783746458076,11.815538,3854.341,12.680531,1.5745919,1.5138458,False,False,Unexplained Astrometric Tension (High Priority)
1805165790919302272,304.7880057151259,14.63633753240948,29.8978992682663,-88.83539877003425,-331.725201804396,54.450142781249816,14.646247,,10.46484,2.1171474,1.51349,False,False,Faint Star Noise Suspect (G > 14.5)
6644254522186867072,286.335153113743,-54.57949022537228,30.3986113180361,65.98715988572333,-196.84730260377728,32.37592926989063,12.152426,,11.685215,1.7892079,1.5131176,False,False,Unexplained Astrometric Tension (High Priority)
1300223047317436544,250.4928300704481,24.61299319307368,20.08827075724212,-52.00637218006407,-72.34130059403537,21.024824840293537,14.841781,,10.780915,2.0202856,1.5127037,False,False,Faint Star Noise Suspect (G > 14.5)
4644134187114983168,38.28050115511076,-72.44430642581217,20.02592375294748,-91.61750303457764,40.03141547370495,23.66726502485184,11.88314,,12.024302,1.7072057,1.5125811,False,False,Unexplained Astrometric Tension (High Priority)
6348896420171155840,321.14382731877976,-80.35284427651746,30.258200047427326,-119.13671496178996,61.7541163596566,21.023282945023603,14.161454,,11.125886,1.9196942,1.511672,False,False,Unexplained Astrometric Tension (High Priority)
134723610725506816,40.530614789596896,34.0349829592105,23.990958779302048,277.5034618297744,83.20967727002525,57.24501059959091,12.361942,3191.1292,13.360707,1.4184974,1.5093751,False,False,Unexplained Astrometric Tension (High Priority)
6142187585610605440,194.8862751280448,-38.22045224371882,24.634036091201867,-94.42880345649723,-57.580742487916126,21.283380814362182,9.06671,4571.8237,13.919008,1.3208966,1.5092641,False,False,Unexplained Astrometric Tension (High Priority)
6218244378325611264,223.8170838617948,-29.528105824041752,22.16639471766088,-198.60317072034843,133.99219269252703,51.23555178239051,8.238297,5571.5063,11.432065,1.8248748,1.5091239,False,False,Unexplained Astrometric Tension (High Priority)
464891250151058816,43.32831375560669,60.85286669824238,25.17758117633616,118.24497408515616,-89.4453308509085,27.915433020675607,8.778883,4446.0566,12.008873,1.6831667,1.5081499,True,False,Known NSS Orbit (Binary/Multiple)
6244076338858859776,241.4200667195948,-20.451590988534043,55.88087716773176,295.0102774000705,-351.0957653132113,38.90246329150214,7.0510297,,12.704831,1.5358906,1.5080993,True,False,Known NSS Orbit (Binary/Multiple)
1029276134960938112,132.709233493796,52.89569338747815,32.31184173118094,-226.276623832656,-114.32382524707694,37.19352828197345,14.075869,,5.3665137,4.99974,1.5078247,False,False,Unexplained Astrometric Tension (High Priority)
2425675006249455744,8.907769218928266,-10.07210046541869,33.79276736563786,-187.403048743569,-68.15174005641317,27.97343168460601,10.872495,,12.063589,1.6645391,1.5070987,False,False,Unexplained Astrometric Tension (High Priority)
3340966243931480448,82.21556469806153,12.549879790978824,33.7879230570355,98.29544637508464,-209.90922684876472,32.5194793886981,6.5970173,,10.074836,2.188674,1.5068481,True,False,Known NSS Orbit (Binary/Multiple)
3340966243931480448,82.21556469806153,12.549879790978824,33.7879230570355,98.29544637508464,-209.90922684876472,32.5194793886981,6.5970173,,10.074836,2.188674,1.5068481,True,False,Known NSS Orbit (Binary/Multiple)
5371178008948697216,178.99721721346296,-49.148795056054766,25.409317929105818,104.44367702596882,61.4273925489457,22.60570933498921,13.33591,,13.282862,1.409992,1.5053072,False,False,Unexplained Astrometric Tension (High Priority)
4077007051576855296,276.8271430659885,-25.074138370090388,23.714005389993687,-81.9826981494216,-190.76784996656272,41.507187495729646,10.482788,,10.884747,1.9336005,1.5042193,True,False,Known NSS Orbit (Binary/Multiple)
4647117200813581184,41.90267806550199,-68.60494825908788,29.212206790830923,23.01640058923628,54.55625878859947,9.608855605498348,12.954732,,7.730942,3.1297941,1.5041609,False,False,Unexplained Astrometric Tension (High Priority)
3569106488558337792,182.8447763229335,-16.791029712251444,28.314107400478864,-152.76505070637978,-50.739176041925326,26.95043936952344,6.9104433,5464.108,10.729565,1.9694701,1.5032611,True,False,Known NSS Orbit (Binary/Multiple)
3569106488558337792,182.8447763229335,-16.791029712251444,28.314107400478864,-152.76505070637978,-50.739176041925326,26.95043936952344,6.9104433,5464.108,10.729565,1.9694701,1.5032611,True,False,Known NSS Orbit (Binary/Multiple)
3311038666998173184,65.84974595899124,14.427849817287893,21.16004577091608,110.94351874539676,-21.13552582176292,25.30160125451465,13.543492,,12.498561,1.5418001,1.5020014,True,False,Known NSS Orbit (Binary/Multiple)
2768404669096691072,3.127755168130869,14.563214418819324,22.66627741141855,332.20749092983493,-82.86410806277016,71.60731579158339,8.20587,,10.646879,1.9831207,1.501893,False,False,Unexplained Astrometric Tension (High Priority)
6037514800213601024,244.88178518592625,-30.90173450107813,25.534480334787187,69.12495093887371,27.71608902591541,13.826159267923968,6.9814787,5957.7676,11.4531765,1.7700944,1.5014205,False,False,Unexplained Astrometric Tension (High Priority)
19523203341631104,36.80468012857784,7.277781994179491,38.41185518720017,-137.4486498528588,-9.660413254243997,17.00460795725269,14.941331,,8.691292,2.6482916,1.501174,False,False,Faint Star Noise Suspect (G > 14.5)
3778316853807082368,159.24785967077912,-3.6639992591121753,22.25850854620888,-105.04911284920678,-14.40082382589544,22.58190883419793,12.999135,,12.039438,1.6307243,1.5006816,False,False,Unexplained Astrometric Tension (High Priority)
3310876802567157248,66.85605547720428,14.260578556388577,20.42227991360521,102.45836199187342,-19.956020786554035,24.229804075099587,10.026131,,12.669773,1.4993907,1.500603,False,False,Unexplained Astrometric Tension (High Priority)
2256424295168950784,278.53441942761395,64.64104847614013,20.54921714713305,1.3361640888833932,55.2223517576012,12.742895180290777,14.729136,,9.779876,2.235406,1.500262,True,False,Known NSS Orbit (Binary/Multiple)
286293109680203008,81.48167755795056,61.78315409384069,22.86657287696996,198.9619076081176,12.595801650762644,41.329372722985084,8.831804,4607.949,12.425741,1.546362,1.5002425,True,False,Known NSS Orbit (Binary/Multiple)
286293109680203008,81.48167755795056,61.78315409384069,22.86657287696996,198.9619076081176,12.595801650762644,41.329372722985084,8.831804,4607.949,12.425741,1.546362,1.5002425,True,False,Known NSS Orbit (Binary/Multiple)
5808631045204654336,247.96496123328257,-69.88685982053107,20.700142223428205,-82.32429037722486,-90.85064331742906,28.076557816983588,11.268055,,11.277305,1.805003,1.5001386,True,False,Known NSS Orbit (Binary/Multiple)
6618165821380235136,331.8063959196959,-28.97415228129556,20.311283648127816,51.12163930544537,85.86571527620097,23.323153581168047,11.781177,,12.161729,1.5991765,1.499831,False,False,Unexplained Astrometric Tension (High Priority)
3741943497332221696,205.3815632414569,14.824343537187817,30.17053083883103,-254.6900521600038,44.49825626695543,40.62372965620186,11.2088375,,10.5011215,2.010156,1.4998248,False,False,Unexplained Astrometric Tension (High Priority)
2447037623824546432,355.7545420328519,-4.226652803540473,25.099751282794504,-57.66404521503891,-38.35814797371012,13.080180565595898,14.527222,,11.0903845,1.849867,1.4997711,False,False,Faint Star Noise Suspect (G > 14.5)
1930311826431953280,345.5789272021171,41.07334820396659,32.09391304158632,326.6705851672584,79.91710230761208,49.67419400419711,14.058237,,11.601518,1.7155635,1.4983747,False,False,Unexplained Astrometric Tension (High Priority)
4946915263923114368,39.95061776441632,-42.89181762590397,22.56364869647251,118.79952691293867,-1.5213613465974158,24.961023711257106,4.685212,,5.3638144,4.872952,1.4983301,False,False,Bright Star Artifact Suspect (G < 6)
4889201864222580992,62.02270830461946,-27.525992187623338,22.571895870323083,5.291424876151799,80.30921411003993,16.902828690773756,13.31504,,8.081192,2.8967216,1.4981748,False,False,Unexplained Astrometric Tension (High Priority)
4160922397485244544,276.1954448795729,-6.34248604715106,23.77464260142188,18.248919122431463,-99.41346794503224,20.15343768891137,12.383219,,11.854296,1.656193,1.4981354,False,False,Unexplained Astrometric Tension (High Priority)
3285881020617685504,67.37587527906193,6.588024323959141,21.354276764924908,35.816323791203835,-2.3782064298029684,7.968431324569007,14.280668,,11.454859,1.7478753,1.4979868,False,False,Unexplained Astrometric Tension (High Priority)
1579090669641385856,197.07211742760288,59.3791926115348,28.86001698872859,111.97117364632912,-240.65864402469933,43.59915156534533,13.290445,,13.506881,1.3295213,1.4978217,False,True,NSS Acceleration (PMa / Unseen Companion)
5407005354810576256,151.89997640298574,-49.30801891893404,30.626064987654008,44.55066609744029,-50.90800179925493,10.471081756346978,14.38356,,6.288382,3.9978561,1.4973227,False,False,Unexplained Astrometric Tension (High Priority)
5114827800635337728,57.60200890497116,-11.874301945493672,29.143716886888,98.50556269916696,-11.796957910142774,16.137248466452803,12.663648,,12.206475,1.5744827,1.4972802,False,False,Unexplained Astrometric Tension (High Priority)
4175134448570791040,266.7413450888887,-6.209622566631945,20.892006297852845,-85.8656939240435,-126.29236964525938,34.65217359670458,8.053742,5545.3857,9.353385,2.3593116,1.4972191,True,False,Known NSS Orbit (Binary/Multiple)
4175134448570791040,266.7413450888887,-6.209622566631945,20.892006297852845,-85.8656939240435,-126.29236964525938,34.65217359670458,8.053742,5545.3857,9.353385,2.3593116,1.4972191,True,False,Known NSS Orbit (Binary/Multiple)
676195222974274432,124.72002590836254,21.450878126214537,28.79649697830741,-149.00201556114902,-26.1104977627937,24.90242419961166,14.174591,,5.084672,5.1767926,1.497026,False,False,Unexplained Astrometric Tension (High Priority)
422926945768252288,3.982618158535354,58.49411673101624,22.127453530262624,246.64075385374545,-7.904871966428136,52.86615756141197,12.7889,,12.611446,1.4895884,1.4968925,False,False,Unexplained Astrometric Tension (High Priority)
3177244255271333248,64.17415197481765,-12.5554866180808,45.61506887039042,-29.903630543716226,198.25625787387736,20.83650413889055,11.269924,,11.443643,1.7402765,1.4963586,False,False,Unexplained Astrometric Tension (High Priority)
2853900872207888768,0.5466960564268589,27.07764869795461,81.17903537377352,716.4603207703668,-941.4971821960098,69.0875852951496,5.5958757,,8.978972,2.4912057,1.496202,False,False,Bright Star Artifact Suspect (G < 6)
6910053108781758976,312.77199038656624,-6.958429326016015,21.268599801495803,161.94907503876564,-59.078750060751794,38.42296211791119,10.993403,,11.883878,1.6372468,1.496109,True,False,Known NSS Orbit (Binary/Multiple)
3311162843092490496,65.96041133865042,14.921402707495972,25.659887528901287,113.94731001144052,-28.725636874633704,21.709516631996603,12.134732,,11.986289,1.6103075,1.4953763,False,False,Unexplained Astrometric Tension (High Priority)
5115590415026701184,56.69183774177128,-11.29457787383427,44.673534128227146,570.687107498148,115.01773486770983,61.77533538745828,11.617911,,10.406471,2.0046713,1.4951005,False,False,Unexplained Astrometric Tension (High Priority)
1035277338143630336,127.01627071312728,57.76611326703961,27.359013317006344,-116.01281479214464,-227.5684496213005,44.25875134247463,14.48084,,10.699716,1.9217999,1.4950227,False,False,Unexplained Astrometric Tension (High Priority)
6647630950597964544,271.1757534149812,-59.20980207622212,26.0379684791864,-199.68316801784863,-51.12485333029703,37.52692187667112,6.734609,,10.795394,1.8881406,1.4938569,True,False,Known NSS Orbit (Binary/Multiple)
3930289495572745472,194.89813593252617,14.430196413697766,21.782907297250016,-107.45348776048034,-14.153880960092913,23.5863837701719,12.9063425,,10.998691,1.8326819,1.4935387,False,False,Unexplained Astrometric Tension (High Priority)
6174863696796467968,205.1884768599373,-31.17168164403377,23.33981490541128,-247.15422086546883,-207.9160320101656,65.59879899840398,11.589803,,12.195238,1.554603,1.4935138,False,False,Unexplained Astrometric Tension (High Priority)
