alpha,beta,gamma,rho_norm,amp_baseline,amp_full
0.0,0.0,0.0,0.5,1.0,1.0
0.0,0.0,0.0,1.0,1.0,1.0
0.0,0.0,0.0,1.5,1.0,1.0
0.0,0.0,0.0,2.0,1.0,1.0
0.0,0.0,0.0,2.5,1.0,1.0
0.0,0.0,0.0,3.0,1.0,1.0
0.0,0.0,0.0,3.5,1.0,1.0
0.0,0.0,0.0,4.0,1.0,1.0
0.0,0.0,0.0,4.5,1.0,1.0
0.0,0.0,0.0,5.0,1.0,1.0
0.0,0.0,0.05,0.5,1.0,1.0225
0.0,0.0,0.05,1.0,1.0,1.045
0.0,0.0,0.05,1.5,1.0,1.0675000000000001
0.0,0.0,0.05,2.0,1.0,1.09
0.0,0.0,0.05,2.5,1.0,1.1125
0.0,0.0,0.05,3.0,1.0,1.135
0.0,0.0,0.05,3.5,1.0,1.1575
0.0,0.0,0.05,4.0,1.0,1.18
0.0,0.0,0.05,4.5,1.0,1.2025000000000001
0.0,0.0,0.05,5.0,1.0,1.225
0.0,0.0,0.1,0.5,1.0,1.045
0.0,0.0,0.1,1.0,1.0,1.09
0.0,0.0,0.1,1.5,1.0,1.135
0.0,0.0,0.1,2.0,1.0,1.18
0.0,0.0,0.1,2.5,1.0,1.225
0.0,0.0,0.1,3.0,1.0,1.27
0.0,0.0,0.1,3.5,1.0,1.315
0.0,0.0,0.1,4.0,1.0,1.36
0.0,0.0,0.1,4.5,1.0,1.405
0.0,0.0,0.1,5.0,1.0,1.45
0.0,0.0,0.15,0.5,1.0,1.0675
0.0,0.0,0.15,1.0,1.0,1.135
0.0,0.0,0.15,1.5,1.0,1.2025
0.0,0.0,0.15,2.0,1.0,1.27
0.0,0.0,0.15,2.5,1.0,1.3375
0.0,0.0,0.15,3.0,1.0,1.405
0.0,0.0,0.15,3.5,1.0,1.4725000000000001
0.0,0.0,0.15,4.0,1.0,1.54
0.0,0.0,0.15,4.5,1.0,1.6075
0.0,0.0,0.15,5.0,1.0,1.675
0.0,0.0,0.2,0.5,1.0,1.09
0.0,0.0,0.2,1.0,1.0,1.18
0.0,0.0,0.2,1.5,1.0,1.27
0.0,0.0,0.2,2.0,1.0,1.36
0.0,0.0,0.2,2.5,1.0,1.45
0.0,0.0,0.2,3.0,1.0,1.54
0.0,0.0,0.2,3.5,1.0,1.6300000000000001
0.0,0.0,0.2,4.0,1.0,1.7200000000000002
0.0,0.0,0.2,4.5,1.0,1.81
0.0,0.0,0.2,5.0,1.0,1.9
0.0,0.0,0.25,0.5,1.0,1.1125
0.0,0.0,0.25,1.0,1.0,1.225
0.0,0.0,0.25,1.5,1.0,1.3375
0.0,0.0,0.25,2.0,1.0,1.45
0.0,0.0,0.25,2.5,1.0,1.5625
0.0,0.0,0.25,3.0,1.0,1.675
0.0,0.0,0.25,3.5,1.0,1.7875
0.0,0.0,0.25,4.0,1.0,1.9
0.0,0.0,0.25,4.5,1.0,2.0125
0.0,0.0,0.25,5.0,1.0,2.125
0.0,0.0,0.3,0.5,1.0,1.135
0.0,0.0,0.3,1.0,1.0,1.27
0.0,0.0,0.3,1.5,1.0,1.405
0.0,0.0,0.3,2.0,1.0,1.54
0.0,0.0,0.3,2.5,1.0,1.675
0.0,0.0,0.3,3.0,1.0,1.81
0.0,0.0,0.3,3.5,1.0,1.945
0.0,0.0,0.3,4.0,1.0,2.08
0.0,0.0,0.3,4.5,1.0,2.215
0.0,0.0,0.3,5.0,1.0,2.35
0.0,0.0,0.35,0.5,1.0,1.1575
0.0,0.0,0.35,1.0,1.0,1.315
0.0,0.0,0.35,1.5,1.0,1.4725
0.0,0.0,0.35,2.0,1.0,1.63
0.0,0.0,0.35,2.5,1.0,1.7875
0.0,0.0,0.35,3.0,1.0,1.9449999999999998
0.0,0.0,0.35,3.5,1.0,2.1025
0.0,0.0,0.35,4.0,1.0,2.26
0.0,0.0,0.35,4.5,1.0,2.4175
0.0,0.0,0.35,5.0,1.0,2.575
0.0,0.0,0.4,0.5,1.0,1.18
0.0,0.0,0.4,1.0,1.0,1.36
0.0,0.0,0.4,1.5,1.0,1.54
0.0,0.0,0.4,2.0,1.0,1.7200000000000002
0.0,0.0,0.4,2.5,1.0,1.9
0.0,0.0,0.4,3.0,1.0,2.08
0.0,0.0,0.4,3.5,1.0,2.2600000000000002
0.0,0.0,0.4,4.0,1.0,2.4400000000000004
0.0,0.0,0.4,4.5,1.0,2.62
0.0,0.0,0.4,5.0,1.0,2.8
0.0,0.0,0.45,0.5,1.0,1.2025000000000001
0.0,0.0,0.45,1.0,1.0,1.405
0.0,0.0,0.45,1.5,1.0,1.6075
0.0,0.0,0.45,2.0,1.0,1.81
0.0,0.0,0.45,2.5,1.0,2.0125
0.0,0.0,0.45,3.0,1.0,2.215
0.0,0.0,0.45,3.5,1.0,2.4175
0.0,0.0,0.45,4.0,1.0,2.62
0.0,0.0,0.45,4.5,1.0,2.8225
0.0,0.0,0.45,5.0,1.0,3.025
0.0,0.0,0.5,0.5,1.0,1.225
0.0,0.0,0.5,1.0,1.0,1.45
0.0,0.0,0.5,1.5,1.0,1.675
0.0,0.0,0.5,2.0,1.0,1.9
0.0,0.0,0.5,2.5,1.0,2.125
0.0,0.0,0.5,3.0,1.0,2.35
0.0,0.0,0.5,3.5,1.0,2.575
0.0,0.0,0.5,4.0,1.0,2.8
0.0,0.0,0.5,4.5,1.0,3.025
0.0,0.0,0.5,5.0,1.0,3.25
0.0,0.1,0.0,0.5,1.0,1.09
0.0,0.1,0.0,1.0,1.0,1.09
0.0,0.1,0.0,1.5,1.0,1.09
0.0,0.1,0.0,2.0,1.0,1.09
0.0,0.1,0.0,2.5,1.0,1.09
0.0,0.1,0.0,3.0,1.0,1.09
0.0,0.1,0.0,3.5,1.0,1.09
0.0,0.1,0.0,4.0,1.0,1.09
0.0,0.1,0.0,4.5,1.0,1.09
0.0,0.1,0.0,5.0,1.0,1.09
0.0,0.1,0.05,0.5,1.0,1.1125
0.0,0.1,0.05,1.0,1.0,1.135
0.0,0.1,0.05,1.5,1.0,1.1575000000000002
0.0,0.1,0.05,2.0,1.0,1.1800000000000002
0.0,0.1,0.05,2.5,1.0,1.2025000000000001
0.0,0.1,0.05,3.0,1.0,1.225
0.0,0.1,0.05,3.5,1.0,1.2475
0.0,0.1,0.05,4.0,1.0,1.27
0.0,0.1,0.05,4.5,1.0,1.2925
0.0,0.1,0.05,5.0,1.0,1.3150000000000002
0.0,0.1,0.1,0.5,1.0,1.135
0.0,0.1,0.1,1.0,1.0,1.1800000000000002
0.0,0.1,0.1,1.5,1.0,1.225
0.0,0.1,0.1,2.0,1.0,1.27
0.0,0.1,0.1,2.5,1.0,1.3150000000000002
0.0,0.1,0.1,3.0,1.0,1.36
0.0,0.1,0.1,3.5,1.0,1.4050000000000002
0.0,0.1,0.1,4.0,1.0,1.4500000000000002
0.0,0.1,0.1,4.5,1.0,1.495
0.0,0.1,0.1,5.0,1.0,1.54
0.0,0.1,0.15,0.5,1.0,1.1575000000000002
0.0,0.1,0.15,1.0,1.0,1.225
0.0,0.1,0.15,1.5,1.0,1.2925
0.0,0.1,0.15,2.0,1.0,1.36
0.0,0.1,0.15,2.5,1.0,1.4275000000000002
0.0,0.1,0.15,3.0,1.0,1.495
0.0,0.1,0.15,3.5,1.0,1.5625
0.0,0.1,0.15,4.0,1.0,1.6300000000000001
0.0,0.1,0.15,4.5,1.0,1.6975
0.0,0.1,0.15,5.0,1.0,1.7650000000000001
0.0,0.1,0.2,0.5,1.0,1.1800000000000002
0.0,0.1,0.2,1.0,1.0,1.27
0.0,0.1,0.2,1.5,1.0,1.36
0.0,0.1,0.2,2.0,1.0,1.4500000000000002
0.0,0.1,0.2,2.5,1.0,1.54
0.0,0.1,0.2,3.0,1.0,1.6300000000000003
0.0,0.1,0.2,3.5,1.0,1.7200000000000002
0.0,0.1,0.2,4.0,1.0,1.81
0.0,0.1,0.2,4.5,1.0,1.9000000000000001
0.0,0.1,0.2,5.0,1.0,1.9900000000000002
0.0,0.1,0.25,0.5,1.0,1.2025000000000001
0.0,0.1,0.25,1.0,1.0,1.3150000000000002
0.0,0.1,0.25,1.5,1.0,1.4275000000000002
0.0,0.1,0.25,2.0,1.0,1.54
0.0,0.1,0.25,2.5,1.0,1.6525
0.0,0.1,0.25,3.0,1.0,1.7650000000000001
0.0,0.1,0.25,3.5,1.0,1.8775
0.0,0.1,0.25,4.0,1.0,1.9900000000000002
0.0,0.1,0.25,4.5,1.0,2.1025
0.0,0.1,0.25,5.0,1.0,2.215
0.0,0.1,0.3,0.5,1.0,1.225
0.0,0.1,0.3,1.0,1.0,1.36
0.0,0.1,0.3,1.5,1.0,1.495
0.0,0.1,0.3,2.0,1.0,1.6300000000000001
0.0,0.1,0.3,2.5,1.0,1.7650000000000001
0.0,0.1,0.3,3.0,1.0,1.9
0.0,0.1,0.3,3.5,1.0,2.035
0.0,0.1,0.3,4.0,1.0,2.17
0.0,0.1,0.3,4.5,1.0,2.3049999999999997
0.0,0.1,0.3,5.0,1.0,2.4400000000000004
0.0,0.1,0.35,0.5,1.0,1.2475
0.0,0.1,0.35,1.0,1.0,1.405
0.0,0.1,0.35,1.5,1.0,1.5625
0.0,0.1,0.35,2.0,1.0,1.7200000000000002
0.0,0.1,0.35,2.5,1.0,1.8775
0.0,0.1,0.35,3.0,1.0,2.035
0.0,0.1,0.35,3.5,1.0,2.1925
0.0,0.1,0.35,4.0,1.0,2.35
0.0,0.1,0.35,4.5,1.0,2.5075000000000003
0.0,0.1,0.35,5.0,1.0,2.665
0.0,0.1,0.4,0.5,1.0,1.27
0.0,0.1,0.4,1.0,1.0,1.4500000000000002
0.0,0.1,0.4,1.5,1.0,1.6300000000000003
0.0,0.1,0.4,2.0,1.0,1.81
0.0,0.1,0.4,2.5,1.0,1.9900000000000002
0.0,0.1,0.4,3.0,1.0,2.1700000000000004
0.0,0.1,0.4,3.5,1.0,2.3500000000000005
0.0,0.1,0.4,4.0,1.0,2.5300000000000002
0.0,0.1,0.4,4.5,1.0,2.71
0.0,0.1,0.4,5.0,1.0,2.89
0.0,0.1,0.45,0.5,1.0,1.2925
0.0,0.1,0.45,1.0,1.0,1.495
0.0,0.1,0.45,1.5,1.0,1.6975000000000002
0.0,0.1,0.45,2.0,1.0,1.9000000000000001
0.0,0.1,0.45,2.5,1.0,2.1025
0.0,0.1,0.45,3.0,1.0,2.305
0.0,0.1,0.45,3.5,1.0,2.5075000000000003
0.0,0.1,0.45,4.0,1.0,2.71
0.0,0.1,0.45,4.5,1.0,2.9125
0.0,0.1,0.45,5.0,1.0,3.115
0.0,0.1,0.5,0.5,1.0,1.3150000000000002
0.0,0.1,0.5,1.0,1.0,1.54
0.0,0.1,0.5,1.5,1.0,1.7650000000000001
0.0,0.1,0.5,2.0,1.0,1.9900000000000002
0.0,0.1,0.5,2.5,1.0,2.215
0.0,0.1,0.5,3.0,1.0,2.4400000000000004
0.0,0.1,0.5,3.5,1.0,2.665
0.0,0.1,0.5,4.0,1.0,2.89
0.0,0.1,0.5,4.5,1.0,3.115
0.0,0.1,0.5,5.0,1.0,3.34
0.0,0.2,0.0,0.5,1.0,1.18
0.0,0.2,0.0,1.0,1.0,1.18
0.0,0.2,0.0,1.5,1.0,1.18
0.0,0.2,0.0,2.0,1.0,1.18
0.0,0.2,0.0,2.5,1.0,1.18
0.0,0.2,0.0,3.0,1.0,1.18
0.0,0.2,0.0,3.5,1.0,1.18
0.0,0.2,0.0,4.0,1.0,1.18
0.0,0.2,0.0,4.5,1.0,1.18
0.0,0.2,0.0,5.0,1.0,1.18
0.0,0.2,0.05,0.5,1.0,1.2025
0.0,0.2,0.05,1.0,1.0,1.2249999999999999
0.0,0.2,0.05,1.5,1.0,1.2475
0.0,0.2,0.05,2.0,1.0,1.27
0.0,0.2,0.05,2.5,1.0,1.2925
0.0,0.2,0.05,3.0,1.0,1.315
0.0,0.2,0.05,3.5,1.0,1.3375
0.0,0.2,0.05,4.0,1.0,1.3599999999999999
0.0,0.2,0.05,4.5,1.0,1.3824999999999998
0.0,0.2,0.05,5.0,1.0,1.405
0.0,0.2,0.1,0.5,1.0,1.2249999999999999
0.0,0.2,0.1,1.0,1.0,1.27
0.0,0.2,0.1,1.5,1.0,1.315
0.0,0.2,0.1,2.0,1.0,1.3599999999999999
0.0,0.2,0.1,2.5,1.0,1.405
0.0,0.2,0.1,3.0,1.0,1.45
0.0,0.2,0.1,3.5,1.0,1.495
0.0,0.2,0.1,4.0,1.0,1.54
0.0,0.2,0.1,4.5,1.0,1.585
0.0,0.2,0.1,5.0,1.0,1.63
0.0,0.2,0.15,0.5,1.0,1.2475
0.0,0.2,0.15,1.0,1.0,1.315
0.0,0.2,0.15,1.5,1.0,1.3824999999999998
0.0,0.2,0.15,2.0,1.0,1.45
0.0,0.2,0.15,2.5,1.0,1.5175
0.0,0.2,0.15,3.0,1.0,1.585
0.0,0.2,0.15,3.5,1.0,1.6524999999999999
0.0,0.2,0.15,4.0,1.0,1.72
0.0,0.2,0.15,4.5,1.0,1.7874999999999999
0.0,0.2,0.15,5.0,1.0,1.855
0.0,0.2,0.2,0.5,1.0,1.27
0.0,0.2,0.2,1.0,1.0,1.3599999999999999
0.0,0.2,0.2,1.5,1.0,1.45
0.0,0.2,0.2,2.0,1.0,1.54
0.0,0.2,0.2,2.5,1.0,1.63
0.0,0.2,0.2,3.0,1.0,1.7200000000000002
0.0,0.2,0.2,3.5,1.0,1.81
0.0,0.2,0.2,4.0,1.0,1.9
0.0,0.2,0.2,4.5,1.0,1.99
0.0,0.2,0.2,5.0,1.0,2.08
0.0,0.2,0.25,0.5,1.0,1.2925
0.0,0.2,0.25,1.0,1.0,1.405
0.0,0.2,0.25,1.5,1.0,1.5175
0.0,0.2,0.25,2.0,1.0,1.63
0.0,0.2,0.25,2.5,1.0,1.7425
0.0,0.2,0.25,3.0,1.0,1.855
0.0,0.2,0.25,3.5,1.0,1.9674999999999998
0.0,0.2,0.25,4.0,1.0,2.08
0.0,0.2,0.25,4.5,1.0,2.1925
0.0,0.2,0.25,5.0,1.0,2.3049999999999997
0.0,0.2,0.3,0.5,1.0,1.315
0.0,0.2,0.3,1.0,1.0,1.45
0.0,0.2,0.3,1.5,1.0,1.585
0.0,0.2,0.3,2.0,1.0,1.72
0.0,0.2,0.3,2.5,1.0,1.855
0.0,0.2,0.3,3.0,1.0,1.9899999999999998
0.0,0.2,0.3,3.5,1.0,2.125
0.0,0.2,0.3,4.0,1.0,2.26
0.0,0.2,0.3,4.5,1.0,2.3949999999999996
0.0,0.2,0.3,5.0,1.0,2.5300000000000002
0.0,0.2,0.35,0.5,1.0,1.3375
0.0,0.2,0.35,1.0,1.0,1.4949999999999999
0.0,0.2,0.35,1.5,1.0,1.6524999999999999
0.0,0.2,0.35,2.0,1.0,1.81
0.0,0.2,0.35,2.5,1.0,1.9674999999999998
0.0,0.2,0.35,3.0,1.0,2.125
0.0,0.2,0.35,3.5,1.0,2.2824999999999998
0.0,0.2,0.35,4.0,1.0,2.44
0.0,0.2,0.35,4.5,1.0,2.5975
0.0,0.2,0.35,5.0,1.0,2.755
0.0,0.2,0.4,0.5,1.0,1.3599999999999999
0.0,0.2,0.4,1.0,1.0,1.54
0.0,0.2,0.4,1.5,1.0,1.7200000000000002
0.0,0.2,0.4,2.0,1.0,1.9
0.0,0.2,0.4,2.5,1.0,2.08
0.0,0.2,0.4,3.0,1.0,2.2600000000000002
0.0,0.2,0.4,3.5,1.0,2.4400000000000004
0.0,0.2,0.4,4.0,1.0,2.62
0.0,0.2,0.4,4.5,1.0,2.8
0.0,0.2,0.4,5.0,1.0,2.98
0.0,0.2,0.45,0.5,1.0,1.3824999999999998
0.0,0.2,0.45,1.0,1.0,1.585
0.0,0.2,0.45,1.5,1.0,1.7875
0.0,0.2,0.45,2.0,1.0,1.99
0.0,0.2,0.45,2.5,1.0,2.1925
0.0,0.2,0.45,3.0,1.0,2.395
0.0,0.2,0.45,3.5,1.0,2.5975
0.0,0.2,0.45,4.0,1.0,2.8
0.0,0.2,0.45,4.5,1.0,3.0025
0.0,0.2,0.45,5.0,1.0,3.205
0.0,0.2,0.5,0.5,1.0,1.405
0.0,0.2,0.5,1.0,1.0,1.63
0.0,0.2,0.5,1.5,1.0,1.855
0.0,0.2,0.5,2.0,1.0,2.08
0.0,0.2,0.5,2.5,1.0,2.3049999999999997
0.0,0.2,0.5,3.0,1.0,2.5300000000000002
0.0,0.2,0.5,3.5,1.0,2.755
0.0,0.2,0.5,4.0,1.0,2.98
0.0,0.2,0.5,4.5,1.0,3.205
0.0,0.2,0.5,5.0,1.0,3.4299999999999997
0.0,0.3,0.0,0.5,1.0,1.27
0.0,0.3,0.0,1.0,1.0,1.27
0.0,0.3,0.0,1.5,1.0,1.27
0.0,0.3,0.0,2.0,1.0,1.27
0.0,0.3,0.0,2.5,1.0,1.27
0.0,0.3,0.0,3.0,1.0,1.27
0.0,0.3,0.0,3.5,1.0,1.27
0.0,0.3,0.0,4.0,1.0,1.27
0.0,0.3,0.0,4.5,1.0,1.27
0.0,0.3,0.0,5.0,1.0,1.27
0.0,0.3,0.05,0.5,1.0,1.2925
0.0,0.3,0.05,1.0,1.0,1.315
0.0,0.3,0.05,1.5,1.0,1.3375000000000001
0.0,0.3,0.05,2.0,1.0,1.36
0.0,0.3,0.05,2.5,1.0,1.3825
0.0,0.3,0.05,3.0,1.0,1.405
0.0,0.3,0.05,3.5,1.0,1.4275
0.0,0.3,0.05,4.0,1.0,1.45
0.0,0.3,0.05,4.5,1.0,1.4725000000000001
0.0,0.3,0.05,5.0,1.0,1.495
0.0,0.3,0.1,0.5,1.0,1.315
0.0,0.3,0.1,1.0,1.0,1.36
0.0,0.3,0.1,1.5,1.0,1.405
0.0,0.3,0.1,2.0,1.0,1.45
0.0,0.3,0.1,2.5,1.0,1.495
0.0,0.3,0.1,3.0,1.0,1.54
0.0,0.3,0.1,3.5,1.0,1.585
0.0,0.3,0.1,4.0,1.0,1.6300000000000001
0.0,0.3,0.1,4.5,1.0,1.675
0.0,0.3,0.1,5.0,1.0,1.72
0.0,0.3,0.15,0.5,1.0,1.3375
0.0,0.3,0.15,1.0,1.0,1.405
0.0,0.3,0.15,1.5,1.0,1.4725
0.0,0.3,0.15,2.0,1.0,1.54
0.0,0.3,0.15,2.5,1.0,1.6075
0.0,0.3,0.15,3.0,1.0,1.675
0.0,0.3,0.15,3.5,1.0,1.7425000000000002
0.0,0.3,0.15,4.0,1.0,1.81
0.0,0.3,0.15,4.5,1.0,1.8775
0.0,0.3,0.15,5.0,1.0,1.945
0.0,0.3,0.2,0.5,1.0,1.36
0.0,0.3,0.2,1.0,1.0,1.45
0.0,0.3,0.2,1.5,1.0,1.54
0.0,0.3,0.2,2.0,1.0,1.6300000000000001
0.0,0.3,0.2,2.5,1.0,1.72
0.0,0.3,0.2,3.0,1.0,1.81
0.0,0.3,0.2,3.5,1.0,1.9000000000000001
0.0,0.3,0.2,4.0,1.0,1.9900000000000002
0.0,0.3,0.2,4.5,1.0,2.08
0.0,0.3,0.2,5.0,1.0,2.17
0.0,0.3,0.25,0.5,1.0,1.3825
0.0,0.3,0.25,1.0,1.0,1.495
0.0,0.3,0.25,1.5,1.0,1.6075
0.0,0.3,0.25,2.0,1.0,1.72
0.0,0.3,0.25,2.5,1.0,1.8325
0.0,0.3,0.25,3.0,1.0,1.945
0.0,0.3,0.25,3.5,1.0,2.0575
0.0,0.3,0.25,4.0,1.0,2.17
0.0,0.3,0.25,4.5,1.0,2.2824999999999998
0.0,0.3,0.25,5.0,1.0,2.395
0.0,0.3,0.3,0.5,1.0,1.405
0.0,0.3,0.3,1.0,1.0,1.54
0.0,0.3,0.3,1.5,1.0,1.675
0.0,0.3,0.3,2.0,1.0,1.81
0.0,0.3,0.3,2.5,1.0,1.945
0.0,0.3,0.3,3.0,1.0,2.08
0.0,0.3,0.3,3.5,1.0,2.215
0.0,0.3,0.3,4.0,1.0,2.35
0.0,0.3,0.3,4.5,1.0,2.485
0.0,0.3,0.3,5.0,1.0,2.62
0.0,0.3,0.35,0.5,1.0,1.4275
0.0,0.3,0.35,1.0,1.0,1.585
0.0,0.3,0.35,1.5,1.0,1.7425
0.0,0.3,0.35,2.0,1.0,1.9
0.0,0.3,0.35,2.5,1.0,2.0575
0.0,0.3,0.35,3.0,1.0,2.215
0.0,0.3,0.35,3.5,1.0,2.3724999999999996
0.0,0.3,0.35,4.0,1.0,2.5300000000000002
0.0,0.3,0.35,4.5,1.0,2.6875
0.0,0.3,0.35,5.0,1.0,2.8449999999999998
0.0,0.3,0.4,0.5,1.0,1.45
0.0,0.3,0.4,1.0,1.0,1.6300000000000001
0.0,0.3,0.4,1.5,1.0,1.81
0.0,0.3,0.4,2.0,1.0,1.9900000000000002
0.0,0.3,0.4,2.5,1.0,2.17
0.0,0.3,0.4,3.0,1.0,2.3500000000000005
0.0,0.3,0.4,3.5,1.0,2.5300000000000002
0.0,0.3,0.4,4.0,1.0,2.71
0.0,0.3,0.4,4.5,1.0,2.89
0.0,0.3,0.4,5.0,1.0,3.0700000000000003
0.0,0.3,0.45,0.5,1.0,1.4725000000000001
0.0,0.3,0.45,1.0,1.0,1.675
0.0,0.3,0.45,1.5,1.0,1.8775
0.0,0.3,0.45,2.0,1.0,2.08
0.0,0.3,0.45,2.5,1.0,2.2824999999999998
0.0,0.3,0.45,3.0,1.0,2.4850000000000003
0.0,0.3,0.45,3.5,1.0,2.6875
0.0,0.3,0.45,4.0,1.0,2.89
0.0,0.3,0.45,4.5,1.0,3.0925000000000002
0.0,0.3,0.45,5.0,1.0,3.295
0.0,0.3,0.5,0.5,1.0,1.495
0.0,0.3,0.5,1.0,1.0,1.72
0.0,0.3,0.5,1.5,1.0,1.945
0.0,0.3,0.5,2.0,1.0,2.17
0.0,0.3,0.5,2.5,1.0,2.395
0.0,0.3,0.5,3.0,1.0,2.62
0.0,0.3,0.5,3.5,1.0,2.8449999999999998
0.0,0.3,0.5,4.0,1.0,3.0700000000000003
0.0,0.3,0.5,4.5,1.0,3.295
0.0,0.3,0.5,5.0,1.0,3.52
0.0,0.4,0.0,0.5,1.0,1.36
0.0,0.4,0.0,1.0,1.0,1.36
0.0,0.4,0.0,1.5,1.0,1.36
0.0,0.4,0.0,2.0,1.0,1.36
0.0,0.4,0.0,2.5,1.0,1.36
0.0,0.4,0.0,3.0,1.0,1.36
0.0,0.4,0.0,3.5,1.0,1.36
0.0,0.4,0.0,4.0,1.0,1.36
0.0,0.4,0.0,4.5,1.0,1.36
0.0,0.4,0.0,5.0,1.0,1.36
0.0,0.4,0.05,0.5,1.0,1.3825
0.0,0.4,0.05,1.0,1.0,1.405
0.0,0.4,0.05,1.5,1.0,1.4275000000000002
0.0,0.4,0.05,2.0,1.0,1.4500000000000002
0.0,0.4,0.05,2.5,1.0,1.4725000000000001
0.0,0.4,0.05,3.0,1.0,1.495
0.0,0.4,0.05,3.5,1.0,1.5175
0.0,0.4,0.05,4.0,1.0,1.54
0.0,0.4,0.05,4.5,1.0,1.5625
0.0,0.4,0.05,5.0,1.0,1.5850000000000002
0.0,0.4,0.1,0.5,1.0,1.405
0.0,0.4,0.1,1.0,1.0,1.4500000000000002
0.0,0.4,0.1,1.5,1.0,1.495
0.0,0.4,0.1,2.0,1.0,1.54
0.0,0.4,0.1,2.5,1.0,1.5850000000000002
0.0,0.4,0.1,3.0,1.0,1.6300000000000001
0.0,0.4,0.1,3.5,1.0,1.6750000000000003
0.0,0.4,0.1,4.0,1.0,1.7200000000000002
0.0,0.4,0.1,4.5,1.0,1.7650000000000001
0.0,0.4,0.1,5.0,1.0,1.81
0.0,0.4,0.15,0.5,1.0,1.4275000000000002
0.0,0.4,0.15,1.0,1.0,1.495
0.0,0.4,0.15,1.5,1.0,1.5625
0.0,0.4,0.15,2.0,1.0,1.6300000000000001
0.0,0.4,0.15,2.5,1.0,1.6975000000000002
0.0,0.4,0.15,3.0,1.0,1.7650000000000001
0.0,0.4,0.15,3.5,1.0,1.8325
0.0,0.4,0.15,4.0,1.0,1.9000000000000001
0.0,0.4,0.15,4.5,1.0,1.9675
0.0,0.4,0.15,5.0,1.0,2.035
0.0,0.4,0.2,0.5,1.0,1.4500000000000002
0.0,0.4,0.2,1.0,1.0,1.54
0.0,0.4,0.2,1.5,1.0,1.6300000000000001
0.0,0.4,0.2,2.0,1.0,1.7200000000000002
0.0,0.4,0.2,2.5,1.0,1.81
0.0,0.4,0.2,3.0,1.0,1.9000000000000004
0.0,0.4,0.2,3.5,1.0,1.9900000000000002
0.0,0.4,0.2,4.0,1.0,2.08
0.0,0.4,0.2,4.5,1.0,2.17
0.0,0.4,0.2,5.0,1.0,2.2600000000000002
0.0,0.4,0.25,0.5,1.0,1.4725000000000001
0.0,0.4,0.25,1.0,1.0,1.5850000000000002
0.0,0.4,0.25,1.5,1.0,1.6975000000000002
0.0,0.4,0.25,2.0,1.0,1.81
0.0,0.4,0.25,2.5,1.0,1.9225
0.0,0.4,0.25,3.0,1.0,2.035
0.0,0.4,0.25,3.5,1.0,2.1475
0.0,0.4,0.25,4.0,1.0,2.2600000000000002
0.0,0.4,0.25,4.5,1.0,2.3725
0.0,0.4,0.25,5.0,1.0,2.4850000000000003
0.0,0.4,0.3,0.5,1.0,1.495
0.0,0.4,0.3,1.0,1.0,1.6300000000000001
0.0,0.4,0.3,1.5,1.0,1.7650000000000001
0.0,0.4,0.3,2.0,1.0,1.9000000000000001
0.0,0.4,0.3,2.5,1.0,2.035
0.0,0.4,0.3,3.0,1.0,2.17
0.0,0.4,0.3,3.5,1.0,2.305
0.0,0.4,0.3,4.0,1.0,2.4400000000000004
0.0,0.4,0.3,4.5,1.0,2.575
0.0,0.4,0.3,5.0,1.0,2.71
0.0,0.4,0.35,0.5,1.0,1.5175
0.0,0.4,0.35,1.0,1.0,1.675
0.0,0.4,0.35,1.5,1.0,1.8325
0.0,0.4,0.35,2.0,1.0,1.9900000000000002
0.0,0.4,0.35,2.5,1.0,2.1475
0.0,0.4,0.35,3.0,1.0,2.3049999999999997
0.0,0.4,0.35,3.5,1.0,2.4625
0.0,0.4,0.35,4.0,1.0,2.62
0.0,0.4,0.35,4.5,1.0,2.7775
0.0,0.4,0.35,5.0,1.0,2.935
0.0,0.4,0.4,0.5,1.0,1.54
0.0,0.4,0.4,1.0,1.0,1.7200000000000002
0.0,0.4,0.4,1.5,1.0,1.9000000000000004
0.0,0.4,0.4,2.0,1.0,2.08
0.0,0.4,0.4,2.5,1.0,2.2600000000000002
0.0,0.4,0.4,3.0,1.0,2.4400000000000004
0.0,0.4,0.4,3.5,1.0,2.62
0.0,0.4,0.4,4.0,1.0,2.8000000000000003
0.0,0.4,0.4,4.5,1.0,2.9800000000000004
0.0,0.4,0.4,5.0,1.0,3.16
0.0,0.4,0.45,0.5,1.0,1.5625
0.0,0.4,0.45,1.0,1.0,1.7650000000000001
0.0,0.4,0.45,1.5,1.0,1.9675000000000002
0.0,0.4,0.45,2.0,1.0,2.17
0.0,0.4,0.45,2.5,1.0,2.3725
0.0,0.4,0.45,3.0,1.0,2.575
0.0,0.4,0.45,3.5,1.0,2.7775
0.0,0.4,0.45,4.0,1.0,2.9800000000000004
0.0,0.4,0.45,4.5,1.0,3.1825
0.0,0.4,0.45,5.0,1.0,3.385
0.0,0.4,0.5,0.5,1.0,1.5850000000000002
0.0,0.4,0.5,1.0,1.0,1.81
0.0,0.4,0.5,1.5,1.0,2.035
0.0,0.4,0.5,2.0,1.0,2.2600000000000002
0.0,0.4,0.5,2.5,1.0,2.4850000000000003
0.0,0.4,0.5,3.0,1.0,2.71
0.0,0.4,0.5,3.5,1.0,2.935
0.0,0.4,0.5,4.0,1.0,3.16
0.0,0.4,0.5,4.5,1.0,3.385
0.0,0.4,0.5,5.0,1.0,3.6100000000000003
0.0,0.5,0.0,0.5,1.0,1.45
0.0,0.5,0.0,1.0,1.0,1.45
0.0,0.5,0.0,1.5,1.0,1.45
0.0,0.5,0.0,2.0,1.0,1.45
0.0,0.5,0.0,2.5,1.0,1.45
0.0,0.5,0.0,3.0,1.0,1.45
0.0,0.5,0.0,3.5,1.0,1.45
0.0,0.5,0.0,4.0,1.0,1.45
0.0,0.5,0.0,4.5,1.0,1.45
0.0,0.5,0.0,5.0,1.0,1.45
0.0,0.5,0.05,0.5,1.0,1.4725
0.0,0.5,0.05,1.0,1.0,1.4949999999999999
0.0,0.5,0.05,1.5,1.0,1.5175
0.0,0.5,0.05,2.0,1.0,1.54
0.0,0.5,0.05,2.5,1.0,1.5625
0.0,0.5,0.05,3.0,1.0,1.585
0.0,0.5,0.05,3.5,1.0,1.6075
0.0,0.5,0.05,4.0,1.0,1.63
0.0,0.5,0.05,4.5,1.0,1.6524999999999999
0.0,0.5,0.05,5.0,1.0,1.675
0.0,0.5,0.1,0.5,1.0,1.4949999999999999
0.0,0.5,0.1,1.0,1.0,1.54
0.0,0.5,0.1,1.5,1.0,1.585
0.0,0.5,0.1,2.0,1.0,1.63
0.0,0.5,0.1,2.5,1.0,1.675
0.0,0.5,0.1,3.0,1.0,1.72
0.0,0.5,0.1,3.5,1.0,1.7650000000000001
0.0,0.5,0.1,4.0,1.0,1.81
0.0,0.5,0.1,4.5,1.0,1.855
0.0,0.5,0.1,5.0,1.0,1.9
0.0,0.5,0.15,0.5,1.0,1.5175
0.0,0.5,0.15,1.0,1.0,1.585
0.0,0.5,0.15,1.5,1.0,1.6524999999999999
0.0,0.5,0.15,2.0,1.0,1.72
0.0,0.5,0.15,2.5,1.0,1.7875
0.0,0.5,0.15,3.0,1.0,1.855
0.0,0.5,0.15,3.5,1.0,1.9224999999999999
0.0,0.5,0.15,4.0,1.0,1.99
0.0,0.5,0.15,4.5,1.0,2.0575
0.0,0.5,0.15,5.0,1.0,2.125
0.0,0.5,0.2,0.5,1.0,1.54
0.0,0.5,0.2,1.0,1.0,1.63
0.0,0.5,0.2,1.5,1.0,1.72
0.0,0.5,0.2,2.0,1.0,1.81
0.0,0.5,0.2,2.5,1.0,1.9
0.0,0.5,0.2,3.0,1.0,1.9900000000000002
0.0,0.5,0.2,3.5,1.0,2.08
0.0,0.5,0.2,4.0,1.0,2.17
0.0,0.5,0.2,4.5,1.0,2.26
0.0,0.5,0.2,5.0,1.0,2.35
0.0,0.5,0.25,0.5,1.0,1.5625
0.0,0.5,0.25,1.0,1.0,1.675
0.0,0.5,0.25,1.5,1.0,1.7875
0.0,0.5,0.25,2.0,1.0,1.9
0.0,0.5,0.25,2.5,1.0,2.0125
0.0,0.5,0.25,3.0,1.0,2.125
0.0,0.5,0.25,3.5,1.0,2.2375
0.0,0.5,0.25,4.0,1.0,2.35
0.0,0.5,0.25,4.5,1.0,2.4625
0.0,0.5,0.25,5.0,1.0,2.575
0.0,0.5,0.3,0.5,1.0,1.585
0.0,0.5,0.3,1.0,1.0,1.72
0.0,0.5,0.3,1.5,1.0,1.855
0.0,0.5,0.3,2.0,1.0,1.99
0.0,0.5,0.3,2.5,1.0,2.125
0.0,0.5,0.3,3.0,1.0,2.26
0.0,0.5,0.3,3.5,1.0,2.395
0.0,0.5,0.3,4.0,1.0,2.5300000000000002
0.0,0.5,0.3,4.5,1.0,2.665
0.0,0.5,0.3,5.0,1.0,2.8
0.0,0.5,0.35,0.5,1.0,1.6075
0.0,0.5,0.35,1.0,1.0,1.765
0.0,0.5,0.35,1.5,1.0,1.9224999999999999
0.0,0.5,0.35,2.0,1.0,2.08
0.0,0.5,0.35,2.5,1.0,2.2375
0.0,0.5,0.35,3.0,1.0,2.3949999999999996
0.0,0.5,0.35,3.5,1.0,2.5524999999999998
0.0,0.5,0.35,4.0,1.0,2.71
0.0,0.5,0.35,4.5,1.0,2.8674999999999997
0.0,0.5,0.35,5.0,1.0,3.025
0.0,0.5,0.4,0.5,1.0,1.63
0.0,0.5,0.4,1.0,1.0,1.81
0.0,0.5,0.4,1.5,1.0,1.9900000000000002
0.0,0.5,0.4,2.0,1.0,2.17
0.0,0.5,0.4,2.5,1.0,2.35
0.0,0.5,0.4,3.0,1.0,2.5300000000000002
0.0,0.5,0.4,3.5,1.0,2.71
0.0,0.5,0.4,4.0,1.0,2.89
0.0,0.5,0.4,4.5,1.0,3.0700000000000003
0.0,0.5,0.4,5.0,1.0,3.25
0.0,0.5,0.45,0.5,1.0,1.6524999999999999
0.0,0.5,0.45,1.0,1.0,1.855
0.0,0.5,0.45,1.5,1.0,2.0575
0.0,0.5,0.45,2.0,1.0,2.26
0.0,0.5,0.45,2.5,1.0,2.4625
0.0,0.5,0.45,3.0,1.0,2.665
0.0,0.5,0.45,3.5,1.0,2.8674999999999997
0.0,0.5,0.45,4.0,1.0,3.0700000000000003
0.0,0.5,0.45,4.5,1.0,3.2725
0.0,0.5,0.45,5.0,1.0,3.4749999999999996
0.0,0.5,0.5,0.5,1.0,1.675
0.0,0.5,0.5,1.0,1.0,1.9
0.0,0.5,0.5,1.5,1.0,2.125
0.0,0.5,0.5,2.0,1.0,2.35
0.0,0.5,0.5,2.5,1.0,2.575
0.0,0.5,0.5,3.0,1.0,2.8
0.0,0.5,0.5,3.5,1.0,3.025
0.0,0.5,0.5,4.0,1.0,3.25
0.0,0.5,0.5,4.5,1.0,3.4749999999999996
0.0,0.5,0.5,5.0,1.0,3.7
0.0,0.6,0.0,0.5,1.0,1.54
0.0,0.6,0.0,1.0,1.0,1.54
0.0,0.6,0.0,1.5,1.0,1.54
0.0,0.6,0.0,2.0,1.0,1.54
0.0,0.6,0.0,2.5,1.0,1.54
0.0,0.6,0.0,3.0,1.0,1.54
0.0,0.6,0.0,3.5,1.0,1.54
0.0,0.6,0.0,4.0,1.0,1.54
0.0,0.6,0.0,4.5,1.0,1.54
0.0,0.6,0.0,5.0,1.0,1.54
0.0,0.6,0.05,0.5,1.0,1.5625
0.0,0.6,0.05,1.0,1.0,1.585
0.0,0.6,0.05,1.5,1.0,1.6075000000000002
0.0,0.6,0.05,2.0,1.0,1.6300000000000001
0.0,0.6,0.05,2.5,1.0,1.6525
0.0,0.6,0.05,3.0,1.0,1.675
0.0,0.6,0.05,3.5,1.0,1.6975
0.0,0.6,0.05,4.0,1.0,1.72
0.0,0.6,0.05,4.5,1.0,1.7425000000000002
0.0,0.6,0.05,5.0,1.0,1.7650000000000001
0.0,0.6,0.1,0.5,1.0,1.585
0.0,0.6,0.1,1.0,1.0,1.6300000000000001
0.0,0.6,0.1,1.5,1.0,1.675
0.0,0.6,0.1,2.0,1.0,1.72
0.0,0.6,0.1,2.5,1.0,1.7650000000000001
0.0,0.6,0.1,3.0,1.0,1.81
0.0,0.6,0.1,3.5,1.0,1.855
0.0,0.6,0.1,4.0,1.0,1.9000000000000001
0.0,0.6,0.1,4.5,1.0,1.945
0.0,0.6,0.1,5.0,1.0,1.99
0.0,0.6,0.15,0.5,1.0,1.6075
0.0,0.6,0.15,1.0,1.0,1.675
0.0,0.6,0.15,1.5,1.0,1.7425
0.0,0.6,0.15,2.0,1.0,1.81
0.0,0.6,0.15,2.5,1.0,1.8775
0.0,0.6,0.15,3.0,1.0,1.945
0.0,0.6,0.15,3.5,1.0,2.0125
0.0,0.6,0.15,4.0,1.0,2.08
0.0,0.6,0.15,4.5,1.0,2.1475
0.0,0.6,0.15,5.0,1.0,2.215
0.0,0.6,0.2,0.5,1.0,1.6300000000000001
0.0,0.6,0.2,1.0,1.0,1.72
0.0,0.6,0.2,1.5,1.0,1.81
0.0,0.6,0.2,2.0,1.0,1.9000000000000001
0.0,0.6,0.2,2.5,1.0,1.99
0.0,0.6,0.2,3.0,1.0,2.08
0.0,0.6,0.2,3.5,1.0,2.17
0.0,0.6,0.2,4.0,1.0,2.2600000000000002
0.0,0.6,0.2,4.5,1.0,2.35
0.0,0.6,0.2,5.0,1.0,2.44
0.0,0.6,0.25,0.5,1.0,1.6525
0.0,0.6,0.25,1.0,1.0,1.7650000000000001
0.0,0.6,0.25,1.5,1.0,1.8775
0.0,0.6,0.25,2.0,1.0,1.99
0.0,0.6,0.25,2.5,1.0,2.1025
0.0,0.6,0.25,3.0,1.0,2.215
0.0,0.6,0.25,3.5,1.0,2.3275
0.0,0.6,0.25,4.0,1.0,2.44
0.0,0.6,0.25,4.5,1.0,2.5525
0.0,0.6,0.25,5.0,1.0,2.665
0.0,0.6,0.3,0.5,1.0,1.675
0.0,0.6,0.3,1.0,1.0,1.81
0.0,0.6,0.3,1.5,1.0,1.945
0.0,0.6,0.3,2.0,1.0,2.08
0.0,0.6,0.3,2.5,1.0,2.215
0.0,0.6,0.3,3.0,1.0,2.35
0.0,0.6,0.3,3.5,1.0,2.4850000000000003
0.0,0.6,0.3,4.0,1.0,2.62
0.0,0.6,0.3,4.5,1.0,2.755
0.0,0.6,0.3,5.0,1.0,2.89
0.0,0.6,0.35,0.5,1.0,1.6975
0.0,0.6,0.35,1.0,1.0,1.855
0.0,0.6,0.35,1.5,1.0,2.0125
0.0,0.6,0.35,2.0,1.0,2.17
0.0,0.6,0.35,2.5,1.0,2.3275
0.0,0.6,0.35,3.0,1.0,2.485
0.0,0.6,0.35,3.5,1.0,2.6425
0.0,0.6,0.35,4.0,1.0,2.8
0.0,0.6,0.35,4.5,1.0,2.9575
0.0,0.6,0.35,5.0,1.0,3.115
0.0,0.6,0.4,0.5,1.0,1.72
0.0,0.6,0.4,1.0,1.0,1.9000000000000001
0.0,0.6,0.4,1.5,1.0,2.08
0.0,0.6,0.4,2.0,1.0,2.2600000000000002
0.0,0.6,0.4,2.5,1.0,2.44
0.0,0.6,0.4,3.0,1.0,2.62
0.0,0.6,0.4,3.5,1.0,2.8000000000000003
0.0,0.6,0.4,4.0,1.0,2.9800000000000004
0.0,0.6,0.4,4.5,1.0,3.16
0.0,0.6,0.4,5.0,1.0,3.34
0.0,0.6,0.45,0.5,1.0,1.7425000000000002
0.0,0.6,0.45,1.0,1.0,1.945
0.0,0.6,0.45,1.5,1.0,2.1475
0.0,0.6,0.45,2.0,1.0,2.35
0.0,0.6,0.45,2.5,1.0,2.5525
0.0,0.6,0.45,3.0,1.0,2.755
0.0,0.6,0.45,3.5,1.0,2.9575
0.0,0.6,0.45,4.0,1.0,3.16
0.0,0.6,0.45,4.5,1.0,3.3625
0.0,0.6,0.45,5.0,1.0,3.565
0.0,0.6,0.5,0.5,1.0,1.7650000000000001
0.0,0.6,0.5,1.0,1.0,1.99
0.0,0.6,0.5,1.5,1.0,2.215
0.0,0.6,0.5,2.0,1.0,2.44
0.0,0.6,0.5,2.5,1.0,2.665
0.0,0.6,0.5,3.0,1.0,2.89
0.0,0.6,0.5,3.5,1.0,3.115
0.0,0.6,0.5,4.0,1.0,3.34
0.0,0.6,0.5,4.5,1.0,3.565
0.0,0.6,0.5,5.0,1.0,3.79
0.0,0.7,0.0,0.5,1.0,1.63
0.0,0.7,0.0,1.0,1.0,1.63
0.0,0.7,0.0,1.5,1.0,1.63
0.0,0.7,0.0,2.0,1.0,1.63
0.0,0.7,0.0,2.5,1.0,1.63
0.0,0.7,0.0,3.0,1.0,1.63
0.0,0.7,0.0,3.5,1.0,1.63
0.0,0.7,0.0,4.0,1.0,1.63
0.0,0.7,0.0,4.5,1.0,1.63
0.0,0.7,0.0,5.0,1.0,1.63
0.0,0.7,0.05,0.5,1.0,1.6524999999999999
0.0,0.7,0.05,1.0,1.0,1.6749999999999998
0.0,0.7,0.05,1.5,1.0,1.6975
0.0,0.7,0.05,2.0,1.0,1.72
0.0,0.7,0.05,2.5,1.0,1.7425
0.0,0.7,0.05,3.0,1.0,1.765
0.0,0.7,0.05,3.5,1.0,1.7874999999999999
0.0,0.7,0.05,4.0,1.0,1.8099999999999998
0.0,0.7,0.05,4.5,1.0,1.8325
0.0,0.7,0.05,5.0,1.0,1.855
0.0,0.7,0.1,0.5,1.0,1.6749999999999998
0.0,0.7,0.1,1.0,1.0,1.72
0.0,0.7,0.1,1.5,1.0,1.765
0.0,0.7,0.1,2.0,1.0,1.8099999999999998
0.0,0.7,0.1,2.5,1.0,1.855
0.0,0.7,0.1,3.0,1.0,1.9
0.0,0.7,0.1,3.5,1.0,1.9449999999999998
0.0,0.7,0.1,4.0,1.0,1.99
0.0,0.7,0.1,4.5,1.0,2.035
0.0,0.7,0.1,5.0,1.0,2.08
0.0,0.7,0.15,0.5,1.0,1.6974999999999998
0.0,0.7,0.15,1.0,1.0,1.765
0.0,0.7,0.15,1.5,1.0,1.8324999999999998
0.0,0.7,0.15,2.0,1.0,1.9
0.0,0.7,0.15,2.5,1.0,1.9674999999999998
0.0,0.7,0.15,3.0,1.0,2.0349999999999997
0.0,0.7,0.15,3.5,1.0,2.1025
0.0,0.7,0.15,4.0,1.0,2.17
0.0,0.7,0.15,4.5,1.0,2.2375
0.0,0.7,0.15,5.0,1.0,2.3049999999999997
0.0,0.7,0.2,0.5,1.0,1.72
0.0,0.7,0.2,1.0,1.0,1.8099999999999998
0.0,0.7,0.2,1.5,1.0,1.9
0.0,0.7,0.2,2.0,1.0,1.99
0.0,0.7,0.2,2.5,1.0,2.08
0.0,0.7,0.2,3.0,1.0,2.17
0.0,0.7,0.2,3.5,1.0,2.26
0.0,0.7,0.2,4.0,1.0,2.35
0.0,0.7,0.2,4.5,1.0,2.44
0.0,0.7,0.2,5.0,1.0,2.53
0.0,0.7,0.25,0.5,1.0,1.7425
0.0,0.7,0.25,1.0,1.0,1.855
0.0,0.7,0.25,1.5,1.0,1.9674999999999998
0.0,0.7,0.25,2.0,1.0,2.08
0.0,0.7,0.25,2.5,1.0,2.1925
0.0,0.7,0.25,3.0,1.0,2.3049999999999997
0.0,0.7,0.25,3.5,1.0,2.4175
0.0,0.7,0.25,4.0,1.0,2.53
0.0,0.7,0.25,4.5,1.0,2.6425
0.0,0.7,0.25,5.0,1.0,2.755
0.0,0.7,0.3,0.5,1.0,1.765
0.0,0.7,0.3,1.0,1.0,1.9
0.0,0.7,0.3,1.5,1.0,2.0349999999999997
0.0,0.7,0.3,2.0,1.0,2.17
0.0,0.7,0.3,2.5,1.0,2.3049999999999997
0.0,0.7,0.3,3.0,1.0,2.44
0.0,0.7,0.3,3.5,1.0,2.575
0.0,0.7,0.3,4.0,1.0,2.71
0.0,0.7,0.3,4.5,1.0,2.8449999999999998
0.0,0.7,0.3,5.0,1.0,2.98
0.0,0.7,0.35,0.5,1.0,1.7874999999999999
0.0,0.7,0.35,1.0,1.0,1.9449999999999998
0.0,0.7,0.35,1.5,1.0,2.1025
0.0,0.7,0.35,2.0,1.0,2.26
0.0,0.7,0.35,2.5,1.0,2.4175
0.0,0.7,0.35,3.0,1.0,2.5749999999999997
0.0,0.7,0.35,3.5,1.0,2.7325
0.0,0.7,0.35,4.0,1.0,2.8899999999999997
0.0,0.7,0.35,4.5,1.0,3.0475
0.0,0.7,0.35,5.0,1.0,3.205
0.0,0.7,0.4,0.5,1.0,1.8099999999999998
0.0,0.7,0.4,1.0,1.0,1.99
0.0,0.7,0.4,1.5,1.0,2.17
0.0,0.7,0.4,2.0,1.0,2.35
0.0,0.7,0.4,2.5,1.0,2.53
0.0,0.7,0.4,3.0,1.0,2.71
0.0,0.7,0.4,3.5,1.0,2.89
0.0,0.7,0.4,4.0,1.0,3.0700000000000003
0.0,0.7,0.4,4.5,1.0,3.25
0.0,0.7,0.4,5.0,1.0,3.4299999999999997
0.0,0.7,0.45,0.5,1.0,1.8325
0.0,0.7,0.45,1.0,1.0,2.035
0.0,0.7,0.45,1.5,1.0,2.2375
0.0,0.7,0.45,2.0,1.0,2.44
0.0,0.7,0.45,2.5,1.0,2.6425
0.0,0.7,0.45,3.0,1.0,2.8449999999999998
0.0,0.7,0.45,3.5,1.0,3.0475
0.0,0.7,0.45,4.0,1.0,3.25
0.0,0.7,0.45,4.5,1.0,3.4524999999999997
0.0,0.7,0.45,5.0,1.0,3.655
0.0,0.7,0.5,0.5,1.0,1.855
0.0,0.7,0.5,1.0,1.0,2.08
0.0,0.7,0.5,1.5,1.0,2.3049999999999997
0.0,0.7,0.5,2.0,1.0,2.53
0.0,0.7,0.5,2.5,1.0,2.755
0.0,0.7,0.5,3.0,1.0,2.98
0.0,0.7,0.5,3.5,1.0,3.205
0.0,0.7,0.5,4.0,1.0,3.4299999999999997
0.0,0.7,0.5,4.5,1.0,3.655
0.0,0.7,0.5,5.0,1.0,3.88
0.0,0.8,0.0,0.5,1.0,1.7200000000000002
0.0,0.8,0.0,1.0,1.0,1.7200000000000002
0.0,0.8,0.0,1.5,1.0,1.7200000000000002
0.0,0.8,0.0,2.0,1.0,1.7200000000000002
0.0,0.8,0.0,2.5,1.0,1.7200000000000002
0.0,0.8,0.0,3.0,1.0,1.7200000000000002
0.0,0.8,0.0,3.5,1.0,1.7200000000000002
0.0,0.8,0.0,4.0,1.0,1.7200000000000002
0.0,0.8,0.0,4.5,1.0,1.7200000000000002
0.0,0.8,0.0,5.0,1.0,1.7200000000000002
0.0,0.8,0.05,0.5,1.0,1.7425000000000002
0.0,0.8,0.05,1.0,1.0,1.7650000000000001
0.0,0.8,0.05,1.5,1.0,1.7875000000000003
0.0,0.8,0.05,2.0,1.0,1.8100000000000003
0.0,0.8,0.05,2.5,1.0,1.8325000000000002
0.0,0.8,0.05,3.0,1.0,1.8550000000000002
0.0,0.8,0.05,3.5,1.0,1.8775000000000002
0.0,0.8,0.05,4.0,1.0,1.9000000000000001
0.0,0.8,0.05,4.5,1.0,1.9225000000000003
0.0,0.8,0.05,5.0,1.0,1.9450000000000003
0.0,0.8,0.1,0.5,1.0,1.7650000000000001
0.0,0.8,0.1,1.0,1.0,1.8100000000000003
0.0,0.8,0.1,1.5,1.0,1.8550000000000002
0.0,0.8,0.1,2.0,1.0,1.9000000000000001
0.0,0.8,0.1,2.5,1.0,1.9450000000000003
0.0,0.8,0.1,3.0,1.0,1.9900000000000002
0.0,0.8,0.1,3.5,1.0,2.035
0.0,0.8,0.1,4.0,1.0,2.08
0.0,0.8,0.1,4.5,1.0,2.125
0.0,0.8,0.1,5.0,1.0,2.1700000000000004
0.0,0.8,0.15,0.5,1.0,1.7875
0.0,0.8,0.15,1.0,1.0,1.8550000000000002
0.0,0.8,0.15,1.5,1.0,1.9225
0.0,0.8,0.15,2.0,1.0,1.9900000000000002
0.0,0.8,0.15,2.5,1.0,2.0575
0.0,0.8,0.15,3.0,1.0,2.125
0.0,0.8,0.15,3.5,1.0,2.1925000000000003
0.0,0.8,0.15,4.0,1.0,2.2600000000000002
0.0,0.8,0.15,4.5,1.0,2.3275
0.0,0.8,0.15,5.0,1.0,2.3950000000000005
0.0,0.8,0.2,0.5,1.0,1.8100000000000003
0.0,0.8,0.2,1.0,1.0,1.9000000000000001
0.0,0.8,0.2,1.5,1.0,1.9900000000000002
0.0,0.8,0.2,2.0,1.0,2.08
0.0,0.8,0.2,2.5,1.0,2.1700000000000004
0.0,0.8,0.2,3.0,1.0,2.2600000000000002
0.0,0.8,0.2,3.5,1.0,2.3500000000000005
0.0,0.8,0.2,4.0,1.0,2.4400000000000004
0.0,0.8,0.2,4.5,1.0,2.5300000000000002
0.0,0.8,0.2,5.0,1.0,2.62
0.0,0.8,0.25,0.5,1.0,1.8325000000000002
0.0,0.8,0.25,1.0,1.0,1.9450000000000003
0.0,0.8,0.25,1.5,1.0,2.0575
0.0,0.8,0.25,2.0,1.0,2.1700000000000004
0.0,0.8,0.25,2.5,1.0,2.2825
0.0,0.8,0.25,3.0,1.0,2.3950000000000005
0.0,0.8,0.25,3.5,1.0,2.5075000000000003
0.0,0.8,0.25,4.0,1.0,2.62
0.0,0.8,0.25,4.5,1.0,2.7325
0.0,0.8,0.25,5.0,1.0,2.845
0.0,0.8,0.3,0.5,1.0,1.8550000000000002
0.0,0.8,0.3,1.0,1.0,1.9900000000000002
0.0,0.8,0.3,1.5,1.0,2.125
0.0,0.8,0.3,2.0,1.0,2.2600000000000002
0.0,0.8,0.3,2.5,1.0,2.3950000000000005
0.0,0.8,0.3,3.0,1.0,2.5300000000000002
0.0,0.8,0.3,3.5,1.0,2.665
0.0,0.8,0.3,4.0,1.0,2.8000000000000003
0.0,0.8,0.3,4.5,1.0,2.935
0.0,0.8,0.3,5.0,1.0,3.0700000000000003
0.0,0.8,0.35,0.5,1.0,1.8775000000000002
0.0,0.8,0.35,1.0,1.0,2.035
0.0,0.8,0.35,1.5,1.0,2.1925
0.0,0.8,0.35,2.0,1.0,2.35
0.0,0.8,0.35,2.5,1.0,2.5075000000000003
0.0,0.8,0.35,3.0,1.0,2.665
0.0,0.8,0.35,3.5,1.0,2.8225
0.0,0.8,0.35,4.0,1.0,2.9800000000000004
0.0,0.8,0.35,4.5,1.0,3.1375
0.0,0.8,0.35,5.0,1.0,3.295
0.0,0.8,0.4,0.5,1.0,1.9000000000000001
0.0,0.8,0.4,1.0,1.0,2.08
0.0,0.8,0.4,1.5,1.0,2.2600000000000002
0.0,0.8,0.4,2.0,1.0,2.4400000000000004
0.0,0.8,0.4,2.5,1.0,2.62
0.0,0.8,0.4,3.0,1.0,2.8000000000000007
0.0,0.8,0.4,3.5,1.0,2.9800000000000004
0.0,0.8,0.4,4.0,1.0,3.16
0.0,0.8,0.4,4.5,1.0,3.3400000000000003
0.0,0.8,0.4,5.0,1.0,3.5200000000000005
0.0,0.8,0.45,0.5,1.0,1.9225000000000003
0.0,0.8,0.45,1.0,1.0,2.125
0.0,0.8,0.45,1.5,1.0,2.3275
0.0,0.8,0.45,2.0,1.0,2.5300000000000002
0.0,0.8,0.45,2.5,1.0,2.7325
0.0,0.8,0.45,3.0,1.0,2.9350000000000005
0.0,0.8,0.45,3.5,1.0,3.1375
0.0,0.8,0.45,4.0,1.0,3.3400000000000003
0.0,0.8,0.45,4.5,1.0,3.5425000000000004
0.0,0.8,0.45,5.0,1.0,3.745
0.0,0.8,0.5,0.5,1.0,1.9450000000000003
0.0,0.8,0.5,1.0,1.0,2.1700000000000004
0.0,0.8,0.5,1.5,1.0,2.3950000000000005
0.0,0.8,0.5,2.0,1.0,2.62
0.0,0.8,0.5,2.5,1.0,2.845
0.0,0.8,0.5,3.0,1.0,3.0700000000000003
0.0,0.8,0.5,3.5,1.0,3.295
0.0,0.8,0.5,4.0,1.0,3.5200000000000005
0.0,0.8,0.5,4.5,1.0,3.745
0.0,0.8,0.5,5.0,1.0,3.97
0.0,0.9,0.0,0.5,1.0,1.81
0.0,0.9,0.0,1.0,1.0,1.81
0.0,0.9,0.0,1.5,1.0,1.81
0.0,0.9,0.0,2.0,1.0,1.81
0.0,0.9,0.0,2.5,1.0,1.81
0.0,0.9,0.0,3.0,1.0,1.81
0.0,0.9,0.0,3.5,1.0,1.81
0.0,0.9,0.0,4.0,1.0,1.81
0.0,0.9,0.0,4.5,1.0,1.81
0.0,0.9,0.0,5.0,1.0,1.81
0.0,0.9,0.05,0.5,1.0,1.8325
0.0,0.9,0.05,1.0,1.0,1.855
0.0,0.9,0.05,1.5,1.0,1.8775000000000002
0.0,0.9,0.05,2.0,1.0,1.9000000000000001
0.0,0.9,0.05,2.5,1.0,1.9225
0.0,0.9,0.05,3.0,1.0,1.945
0.0,0.9,0.05,3.5,1.0,1.9675
0.0,0.9,0.05,4.0,1.0,1.99
0.0,0.9,0.05,4.5,1.0,2.0125
0.0,0.9,0.05,5.0,1.0,2.035
0.0,0.9,0.1,0.5,1.0,1.855
0.0,0.9,0.1,1.0,1.0,1.9000000000000001
0.0,0.9,0.1,1.5,1.0,1.945
0.0,0.9,0.1,2.0,1.0,1.99
0.0,0.9,0.1,2.5,1.0,2.035
0.0,0.9,0.1,3.0,1.0,2.08
0.0,0.9,0.1,3.5,1.0,2.125
0.0,0.9,0.1,4.0,1.0,2.17
0.0,0.9,0.1,4.5,1.0,2.215
0.0,0.9,0.1,5.0,1.0,2.2600000000000002
0.0,0.9,0.15,0.5,1.0,1.8775
0.0,0.9,0.15,1.0,1.0,1.945
0.0,0.9,0.15,1.5,1.0,2.0125
0.0,0.9,0.15,2.0,1.0,2.08
0.0,0.9,0.15,2.5,1.0,2.1475
0.0,0.9,0.15,3.0,1.0,2.215
0.0,0.9,0.15,3.5,1.0,2.2825
0.0,0.9,0.15,4.0,1.0,2.35
0.0,0.9,0.15,4.5,1.0,2.4175
0.0,0.9,0.15,5.0,1.0,2.4850000000000003
0.0,0.9,0.2,0.5,1.0,1.9000000000000001
0.0,0.9,0.2,1.0,1.0,1.99
0.0,0.9,0.2,1.5,1.0,2.08
0.0,0.9,0.2,2.0,1.0,2.17
0.0,0.9,0.2,2.5,1.0,2.2600000000000002
0.0,0.9,0.2,3.0,1.0,2.35
0.0,0.9,0.2,3.5,1.0,2.4400000000000004
0.0,0.9,0.2,4.0,1.0,2.5300000000000002
0.0,0.9,0.2,4.5,1.0,2.62
0.0,0.9,0.2,5.0,1.0,2.71
0.0,0.9,0.25,0.5,1.0,1.9225
0.0,0.9,0.25,1.0,1.0,2.035
0.0,0.9,0.25,1.5,1.0,2.1475
0.0,0.9,0.25,2.0,1.0,2.2600000000000002
0.0,0.9,0.25,2.5,1.0,2.3725
0.0,0.9,0.25,3.0,1.0,2.4850000000000003
0.0,0.9,0.25,3.5,1.0,2.5975
0.0,0.9,0.25,4.0,1.0,2.71
0.0,0.9,0.25,4.5,1.0,2.8225
0.0,0.9,0.25,5.0,1.0,2.935
0.0,0.9,0.3,0.5,1.0,1.945
0.0,0.9,0.3,1.0,1.0,2.08
0.0,0.9,0.3,1.5,1.0,2.215
0.0,0.9,0.3,2.0,1.0,2.35
0.0,0.9,0.3,2.5,1.0,2.4850000000000003
0.0,0.9,0.3,3.0,1.0,2.62
0.0,0.9,0.3,3.5,1.0,2.755
0.0,0.9,0.3,4.0,1.0,2.89
0.0,0.9,0.3,4.5,1.0,3.025
0.0,0.9,0.3,5.0,1.0,3.16
0.0,0.9,0.35,0.5,1.0,1.9675
0.0,0.9,0.35,1.0,1.0,2.125
0.0,0.9,0.35,1.5,1.0,2.2824999999999998
0.0,0.9,0.35,2.0,1.0,2.44
0.0,0.9,0.35,2.5,1.0,2.5975
0.0,0.9,0.35,3.0,1.0,2.755
0.0,0.9,0.35,3.5,1.0,2.9124999999999996
0.0,0.9,0.35,4.0,1.0,3.0700000000000003
0.0,0.9,0.35,4.5,1.0,3.2275
0.0,0.9,0.35,5.0,1.0,3.385
0.0,0.9,0.4,0.5,1.0,1.99
0.0,0.9,0.4,1.0,1.0,2.17
0.0,0.9,0.4,1.5,1.0,2.35
0.0,0.9,0.4,2.0,1.0,2.5300000000000002
0.0,0.9,0.4,2.5,1.0,2.71
0.0,0.9,0.4,3.0,1.0,2.8900000000000006
0.0,0.9,0.4,3.5,1.0,3.0700000000000003
0.0,0.9,0.4,4.0,1.0,3.25
0.0,0.9,0.4,4.5,1.0,3.43
0.0,0.9,0.4,5.0,1.0,3.6100000000000003
0.0,0.9,0.45,0.5,1.0,2.0125
0.0,0.9,0.45,1.0,1.0,2.215
0.0,0.9,0.45,1.5,1.0,2.4175
0.0,0.9,0.45,2.0,1.0,2.62
0.0,0.9,0.45,2.5,1.0,2.8225
0.0,0.9,0.45,3.0,1.0,3.0250000000000004
0.0,0.9,0.45,3.5,1.0,3.2275
0.0,0.9,0.45,4.0,1.0,3.43
0.0,0.9,0.45,4.5,1.0,3.6325000000000003
0.0,0.9,0.45,5.0,1.0,3.835
0.0,0.9,0.5,0.5,1.0,2.035
0.0,0.9,0.5,1.0,1.0,2.2600000000000002
0.0,0.9,0.5,1.5,1.0,2.4850000000000003
0.0,0.9,0.5,2.0,1.0,2.71
0.0,0.9,0.5,2.5,1.0,2.935
0.0,0.9,0.5,3.0,1.0,3.16
0.0,0.9,0.5,3.5,1.0,3.385
0.0,0.9,0.5,4.0,1.0,3.6100000000000003
0.0,0.9,0.5,4.5,1.0,3.835
0.0,0.9,0.5,5.0,1.0,4.0600000000000005
0.0,1.0,0.0,0.5,1.0,1.9
0.0,1.0,0.0,1.0,1.0,1.9
0.0,1.0,0.0,1.5,1.0,1.9
0.0,1.0,0.0,2.0,1.0,1.9
0.0,1.0,0.0,2.5,1.0,1.9
0.0,1.0,0.0,3.0,1.0,1.9
0.0,1.0,0.0,3.5,1.0,1.9
0.0,1.0,0.0,4.0,1.0,1.9
0.0,1.0,0.0,4.5,1.0,1.9
0.0,1.0,0.0,5.0,1.0,1.9
0.0,1.0,0.05,0.5,1.0,1.9224999999999999
0.0,1.0,0.05,1.0,1.0,1.9449999999999998
0.0,1.0,0.05,1.5,1.0,1.9675
0.0,1.0,0.05,2.0,1.0,1.99
0.0,1.0,0.05,2.5,1.0,2.0124999999999997
0.0,1.0,0.05,3.0,1.0,2.035
0.0,1.0,0.05,3.5,1.0,2.0575
0.0,1.0,0.05,4.0,1.0,2.08
0.0,1.0,0.05,4.5,1.0,2.1025
0.0,1.0,0.05,5.0,1.0,2.125
0.0,1.0,0.1,0.5,1.0,1.9449999999999998
0.0,1.0,0.1,1.0,1.0,1.99
0.0,1.0,0.1,1.5,1.0,2.035
0.0,1.0,0.1,2.0,1.0,2.08
0.0,1.0,0.1,2.5,1.0,2.125
0.0,1.0,0.1,3.0,1.0,2.17
0.0,1.0,0.1,3.5,1.0,2.215
0.0,1.0,0.1,4.0,1.0,2.26
0.0,1.0,0.1,4.5,1.0,2.3049999999999997
0.0,1.0,0.1,5.0,1.0,2.35
0.0,1.0,0.15,0.5,1.0,1.9674999999999998
0.0,1.0,0.15,1.0,1.0,2.035
0.0,1.0,0.15,1.5,1.0,2.1025
0.0,1.0,0.15,2.0,1.0,2.17
0.0,1.0,0.15,2.5,1.0,2.2375
0.0,1.0,0.15,3.0,1.0,2.3049999999999997
0.0,1.0,0.15,3.5,1.0,2.3725
0.0,1.0,0.15,4.0,1.0,2.44
0.0,1.0,0.15,4.5,1.0,2.5075
0.0,1.0,0.15,5.0,1.0,2.575
0.0,1.0,0.2,0.5,1.0,1.99
0.0,1.0,0.2,1.0,1.0,2.08
0.0,1.0,0.2,1.5,1.0,2.17
0.0,1.0,0.2,2.0,1.0,2.26
0.0,1.0,0.2,2.5,1.0,2.35
0.0,1.0,0.2,3.0,1.0,2.44
0.0,1.0,0.2,3.5,1.0,2.5300000000000002
0.0,1.0,0.2,4.0,1.0,2.62
0.0,1.0,0.2,4.5,1.0,2.71
0.0,1.0,0.2,5.0,1.0,2.8
0.0,1.0,0.25,0.5,1.0,2.0124999999999997
0.0,1.0,0.25,1.0,1.0,2.125
0.0,1.0,0.25,1.5,1.0,2.2375
0.0,1.0,0.25,2.0,1.0,2.35
0.0,1.0,0.25,2.5,1.0,2.4625
0.0,1.0,0.25,3.0,1.0,2.575
0.0,1.0,0.25,3.5,1.0,2.6875
0.0,1.0,0.25,4.0,1.0,2.8
0.0,1.0,0.25,4.5,1.0,2.9124999999999996
0.0,1.0,0.25,5.0,1.0,3.025
0.0,1.0,0.3,0.5,1.0,2.035
0.0,1.0,0.3,1.0,1.0,2.17
0.0,1.0,0.3,1.5,1.0,2.3049999999999997
0.0,1.0,0.3,2.0,1.0,2.44
0.0,1.0,0.3,2.5,1.0,2.575
0.0,1.0,0.3,3.0,1.0,2.71
0.0,1.0,0.3,3.5,1.0,2.8449999999999998
0.0,1.0,0.3,4.0,1.0,2.98
0.0,1.0,0.3,4.5,1.0,3.1149999999999998
0.0,1.0,0.3,5.0,1.0,3.25
0.0,1.0,0.35,0.5,1.0,2.0575
0.0,1.0,0.35,1.0,1.0,2.215
0.0,1.0,0.35,1.5,1.0,2.3724999999999996
0.0,1.0,0.35,2.0,1.0,2.53
0.0,1.0,0.35,2.5,1.0,2.6875
0.0,1.0,0.35,3.0,1.0,2.8449999999999998
0.0,1.0,0.35,3.5,1.0,3.0024999999999995
0.0,1.0,0.35,4.0,1.0,3.16
0.0,1.0,0.35,4.5,1.0,3.3175
0.0,1.0,0.35,5.0,1.0,3.4749999999999996
0.0,1.0,0.4,0.5,1.0,2.08
0.0,1.0,0.4,1.0,1.0,2.26
0.0,1.0,0.4,1.5,1.0,2.44
0.0,1.0,0.4,2.0,1.0,2.62
0.0,1.0,0.4,2.5,1.0,2.8
0.0,1.0,0.4,3.0,1.0,2.9800000000000004
0.0,1.0,0.4,3.5,1.0,3.16
0.0,1.0,0.4,4.0,1.0,3.34
0.0,1.0,0.4,4.5,1.0,3.52
0.0,1.0,0.4,5.0,1.0,3.7
0.0,1.0,0.45,0.5,1.0,2.1025
0.0,1.0,0.45,1.0,1.0,2.3049999999999997
0.0,1.0,0.45,1.5,1.0,2.5075
0.0,1.0,0.45,2.0,1.0,2.71
0.0,1.0,0.45,2.5,1.0,2.9124999999999996
0.0,1.0,0.45,3.0,1.0,3.115
0.0,1.0,0.45,3.5,1.0,3.3175
0.0,1.0,0.45,4.0,1.0,3.52
0.0,1.0,0.45,4.5,1.0,3.7225
0.0,1.0,0.45,5.0,1.0,3.925
0.0,1.0,0.5,0.5,1.0,2.125
0.0,1.0,0.5,1.0,1.0,2.35
0.0,1.0,0.5,1.5,1.0,2.575
0.0,1.0,0.5,2.0,1.0,2.8
0.0,1.0,0.5,2.5,1.0,3.025
0.0,1.0,0.5,3.0,1.0,3.25
0.0,1.0,0.5,3.5,1.0,3.4749999999999996
0.0,1.0,0.5,4.0,1.0,3.7
0.0,1.0,0.5,4.5,1.0,3.925
0.0,1.0,0.5,5.0,1.0,4.15
0.1,0.0,0.0,0.5,1.05,1.05
0.1,0.0,0.0,1.0,1.1,1.1
0.1,0.0,0.0,1.5,1.15,1.15
0.1,0.0,0.0,2.0,1.2,1.2
0.1,0.0,0.0,2.5,1.25,1.25
0.1,0.0,0.0,3.0,1.3,1.3
0.1,0.0,0.0,3.5,1.35,1.35
0.1,0.0,0.0,4.0,1.4,1.4
0.1,0.0,0.0,4.5,1.45,1.45
0.1,0.0,0.0,5.0,1.5,1.5
0.1,0.0,0.05,0.5,1.05,1.0725
0.1,0.0,0.05,1.0,1.1,1.145
0.1,0.0,0.05,1.5,1.15,1.2175
0.1,0.0,0.05,2.0,1.2,1.29
0.1,0.0,0.05,2.5,1.25,1.3625
0.1,0.0,0.05,3.0,1.3,1.435
0.1,0.0,0.05,3.5,1.35,1.5075
0.1,0.0,0.05,4.0,1.4,1.5799999999999998
0.1,0.0,0.05,4.5,1.45,1.6524999999999999
0.1,0.0,0.05,5.0,1.5,1.725
0.1,0.0,0.1,0.5,1.05,1.095
0.1,0.0,0.1,1.0,1.1,1.1900000000000002
0.1,0.0,0.1,1.5,1.15,1.285
0.1,0.0,0.1,2.0,1.2,1.38
0.1,0.0,0.1,2.5,1.25,1.475
0.1,0.0,0.1,3.0,1.3,1.57
0.1,0.0,0.1,3.5,1.35,1.665
0.1,0.0,0.1,4.0,1.4,1.76
0.1,0.0,0.1,4.5,1.45,1.855
0.1,0.0,0.1,5.0,1.5,1.95
0.1,0.0,0.15,0.5,1.05,1.1175000000000002
0.1,0.0,0.15,1.0,1.1,1.235
0.1,0.0,0.15,1.5,1.15,1.3524999999999998
0.1,0.0,0.15,2.0,1.2,1.47
0.1,0.0,0.15,2.5,1.25,1.5875
0.1,0.0,0.15,3.0,1.3,1.705
0.1,0.0,0.15,3.5,1.35,1.8225000000000002
0.1,0.0,0.15,4.0,1.4,1.94
0.1,0.0,0.15,4.5,1.45,2.0575
0.1,0.0,0.15,5.0,1.5,2.175
0.1,0.0,0.2,0.5,1.05,1.1400000000000001
0.1,0.0,0.2,1.0,1.1,1.28
0.1,0.0,0.2,1.5,1.15,1.42
0.1,0.0,0.2,2.0,1.2,1.56
0.1,0.0,0.2,2.5,1.25,1.7
0.1,0.0,0.2,3.0,1.3,1.8400000000000003
0.1,0.0,0.2,3.5,1.35,1.9800000000000002
0.1,0.0,0.2,4.0,1.4,2.12
0.1,0.0,0.2,4.5,1.45,2.26
0.1,0.0,0.2,5.0,1.5,2.4
0.1,0.0,0.25,0.5,1.05,1.1625
0.1,0.0,0.25,1.0,1.1,1.3250000000000002
0.1,0.0,0.25,1.5,1.15,1.4874999999999998
0.1,0.0,0.25,2.0,1.2,1.65
0.1,0.0,0.25,2.5,1.25,1.8125
0.1,0.0,0.25,3.0,1.3,1.975
0.1,0.0,0.25,3.5,1.35,2.1375
0.1,0.0,0.25,4.0,1.4,2.3
0.1,0.0,0.25,4.5,1.45,2.4625
0.1,0.0,0.25,5.0,1.5,2.625
0.1,0.0,0.3,0.5,1.05,1.185
0.1,0.0,0.3,1.0,1.1,1.37
0.1,0.0,0.3,1.5,1.15,1.555
0.1,0.0,0.3,2.0,1.2,1.74
0.1,0.0,0.3,2.5,1.25,1.925
0.1,0.0,0.3,3.0,1.3,2.11
0.1,0.0,0.3,3.5,1.35,2.295
0.1,0.0,0.3,4.0,1.4,2.48
0.1,0.0,0.3,4.5,1.45,2.665
0.1,0.0,0.3,5.0,1.5,2.85
0.1,0.0,0.35,0.5,1.05,1.2075
0.1,0.0,0.35,1.0,1.1,1.415
0.1,0.0,0.35,1.5,1.15,1.6224999999999998
0.1,0.0,0.35,2.0,1.2,1.83
0.1,0.0,0.35,2.5,1.25,2.0375
0.1,0.0,0.35,3.0,1.3,2.245
0.1,0.0,0.35,3.5,1.35,2.4524999999999997
0.1,0.0,0.35,4.0,1.4,2.66
0.1,0.0,0.35,4.5,1.45,2.8674999999999997
0.1,0.0,0.35,5.0,1.5,3.075
0.1,0.0,0.4,0.5,1.05,1.23
0.1,0.0,0.4,1.0,1.1,1.4600000000000002
0.1,0.0,0.4,1.5,1.15,1.69
0.1,0.0,0.4,2.0,1.2,1.92
0.1,0.0,0.4,2.5,1.25,2.15
0.1,0.0,0.4,3.0,1.3,2.3800000000000003
0.1,0.0,0.4,3.5,1.35,2.6100000000000003
0.1,0.0,0.4,4.0,1.4,2.84
0.1,0.0,0.4,4.5,1.45,3.0700000000000003
0.1,0.0,0.4,5.0,1.5,3.3
0.1,0.0,0.45,0.5,1.05,1.2525
0.1,0.0,0.45,1.0,1.1,1.5050000000000001
0.1,0.0,0.45,1.5,1.15,1.7574999999999998
0.1,0.0,0.45,2.0,1.2,2.01
0.1,0.0,0.45,2.5,1.25,2.2625
0.1,0.0,0.45,3.0,1.3,2.515
0.1,0.0,0.45,3.5,1.35,2.7675
0.1,0.0,0.45,4.0,1.4,3.02
0.1,0.0,0.45,4.5,1.45,3.2725
0.1,0.0,0.45,5.0,1.5,3.525
0.1,0.0,0.5,0.5,1.05,1.2750000000000001
0.1,0.0,0.5,1.0,1.1,1.55
0.1,0.0,0.5,1.5,1.15,1.825
0.1,0.0,0.5,2.0,1.2,2.1
0.1,0.0,0.5,2.5,1.25,2.375
0.1,0.0,0.5,3.0,1.3,2.6500000000000004
0.1,0.0,0.5,3.5,1.35,2.925
0.1,0.0,0.5,4.0,1.4,3.2
0.1,0.0,0.5,4.5,1.45,3.4749999999999996
0.1,0.0,0.5,5.0,1.5,3.75
0.1,0.1,0.0,0.5,1.05,1.1400000000000001
0.1,0.1,0.0,1.0,1.1,1.1900000000000002
0.1,0.1,0.0,1.5,1.15,1.24
0.1,0.1,0.0,2.0,1.2,1.29
0.1,0.1,0.0,2.5,1.25,1.34
0.1,0.1,0.0,3.0,1.3,1.3900000000000001
0.1,0.1,0.0,3.5,1.35,1.4400000000000002
0.1,0.1,0.0,4.0,1.4,1.49
0.1,0.1,0.0,4.5,1.45,1.54
0.1,0.1,0.0,5.0,1.5,1.59
0.1,0.1,0.05,0.5,1.05,1.1625
0.1,0.1,0.05,1.0,1.1,1.235
0.1,0.1,0.05,1.5,1.15,1.3075
0.1,0.1,0.05,2.0,1.2,1.3800000000000001
0.1,0.1,0.05,2.5,1.25,1.4525000000000001
0.1,0.1,0.05,3.0,1.3,1.5250000000000001
0.1,0.1,0.05,3.5,1.35,1.5975000000000001
0.1,0.1,0.05,4.0,1.4,1.67
0.1,0.1,0.05,4.5,1.45,1.7425000000000002
0.1,0.1,0.05,5.0,1.5,1.8150000000000002
0.1,0.1,0.1,0.5,1.05,1.185
0.1,0.1,0.1,1.0,1.1,1.2800000000000002
0.1,0.1,0.1,1.5,1.15,1.375
0.1,0.1,0.1,2.0,1.2,1.47
0.1,0.1,0.1,2.5,1.25,1.5650000000000002
0.1,0.1,0.1,3.0,1.3,1.6600000000000001
0.1,0.1,0.1,3.5,1.35,1.7550000000000003
0.1,0.1,0.1,4.0,1.4,1.85
0.1,0.1,0.1,4.5,1.45,1.945
0.1,0.1,0.1,5.0,1.5,2.04
0.1,0.1,0.15,0.5,1.05,1.2075
0.1,0.1,0.15,1.0,1.1,1.3250000000000002
0.1,0.1,0.15,1.5,1.15,1.4425
0.1,0.1,0.15,2.0,1.2,1.56
0.1,0.1,0.15,2.5,1.25,1.6775000000000002
0.1,0.1,0.15,3.0,1.3,1.7950000000000002
0.1,0.1,0.15,3.5,1.35,1.9125
0.1,0.1,0.15,4.0,1.4,2.0300000000000002
0.1,0.1,0.15,4.5,1.45,2.1475
0.1,0.1,0.15,5.0,1.5,2.265
0.1,0.1,0.2,0.5,1.05,1.2300000000000002
0.1,0.1,0.2,1.0,1.1,1.37
0.1,0.1,0.2,1.5,1.15,1.51
0.1,0.1,0.2,2.0,1.2,1.6500000000000001
0.1,0.1,0.2,2.5,1.25,1.79
0.1,0.1,0.2,3.0,1.3,1.9300000000000002
0.1,0.1,0.2,3.5,1.35,2.0700000000000003
0.1,0.1,0.2,4.0,1.4,2.21
0.1,0.1,0.2,4.5,1.45,2.35
0.1,0.1,0.2,5.0,1.5,2.49
0.1,0.1,0.25,0.5,1.05,1.2525000000000002
0.1,0.1,0.25,1.0,1.1,1.4150000000000003
0.1,0.1,0.25,1.5,1.15,1.5775000000000001
0.1,0.1,0.25,2.0,1.2,1.74
0.1,0.1,0.25,2.5,1.25,1.9025
0.1,0.1,0.25,3.0,1.3,2.0650000000000004
0.1,0.1,0.25,3.5,1.35,2.2275
0.1,0.1,0.25,4.0,1.4,2.39
0.1,0.1,0.25,4.5,1.45,2.5525
0.1,0.1,0.25,5.0,1.5,2.715
0.1,0.1,0.3,0.5,1.05,1.2750000000000001
0.1,0.1,0.3,1.0,1.1,1.4600000000000002
0.1,0.1,0.3,1.5,1.15,1.645
0.1,0.1,0.3,2.0,1.2,1.83
0.1,0.1,0.3,2.5,1.25,2.015
0.1,0.1,0.3,3.0,1.3,2.2
0.1,0.1,0.3,3.5,1.35,2.3850000000000002
0.1,0.1,0.3,4.0,1.4,2.5700000000000003
0.1,0.1,0.3,4.5,1.45,2.755
0.1,0.1,0.3,5.0,1.5,2.9400000000000004
0.1,0.1,0.35,0.5,1.05,1.2975
0.1,0.1,0.35,1.0,1.1,1.5050000000000001
0.1,0.1,0.35,1.5,1.15,1.7125
0.1,0.1,0.35,2.0,1.2,1.92
0.1,0.1,0.35,2.5,1.25,2.1275
0.1,0.1,0.35,3.0,1.3,2.335
0.1,0.1,0.35,3.5,1.35,2.5425
0.1,0.1,0.35,4.0,1.4,2.75
0.1,0.1,0.35,4.5,1.45,2.9575
0.1,0.1,0.35,5.0,1.5,3.165
0.1,0.1,0.4,0.5,1.05,1.32
0.1,0.1,0.4,1.0,1.1,1.5500000000000003
0.1,0.1,0.4,1.5,1.15,1.7800000000000002
0.1,0.1,0.4,2.0,1.2,2.0100000000000002
0.1,0.1,0.4,2.5,1.25,2.24
0.1,0.1,0.4,3.0,1.3,2.4700000000000006
0.1,0.1,0.4,3.5,1.35,2.7
0.1,0.1,0.4,4.0,1.4,2.93
0.1,0.1,0.4,4.5,1.45,3.16
0.1,0.1,0.4,5.0,1.5,3.39
0.1,0.1,0.45,0.5,1.05,1.3425000000000002
0.1,0.1,0.45,1.0,1.1,1.5950000000000002
0.1,0.1,0.45,1.5,1.15,1.8475000000000001
0.1,0.1,0.45,2.0,1.2,2.1
0.1,0.1,0.45,2.5,1.25,2.3525
0.1,0.1,0.45,3.0,1.3,2.6050000000000004
0.1,0.1,0.45,3.5,1.35,2.8575
0.1,0.1,0.45,4.0,1.4,3.1100000000000003
0.1,0.1,0.45,4.5,1.45,3.3625
0.1,0.1,0.45,5.0,1.5,3.615
0.1,0.1,0.5,0.5,1.05,1.3650000000000002
0.1,0.1,0.5,1.0,1.1,1.6400000000000001
0.1,0.1,0.5,1.5,1.15,1.915
0.1,0.1,0.5,2.0,1.2,2.19
0.1,0.1,0.5,2.5,1.25,2.465
0.1,0.1,0.5,3.0,1.3,2.74
0.1,0.1,0.5,3.5,1.35,3.015
0.1,0.1,0.5,4.0,1.4,3.29
0.1,0.1,0.5,4.5,1.45,3.565
0.1,0.1,0.5,5.0,1.5,3.84
0.1,0.2,0.0,0.5,1.05,1.23
0.1,0.2,0.0,1.0,1.1,1.28
0.1,0.2,0.0,1.5,1.15,1.3299999999999998
0.1,0.2,0.0,2.0,1.2,1.38
0.1,0.2,0.0,2.5,1.25,1.43
0.1,0.2,0.0,3.0,1.3,1.48
0.1,0.2,0.0,3.5,1.35,1.53
0.1,0.2,0.0,4.0,1.4,1.5799999999999998
0.1,0.2,0.0,4.5,1.45,1.63
0.1,0.2,0.0,5.0,1.5,1.68
0.1,0.2,0.05,0.5,1.05,1.2525
0.1,0.2,0.05,1.0,1.1,1.325
0.1,0.2,0.05,1.5,1.15,1.3975
0.1,0.2,0.05,2.0,1.2,1.47
0.1,0.2,0.05,2.5,1.25,1.5425
0.1,0.2,0.05,3.0,1.3,1.615
0.1,0.2,0.05,3.5,1.35,1.6875
0.1,0.2,0.05,4.0,1.4,1.7599999999999998
0.1,0.2,0.05,4.5,1.45,1.8325
0.1,0.2,0.05,5.0,1.5,1.905
0.1,0.2,0.1,0.5,1.05,1.275
0.1,0.2,0.1,1.0,1.1,1.37
0.1,0.2,0.1,1.5,1.15,1.4649999999999999
0.1,0.2,0.1,2.0,1.2,1.5599999999999998
0.1,0.2,0.1,2.5,1.25,1.655
0.1,0.2,0.1,3.0,1.3,1.75
0.1,0.2,0.1,3.5,1.35,1.8450000000000002
0.1,0.2,0.1,4.0,1.4,1.94
0.1,0.2,0.1,4.5,1.45,2.035
0.1,0.2,0.1,5.0,1.5,2.13
0.1,0.2,0.15,0.5,1.05,1.2974999999999999
0.1,0.2,0.15,1.0,1.1,1.415
0.1,0.2,0.15,1.5,1.15,1.5324999999999998
0.1,0.2,0.15,2.0,1.2,1.65
0.1,0.2,0.15,2.5,1.25,1.7675
0.1,0.2,0.15,3.0,1.3,1.885
0.1,0.2,0.15,3.5,1.35,2.0025
0.1,0.2,0.15,4.0,1.4,2.12
0.1,0.2,0.15,4.5,1.45,2.2375
0.1,0.2,0.15,5.0,1.5,2.355
0.1,0.2,0.2,0.5,1.05,1.32
0.1,0.2,0.2,1.0,1.1,1.46
0.1,0.2,0.2,1.5,1.15,1.5999999999999999
0.1,0.2,0.2,2.0,1.2,1.74
0.1,0.2,0.2,2.5,1.25,1.88
0.1,0.2,0.2,3.0,1.3,2.02
0.1,0.2,0.2,3.5,1.35,2.16
0.1,0.2,0.2,4.0,1.4,2.3
0.1,0.2,0.2,4.5,1.45,2.44
0.1,0.2,0.2,5.0,1.5,2.58
0.1,0.2,0.25,0.5,1.05,1.3425
0.1,0.2,0.25,1.0,1.1,1.5050000000000001
0.1,0.2,0.25,1.5,1.15,1.6675
0.1,0.2,0.25,2.0,1.2,1.8299999999999998
0.1,0.2,0.25,2.5,1.25,1.9925
0.1,0.2,0.25,3.0,1.3,2.1550000000000002
0.1,0.2,0.25,3.5,1.35,2.3175
0.1,0.2,0.25,4.0,1.4,2.48
0.1,0.2,0.25,4.5,1.45,2.6425
0.1,0.2,0.25,5.0,1.5,2.8049999999999997
0.1,0.2,0.3,0.5,1.05,1.365
0.1,0.2,0.3,1.0,1.1,1.55
0.1,0.2,0.3,1.5,1.15,1.7349999999999999
0.1,0.2,0.3,2.0,1.2,1.92
0.1,0.2,0.3,2.5,1.25,2.105
0.1,0.2,0.3,3.0,1.3,2.29
0.1,0.2,0.3,3.5,1.35,2.475
0.1,0.2,0.3,4.0,1.4,2.66
0.1,0.2,0.3,4.5,1.45,2.8449999999999998
0.1,0.2,0.3,5.0,1.5,3.0300000000000002
0.1,0.2,0.35,0.5,1.05,1.3875
0.1,0.2,0.35,1.0,1.1,1.595
0.1,0.2,0.35,1.5,1.15,1.8024999999999998
0.1,0.2,0.35,2.0,1.2,2.01
0.1,0.2,0.35,2.5,1.25,2.2175
0.1,0.2,0.35,3.0,1.3,2.425
0.1,0.2,0.35,3.5,1.35,2.6325
0.1,0.2,0.35,4.0,1.4,2.84
0.1,0.2,0.35,4.5,1.45,3.0475
0.1,0.2,0.35,5.0,1.5,3.255
0.1,0.2,0.4,0.5,1.05,1.41
0.1,0.2,0.4,1.0,1.1,1.6400000000000001
0.1,0.2,0.4,1.5,1.15,1.87
0.1,0.2,0.4,2.0,1.2,2.1
0.1,0.2,0.4,2.5,1.25,2.33
0.1,0.2,0.4,3.0,1.3,2.5600000000000005
0.1,0.2,0.4,3.5,1.35,2.79
0.1,0.2,0.4,4.0,1.4,3.02
0.1,0.2,0.4,4.5,1.45,3.25
0.1,0.2,0.4,5.0,1.5,3.48
0.1,0.2,0.45,0.5,1.05,1.4325
0.1,0.2,0.45,1.0,1.1,1.685
0.1,0.2,0.45,1.5,1.15,1.9375
0.1,0.2,0.45,2.0,1.2,2.19
0.1,0.2,0.45,2.5,1.25,2.4425
0.1,0.2,0.45,3.0,1.3,2.6950000000000003
0.1,0.2,0.45,3.5,1.35,2.9475
0.1,0.2,0.45,4.0,1.4,3.2
0.1,0.2,0.45,4.5,1.45,3.4524999999999997
0.1,0.2,0.45,5.0,1.5,3.705
0.1,0.2,0.5,0.5,1.05,1.455
0.1,0.2,0.5,1.0,1.1,1.73
0.1,0.2,0.5,1.5,1.15,2.005
0.1,0.2,0.5,2.0,1.2,2.28
0.1,0.2,0.5,2.5,1.25,2.5549999999999997
0.1,0.2,0.5,3.0,1.3,2.83
0.1,0.2,0.5,3.5,1.35,3.105
0.1,0.2,0.5,4.0,1.4,3.38
0.1,0.2,0.5,4.5,1.45,3.655
0.1,0.2,0.5,5.0,1.5,3.9299999999999997
0.1,0.3,0.0,0.5,1.05,1.32
0.1,0.3,0.0,1.0,1.1,1.37
0.1,0.3,0.0,1.5,1.15,1.42
0.1,0.3,0.0,2.0,1.2,1.47
0.1,0.3,0.0,2.5,1.25,1.52
0.1,0.3,0.0,3.0,1.3,1.57
0.1,0.3,0.0,3.5,1.35,1.62
0.1,0.3,0.0,4.0,1.4,1.67
0.1,0.3,0.0,4.5,1.45,1.72
0.1,0.3,0.0,5.0,1.5,1.77
0.1,0.3,0.05,0.5,1.05,1.3425
0.1,0.3,0.05,1.0,1.1,1.415
0.1,0.3,0.05,1.5,1.15,1.4875
0.1,0.3,0.05,2.0,1.2,1.56
0.1,0.3,0.05,2.5,1.25,1.6325
0.1,0.3,0.05,3.0,1.3,1.705
0.1,0.3,0.05,3.5,1.35,1.7775
0.1,0.3,0.05,4.0,1.4,1.8499999999999999
0.1,0.3,0.05,4.5,1.45,1.9224999999999999
0.1,0.3,0.05,5.0,1.5,1.995
0.1,0.3,0.1,0.5,1.05,1.365
0.1,0.3,0.1,1.0,1.1,1.4600000000000002
0.1,0.3,0.1,1.5,1.15,1.555
0.1,0.3,0.1,2.0,1.2,1.65
0.1,0.3,0.1,2.5,1.25,1.745
0.1,0.3,0.1,3.0,1.3,1.84
0.1,0.3,0.1,3.5,1.35,1.935
0.1,0.3,0.1,4.0,1.4,2.03
0.1,0.3,0.1,4.5,1.45,2.125
0.1,0.3,0.1,5.0,1.5,2.22
0.1,0.3,0.15,0.5,1.05,1.3875000000000002
0.1,0.3,0.15,1.0,1.1,1.5050000000000001
0.1,0.3,0.15,1.5,1.15,1.6224999999999998
0.1,0.3,0.15,2.0,1.2,1.74
0.1,0.3,0.15,2.5,1.25,1.8575
0.1,0.3,0.15,3.0,1.3,1.975
0.1,0.3,0.15,3.5,1.35,2.0925000000000002
0.1,0.3,0.15,4.0,1.4,2.21
0.1,0.3,0.15,4.5,1.45,2.3274999999999997
0.1,0.3,0.15,5.0,1.5,2.4450000000000003
0.1,0.3,0.2,0.5,1.05,1.4100000000000001
0.1,0.3,0.2,1.0,1.1,1.55
0.1,0.3,0.2,1.5,1.15,1.69
0.1,0.3,0.2,2.0,1.2,1.83
0.1,0.3,0.2,2.5,1.25,1.97
0.1,0.3,0.2,3.0,1.3,2.1100000000000003
0.1,0.3,0.2,3.5,1.35,2.25
0.1,0.3,0.2,4.0,1.4,2.39
0.1,0.3,0.2,4.5,1.45,2.5300000000000002
0.1,0.3,0.2,5.0,1.5,2.67
0.1,0.3,0.25,0.5,1.05,1.4325
0.1,0.3,0.25,1.0,1.1,1.5950000000000002
0.1,0.3,0.25,1.5,1.15,1.7574999999999998
0.1,0.3,0.25,2.0,1.2,1.92
0.1,0.3,0.25,2.5,1.25,2.0825
0.1,0.3,0.25,3.0,1.3,2.245
0.1,0.3,0.25,3.5,1.35,2.4075
0.1,0.3,0.25,4.0,1.4,2.57
0.1,0.3,0.25,4.5,1.45,2.7325
0.1,0.3,0.25,5.0,1.5,2.895
0.1,0.3,0.3,0.5,1.05,1.455
0.1,0.3,0.3,1.0,1.1,1.6400000000000001
0.1,0.3,0.3,1.5,1.15,1.825
0.1,0.3,0.3,2.0,1.2,2.01
0.1,0.3,0.3,2.5,1.25,2.1950000000000003
0.1,0.3,0.3,3.0,1.3,2.38
0.1,0.3,0.3,3.5,1.35,2.5650000000000004
0.1,0.3,0.3,4.0,1.4,2.75
0.1,0.3,0.3,4.5,1.45,2.9349999999999996
0.1,0.3,0.3,5.0,1.5,3.12
0.1,0.3,0.35,0.5,1.05,1.4775
0.1,0.3,0.35,1.0,1.1,1.685
0.1,0.3,0.35,1.5,1.15,1.8924999999999998
0.1,0.3,0.35,2.0,1.2,2.1
0.1,0.3,0.35,2.5,1.25,2.3075
0.1,0.3,0.35,3.0,1.3,2.5149999999999997
0.1,0.3,0.35,3.5,1.35,2.7225
0.1,0.3,0.35,4.0,1.4,2.9299999999999997
0.1,0.3,0.35,4.5,1.45,3.1375
0.1,0.3,0.35,5.0,1.5,3.3449999999999998
0.1,0.3,0.4,0.5,1.05,1.5
0.1,0.3,0.4,1.0,1.1,1.7300000000000002
0.1,0.3,0.4,1.5,1.15,1.96
0.1,0.3,0.4,2.0,1.2,2.19
0.1,0.3,0.4,2.5,1.25,2.42
0.1,0.3,0.4,3.0,1.3,2.6500000000000004
0.1,0.3,0.4,3.5,1.35,2.8800000000000003
0.1,0.3,0.4,4.0,1.4,3.1100000000000003
0.1,0.3,0.4,4.5,1.45,3.34
0.1,0.3,0.4,5.0,1.5,3.5700000000000003
0.1,0.3,0.45,0.5,1.05,1.5225
0.1,0.3,0.45,1.0,1.1,1.7750000000000001
0.1,0.3,0.45,1.5,1.15,2.0275
0.1,0.3,0.45,2.0,1.2,2.2800000000000002
0.1,0.3,0.45,2.5,1.25,2.5324999999999998
0.1,0.3,0.45,3.0,1.3,2.785
0.1,0.3,0.45,3.5,1.35,3.0375
0.1,0.3,0.45,4.0,1.4,3.29
0.1,0.3,0.45,4.5,1.45,3.5425
0.1,0.3,0.45,5.0,1.5,3.795
0.1,0.3,0.5,0.5,1.05,1.5450000000000002
0.1,0.3,0.5,1.0,1.1,1.82
0.1,0.3,0.5,1.5,1.15,2.0949999999999998
0.1,0.3,0.5,2.0,1.2,2.37
0.1,0.3,0.5,2.5,1.25,2.645
0.1,0.3,0.5,3.0,1.3,2.92
0.1,0.3,0.5,3.5,1.35,3.1950000000000003
0.1,0.3,0.5,4.0,1.4,3.4699999999999998
0.1,0.3,0.5,4.5,1.45,3.745
0.1,0.3,0.5,5.0,1.5,4.02
0.1,0.4,0.0,0.5,1.05,1.4100000000000001
0.1,0.4,0.0,1.0,1.1,1.4600000000000002
0.1,0.4,0.0,1.5,1.15,1.51
0.1,0.4,0.0,2.0,1.2,1.56
0.1,0.4,0.0,2.5,1.25,1.61
0.1,0.4,0.0,3.0,1.3,1.6600000000000001
0.1,0.4,0.0,3.5,1.35,1.7100000000000002
0.1,0.4,0.0,4.0,1.4,1.76
0.1,0.4,0.0,4.5,1.45,1.81
0.1,0.4,0.0,5.0,1.5,1.86
0.1,0.4,0.05,0.5,1.05,1.4325
0.1,0.4,0.05,1.0,1.1,1.5050000000000001
0.1,0.4,0.05,1.5,1.15,1.5775000000000001
0.1,0.4,0.05,2.0,1.2,1.6500000000000001
0.1,0.4,0.05,2.5,1.25,1.7225000000000001
0.1,0.4,0.05,3.0,1.3,1.7950000000000002
0.1,0.4,0.05,3.5,1.35,1.8675000000000002
0.1,0.4,0.05,4.0,1.4,1.94
0.1,0.4,0.05,4.5,1.45,2.0125
0.1,0.4,0.05,5.0,1.5,2.085
0.1,0.4,0.1,0.5,1.05,1.455
0.1,0.4,0.1,1.0,1.1,1.5500000000000003
0.1,0.4,0.1,1.5,1.15,1.645
0.1,0.4,0.1,2.0,1.2,1.74
0.1,0.4,0.1,2.5,1.25,1.8350000000000002
0.1,0.4,0.1,3.0,1.3,1.9300000000000002
0.1,0.4,0.1,3.5,1.35,2.0250000000000004
0.1,0.4,0.1,4.0,1.4,2.12
0.1,0.4,0.1,4.5,1.45,2.215
0.1,0.4,0.1,5.0,1.5,2.31
0.1,0.4,0.15,0.5,1.05,1.4775
0.1,0.4,0.15,1.0,1.1,1.5950000000000002
0.1,0.4,0.15,1.5,1.15,1.7125
0.1,0.4,0.15,2.0,1.2,1.83
0.1,0.4,0.15,2.5,1.25,1.9475000000000002
0.1,0.4,0.15,3.0,1.3,2.065
0.1,0.4,0.15,3.5,1.35,2.1825
0.1,0.4,0.15,4.0,1.4,2.3
0.1,0.4,0.15,4.5,1.45,2.4175
0.1,0.4,0.15,5.0,1.5,2.535
0.1,0.4,0.2,0.5,1.05,1.5000000000000002
0.1,0.4,0.2,1.0,1.1,1.6400000000000001
0.1,0.4,0.2,1.5,1.15,1.78
0.1,0.4,0.2,2.0,1.2,1.9200000000000002
0.1,0.4,0.2,2.5,1.25,2.06
0.1,0.4,0.2,3.0,1.3,2.2
0.1,0.4,0.2,3.5,1.35,2.3400000000000003
0.1,0.4,0.2,4.0,1.4,2.48
0.1,0.4,0.2,4.5,1.45,2.62
0.1,0.4,0.2,5.0,1.5,2.7600000000000002
0.1,0.4,0.25,0.5,1.05,1.5225000000000002
0.1,0.4,0.25,1.0,1.1,1.6850000000000003
0.1,0.4,0.25,1.5,1.15,1.8475000000000001
0.1,0.4,0.25,2.0,1.2,2.0100000000000002
0.1,0.4,0.25,2.5,1.25,2.1725000000000003
0.1,0.4,0.25,3.0,1.3,2.335
0.1,0.4,0.25,3.5,1.35,2.4975
0.1,0.4,0.25,4.0,1.4,2.66
0.1,0.4,0.25,4.5,1.45,2.8225
0.1,0.4,0.25,5.0,1.5,2.9850000000000003
0.1,0.4,0.3,0.5,1.05,1.5450000000000002
0.1,0.4,0.3,1.0,1.1,1.7300000000000002
0.1,0.4,0.3,1.5,1.15,1.915
0.1,0.4,0.3,2.0,1.2,2.1
0.1,0.4,0.3,2.5,1.25,2.285
0.1,0.4,0.3,3.0,1.3,2.47
0.1,0.4,0.3,3.5,1.35,2.6550000000000002
0.1,0.4,0.3,4.0,1.4,2.84
0.1,0.4,0.3,4.5,1.45,3.025
0.1,0.4,0.3,5.0,1.5,3.21
0.1,0.4,0.35,0.5,1.05,1.5675000000000001
0.1,0.4,0.35,1.0,1.1,1.7750000000000001
0.1,0.4,0.35,1.5,1.15,1.9825
0.1,0.4,0.35,2.0,1.2,2.19
0.1,0.4,0.35,2.5,1.25,2.3975
0.1,0.4,0.35,3.0,1.3,2.605
0.1,0.4,0.35,3.5,1.35,2.8125
0.1,0.4,0.35,4.0,1.4,3.02
0.1,0.4,0.35,4.5,1.45,3.2275
0.1,0.4,0.35,5.0,1.5,3.435
0.1,0.4,0.4,0.5,1.05,1.59
0.1,0.4,0.4,1.0,1.1,1.8200000000000003
0.1,0.4,0.4,1.5,1.15,2.0500000000000003
0.1,0.4,0.4,2.0,1.2,2.2800000000000002
0.1,0.4,0.4,2.5,1.25,2.5100000000000002
0.1,0.4,0.4,3.0,1.3,2.74
0.1,0.4,0.4,3.5,1.35,2.9700000000000006
0.1,0.4,0.4,4.0,1.4,3.2
0.1,0.4,0.4,4.5,1.45,3.43
0.1,0.4,0.4,5.0,1.5,3.66
0.1,0.4,0.45,0.5,1.05,1.6125000000000003
0.1,0.4,0.45,1.0,1.1,1.8650000000000002
0.1,0.4,0.45,1.5,1.15,2.1175
0.1,0.4,0.45,2.0,1.2,2.37
0.1,0.4,0.45,2.5,1.25,2.6225
0.1,0.4,0.45,3.0,1.3,2.875
0.1,0.4,0.45,3.5,1.35,3.1275000000000004
0.1,0.4,0.45,4.0,1.4,3.38
0.1,0.4,0.45,4.5,1.45,3.6325000000000003
0.1,0.4,0.45,5.0,1.5,3.885
0.1,0.4,0.5,0.5,1.05,1.6350000000000002
0.1,0.4,0.5,1.0,1.1,1.9100000000000001
0.1,0.4,0.5,1.5,1.15,2.185
0.1,0.4,0.5,2.0,1.2,2.46
0.1,0.4,0.5,2.5,1.25,2.7350000000000003
0.1,0.4,0.5,3.0,1.3,3.0100000000000002
0.1,0.4,0.5,3.5,1.35,3.285
0.1,0.4,0.5,4.0,1.4,3.56
0.1,0.4,0.5,4.5,1.45,3.835
0.1,0.4,0.5,5.0,1.5,4.11
0.1,0.5,0.0,0.5,1.05,1.5
0.1,0.5,0.0,1.0,1.1,1.55
0.1,0.5,0.0,1.5,1.15,1.5999999999999999
0.1,0.5,0.0,2.0,1.2,1.65
0.1,0.5,0.0,2.5,1.25,1.7
0.1,0.5,0.0,3.0,1.3,1.75
0.1,0.5,0.0,3.5,1.35,1.8
0.1,0.5,0.0,4.0,1.4,1.8499999999999999
0.1,0.5,0.0,4.5,1.45,1.9
0.1,0.5,0.0,5.0,1.5,1.95
0.1,0.5,0.05,0.5,1.05,1.5225
0.1,0.5,0.05,1.0,1.1,1.595
0.1,0.5,0.05,1.5,1.15,1.6675
0.1,0.5,0.05,2.0,1.2,1.74
0.1,0.5,0.05,2.5,1.25,1.8125
0.1,0.5,0.05,3.0,1.3,1.885
0.1,0.5,0.05,3.5,1.35,1.9575
0.1,0.5,0.05,4.0,1.4,2.03
0.1,0.5,0.05,4.5,1.45,2.1025
0.1,0.5,0.05,5.0,1.5,2.175
0.1,0.5,0.1,0.5,1.05,1.545
0.1,0.5,0.1,1.0,1.1,1.6400000000000001
0.1,0.5,0.1,1.5,1.15,1.7349999999999999
0.1,0.5,0.1,2.0,1.2,1.8299999999999998
0.1,0.5,0.1,2.5,1.25,1.925
0.1,0.5,0.1,3.0,1.3,2.02
0.1,0.5,0.1,3.5,1.35,2.115
0.1,0.5,0.1,4.0,1.4,2.21
0.1,0.5,0.1,4.5,1.45,2.3049999999999997
0.1,0.5,0.1,5.0,1.5,2.4
0.1,0.5,0.15,0.5,1.05,1.5675
0.1,0.5,0.15,1.0,1.1,1.685
0.1,0.5,0.15,1.5,1.15,1.8024999999999998
0.1,0.5,0.15,2.0,1.2,1.92
0.1,0.5,0.15,2.5,1.25,2.0375
0.1,0.5,0.15,3.0,1.3,2.155
0.1,0.5,0.15,3.5,1.35,2.2725
0.1,0.5,0.15,4.0,1.4,2.3899999999999997
0.1,0.5,0.15,4.5,1.45,2.5075
0.1,0.5,0.15,5.0,1.5,2.625
0.1,0.5,0.2,0.5,1.05,1.59
0.1,0.5,0.2,1.0,1.1,1.73
0.1,0.5,0.2,1.5,1.15,1.8699999999999999
0.1,0.5,0.2,2.0,1.2,2.01
0.1,0.5,0.2,2.5,1.25,2.15
0.1,0.5,0.2,3.0,1.3,2.29
0.1,0.5,0.2,3.5,1.35,2.43
0.1,0.5,0.2,4.0,1.4,2.57
0.1,0.5,0.2,4.5,1.45,2.71
0.1,0.5,0.2,5.0,1.5,2.85
0.1,0.5,0.25,0.5,1.05,1.6125
0.1,0.5,0.25,1.0,1.1,1.7750000000000001
0.1,0.5,0.25,1.5,1.15,1.9375
0.1,0.5,0.25,2.0,1.2,2.1
0.1,0.5,0.25,2.5,1.25,2.2625
0.1,0.5,0.25,3.0,1.3,2.425
0.1,0.5,0.25,3.5,1.35,2.5875
0.1,0.5,0.25,4.0,1.4,2.75
0.1,0.5,0.25,4.5,1.45,2.9124999999999996
0.1,0.5,0.25,5.0,1.5,3.075
0.1,0.5,0.3,0.5,1.05,1.635
0.1,0.5,0.3,1.0,1.1,1.82
0.1,0.5,0.3,1.5,1.15,2.005
0.1,0.5,0.3,2.0,1.2,2.19
0.1,0.5,0.3,2.5,1.25,2.375
0.1,0.5,0.3,3.0,1.3,2.56
0.1,0.5,0.3,3.5,1.35,2.745
0.1,0.5,0.3,4.0,1.4,2.9299999999999997
0.1,0.5,0.3,4.5,1.45,3.1149999999999998
0.1,0.5,0.3,5.0,1.5,3.3
0.1,0.5,0.35,0.5,1.05,1.6575
0.1,0.5,0.35,1.0,1.1,1.865
0.1,0.5,0.35,1.5,1.15,2.0725
0.1,0.5,0.35,2.0,1.2,2.28
0.1,0.5,0.35,2.5,1.25,2.4875
0.1,0.5,0.35,3.0,1.3,2.695
0.1,0.5,0.35,3.5,1.35,2.9025
0.1,0.5,0.35,4.0,1.4,3.11
0.1,0.5,0.35,4.5,1.45,3.3175
0.1,0.5,0.35,5.0,1.5,3.525
0.1,0.5,0.4,0.5,1.05,1.68
0.1,0.5,0.4,1.0,1.1,1.9100000000000001
0.1,0.5,0.4,1.5,1.15,2.14
0.1,0.5,0.4,2.0,1.2,2.37
0.1,0.5,0.4,2.5,1.25,2.6
0.1,0.5,0.4,3.0,1.3,2.83
0.1,0.5,0.4,3.5,1.35,3.0600000000000005
0.1,0.5,0.4,4.0,1.4,3.29
0.1,0.5,0.4,4.5,1.45,3.52
0.1,0.5,0.4,5.0,1.5,3.75
0.1,0.5,0.45,0.5,1.05,1.7025000000000001
0.1,0.5,0.45,1.0,1.1,1.955
0.1,0.5,0.45,1.5,1.15,2.2075
0.1,0.5,0.45,2.0,1.2,2.46
0.1,0.5,0.45,2.5,1.25,2.7125
0.1,0.5,0.45,3.0,1.3,2.965
0.1,0.5,0.45,3.5,1.35,3.2175000000000002
0.1,0.5,0.45,4.0,1.4,3.4699999999999998
0.1,0.5,0.45,4.5,1.45,3.7225
0.1,0.5,0.45,5.0,1.5,3.9749999999999996
0.1,0.5,0.5,0.5,1.05,1.725
0.1,0.5,0.5,1.0,1.1,2.0
0.1,0.5,0.5,1.5,1.15,2.275
0.1,0.5,0.5,2.0,1.2,2.55
0.1,0.5,0.5,2.5,1.25,2.825
0.1,0.5,0.5,3.0,1.3,3.1
0.1,0.5,0.5,3.5,1.35,3.375
0.1,0.5,0.5,4.0,1.4,3.65
0.1,0.5,0.5,4.5,1.45,3.925
0.1,0.5,0.5,5.0,1.5,4.2
0.1,0.6,0.0,0.5,1.05,1.59
0.1,0.6,0.0,1.0,1.1,1.6400000000000001
0.1,0.6,0.0,1.5,1.15,1.69
0.1,0.6,0.0,2.0,1.2,1.74
0.1,0.6,0.0,2.5,1.25,1.79
0.1,0.6,0.0,3.0,1.3,1.84
0.1,0.6,0.0,3.5,1.35,1.8900000000000001
0.1,0.6,0.0,4.0,1.4,1.94
0.1,0.6,0.0,4.5,1.45,1.99
0.1,0.6,0.0,5.0,1.5,2.04
0.1,0.6,0.05,0.5,1.05,1.6125
0.1,0.6,0.05,1.0,1.1,1.685
0.1,0.6,0.05,1.5,1.15,1.7575
0.1,0.6,0.05,2.0,1.2,1.83
0.1,0.6,0.05,2.5,1.25,1.9025
0.1,0.6,0.05,3.0,1.3,1.975
0.1,0.6,0.05,3.5,1.35,2.0475000000000003
0.1,0.6,0.05,4.0,1.4,2.12
0.1,0.6,0.05,4.5,1.45,2.1925
0.1,0.6,0.05,5.0,1.5,2.265
0.1,0.6,0.1,0.5,1.05,1.635
0.1,0.6,0.1,1.0,1.1,1.7300000000000002
0.1,0.6,0.1,1.5,1.15,1.825
0.1,0.6,0.1,2.0,1.2,1.92
0.1,0.6,0.1,2.5,1.25,2.015
0.1,0.6,0.1,3.0,1.3,2.1100000000000003
0.1,0.6,0.1,3.5,1.35,2.205
0.1,0.6,0.1,4.0,1.4,2.3
0.1,0.6,0.1,4.5,1.45,2.395
0.1,0.6,0.1,5.0,1.5,2.49
0.1,0.6,0.15,0.5,1.05,1.6575000000000002
0.1,0.6,0.15,1.0,1.1,1.7750000000000001
0.1,0.6,0.15,1.5,1.15,1.8924999999999998
0.1,0.6,0.15,2.0,1.2,2.01
0.1,0.6,0.15,2.5,1.25,2.1275
0.1,0.6,0.15,3.0,1.3,2.245
0.1,0.6,0.15,3.5,1.35,2.3625000000000003
0.1,0.6,0.15,4.0,1.4,2.48
0.1,0.6,0.15,4.5,1.45,2.5975
0.1,0.6,0.15,5.0,1.5,2.715
0.1,0.6,0.2,0.5,1.05,1.6800000000000002
0.1,0.6,0.2,1.0,1.1,1.82
0.1,0.6,0.2,1.5,1.15,1.96
0.1,0.6,0.2,2.0,1.2,2.1
0.1,0.6,0.2,2.5,1.25,2.24
0.1,0.6,0.2,3.0,1.3,2.3800000000000003
0.1,0.6,0.2,3.5,1.35,2.5200000000000005
0.1,0.6,0.2,4.0,1.4,2.66
0.1,0.6,0.2,4.5,1.45,2.8
0.1,0.6,0.2,5.0,1.5,2.94
0.1,0.6,0.25,0.5,1.05,1.7025000000000001
0.1,0.6,0.25,1.0,1.1,1.8650000000000002
0.1,0.6,0.25,1.5,1.15,2.0275
0.1,0.6,0.25,2.0,1.2,2.19
0.1,0.6,0.25,2.5,1.25,2.3525
0.1,0.6,0.25,3.0,1.3,2.515
0.1,0.6,0.25,3.5,1.35,2.6775
0.1,0.6,0.25,4.0,1.4,2.84
0.1,0.6,0.25,4.5,1.45,3.0025
0.1,0.6,0.25,5.0,1.5,3.165
0.1,0.6,0.3,0.5,1.05,1.725
0.1,0.6,0.3,1.0,1.1,1.9100000000000001
0.1,0.6,0.3,1.5,1.15,2.0949999999999998
0.1,0.6,0.3,2.0,1.2,2.2800000000000002
0.1,0.6,0.3,2.5,1.25,2.465
0.1,0.6,0.3,3.0,1.3,2.65
0.1,0.6,0.3,3.5,1.35,2.835
0.1,0.6,0.3,4.0,1.4,3.02
0.1,0.6,0.3,4.5,1.45,3.205
0.1,0.6,0.3,5.0,1.5,3.39
0.1,0.6,0.35,0.5,1.05,1.7475
0.1,0.6,0.35,1.0,1.1,1.955
0.1,0.6,0.35,1.5,1.15,2.1624999999999996
0.1,0.6,0.35,2.0,1.2,2.37
0.1,0.6,0.35,2.5,1.25,2.5775
0.1,0.6,0.35,3.0,1.3,2.785
0.1,0.6,0.35,3.5,1.35,2.9924999999999997
0.1,0.6,0.35,4.0,1.4,3.2
0.1,0.6,0.35,4.5,1.45,3.4074999999999998
0.1,0.6,0.35,5.0,1.5,3.615
0.1,0.6,0.4,0.5,1.05,1.77
0.1,0.6,0.4,1.0,1.1,2.0
0.1,0.6,0.4,1.5,1.15,2.23
0.1,0.6,0.4,2.0,1.2,2.46
0.1,0.6,0.4,2.5,1.25,2.69
0.1,0.6,0.4,3.0,1.3,2.9200000000000004
0.1,0.6,0.4,3.5,1.35,3.1500000000000004
0.1,0.6,0.4,4.0,1.4,3.38
0.1,0.6,0.4,4.5,1.45,3.6100000000000003
0.1,0.6,0.4,5.0,1.5,3.84
0.1,0.6,0.45,0.5,1.05,1.7925
0.1,0.6,0.45,1.0,1.1,2.045
0.1,0.6,0.45,1.5,1.15,2.2975
0.1,0.6,0.45,2.0,1.2,2.55
0.1,0.6,0.45,2.5,1.25,2.8025
0.1,0.6,0.45,3.0,1.3,3.055
0.1,0.6,0.45,3.5,1.35,3.3075
0.1,0.6,0.45,4.0,1.4,3.56
0.1,0.6,0.45,4.5,1.45,3.8125
0.1,0.6,0.45,5.0,1.5,4.0649999999999995
0.1,0.6,0.5,0.5,1.05,1.8150000000000002
0.1,0.6,0.5,1.0,1.1,2.0900000000000003
0.1,0.6,0.5,1.5,1.15,2.365
0.1,0.6,0.5,2.0,1.2,2.64
0.1,0.6,0.5,2.5,1.25,2.915
0.1,0.6,0.5,3.0,1.3,3.1900000000000004
0.1,0.6,0.5,3.5,1.35,3.465
0.1,0.6,0.5,4.0,1.4,3.74
0.1,0.6,0.5,4.5,1.45,4.015
0.1,0.6,0.5,5.0,1.5,4.29
0.1,0.7,0.0,0.5,1.05,1.6800000000000002
0.1,0.7,0.0,1.0,1.1,1.73
0.1,0.7,0.0,1.5,1.15,1.7799999999999998
0.1,0.7,0.0,2.0,1.2,1.83
0.1,0.7,0.0,2.5,1.25,1.88
0.1,0.7,0.0,3.0,1.3,1.9300000000000002
0.1,0.7,0.0,3.5,1.35,1.98
0.1,0.7,0.0,4.0,1.4,2.03
0.1,0.7,0.0,4.5,1.45,2.08
0.1,0.7,0.0,5.0,1.5,2.13
0.1,0.7,0.05,0.5,1.05,1.7025000000000001
0.1,0.7,0.05,1.0,1.1,1.775
0.1,0.7,0.05,1.5,1.15,1.8475
0.1,0.7,0.05,2.0,1.2,1.9200000000000002
0.1,0.7,0.05,2.5,1.25,1.9925
0.1,0.7,0.05,3.0,1.3,2.0650000000000004
0.1,0.7,0.05,3.5,1.35,2.1375
0.1,0.7,0.05,4.0,1.4,2.21
0.1,0.7,0.05,4.5,1.45,2.2825
0.1,0.7,0.05,5.0,1.5,2.355
0.1,0.7,0.1,0.5,1.05,1.725
0.1,0.7,0.1,1.0,1.1,1.82
0.1,0.7,0.1,1.5,1.15,1.9149999999999998
0.1,0.7,0.1,2.0,1.2,2.0100000000000002
0.1,0.7,0.1,2.5,1.25,2.105
0.1,0.7,0.1,3.0,1.3,2.2
0.1,0.7,0.1,3.5,1.35,2.295
0.1,0.7,0.1,4.0,1.4,2.3899999999999997
0.1,0.7,0.1,4.5,1.45,2.4850000000000003
0.1,0.7,0.1,5.0,1.5,2.58
0.1,0.7,0.15,0.5,1.05,1.7475
0.1,0.7,0.15,1.0,1.1,1.865
0.1,0.7,0.15,1.5,1.15,1.9824999999999997
0.1,0.7,0.15,2.0,1.2,2.1
0.1,0.7,0.15,2.5,1.25,2.2175
0.1,0.7,0.15,3.0,1.3,2.335
0.1,0.7,0.15,3.5,1.35,2.4525
0.1,0.7,0.15,4.0,1.4,2.57
0.1,0.7,0.15,4.5,1.45,2.6875
0.1,0.7,0.15,5.0,1.5,2.8049999999999997
0.1,0.7,0.2,0.5,1.05,1.7700000000000002
0.1,0.7,0.2,1.0,1.1,1.91
0.1,0.7,0.2,1.5,1.15,2.05
0.1,0.7,0.2,2.0,1.2,2.19
0.1,0.7,0.2,2.5,1.25,2.33
0.1,0.7,0.2,3.0,1.3,2.47
0.1,0.7,0.2,3.5,1.35,2.6100000000000003
0.1,0.7,0.2,4.0,1.4,2.75
0.1,0.7,0.2,4.5,1.45,2.89
0.1,0.7,0.2,5.0,1.5,3.03
0.1,0.7,0.25,0.5,1.05,1.7925000000000002
0.1,0.7,0.25,1.0,1.1,1.955
0.1,0.7,0.25,1.5,1.15,2.1174999999999997
0.1,0.7,0.25,2.0,1.2,2.2800000000000002
0.1,0.7,0.25,2.5,1.25,2.4425
0.1,0.7,0.25,3.0,1.3,2.6050000000000004
0.1,0.7,0.25,3.5,1.35,2.7675
0.1,0.7,0.25,4.0,1.4,2.9299999999999997
0.1,0.7,0.25,4.5,1.45,3.0925000000000002
0.1,0.7,0.25,5.0,1.5,3.255
0.1,0.7,0.3,0.5,1.05,1.8150000000000002
0.1,0.7,0.3,1.0,1.1,2.0
0.1,0.7,0.3,1.5,1.15,2.1849999999999996
0.1,0.7,0.3,2.0,1.2,2.37
0.1,0.7,0.3,2.5,1.25,2.5549999999999997
0.1,0.7,0.3,3.0,1.3,2.74
0.1,0.7,0.3,3.5,1.35,2.925
0.1,0.7,0.3,4.0,1.4,3.11
0.1,0.7,0.3,4.5,1.45,3.295
0.1,0.7,0.3,5.0,1.5,3.48
0.1,0.7,0.35,0.5,1.05,1.8375000000000001
0.1,0.7,0.35,1.0,1.1,2.045
0.1,0.7,0.35,1.5,1.15,2.2524999999999995
0.1,0.7,0.35,2.0,1.2,2.46
0.1,0.7,0.35,2.5,1.25,2.6675
0.1,0.7,0.35,3.0,1.3,2.875
0.1,0.7,0.35,3.5,1.35,3.0824999999999996
0.1,0.7,0.35,4.0,1.4,3.29
0.1,0.7,0.35,4.5,1.45,3.4975
0.1,0.7,0.35,5.0,1.5,3.705
0.1,0.7,0.4,0.5,1.05,1.86
0.1,0.7,0.4,1.0,1.1,2.09
0.1,0.7,0.4,1.5,1.15,2.32
0.1,0.7,0.4,2.0,1.2,2.5500000000000003
0.1,0.7,0.4,2.5,1.25,2.78
0.1,0.7,0.4,3.0,1.3,3.0100000000000007
0.1,0.7,0.4,3.5,1.35,3.24
0.1,0.7,0.4,4.0,1.4,3.4699999999999998
0.1,0.7,0.4,4.5,1.45,3.7
0.1,0.7,0.4,5.0,1.5,3.9299999999999997
0.1,0.7,0.45,0.5,1.05,1.8825000000000003
0.1,0.7,0.45,1.0,1.1,2.135
0.1,0.7,0.45,1.5,1.15,2.3874999999999997
0.1,0.7,0.45,2.0,1.2,2.64
0.1,0.7,0.45,2.5,1.25,2.8925
0.1,0.7,0.45,3.0,1.3,3.1450000000000005
0.1,0.7,0.45,3.5,1.35,3.3975
0.1,0.7,0.45,4.0,1.4,3.65
0.1,0.7,0.45,4.5,1.45,3.9025
0.1,0.7,0.45,5.0,1.5,4.154999999999999
0.1,0.7,0.5,0.5,1.05,1.9050000000000002
0.1,0.7,0.5,1.0,1.1,2.18
0.1,0.7,0.5,1.5,1.15,2.455
0.1,0.7,0.5,2.0,1.2,2.73
0.1,0.7,0.5,2.5,1.25,3.005
0.1,0.7,0.5,3.0,1.3,3.2800000000000002
0.1,0.7,0.5,3.5,1.35,3.5549999999999997
0.1,0.7,0.5,4.0,1.4,3.83
0.1,0.7,0.5,4.5,1.45,4.105
0.1,0.7,0.5,5.0,1.5,4.38
0.1,0.8,0.0,0.5,1.05,1.77
0.1,0.8,0.0,1.0,1.1,1.8200000000000003
0.1,0.8,0.0,1.5,1.15,1.87
0.1,0.8,0.0,2.0,1.2,1.92
0.1,0.8,0.0,2.5,1.25,1.9700000000000002
0.1,0.8,0.0,3.0,1.3,2.02
0.1,0.8,0.0,3.5,1.35,2.0700000000000003
0.1,0.8,0.0,4.0,1.4,2.12
0.1,0.8,0.0,4.5,1.45,2.17
0.1,0.8,0.0,5.0,1.5,2.22
0.1,0.8,0.05,0.5,1.05,1.7925
0.1,0.8,0.05,1.0,1.1,1.8650000000000002
0.1,0.8,0.05,1.5,1.15,1.9375000000000002
0.1,0.8,0.05,2.0,1.2,2.01
0.1,0.8,0.05,2.5,1.25,2.0825
0.1,0.8,0.05,3.0,1.3,2.1550000000000002
0.1,0.8,0.05,3.5,1.35,2.2275000000000005
0.1,0.8,0.05,4.0,1.4,2.3000000000000003
0.1,0.8,0.05,4.5,1.45,2.3725
0.1,0.8,0.05,5.0,1.5,2.4450000000000003
0.1,0.8,0.1,0.5,1.05,1.815
0.1,0.8,0.1,1.0,1.1,1.9100000000000004
0.1,0.8,0.1,1.5,1.15,2.0050000000000003
0.1,0.8,0.1,2.0,1.2,2.1
0.1,0.8,0.1,2.5,1.25,2.1950000000000003
0.1,0.8,0.1,3.0,1.3,2.29
0.1,0.8,0.1,3.5,1.35,2.3850000000000002
0.1,0.8,0.1,4.0,1.4,2.48
0.1,0.8,0.1,4.5,1.45,2.575
0.1,0.8,0.1,5.0,1.5,2.6700000000000004
0.1,0.8,0.15,0.5,1.05,1.8375
0.1,0.8,0.15,1.0,1.1,1.9550000000000003
0.1,0.8,0.15,1.5,1.15,2.0725000000000002
0.1,0.8,0.15,2.0,1.2,2.19
0.1,0.8,0.15,2.5,1.25,2.3075
0.1,0.8,0.15,3.0,1.3,2.425
0.1,0.8,0.15,3.5,1.35,2.5425000000000004
0.1,0.8,0.15,4.0,1.4,2.66
0.1,0.8,0.15,4.5,1.45,2.7775
0.1,0.8,0.15,5.0,1.5,2.8950000000000005
0.1,0.8,0.2,0.5,1.05,1.86
0.1,0.8,0.2,1.0,1.1,2.0000000000000004
0.1,0.8,0.2,1.5,1.15,2.14
0.1,0.8,0.2,2.0,1.2,2.28
0.1,0.8,0.2,2.5,1.25,2.4200000000000004
0.1,0.8,0.2,3.0,1.3,2.56
0.1,0.8,0.2,3.5,1.35,2.7
0.1,0.8,0.2,4.0,1.4,2.8400000000000003
0.1,0.8,0.2,4.5,1.45,2.98
0.1,0.8,0.2,5.0,1.5,3.12
0.1,0.8,0.25,0.5,1.05,1.8825
0.1,0.8,0.25,1.0,1.1,2.0450000000000004
0.1,0.8,0.25,1.5,1.15,2.2075
0.1,0.8,0.25,2.0,1.2,2.37
0.1,0.8,0.25,2.5,1.25,2.5325
0.1,0.8,0.25,3.0,1.3,2.6950000000000003
0.1,0.8,0.25,3.5,1.35,2.8575000000000004
0.1,0.8,0.25,4.0,1.4,3.02
0.1,0.8,0.25,4.5,1.45,3.1825
0.1,0.8,0.25,5.0,1.5,3.345
0.1,0.8,0.3,0.5,1.05,1.905
0.1,0.8,0.3,1.0,1.1,2.0900000000000003
0.1,0.8,0.3,1.5,1.15,2.275
0.1,0.8,0.3,2.0,1.2,2.46
0.1,0.8,0.3,2.5,1.25,2.6450000000000005
0.1,0.8,0.3,3.0,1.3,2.83
0.1,0.8,0.3,3.5,1.35,3.0150000000000006
0.1,0.8,0.3,4.0,1.4,3.2
0.1,0.8,0.3,4.5,1.45,3.385
0.1,0.8,0.3,5.0,1.5,3.5700000000000003
0.1,0.8,0.35,0.5,1.05,1.9275
0.1,0.8,0.35,1.0,1.1,2.1350000000000002
0.1,0.8,0.35,1.5,1.15,2.3425000000000002
0.1,0.8,0.35,2.0,1.2,2.55
0.1,0.8,0.35,2.5,1.25,2.7575000000000003
0.1,0.8,0.35,3.0,1.3,2.965
0.1,0.8,0.35,3.5,1.35,3.1725000000000003
0.1,0.8,0.35,4.0,1.4,3.38
0.1,0.8,0.35,4.5,1.45,3.5875
0.1,0.8,0.35,5.0,1.5,3.795
0.1,0.8,0.4,0.5,1.05,1.95
0.1,0.8,0.4,1.0,1.1,2.18
0.1,0.8,0.4,1.5,1.15,2.41
0.1,0.8,0.4,2.0,1.2,2.64
0.1,0.8,0.4,2.5,1.25,2.87
0.1,0.8,0.4,3.0,1.3,3.1000000000000005
0.1,0.8,0.4,3.5,1.35,3.3300000000000005
0.1,0.8,0.4,4.0,1.4,3.5600000000000005
0.1,0.8,0.4,4.5,1.45,3.79
0.1,0.8,0.4,5.0,1.5,4.0200000000000005
0.1,0.8,0.45,0.5,1.05,1.9725000000000001
0.1,0.8,0.45,1.0,1.1,2.2250000000000005
0.1,0.8,0.45,1.5,1.15,2.4775
0.1,0.8,0.45,2.0,1.2,2.73
0.1,0.8,0.45,2.5,1.25,2.9825
0.1,0.8,0.45,3.0,1.3,3.2350000000000003
0.1,0.8,0.45,3.5,1.35,3.4875000000000003
0.1,0.8,0.45,4.0,1.4,3.74
0.1,0.8,0.45,4.5,1.45,3.9924999999999997
0.1,0.8,0.45,5.0,1.5,4.245
0.1,0.8,0.5,0.5,1.05,1.995
0.1,0.8,0.5,1.0,1.1,2.2700000000000005
0.1,0.8,0.5,1.5,1.15,2.545
0.1,0.8,0.5,2.0,1.2,2.82
0.1,0.8,0.5,2.5,1.25,3.095
0.1,0.8,0.5,3.0,1.3,3.37
0.1,0.8,0.5,3.5,1.35,3.6450000000000005
0.1,0.8,0.5,4.0,1.4,3.92
0.1,0.8,0.5,4.5,1.45,4.195
0.1,0.8,0.5,5.0,1.5,4.470000000000001
0.1,0.9,0.0,0.5,1.05,1.86
0.1,0.9,0.0,1.0,1.1,1.9100000000000001
0.1,0.9,0.0,1.5,1.15,1.96
0.1,0.9,0.0,2.0,1.2,2.01
0.1,0.9,0.0,2.5,1.25,2.06
0.1,0.9,0.0,3.0,1.3,2.1100000000000003
0.1,0.9,0.0,3.5,1.35,2.16
0.1,0.9,0.0,4.0,1.4,2.21
0.1,0.9,0.0,4.5,1.45,2.26
0.1,0.9,0.0,5.0,1.5,2.31
0.1,0.9,0.05,0.5,1.05,1.8825
0.1,0.9,0.05,1.0,1.1,1.955
0.1,0.9,0.05,1.5,1.15,2.0275
0.1,0.9,0.05,2.0,1.2,2.0999999999999996
0.1,0.9,0.05,2.5,1.25,2.1725
0.1,0.9,0.05,3.0,1.3,2.2450000000000006
0.1,0.9,0.05,3.5,1.35,2.3175000000000003
0.1,0.9,0.05,4.0,1.4,2.39
0.1,0.9,0.05,4.5,1.45,2.4625
0.1,0.9,0.05,5.0,1.5,2.535
0.1,0.9,0.1,0.5,1.05,1.905
0.1,0.9,0.1,1.0,1.1,2.0
0.1,0.9,0.1,1.5,1.15,2.095
0.1,0.9,0.1,2.0,1.2,2.19
0.1,0.9,0.1,2.5,1.25,2.285
0.1,0.9,0.1,3.0,1.3,2.3800000000000003
0.1,0.9,0.1,3.5,1.35,2.475
0.1,0.9,0.1,4.0,1.4,2.57
0.1,0.9,0.1,4.5,1.45,2.665
0.1,0.9,0.1,5.0,1.5,2.7600000000000002
0.1,0.9,0.15,0.5,1.05,1.9275000000000002
0.1,0.9,0.15,1.0,1.1,2.045
0.1,0.9,0.15,1.5,1.15,2.1625
0.1,0.9,0.15,2.0,1.2,2.28
0.1,0.9,0.15,2.5,1.25,2.3975
0.1,0.9,0.15,3.0,1.3,2.515
0.1,0.9,0.15,3.5,1.35,2.6325000000000003
0.1,0.9,0.15,4.0,1.4,2.75
0.1,0.9,0.15,4.5,1.45,2.8674999999999997
0.1,0.9,0.15,5.0,1.5,2.9850000000000003
0.1,0.9,0.2,0.5,1.05,1.9500000000000002
0.1,0.9,0.2,1.0,1.1,2.0900000000000003
0.1,0.9,0.2,1.5,1.15,2.23
0.1,0.9,0.2,2.0,1.2,2.3699999999999997
0.1,0.9,0.2,2.5,1.25,2.5100000000000002
0.1,0.9,0.2,3.0,1.3,2.6500000000000004
0.1,0.9,0.2,3.5,1.35,2.79
0.1,0.9,0.2,4.0,1.4,2.93
0.1,0.9,0.2,4.5,1.45,3.07
0.1,0.9,0.2,5.0,1.5,3.21
0.1,0.9,0.25,0.5,1.05,1.9725000000000001
0.1,0.9,0.25,1.0,1.1,2.1350000000000002
0.1,0.9,0.25,1.5,1.15,2.2975
0.1,0.9,0.25,2.0,1.2,2.46
0.1,0.9,0.25,2.5,1.25,2.6225
0.1,0.9,0.25,3.0,1.3,2.785
0.1,0.9,0.25,3.5,1.35,2.9475000000000002
0.1,0.9,0.25,4.0,1.4,3.11
0.1,0.9,0.25,4.5,1.45,3.2725
0.1,0.9,0.25,5.0,1.5,3.435
0.1,0.9,0.3,0.5,1.05,1.995
0.1,0.9,0.3,1.0,1.1,2.18
0.1,0.9,0.3,1.5,1.15,2.3649999999999998
0.1,0.9,0.3,2.0,1.2,2.55
0.1,0.9,0.3,2.5,1.25,2.7350000000000003
0.1,0.9,0.3,3.0,1.3,2.9200000000000004
0.1,0.9,0.3,3.5,1.35,3.1050000000000004
0.1,0.9,0.3,4.0,1.4,3.29
0.1,0.9,0.3,4.5,1.45,3.4749999999999996
0.1,0.9,0.3,5.0,1.5,3.66
0.1,0.9,0.35,0.5,1.05,2.0175
0.1,0.9,0.35,1.0,1.1,2.225
0.1,0.9,0.35,1.5,1.15,2.4325
0.1,0.9,0.35,2.0,1.2,2.6399999999999997
0.1,0.9,0.35,2.5,1.25,2.8475
0.1,0.9,0.35,3.0,1.3,3.055
0.1,0.9,0.35,3.5,1.35,3.2625
0.1,0.9,0.35,4.0,1.4,3.4699999999999998
0.1,0.9,0.35,4.5,1.45,3.6774999999999998
0.1,0.9,0.35,5.0,1.5,3.885
0.1,0.9,0.4,0.5,1.05,2.04
0.1,0.9,0.4,1.0,1.1,2.27
0.1,0.9,0.4,1.5,1.15,2.5
0.1,0.9,0.4,2.0,1.2,2.73
0.1,0.9,0.4,2.5,1.25,2.96
0.1,0.9,0.4,3.0,1.3,3.1900000000000004
0.1,0.9,0.4,3.5,1.35,3.4200000000000004
0.1,0.9,0.4,4.0,1.4,3.6500000000000004
0.1,0.9,0.4,4.5,1.45,3.88
0.1,0.9,0.4,5.0,1.5,4.11
0.1,0.9,0.45,0.5,1.05,2.0625
0.1,0.9,0.45,1.0,1.1,2.3150000000000004
0.1,0.9,0.45,1.5,1.15,2.5675
0.1,0.9,0.45,2.0,1.2,2.82
0.1,0.9,0.45,2.5,1.25,3.0725
0.1,0.9,0.45,3.0,1.3,3.325
0.1,0.9,0.45,3.5,1.35,3.5775
0.1,0.9,0.45,4.0,1.4,3.83
0.1,0.9,0.45,4.5,1.45,4.0825
0.1,0.9,0.45,5.0,1.5,4.335
0.1,0.9,0.5,0.5,1.05,2.085
0.1,0.9,0.5,1.0,1.1,2.3600000000000003
0.1,0.9,0.5,1.5,1.15,2.635
0.1,0.9,0.5,2.0,1.2,2.9099999999999997
0.1,0.9,0.5,2.5,1.25,3.185
0.1,0.9,0.5,3.0,1.3,3.4600000000000004
0.1,0.9,0.5,3.5,1.35,3.7350000000000003
0.1,0.9,0.5,4.0,1.4,4.01
0.1,0.9,0.5,4.5,1.45,4.285
0.1,0.9,0.5,5.0,1.5,4.5600000000000005
0.1,1.0,0.0,0.5,1.05,1.9500000000000002
0.1,1.0,0.0,1.0,1.1,2.0
0.1,1.0,0.0,1.5,1.15,2.05
0.1,1.0,0.0,2.0,1.2,2.1
0.1,1.0,0.0,2.5,1.25,2.15
0.1,1.0,0.0,3.0,1.3,2.2
0.1,1.0,0.0,3.5,1.35,2.25
0.1,1.0,0.0,4.0,1.4,2.3
0.1,1.0,0.0,4.5,1.45,2.35
0.1,1.0,0.0,5.0,1.5,2.4
0.1,1.0,0.05,0.5,1.05,1.9725000000000001
0.1,1.0,0.05,1.0,1.1,2.045
0.1,1.0,0.05,1.5,1.15,2.1174999999999997
0.1,1.0,0.05,2.0,1.2,2.19
0.1,1.0,0.05,2.5,1.25,2.2624999999999997
0.1,1.0,0.05,3.0,1.3,2.3350000000000004
0.1,1.0,0.05,3.5,1.35,2.4075
0.1,1.0,0.05,4.0,1.4,2.48
0.1,1.0,0.05,4.5,1.45,2.5525
0.1,1.0,0.05,5.0,1.5,2.625
0.1,1.0,0.1,0.5,1.05,1.995
0.1,1.0,0.1,1.0,1.1,2.09
0.1,1.0,0.1,1.5,1.15,2.185
0.1,1.0,0.1,2.0,1.2,2.2800000000000002
0.1,1.0,0.1,2.5,1.25,2.375
0.1,1.0,0.1,3.0,1.3,2.47
0.1,1.0,0.1,3.5,1.35,2.565
0.1,1.0,0.1,4.0,1.4,2.6599999999999997
0.1,1.0,0.1,4.5,1.45,2.755
0.1,1.0,0.1,5.0,1.5,2.85
0.1,1.0,0.15,0.5,1.05,2.0175
0.1,1.0,0.15,1.0,1.1,2.135
0.1,1.0,0.15,1.5,1.15,2.2525
0.1,1.0,0.15,2.0,1.2,2.37
0.1,1.0,0.15,2.5,1.25,2.4875
0.1,1.0,0.15,3.0,1.3,2.605
0.1,1.0,0.15,3.5,1.35,2.7225
0.1,1.0,0.15,4.0,1.4,2.84
0.1,1.0,0.15,4.5,1.45,2.9575
0.1,1.0,0.15,5.0,1.5,3.075
0.1,1.0,0.2,0.5,1.05,2.04
0.1,1.0,0.2,1.0,1.1,2.18
0.1,1.0,0.2,1.5,1.15,2.32
0.1,1.0,0.2,2.0,1.2,2.46
0.1,1.0,0.2,2.5,1.25,2.6
0.1,1.0,0.2,3.0,1.3,2.74
0.1,1.0,0.2,3.5,1.35,2.88
0.1,1.0,0.2,4.0,1.4,3.02
0.1,1.0,0.2,4.5,1.45,3.16
0.1,1.0,0.2,5.0,1.5,3.3
0.1,1.0,0.25,0.5,1.05,2.0625
0.1,1.0,0.25,1.0,1.1,2.225
0.1,1.0,0.25,1.5,1.15,2.3874999999999997
0.1,1.0,0.25,2.0,1.2,2.5500000000000003
0.1,1.0,0.25,2.5,1.25,2.7125
0.1,1.0,0.25,3.0,1.3,2.875
0.1,1.0,0.25,3.5,1.35,3.0375
0.1,1.0,0.25,4.0,1.4,3.1999999999999997
0.1,1.0,0.25,4.5,1.45,3.3625
0.1,1.0,0.25,5.0,1.5,3.525
0.1,1.0,0.3,0.5,1.05,2.085
0.1,1.0,0.3,1.0,1.1,2.27
0.1,1.0,0.3,1.5,1.15,2.4549999999999996
0.1,1.0,0.3,2.0,1.2,2.64
0.1,1.0,0.3,2.5,1.25,2.825
0.1,1.0,0.3,3.0,1.3,3.0100000000000002
0.1,1.0,0.3,3.5,1.35,3.1950000000000003
0.1,1.0,0.3,4.0,1.4,3.38
0.1,1.0,0.3,4.5,1.45,3.565
0.1,1.0,0.3,5.0,1.5,3.75
0.1,1.0,0.35,0.5,1.05,2.1075000000000004
0.1,1.0,0.35,1.0,1.1,2.315
0.1,1.0,0.35,1.5,1.15,2.5225
0.1,1.0,0.35,2.0,1.2,2.73
0.1,1.0,0.35,2.5,1.25,2.9375
0.1,1.0,0.35,3.0,1.3,3.145
0.1,1.0,0.35,3.5,1.35,3.3525
0.1,1.0,0.35,4.0,1.4,3.5599999999999996
0.1,1.0,0.35,4.5,1.45,3.7675
0.1,1.0,0.35,5.0,1.5,3.9749999999999996
0.1,1.0,0.4,0.5,1.05,2.1300000000000003
0.1,1.0,0.4,1.0,1.1,2.36
0.1,1.0,0.4,1.5,1.15,2.59
0.1,1.0,0.4,2.0,1.2,2.8200000000000003
0.1,1.0,0.4,2.5,1.25,3.05
0.1,1.0,0.4,3.0,1.3,3.2800000000000002
0.1,1.0,0.4,3.5,1.35,3.5100000000000002
0.1,1.0,0.4,4.0,1.4,3.74
0.1,1.0,0.4,4.5,1.45,3.97
0.1,1.0,0.4,5.0,1.5,4.2
0.1,1.0,0.45,0.5,1.05,2.1525000000000003
0.1,1.0,0.45,1.0,1.1,2.4050000000000002
0.1,1.0,0.45,1.5,1.15,2.6574999999999998
0.1,1.0,0.45,2.0,1.2,2.91
0.1,1.0,0.45,2.5,1.25,3.1624999999999996
0.1,1.0,0.45,3.0,1.3,3.415
0.1,1.0,0.45,3.5,1.35,3.6675
0.1,1.0,0.45,4.0,1.4,3.92
0.1,1.0,0.45,4.5,1.45,4.1725
0.1,1.0,0.45,5.0,1.5,4.425
0.1,1.0,0.5,0.5,1.05,2.1750000000000003
0.1,1.0,0.5,1.0,1.1,2.45
0.1,1.0,0.5,1.5,1.15,2.7249999999999996
0.1,1.0,0.5,2.0,1.2,3.0
0.1,1.0,0.5,2.5,1.25,3.275
0.1,1.0,0.5,3.0,1.3,3.5500000000000003
0.1,1.0,0.5,3.5,1.35,3.825
0.1,1.0,0.5,4.0,1.4,4.1
0.1,1.0,0.5,4.5,1.45,4.375
0.1,1.0,0.5,5.0,1.5,4.65
0.2,0.0,0.0,0.5,1.1,1.1
0.2,0.0,0.0,1.0,1.2,1.2
0.2,0.0,0.0,1.5,1.3,1.3
0.2,0.0,0.0,2.0,1.4,1.4
0.2,0.0,0.0,2.5,1.5,1.5
0.2,0.0,0.0,3.0,1.6,1.6
0.2,0.0,0.0,3.5,1.7000000000000002,1.7000000000000002
0.2,0.0,0.0,4.0,1.8,1.8
0.2,0.0,0.0,4.5,1.9,1.9
0.2,0.0,0.0,5.0,2.0,2.0
0.2,0.0,0.05,0.5,1.1,1.1225
0.2,0.0,0.05,1.0,1.2,1.2449999999999999
0.2,0.0,0.05,1.5,1.3,1.3675000000000002
0.2,0.0,0.05,2.0,1.4,1.49
0.2,0.0,0.05,2.5,1.5,1.6125
0.2,0.0,0.05,3.0,1.6,1.735
0.2,0.0,0.05,3.5,1.7000000000000002,1.8575000000000002
0.2,0.0,0.05,4.0,1.8,1.98
0.2,0.0,0.05,4.5,1.9,2.1025
0.2,0.0,0.05,5.0,2.0,2.225
0.2,0.0,0.1,0.5,1.1,1.145
0.2,0.0,0.1,1.0,1.2,1.29
0.2,0.0,0.1,1.5,1.3,1.435
0.2,0.0,0.1,2.0,1.4,1.5799999999999998
0.2,0.0,0.1,2.5,1.5,1.725
0.2,0.0,0.1,3.0,1.6,1.87
0.2,0.0,0.1,3.5,1.7000000000000002,2.015
0.2,0.0,0.1,4.0,1.8,2.16
0.2,0.0,0.1,4.5,1.9,2.3049999999999997
0.2,0.0,0.1,5.0,2.0,2.45
0.2,0.0,0.15,0.5,1.1,1.1675
0.2,0.0,0.15,1.0,1.2,1.335
0.2,0.0,0.15,1.5,1.3,1.5025
0.2,0.0,0.15,2.0,1.4,1.67
0.2,0.0,0.15,2.5,1.5,1.8375
0.2,0.0,0.15,3.0,1.6,2.005
0.2,0.0,0.15,3.5,1.7000000000000002,2.1725000000000003
0.2,0.0,0.15,4.0,1.8,2.34
0.2,0.0,0.15,4.5,1.9,2.5075
0.2,0.0,0.15,5.0,2.0,2.675
0.2,0.0,0.2,0.5,1.1,1.1900000000000002
0.2,0.0,0.2,1.0,1.2,1.38
0.2,0.0,0.2,1.5,1.3,1.57
0.2,0.0,0.2,2.0,1.4,1.76
0.2,0.0,0.2,2.5,1.5,1.95
0.2,0.0,0.2,3.0,1.6,2.14
0.2,0.0,0.2,3.5,1.7000000000000002,2.33
0.2,0.0,0.2,4.0,1.8,2.52
0.2,0.0,0.2,4.5,1.9,2.71
0.2,0.0,0.2,5.0,2.0,2.9
0.2,0.0,0.25,0.5,1.1,1.2125000000000001
0.2,0.0,0.25,1.0,1.2,1.425
0.2,0.0,0.25,1.5,1.3,1.6375000000000002
0.2,0.0,0.25,2.0,1.4,1.8499999999999999
0.2,0.0,0.25,2.5,1.5,2.0625
0.2,0.0,0.25,3.0,1.6,2.2750000000000004
0.2,0.0,0.25,3.5,1.7000000000000002,2.4875000000000003
0.2,0.0,0.25,4.0,1.8,2.7
0.2,0.0,0.25,4.5,1.9,2.9124999999999996
0.2,0.0,0.25,5.0,2.0,3.125
0.2,0.0,0.3,0.5,1.1,1.235
0.2,0.0,0.3,1.0,1.2,1.47
0.2,0.0,0.3,1.5,1.3,1.705
0.2,0.0,0.3,2.0,1.4,1.94
0.2,0.0,0.3,2.5,1.5,2.175
0.2,0.0,0.3,3.0,1.6,2.41
0.2,0.0,0.3,3.5,1.7000000000000002,2.6450000000000005
0.2,0.0,0.3,4.0,1.8,2.88
0.2,0.0,0.3,4.5,1.9,3.1149999999999998
0.2,0.0,0.3,5.0,2.0,3.35
0.2,0.0,0.35,0.5,1.1,1.2575
0.2,0.0,0.35,1.0,1.2,1.515
0.2,0.0,0.35,1.5,1.3,1.7725
0.2,0.0,0.35,2.0,1.4,2.03
0.2,0.0,0.35,2.5,1.5,2.2875
0.2,0.0,0.35,3.0,1.6,2.545
0.2,0.0,0.35,3.5,1.7000000000000002,2.8025
0.2,0.0,0.35,4.0,1.8,3.06
0.2,0.0,0.35,4.5,1.9,3.3175
0.2,0.0,0.35,5.0,2.0,3.575
0.2,0.0,0.4,0.5,1.1,1.28
0.2,0.0,0.4,1.0,1.2,1.56
0.2,0.0,0.4,1.5,1.3,1.8400000000000003
0.2,0.0,0.4,2.0,1.4,2.12
0.2,0.0,0.4,2.5,1.5,2.4
0.2,0.0,0.4,3.0,1.6,2.6800000000000006
0.2,0.0,0.4,3.5,1.7000000000000002,2.9600000000000004
0.2,0.0,0.4,4.0,1.8,3.24
0.2,0.0,0.4,4.5,1.9,3.52
0.2,0.0,0.4,5.0,2.0,3.8
0.2,0.0,0.45,0.5,1.1,1.3025000000000002
0.2,0.0,0.45,1.0,1.2,1.605
0.2,0.0,0.45,1.5,1.3,1.9075000000000002
0.2,0.0,0.45,2.0,1.4,2.21
0.2,0.0,0.45,2.5,1.5,2.5125
0.2,0.0,0.45,3.0,1.6,2.8150000000000004
0.2,0.0,0.45,3.5,1.7000000000000002,3.1175
0.2,0.0,0.45,4.0,1.8,3.42
0.2,0.0,0.45,4.5,1.9,3.7225
0.2,0.0,0.45,5.0,2.0,4.025
0.2,0.0,0.5,0.5,1.1,1.3250000000000002
0.2,0.0,0.5,1.0,1.2,1.65
0.2,0.0,0.5,1.5,1.3,1.975
0.2,0.0,0.5,2.0,1.4,2.3
0.2,0.0,0.5,2.5,1.5,2.625
0.2,0.0,0.5,3.0,1.6,2.95
0.2,0.0,0.5,3.5,1.7000000000000002,3.2750000000000004
0.2,0.0,0.5,4.0,1.8,3.6
0.2,0.0,0.5,4.5,1.9,3.925
0.2,0.0,0.5,5.0,2.0,4.25
0.2,0.1,0.0,0.5,1.1,1.1900000000000002
0.2,0.1,0.0,1.0,1.2,1.29
0.2,0.1,0.0,1.5,1.3,1.3900000000000001
0.2,0.1,0.0,2.0,1.4,1.49
0.2,0.1,0.0,2.5,1.5,1.59
0.2,0.1,0.0,3.0,1.6,1.6900000000000002
0.2,0.1,0.0,3.5,1.7000000000000002,1.7900000000000003
0.2,0.1,0.0,4.0,1.8,1.8900000000000001
0.2,0.1,0.0,4.5,1.9,1.99
0.2,0.1,0.0,5.0,2.0,2.09
0.2,0.1,0.05,0.5,1.1,1.2125000000000001
0.2,0.1,0.05,1.0,1.2,1.335
0.2,0.1,0.05,1.5,1.3,1.4575000000000002
0.2,0.1,0.05,2.0,1.4,1.58
0.2,0.1,0.05,2.5,1.5,1.7025000000000001
0.2,0.1,0.05,3.0,1.6,1.8250000000000002
0.2,0.1,0.05,3.5,1.7000000000000002,1.9475000000000002
0.2,0.1,0.05,4.0,1.8,2.0700000000000003
0.2,0.1,0.05,4.5,1.9,2.1925
0.2,0.1,0.05,5.0,2.0,2.315
0.2,0.1,0.1,0.5,1.1,1.235
0.2,0.1,0.1,1.0,1.2,1.3800000000000001
0.2,0.1,0.1,1.5,1.3,1.5250000000000001
0.2,0.1,0.1,2.0,1.4,1.67
0.2,0.1,0.1,2.5,1.5,1.8150000000000002
0.2,0.1,0.1,3.0,1.6,1.9600000000000002
0.2,0.1,0.1,3.5,1.7000000000000002,2.1050000000000004
0.2,0.1,0.1,4.0,1.8,2.25
0.2,0.1,0.1,4.5,1.9,2.395
0.2,0.1,0.1,5.0,2.0,2.54
0.2,0.1,0.15,0.5,1.1,1.2575000000000003
0.2,0.1,0.15,1.0,1.2,1.425
0.2,0.1,0.15,1.5,1.3,1.5925
0.2,0.1,0.15,2.0,1.4,1.76
0.2,0.1,0.15,2.5,1.5,1.9275000000000002
0.2,0.1,0.15,3.0,1.6,2.095
0.2,0.1,0.15,3.5,1.7000000000000002,2.2625
0.2,0.1,0.15,4.0,1.8,2.43
0.2,0.1,0.15,4.5,1.9,2.5975
0.2,0.1,0.15,5.0,2.0,2.7649999999999997
0.2,0.1,0.2,0.5,1.1,1.2800000000000002
0.2,0.1,0.2,1.0,1.2,1.47
0.2,0.1,0.2,1.5,1.3,1.6600000000000001
0.2,0.1,0.2,2.0,1.4,1.85
0.2,0.1,0.2,2.5,1.5,2.04
0.2,0.1,0.2,3.0,1.6,2.2300000000000004
0.2,0.1,0.2,3.5,1.7000000000000002,2.4200000000000004
0.2,0.1,0.2,4.0,1.8,2.6100000000000003
0.2,0.1,0.2,4.5,1.9,2.8
0.2,0.1,0.2,5.0,2.0,2.9899999999999998
0.2,0.1,0.25,0.5,1.1,1.3025000000000002
0.2,0.1,0.25,1.0,1.2,1.5150000000000001
0.2,0.1,0.25,1.5,1.3,1.7275
0.2,0.1,0.25,2.0,1.4,1.94
0.2,0.1,0.25,2.5,1.5,2.1525
0.2,0.1,0.25,3.0,1.6,2.365
0.2,0.1,0.25,3.5,1.7000000000000002,2.5775
0.2,0.1,0.25,4.0,1.8,2.79
0.2,0.1,0.25,4.5,1.9,3.0025
0.2,0.1,0.25,5.0,2.0,3.215
0.2,0.1,0.3,0.5,1.1,1.3250000000000002
0.2,0.1,0.3,1.0,1.2,1.56
0.2,0.1,0.3,1.5,1.3,1.7950000000000002
0.2,0.1,0.3,2.0,1.4,2.0300000000000002
0.2,0.1,0.3,2.5,1.5,2.265
0.2,0.1,0.3,3.0,1.6,2.5
0.2,0.1,0.3,3.5,1.7000000000000002,2.7350000000000003
0.2,0.1,0.3,4.0,1.8,2.97
0.2,0.1,0.3,4.5,1.9,3.205
0.2,0.1,0.3,5.0,2.0,3.44
0.2,0.1,0.35,0.5,1.1,1.3475000000000001
0.2,0.1,0.35,1.0,1.2,1.605
0.2,0.1,0.35,1.5,1.3,1.8625
0.2,0.1,0.35,2.0,1.4,2.12
0.2,0.1,0.35,2.5,1.5,2.3775
0.2,0.1,0.35,3.0,1.6,2.635
0.2,0.1,0.35,3.5,1.7000000000000002,2.8925
0.2,0.1,0.35,4.0,1.8,3.1500000000000004
0.2,0.1,0.35,4.5,1.9,3.4074999999999998
0.2,0.1,0.35,5.0,2.0,3.665
0.2,0.1,0.4,0.5,1.1,1.37
0.2,0.1,0.4,1.0,1.2,1.6500000000000001
0.2,0.1,0.4,1.5,1.3,1.9300000000000002
0.2,0.1,0.4,2.0,1.4,2.21
0.2,0.1,0.4,2.5,1.5,2.49
0.2,0.1,0.4,3.0,1.6,2.7700000000000005
0.2,0.1,0.4,3.5,1.7000000000000002,3.0500000000000007
0.2,0.1,0.4,4.0,1.8,3.33
0.2,0.1,0.4,4.5,1.9,3.6100000000000003
0.2,0.1,0.4,5.0,2.0,3.8899999999999997
0.2,0.1,0.45,0.5,1.1,1.3925
0.2,0.1,0.45,1.0,1.2,1.695
0.2,0.1,0.45,1.5,1.3,1.9975
0.2,0.1,0.45,2.0,1.4,2.3
0.2,0.1,0.45,2.5,1.5,2.6025
0.2,0.1,0.45,3.0,1.6,2.9050000000000002
0.2,0.1,0.45,3.5,1.7000000000000002,3.2075000000000005
0.2,0.1,0.45,4.0,1.8,3.5100000000000002
0.2,0.1,0.45,4.5,1.9,3.8125
0.2,0.1,0.45,5.0,2.0,4.115
0.2,0.1,0.5,0.5,1.1,1.4150000000000003
0.2,0.1,0.5,1.0,1.2,1.74
0.2,0.1,0.5,1.5,1.3,2.0650000000000004
0.2,0.1,0.5,2.0,1.4,2.39
0.2,0.1,0.5,2.5,1.5,2.715
0.2,0.1,0.5,3.0,1.6,3.04
0.2,0.1,0.5,3.5,1.7000000000000002,3.365
0.2,0.1,0.5,4.0,1.8,3.6900000000000004
0.2,0.1,0.5,4.5,1.9,4.015
0.2,0.1,0.5,5.0,2.0,4.34
0.2,0.2,0.0,0.5,1.1,1.28
0.2,0.2,0.0,1.0,1.2,1.38
0.2,0.2,0.0,1.5,1.3,1.48
0.2,0.2,0.0,2.0,1.4,1.5799999999999998
0.2,0.2,0.0,2.5,1.5,1.68
0.2,0.2,0.0,3.0,1.6,1.78
0.2,0.2,0.0,3.5,1.7000000000000002,1.8800000000000001
0.2,0.2,0.0,4.0,1.8,1.98
0.2,0.2,0.0,4.5,1.9,2.08
0.2,0.2,0.0,5.0,2.0,2.18
0.2,0.2,0.05,0.5,1.1,1.3025
0.2,0.2,0.05,1.0,1.2,1.4249999999999998
0.2,0.2,0.05,1.5,1.3,1.5475
0.2,0.2,0.05,2.0,1.4,1.67
0.2,0.2,0.05,2.5,1.5,1.7925
0.2,0.2,0.05,3.0,1.6,1.915
0.2,0.2,0.05,3.5,1.7000000000000002,2.0375
0.2,0.2,0.05,4.0,1.8,2.16
0.2,0.2,0.05,4.5,1.9,2.2825
0.2,0.2,0.05,5.0,2.0,2.4050000000000002
0.2,0.2,0.1,0.5,1.1,1.325
0.2,0.2,0.1,1.0,1.2,1.47
0.2,0.2,0.1,1.5,1.3,1.615
0.2,0.2,0.1,2.0,1.4,1.7599999999999998
0.2,0.2,0.1,2.5,1.5,1.905
0.2,0.2,0.1,3.0,1.6,2.0500000000000003
0.2,0.2,0.1,3.5,1.7000000000000002,2.1950000000000003
0.2,0.2,0.1,4.0,1.8,2.34
0.2,0.2,0.1,4.5,1.9,2.4850000000000003
0.2,0.2,0.1,5.0,2.0,2.6300000000000003
0.2,0.2,0.15,0.5,1.1,1.3475000000000001
0.2,0.2,0.15,1.0,1.2,1.515
0.2,0.2,0.15,1.5,1.3,1.6824999999999999
0.2,0.2,0.15,2.0,1.4,1.8499999999999999
0.2,0.2,0.15,2.5,1.5,2.0175
0.2,0.2,0.15,3.0,1.6,2.185
0.2,0.2,0.15,3.5,1.7000000000000002,2.3525
0.2,0.2,0.15,4.0,1.8,2.52
0.2,0.2,0.15,4.5,1.9,2.6875
0.2,0.2,0.15,5.0,2.0,2.8550000000000004
0.2,0.2,0.2,0.5,1.1,1.37
0.2,0.2,0.2,1.0,1.2,1.5599999999999998
0.2,0.2,0.2,1.5,1.3,1.75
0.2,0.2,0.2,2.0,1.4,1.94
0.2,0.2,0.2,2.5,1.5,2.13
0.2,0.2,0.2,3.0,1.6,2.3200000000000003
0.2,0.2,0.2,3.5,1.7000000000000002,2.5100000000000002
0.2,0.2,0.2,4.0,1.8,2.7
0.2,0.2,0.2,4.5,1.9,2.89
0.2,0.2,0.2,5.0,2.0,3.08
0.2,0.2,0.25,0.5,1.1,1.3925
0.2,0.2,0.25,1.0,1.2,1.605
0.2,0.2,0.25,1.5,1.3,1.8175
0.2,0.2,0.25,2.0,1.4,2.03
0.2,0.2,0.25,2.5,1.5,2.2424999999999997
0.2,0.2,0.25,3.0,1.6,2.455
0.2,0.2,0.25,3.5,1.7000000000000002,2.6675
0.2,0.2,0.25,4.0,1.8,2.88
0.2,0.2,0.25,4.5,1.9,3.0925000000000002
0.2,0.2,0.25,5.0,2.0,3.305
0.2,0.2,0.3,0.5,1.1,1.415
0.2,0.2,0.3,1.0,1.2,1.65
0.2,0.2,0.3,1.5,1.3,1.885
0.2,0.2,0.3,2.0,1.4,2.12
0.2,0.2,0.3,2.5,1.5,2.355
0.2,0.2,0.3,3.0,1.6,2.59
0.2,0.2,0.3,3.5,1.7000000000000002,2.825
0.2,0.2,0.3,4.0,1.8,3.06
0.2,0.2,0.3,4.5,1.9,3.295
0.2,0.2,0.3,5.0,2.0,3.5300000000000002
0.2,0.2,0.35,0.5,1.1,1.4375
0.2,0.2,0.35,1.0,1.2,1.6949999999999998
0.2,0.2,0.35,1.5,1.3,1.9525
0.2,0.2,0.35,2.0,1.4,2.21
0.2,0.2,0.35,2.5,1.5,2.4675
0.2,0.2,0.35,3.0,1.6,2.7249999999999996
0.2,0.2,0.35,3.5,1.7000000000000002,2.9825
0.2,0.2,0.35,4.0,1.8,3.24
0.2,0.2,0.35,4.5,1.9,3.4975
0.2,0.2,0.35,5.0,2.0,3.755
0.2,0.2,0.4,0.5,1.1,1.46
0.2,0.2,0.4,1.0,1.2,1.74
0.2,0.2,0.4,1.5,1.3,2.02
0.2,0.2,0.4,2.0,1.4,2.3
0.2,0.2,0.4,2.5,1.5,2.58
0.2,0.2,0.4,3.0,1.6,2.8600000000000003
0.2,0.2,0.4,3.5,1.7000000000000002,3.1400000000000006
0.2,0.2,0.4,4.0,1.8,3.42
0.2,0.2,0.4,4.5,1.9,3.7
0.2,0.2,0.4,5.0,2.0,3.9800000000000004
0.2,0.2,0.45,0.5,1.1,1.4825
0.2,0.2,0.45,1.0,1.2,1.785
0.2,0.2,0.45,1.5,1.3,2.0875
0.2,0.2,0.45,2.0,1.4,2.3899999999999997
0.2,0.2,0.45,2.5,1.5,2.6925
0.2,0.2,0.45,3.0,1.6,2.995
0.2,0.2,0.45,3.5,1.7000000000000002,3.2975000000000003
0.2,0.2,0.45,4.0,1.8,3.6
0.2,0.2,0.45,4.5,1.9,3.9025
0.2,0.2,0.45,5.0,2.0,4.205
0.2,0.2,0.5,0.5,1.1,1.5050000000000001
0.2,0.2,0.5,1.0,1.2,1.8299999999999998
0.2,0.2,0.5,1.5,1.3,2.1550000000000002
0.2,0.2,0.5,2.0,1.4,2.48
0.2,0.2,0.5,2.5,1.5,2.8049999999999997
0.2,0.2,0.5,3.0,1.6,3.13
0.2,0.2,0.5,3.5,1.7000000000000002,3.455
0.2,0.2,0.5,4.0,1.8,3.7800000000000002
0.2,0.2,0.5,4.5,1.9,4.105
0.2,0.2,0.5,5.0,2.0,4.43
0.2,0.3,0.0,0.5,1.1,1.37
0.2,0.3,0.0,1.0,1.2,1.47
0.2,0.3,0.0,1.5,1.3,1.57
0.2,0.3,0.0,2.0,1.4,1.67
0.2,0.3,0.0,2.5,1.5,1.77
0.2,0.3,0.0,3.0,1.6,1.87
0.2,0.3,0.0,3.5,1.7000000000000002,1.9700000000000002
0.2,0.3,0.0,4.0,1.8,2.0700000000000003
0.2,0.3,0.0,4.5,1.9,2.17
0.2,0.3,0.0,5.0,2.0,2.27
0.2,0.3,0.05,0.5,1.1,1.3925
0.2,0.3,0.05,1.0,1.2,1.515
0.2,0.3,0.05,1.5,1.3,1.6375000000000002
0.2,0.3,0.05,2.0,1.4,1.76
0.2,0.3,0.05,2.5,1.5,1.8825
0.2,0.3,0.05,3.0,1.6,2.0050000000000003
0.2,0.3,0.05,3.5,1.7000000000000002,2.1275000000000004
0.2,0.3,0.05,4.0,1.8,2.2500000000000004
0.2,0.3,0.05,4.5,1.9,2.3725
0.2,0.3,0.05,5.0,2.0,2.495
0.2,0.3,0.1,0.5,1.1,1.415
0.2,0.3,0.1,1.0,1.2,1.56
0.2,0.3,0.1,1.5,1.3,1.705
0.2,0.3,0.1,2.0,1.4,1.8499999999999999
0.2,0.3,0.1,2.5,1.5,1.995
0.2,0.3,0.1,3.0,1.6,2.14
0.2,0.3,0.1,3.5,1.7000000000000002,2.285
0.2,0.3,0.1,4.0,1.8,2.43
0.2,0.3,0.1,4.5,1.9,2.575
0.2,0.3,0.1,5.0,2.0,2.72
0.2,0.3,0.15,0.5,1.1,1.4375
0.2,0.3,0.15,1.0,1.2,1.605
0.2,0.3,0.15,1.5,1.3,1.7725
0.2,0.3,0.15,2.0,1.4,1.94
0.2,0.3,0.15,2.5,1.5,2.1075
0.2,0.3,0.15,3.0,1.6,2.275
0.2,0.3,0.15,3.5,1.7000000000000002,2.4425000000000003
0.2,0.3,0.15,4.0,1.8,2.6100000000000003
0.2,0.3,0.15,4.5,1.9,2.7775
0.2,0.3,0.15,5.0,2.0,2.9450000000000003
0.2,0.3,0.2,0.5,1.1,1.4600000000000002
0.2,0.3,0.2,1.0,1.2,1.65
0.2,0.3,0.2,1.5,1.3,1.84
0.2,0.3,0.2,2.0,1.4,2.03
0.2,0.3,0.2,2.5,1.5,2.22
0.2,0.3,0.2,3.0,1.6,2.41
0.2,0.3,0.2,3.5,1.7000000000000002,2.6000000000000005
0.2,0.3,0.2,4.0,1.8,2.7900000000000005
0.2,0.3,0.2,4.5,1.9,2.98
0.2,0.3,0.2,5.0,2.0,3.17
0.2,0.3,0.25,0.5,1.1,1.4825000000000002
0.2,0.3,0.25,1.0,1.2,1.695
0.2,0.3,0.25,1.5,1.3,1.9075000000000002
0.2,0.3,0.25,2.0,1.4,2.12
0.2,0.3,0.25,2.5,1.5,2.3325
0.2,0.3,0.25,3.0,1.6,2.545
0.2,0.3,0.25,3.5,1.7000000000000002,2.7575000000000003
0.2,0.3,0.25,4.0,1.8,2.97
0.2,0.3,0.25,4.5,1.9,3.1825
0.2,0.3,0.25,5.0,2.0,3.395
0.2,0.3,0.3,0.5,1.1,1.5050000000000001
0.2,0.3,0.3,1.0,1.2,1.74
0.2,0.3,0.3,1.5,1.3,1.975
0.2,0.3,0.3,2.0,1.4,2.21
0.2,0.3,0.3,2.5,1.5,2.4450000000000003
0.2,0.3,0.3,3.0,1.6,2.68
0.2,0.3,0.3,3.5,1.7000000000000002,2.915
0.2,0.3,0.3,4.0,1.8,3.1500000000000004
0.2,0.3,0.3,4.5,1.9,3.385
0.2,0.3,0.3,5.0,2.0,3.62
0.2,0.3,0.35,0.5,1.1,1.5275
0.2,0.3,0.35,1.0,1.2,1.785
0.2,0.3,0.35,1.5,1.3,2.0425
0.2,0.3,0.35,2.0,1.4,2.3
0.2,0.3,0.35,2.5,1.5,2.5575
0.2,0.3,0.35,3.0,1.6,2.815
0.2,0.3,0.35,3.5,1.7000000000000002,3.0725
0.2,0.3,0.35,4.0,1.8,3.33
0.2,0.3,0.35,4.5,1.9,3.5875
0.2,0.3,0.35,5.0,2.0,3.8449999999999998
0.2,0.3,0.4,0.5,1.1,1.55
0.2,0.3,0.4,1.0,1.2,1.83
0.2,0.3,0.4,1.5,1.3,2.1100000000000003
0.2,0.3,0.4,2.0,1.4,2.39
0.2,0.3,0.4,2.5,1.5,2.67
0.2,0.3,0.4,3.0,1.6,2.95
0.2,0.3,0.4,3.5,1.7000000000000002,3.2300000000000004
0.2,0.3,0.4,4.0,1.8,3.5100000000000007
0.2,0.3,0.4,4.5,1.9,3.79
0.2,0.3,0.4,5.0,2.0,4.07
0.2,0.3,0.45,0.5,1.1,1.5725000000000002
0.2,0.3,0.45,1.0,1.2,1.875
0.2,0.3,0.45,1.5,1.3,2.1775
0.2,0.3,0.45,2.0,1.4,2.48
0.2,0.3,0.45,2.5,1.5,2.7824999999999998
0.2,0.3,0.45,3.0,1.6,3.085
0.2,0.3,0.45,3.5,1.7000000000000002,3.3875
0.2,0.3,0.45,4.0,1.8,3.6900000000000004
0.2,0.3,0.45,4.5,1.9,3.9924999999999997
0.2,0.3,0.45,5.0,2.0,4.295
0.2,0.3,0.5,0.5,1.1,1.5950000000000002
0.2,0.3,0.5,1.0,1.2,1.92
0.2,0.3,0.5,1.5,1.3,2.245
0.2,0.3,0.5,2.0,1.4,2.57
0.2,0.3,0.5,2.5,1.5,2.895
0.2,0.3,0.5,3.0,1.6,3.22
0.2,0.3,0.5,3.5,1.7000000000000002,3.545
0.2,0.3,0.5,4.0,1.8,3.87
0.2,0.3,0.5,4.5,1.9,4.195
0.2,0.3,0.5,5.0,2.0,4.52
0.2,0.4,0.0,0.5,1.1,1.4600000000000002
0.2,0.4,0.0,1.0,1.2,1.56
0.2,0.4,0.0,1.5,1.3,1.6600000000000001
0.2,0.4,0.0,2.0,1.4,1.76
0.2,0.4,0.0,2.5,1.5,1.86
0.2,0.4,0.0,3.0,1.6,1.9600000000000002
0.2,0.4,0.0,3.5,1.7000000000000002,2.06
0.2,0.4,0.0,4.0,1.8,2.16
0.2,0.4,0.0,4.5,1.9,2.26
0.2,0.4,0.0,5.0,2.0,2.36
0.2,0.4,0.05,0.5,1.1,1.4825000000000002
0.2,0.4,0.05,1.0,1.2,1.605
0.2,0.4,0.05,1.5,1.3,1.7275000000000003
0.2,0.4,0.05,2.0,1.4,1.85
0.2,0.4,0.05,2.5,1.5,1.9725000000000001
0.2,0.4,0.05,3.0,1.6,2.095
0.2,0.4,0.05,3.5,1.7000000000000002,2.2175000000000002
0.2,0.4,0.05,4.0,1.8,2.3400000000000003
0.2,0.4,0.05,4.5,1.9,2.4625
0.2,0.4,0.05,5.0,2.0,2.585
0.2,0.4,0.1,0.5,1.1,1.5050000000000001
0.2,0.4,0.1,1.0,1.2,1.6500000000000001
0.2,0.4,0.1,1.5,1.3,1.7950000000000002
0.2,0.4,0.1,2.0,1.4,1.94
0.2,0.4,0.1,2.5,1.5,2.085
0.2,0.4,0.1,3.0,1.6,2.2300000000000004
0.2,0.4,0.1,3.5,1.7000000000000002,2.375
0.2,0.4,0.1,4.0,1.8,2.52
0.2,0.4,0.1,4.5,1.9,2.665
0.2,0.4,0.1,5.0,2.0,2.81
0.2,0.4,0.15,0.5,1.1,1.5275000000000003
0.2,0.4,0.15,1.0,1.2,1.695
0.2,0.4,0.15,1.5,1.3,1.8625
0.2,0.4,0.15,2.0,1.4,2.0300000000000002
0.2,0.4,0.15,2.5,1.5,2.1975000000000002
0.2,0.4,0.15,3.0,1.6,2.365
0.2,0.4,0.15,3.5,1.7000000000000002,2.5325
0.2,0.4,0.15,4.0,1.8,2.7
0.2,0.4,0.15,4.5,1.9,2.8674999999999997
0.2,0.4,0.15,5.0,2.0,3.035
0.2,0.4,0.2,0.5,1.1,1.5500000000000003
0.2,0.4,0.2,1.0,1.2,1.74
0.2,0.4,0.2,1.5,1.3,1.9300000000000002
0.2,0.4,0.2,2.0,1.4,2.12
0.2,0.4,0.2,2.5,1.5,2.31
0.2,0.4,0.2,3.0,1.6,2.5000000000000004
0.2,0.4,0.2,3.5,1.7000000000000002,2.6900000000000004
0.2,0.4,0.2,4.0,1.8,2.8800000000000003
0.2,0.4,0.2,4.5,1.9,3.07
0.2,0.4,0.2,5.0,2.0,3.26
0.2,0.4,0.25,0.5,1.1,1.5725000000000002
0.2,0.4,0.25,1.0,1.2,1.7850000000000001
0.2,0.4,0.25,1.5,1.3,1.9975
0.2,0.4,0.25,2.0,1.4,2.21
0.2,0.4,0.25,2.5,1.5,2.4225000000000003
0.2,0.4,0.25,3.0,1.6,2.6350000000000002
0.2,0.4,0.25,3.5,1.7000000000000002,2.8475
0.2,0.4,0.25,4.0,1.8,3.06
0.2,0.4,0.25,4.5,1.9,3.2725
0.2,0.4,0.25,5.0,2.0,3.485
0.2,0.4,0.3,0.5,1.1,1.5950000000000002
0.2,0.4,0.3,1.0,1.2,1.83
0.2,0.4,0.3,1.5,1.3,2.065
0.2,0.4,0.3,2.0,1.4,2.3
0.2,0.4,0.3,2.5,1.5,2.535
0.2,0.4,0.3,3.0,1.6,2.77
0.2,0.4,0.3,3.5,1.7000000000000002,3.005
0.2,0.4,0.3,4.0,1.8,3.24
0.2,0.4,0.3,4.5,1.9,3.4749999999999996
0.2,0.4,0.3,5.0,2.0,3.71
0.2,0.4,0.35,0.5,1.1,1.6175000000000002
0.2,0.4,0.35,1.0,1.2,1.875
0.2,0.4,0.35,1.5,1.3,2.1325000000000003
0.2,0.4,0.35,2.0,1.4,2.39
0.2,0.4,0.35,2.5,1.5,2.6475
0.2,0.4,0.35,3.0,1.6,2.9050000000000002
0.2,0.4,0.35,3.5,1.7000000000000002,3.1624999999999996
0.2,0.4,0.35,4.0,1.8,3.42
0.2,0.4,0.35,4.5,1.9,3.6774999999999998
0.2,0.4,0.35,5.0,2.0,3.9349999999999996
0.2,0.4,0.4,0.5,1.1,1.6400000000000001
0.2,0.4,0.4,1.0,1.2,1.9200000000000002
0.2,0.4,0.4,1.5,1.3,2.2
0.2,0.4,0.4,2.0,1.4,2.48
0.2,0.4,0.4,2.5,1.5,2.7600000000000002
0.2,0.4,0.4,3.0,1.6,3.0400000000000005
0.2,0.4,0.4,3.5,1.7000000000000002,3.3200000000000003
0.2,0.4,0.4,4.0,1.8,3.6000000000000005
0.2,0.4,0.4,4.5,1.9,3.88
0.2,0.4,0.4,5.0,2.0,4.16
0.2,0.4,0.45,0.5,1.1,1.6625
0.2,0.4,0.45,1.0,1.2,1.965
0.2,0.4,0.45,1.5,1.3,2.2675
0.2,0.4,0.45,2.0,1.4,2.5700000000000003
0.2,0.4,0.45,2.5,1.5,2.8725
0.2,0.4,0.45,3.0,1.6,3.1750000000000003
0.2,0.4,0.45,3.5,1.7000000000000002,3.4775
0.2,0.4,0.45,4.0,1.8,3.7800000000000002
0.2,0.4,0.45,4.5,1.9,4.0825
0.2,0.4,0.45,5.0,2.0,4.385
0.2,0.4,0.5,0.5,1.1,1.6850000000000003
0.2,0.4,0.5,1.0,1.2,2.0100000000000002
0.2,0.4,0.5,1.5,1.3,2.335
0.2,0.4,0.5,2.0,1.4,2.66
0.2,0.4,0.5,2.5,1.5,2.9850000000000003
0.2,0.4,0.5,3.0,1.6,3.3100000000000005
0.2,0.4,0.5,3.5,1.7000000000000002,3.635
0.2,0.4,0.5,4.0,1.8,3.96
0.2,0.4,0.5,4.5,1.9,4.285
0.2,0.4,0.5,5.0,2.0,4.609999999999999
0.2,0.5,0.0,0.5,1.1,1.55
0.2,0.5,0.0,1.0,1.2,1.65
0.2,0.5,0.0,1.5,1.3,1.75
0.2,0.5,0.0,2.0,1.4,1.8499999999999999
0.2,0.5,0.0,2.5,1.5,1.95
0.2,0.5,0.0,3.0,1.6,2.0500000000000003
0.2,0.5,0.0,3.5,1.7000000000000002,2.1500000000000004
0.2,0.5,0.0,4.0,1.8,2.25
0.2,0.5,0.0,4.5,1.9,2.35
0.2,0.5,0.0,5.0,2.0,2.45
0.2,0.5,0.05,0.5,1.1,1.5725
0.2,0.5,0.05,1.0,1.2,1.6949999999999998
0.2,0.5,0.05,1.5,1.3,1.8175000000000001
0.2,0.5,0.05,2.0,1.4,1.94
0.2,0.5,0.05,2.5,1.5,2.0625
0.2,0.5,0.05,3.0,1.6,2.1850000000000005
0.2,0.5,0.05,3.5,1.7000000000000002,2.3075000000000006
0.2,0.5,0.05,4.0,1.8,2.43
0.2,0.5,0.05,4.5,1.9,2.5525
0.2,0.5,0.05,5.0,2.0,2.6750000000000003
0.2,0.5,0.1,0.5,1.1,1.595
0.2,0.5,0.1,1.0,1.2,1.74
0.2,0.5,0.1,1.5,1.3,1.885
0.2,0.5,0.1,2.0,1.4,2.03
0.2,0.5,0.1,2.5,1.5,2.175
0.2,0.5,0.1,3.0,1.6,2.3200000000000003
0.2,0.5,0.1,3.5,1.7000000000000002,2.4650000000000003
0.2,0.5,0.1,4.0,1.8,2.61
0.2,0.5,0.1,4.5,1.9,2.755
0.2,0.5,0.1,5.0,2.0,2.9000000000000004
0.2,0.5,0.15,0.5,1.1,1.6175000000000002
0.2,0.5,0.15,1.0,1.2,1.785
0.2,0.5,0.15,1.5,1.3,1.9525
0.2,0.5,0.15,2.0,1.4,2.12
0.2,0.5,0.15,2.5,1.5,2.2875
0.2,0.5,0.15,3.0,1.6,2.455
0.2,0.5,0.15,3.5,1.7000000000000002,2.6225000000000005
0.2,0.5,0.15,4.0,1.8,2.79
0.2,0.5,0.15,4.5,1.9,2.9575
0.2,0.5,0.15,5.0,2.0,3.125
0.2,0.5,0.2,0.5,1.1,1.6400000000000001
0.2,0.5,0.2,1.0,1.2,1.8299999999999998
0.2,0.5,0.2,1.5,1.3,2.02
0.2,0.5,0.2,2.0,1.4,2.21
0.2,0.5,0.2,2.5,1.5,2.4
0.2,0.5,0.2,3.0,1.6,2.5900000000000003
0.2,0.5,0.2,3.5,1.7000000000000002,2.7800000000000002
0.2,0.5,0.2,4.0,1.8,2.97
0.2,0.5,0.2,4.5,1.9,3.16
0.2,0.5,0.2,5.0,2.0,3.35
0.2,0.5,0.25,0.5,1.1,1.6625
0.2,0.5,0.25,1.0,1.2,1.875
0.2,0.5,0.25,1.5,1.3,2.0875
0.2,0.5,0.25,2.0,1.4,2.3
0.2,0.5,0.25,2.5,1.5,2.5125
0.2,0.5,0.25,3.0,1.6,2.7250000000000005
0.2,0.5,0.25,3.5,1.7000000000000002,2.9375000000000004
0.2,0.5,0.25,4.0,1.8,3.15
0.2,0.5,0.25,4.5,1.9,3.3625
0.2,0.5,0.25,5.0,2.0,3.575
0.2,0.5,0.3,0.5,1.1,1.685
0.2,0.5,0.3,1.0,1.2,1.92
0.2,0.5,0.3,1.5,1.3,2.155
0.2,0.5,0.3,2.0,1.4,2.3899999999999997
0.2,0.5,0.3,2.5,1.5,2.625
0.2,0.5,0.3,3.0,1.6,2.8600000000000003
0.2,0.5,0.3,3.5,1.7000000000000002,3.0950000000000006
0.2,0.5,0.3,4.0,1.8,3.33
0.2,0.5,0.3,4.5,1.9,3.565
0.2,0.5,0.3,5.0,2.0,3.8000000000000003
0.2,0.5,0.35,0.5,1.1,1.7075
0.2,0.5,0.35,1.0,1.2,1.9649999999999999
0.2,0.5,0.35,1.5,1.3,2.2225
0.2,0.5,0.35,2.0,1.4,2.48
0.2,0.5,0.35,2.5,1.5,2.7375
0.2,0.5,0.35,3.0,1.6,2.995
0.2,0.5,0.35,3.5,1.7000000000000002,3.2525000000000004
0.2,0.5,0.35,4.0,1.8,3.51
0.2,0.5,0.35,4.5,1.9,3.7675
0.2,0.5,0.35,5.0,2.0,4.025
0.2,0.5,0.4,0.5,1.1,1.73
0.2,0.5,0.4,1.0,1.2,2.01
0.2,0.5,0.4,1.5,1.3,2.29
0.2,0.5,0.4,2.0,1.4,2.57
0.2,0.5,0.4,2.5,1.5,2.85
0.2,0.5,0.4,3.0,1.6,3.130000000000001
0.2,0.5,0.4,3.5,1.7000000000000002,3.4100000000000006
0.2,0.5,0.4,4.0,1.8,3.6900000000000004
0.2,0.5,0.4,4.5,1.9,3.97
0.2,0.5,0.4,5.0,2.0,4.25
0.2,0.5,0.45,0.5,1.1,1.7525
0.2,0.5,0.45,1.0,1.2,2.0549999999999997
0.2,0.5,0.45,1.5,1.3,2.3575
0.2,0.5,0.45,2.0,1.4,2.66
0.2,0.5,0.45,2.5,1.5,2.9625
0.2,0.5,0.45,3.0,1.6,3.2650000000000006
0.2,0.5,0.45,3.5,1.7000000000000002,3.5675000000000003
0.2,0.5,0.45,4.0,1.8,3.87
0.2,0.5,0.45,4.5,1.9,4.1725
0.2,0.5,0.45,5.0,2.0,4.475
0.2,0.5,0.5,0.5,1.1,1.7750000000000001
0.2,0.5,0.5,1.0,1.2,2.1
0.2,0.5,0.5,1.5,1.3,2.425
0.2,0.5,0.5,2.0,1.4,2.75
0.2,0.5,0.5,2.5,1.5,3.075
0.2,0.5,0.5,3.0,1.6,3.4000000000000004
0.2,0.5,0.5,3.5,1.7000000000000002,3.7250000000000005
0.2,0.5,0.5,4.0,1.8,4.05
0.2,0.5,0.5,4.5,1.9,4.375
0.2,0.5,0.5,5.0,2.0,4.7
0.2,0.6,0.0,0.5,1.1,1.6400000000000001
0.2,0.6,0.0,1.0,1.2,1.74
0.2,0.6,0.0,1.5,1.3,1.84
0.2,0.6,0.0,2.0,1.4,1.94
0.2,0.6,0.0,2.5,1.5,2.04
0.2,0.6,0.0,3.0,1.6,2.14
0.2,0.6,0.0,3.5,1.7000000000000002,2.24
0.2,0.6,0.0,4.0,1.8,2.34
0.2,0.6,0.0,4.5,1.9,2.44
0.2,0.6,0.0,5.0,2.0,2.54
0.2,0.6,0.05,0.5,1.1,1.6625
0.2,0.6,0.05,1.0,1.2,1.785
0.2,0.6,0.05,1.5,1.3,1.9075000000000002
0.2,0.6,0.05,2.0,1.4,2.03
0.2,0.6,0.05,2.5,1.5,2.1525
0.2,0.6,0.05,3.0,1.6,2.2750000000000004
0.2,0.6,0.05,3.5,1.7000000000000002,2.3975000000000004
0.2,0.6,0.05,4.0,1.8,2.52
0.2,0.6,0.05,4.5,1.9,2.6425
0.2,0.6,0.05,5.0,2.0,2.765
0.2,0.6,0.1,0.5,1.1,1.685
0.2,0.6,0.1,1.0,1.2,1.83
0.2,0.6,0.1,1.5,1.3,1.975
0.2,0.6,0.1,2.0,1.4,2.12
0.2,0.6,0.1,2.5,1.5,2.265
0.2,0.6,0.1,3.0,1.6,2.41
0.2,0.6,0.1,3.5,1.7000000000000002,2.555
0.2,0.6,0.1,4.0,1.8,2.6999999999999997
0.2,0.6,0.1,4.5,1.9,2.8449999999999998
0.2,0.6,0.1,5.0,2.0,2.99
0.2,0.6,0.15,0.5,1.1,1.7075
0.2,0.6,0.15,1.0,1.2,1.875
0.2,0.6,0.15,1.5,1.3,2.0425
0.2,0.6,0.15,2.0,1.4,2.21
0.2,0.6,0.15,2.5,1.5,2.3775
0.2,0.6,0.15,3.0,1.6,2.545
0.2,0.6,0.15,3.5,1.7000000000000002,2.7125000000000004
0.2,0.6,0.15,4.0,1.8,2.88
0.2,0.6,0.15,4.5,1.9,3.0475
0.2,0.6,0.15,5.0,2.0,3.215
0.2,0.6,0.2,0.5,1.1,1.7300000000000002
0.2,0.6,0.2,1.0,1.2,1.92
0.2,0.6,0.2,1.5,1.3,2.1100000000000003
0.2,0.6,0.2,2.0,1.4,2.3
0.2,0.6,0.2,2.5,1.5,2.49
0.2,0.6,0.2,3.0,1.6,2.68
0.2,0.6,0.2,3.5,1.7000000000000002,2.87
0.2,0.6,0.2,4.0,1.8,3.06
0.2,0.6,0.2,4.5,1.9,3.25
0.2,0.6,0.2,5.0,2.0,3.44
0.2,0.6,0.25,0.5,1.1,1.7525000000000002
0.2,0.6,0.25,1.0,1.2,1.965
0.2,0.6,0.25,1.5,1.3,2.1775
0.2,0.6,0.25,2.0,1.4,2.39
0.2,0.6,0.25,2.5,1.5,2.6025
0.2,0.6,0.25,3.0,1.6,2.8150000000000004
0.2,0.6,0.25,3.5,1.7000000000000002,3.0275000000000003
0.2,0.6,0.25,4.0,1.8,3.2399999999999998
0.2,0.6,0.25,4.5,1.9,3.4524999999999997
0.2,0.6,0.25,5.0,2.0,3.665
0.2,0.6,0.3,0.5,1.1,1.7750000000000001
0.2,0.6,0.3,1.0,1.2,2.01
0.2,0.6,0.3,1.5,1.3,2.245
0.2,0.6,0.3,2.0,1.4,2.48
0.2,0.6,0.3,2.5,1.5,2.715
0.2,0.6,0.3,3.0,1.6,2.95
0.2,0.6,0.3,3.5,1.7000000000000002,3.1850000000000005
0.2,0.6,0.3,4.0,1.8,3.42
0.2,0.6,0.3,4.5,1.9,3.655
0.2,0.6,0.3,5.0,2.0,3.89
0.2,0.6,0.35,0.5,1.1,1.7975
0.2,0.6,0.35,1.0,1.2,2.055
0.2,0.6,0.35,1.5,1.3,2.3125
0.2,0.6,0.35,2.0,1.4,2.57
0.2,0.6,0.35,2.5,1.5,2.8275
0.2,0.6,0.35,3.0,1.6,3.085
0.2,0.6,0.35,3.5,1.7000000000000002,3.3425000000000002
0.2,0.6,0.35,4.0,1.8,3.5999999999999996
0.2,0.6,0.35,4.5,1.9,3.8575
0.2,0.6,0.35,5.0,2.0,4.115
0.2,0.6,0.4,0.5,1.1,1.82
0.2,0.6,0.4,1.0,1.2,2.1
0.2,0.6,0.4,1.5,1.3,2.3800000000000003
0.2,0.6,0.4,2.0,1.4,2.66
0.2,0.6,0.4,2.5,1.5,2.94
0.2,0.6,0.4,3.0,1.6,3.2200000000000006
0.2,0.6,0.4,3.5,1.7000000000000002,3.5000000000000004
0.2,0.6,0.4,4.0,1.8,3.7800000000000002
0.2,0.6,0.4,4.5,1.9,4.0600000000000005
0.2,0.6,0.4,5.0,2.0,4.34
0.2,0.6,0.45,0.5,1.1,1.8425000000000002
0.2,0.6,0.45,1.0,1.2,2.145
0.2,0.6,0.45,1.5,1.3,2.4475000000000002
0.2,0.6,0.45,2.0,1.4,2.75
0.2,0.6,0.45,2.5,1.5,3.0525
0.2,0.6,0.45,3.0,1.6,3.3550000000000004
0.2,0.6,0.45,3.5,1.7000000000000002,3.6575
0.2,0.6,0.45,4.0,1.8,3.96
0.2,0.6,0.45,4.5,1.9,4.2625
0.2,0.6,0.45,5.0,2.0,4.5649999999999995
0.2,0.6,0.5,0.5,1.1,1.8650000000000002
0.2,0.6,0.5,1.0,1.2,2.19
0.2,0.6,0.5,1.5,1.3,2.515
0.2,0.6,0.5,2.0,1.4,2.84
0.2,0.6,0.5,2.5,1.5,3.165
0.2,0.6,0.5,3.0,1.6,3.49
0.2,0.6,0.5,3.5,1.7000000000000002,3.8150000000000004
0.2,0.6,0.5,4.0,1.8,4.14
0.2,0.6,0.5,4.5,1.9,4.465
0.2,0.6,0.5,5.0,2.0,4.79
0.2,0.7,0.0,0.5,1.1,1.73
0.2,0.7,0.0,1.0,1.2,1.83
0.2,0.7,0.0,1.5,1.3,1.9300000000000002
0.2,0.7,0.0,2.0,1.4,2.03
0.2,0.7,0.0,2.5,1.5,2.13
0.2,0.7,0.0,3.0,1.6,2.23
0.2,0.7,0.0,3.5,1.7000000000000002,2.33
0.2,0.7,0.0,4.0,1.8,2.43
0.2,0.7,0.0,4.5,1.9,2.53
0.2,0.7,0.0,5.0,2.0,2.63
0.2,0.7,0.05,0.5,1.1,1.7525
0.2,0.7,0.05,1.0,1.2,1.875
0.2,0.7,0.05,1.5,1.3,1.9975000000000003
0.2,0.7,0.05,2.0,1.4,2.1199999999999997
0.2,0.7,0.05,2.5,1.5,2.2424999999999997
0.2,0.7,0.05,3.0,1.6,2.365
0.2,0.7,0.05,3.5,1.7000000000000002,2.4875000000000003
0.2,0.7,0.05,4.0,1.8,2.6100000000000003
0.2,0.7,0.05,4.5,1.9,2.7325
0.2,0.7,0.05,5.0,2.0,2.855
0.2,0.7,0.1,0.5,1.1,1.775
0.2,0.7,0.1,1.0,1.2,1.9200000000000002
0.2,0.7,0.1,1.5,1.3,2.0650000000000004
0.2,0.7,0.1,2.0,1.4,2.21
0.2,0.7,0.1,2.5,1.5,2.355
0.2,0.7,0.1,3.0,1.6,2.5
0.2,0.7,0.1,3.5,1.7000000000000002,2.645
0.2,0.7,0.1,4.0,1.8,2.79
0.2,0.7,0.1,4.5,1.9,2.9349999999999996
0.2,0.7,0.1,5.0,2.0,3.08
0.2,0.7,0.15,0.5,1.1,1.7974999999999999
0.2,0.7,0.15,1.0,1.2,1.965
0.2,0.7,0.15,1.5,1.3,2.1325000000000003
0.2,0.7,0.15,2.0,1.4,2.3
0.2,0.7,0.15,2.5,1.5,2.4675
0.2,0.7,0.15,3.0,1.6,2.635
0.2,0.7,0.15,3.5,1.7000000000000002,2.8025
0.2,0.7,0.15,4.0,1.8,2.97
0.2,0.7,0.15,4.5,1.9,3.1374999999999997
0.2,0.7,0.15,5.0,2.0,3.3049999999999997
0.2,0.7,0.2,0.5,1.1,1.82
0.2,0.7,0.2,1.0,1.2,2.0100000000000002
0.2,0.7,0.2,1.5,1.3,2.2
0.2,0.7,0.2,2.0,1.4,2.3899999999999997
0.2,0.7,0.2,2.5,1.5,2.58
0.2,0.7,0.2,3.0,1.6,2.77
0.2,0.7,0.2,3.5,1.7000000000000002,2.96
0.2,0.7,0.2,4.0,1.8,3.1500000000000004
0.2,0.7,0.2,4.5,1.9,3.34
0.2,0.7,0.2,5.0,2.0,3.53
0.2,0.7,0.25,0.5,1.1,1.8425
0.2,0.7,0.25,1.0,1.2,2.055
0.2,0.7,0.25,1.5,1.3,2.2675
0.2,0.7,0.25,2.0,1.4,2.48
0.2,0.7,0.25,2.5,1.5,2.6925
0.2,0.7,0.25,3.0,1.6,2.9050000000000002
0.2,0.7,0.25,3.5,1.7000000000000002,3.1175
0.2,0.7,0.25,4.0,1.8,3.33
0.2,0.7,0.25,4.5,1.9,3.5424999999999995
0.2,0.7,0.25,5.0,2.0,3.755
0.2,0.7,0.3,0.5,1.1,1.865
0.2,0.7,0.3,1.0,1.2,2.1
0.2,0.7,0.3,1.5,1.3,2.335
0.2,0.7,0.3,2.0,1.4,2.57
0.2,0.7,0.3,2.5,1.5,2.8049999999999997
0.2,0.7,0.3,3.0,1.6,3.04
0.2,0.7,0.3,3.5,1.7000000000000002,3.2750000000000004
0.2,0.7,0.3,4.0,1.8,3.5100000000000002
0.2,0.7,0.3,4.5,1.9,3.7449999999999997
0.2,0.7,0.3,5.0,2.0,3.98
0.2,0.7,0.35,0.5,1.1,1.8875
0.2,0.7,0.35,1.0,1.2,2.145
0.2,0.7,0.35,1.5,1.3,2.4025
0.2,0.7,0.35,2.0,1.4,2.6599999999999997
0.2,0.7,0.35,2.5,1.5,2.9175
0.2,0.7,0.35,3.0,1.6,3.175
0.2,0.7,0.35,3.5,1.7000000000000002,3.4325
0.2,0.7,0.35,4.0,1.8,3.6900000000000004
0.2,0.7,0.35,4.5,1.9,3.9475
0.2,0.7,0.35,5.0,2.0,4.205
0.2,0.7,0.4,0.5,1.1,1.91
0.2,0.7,0.4,1.0,1.2,2.19
0.2,0.7,0.4,1.5,1.3,2.47
0.2,0.7,0.4,2.0,1.4,2.75
0.2,0.7,0.4,2.5,1.5,3.03
0.2,0.7,0.4,3.0,1.6,3.3100000000000005
0.2,0.7,0.4,3.5,1.7000000000000002,3.5900000000000003
0.2,0.7,0.4,4.0,1.8,3.87
0.2,0.7,0.4,4.5,1.9,4.15
0.2,0.7,0.4,5.0,2.0,4.43
0.2,0.7,0.45,0.5,1.1,1.9325
0.2,0.7,0.45,1.0,1.2,2.2350000000000003
0.2,0.7,0.45,1.5,1.3,2.5375
0.2,0.7,0.45,2.0,1.4,2.84
0.2,0.7,0.45,2.5,1.5,3.1425
0.2,0.7,0.45,3.0,1.6,3.4450000000000003
0.2,0.7,0.45,3.5,1.7000000000000002,3.7475
0.2,0.7,0.45,4.0,1.8,4.050000000000001
0.2,0.7,0.45,4.5,1.9,4.3525
0.2,0.7,0.45,5.0,2.0,4.654999999999999
0.2,0.7,0.5,0.5,1.1,1.955
0.2,0.7,0.5,1.0,1.2,2.2800000000000002
0.2,0.7,0.5,1.5,1.3,2.6050000000000004
0.2,0.7,0.5,2.0,1.4,2.9299999999999997
0.2,0.7,0.5,2.5,1.5,3.255
0.2,0.7,0.5,3.0,1.6,3.58
0.2,0.7,0.5,3.5,1.7000000000000002,3.9050000000000002
0.2,0.7,0.5,4.0,1.8,4.23
0.2,0.7,0.5,4.5,1.9,4.555
0.2,0.7,0.5,5.0,2.0,4.88
0.2,0.8,0.0,0.5,1.1,1.8200000000000003
0.2,0.8,0.0,1.0,1.2,1.92
0.2,0.8,0.0,1.5,1.3,2.02
0.2,0.8,0.0,2.0,1.4,2.12
0.2,0.8,0.0,2.5,1.5,2.22
0.2,0.8,0.0,3.0,1.6,2.3200000000000003
0.2,0.8,0.0,3.5,1.7000000000000002,2.4200000000000004
0.2,0.8,0.0,4.0,1.8,2.52
0.2,0.8,0.0,4.5,1.9,2.62
0.2,0.8,0.0,5.0,2.0,2.72
0.2,0.8,0.05,0.5,1.1,1.8425000000000002
0.2,0.8,0.05,1.0,1.2,1.9649999999999999
0.2,0.8,0.05,1.5,1.3,2.0875
0.2,0.8,0.05,2.0,1.4,2.21
0.2,0.8,0.05,2.5,1.5,2.3325
0.2,0.8,0.05,3.0,1.6,2.4550000000000005
0.2,0.8,0.05,3.5,1.7000000000000002,2.5775000000000006
0.2,0.8,0.05,4.0,1.8,2.7
0.2,0.8,0.05,4.5,1.9,2.8225000000000002
0.2,0.8,0.05,5.0,2.0,2.9450000000000003
0.2,0.8,0.1,0.5,1.1,1.8650000000000002
0.2,0.8,0.1,1.0,1.2,2.01
0.2,0.8,0.1,1.5,1.3,2.1550000000000002
0.2,0.8,0.1,2.0,1.4,2.3000000000000003
0.2,0.8,0.1,2.5,1.5,2.4450000000000003
0.2,0.8,0.1,3.0,1.6,2.5900000000000003
0.2,0.8,0.1,3.5,1.7000000000000002,2.7350000000000003
0.2,0.8,0.1,4.0,1.8,2.88
0.2,0.8,0.1,4.5,1.9,3.0250000000000004
0.2,0.8,0.1,5.0,2.0,3.1700000000000004
0.2,0.8,0.15,0.5,1.1,1.8875000000000002
0.2,0.8,0.15,1.0,1.2,2.0549999999999997
0.2,0.8,0.15,1.5,1.3,2.2225
0.2,0.8,0.15,2.0,1.4,2.39
0.2,0.8,0.15,2.5,1.5,2.5575
0.2,0.8,0.15,3.0,1.6,2.725
0.2,0.8,0.15,3.5,1.7000000000000002,2.8925000000000005
0.2,0.8,0.15,4.0,1.8,3.06
0.2,0.8,0.15,4.5,1.9,3.2275
0.2,0.8,0.15,5.0,2.0,3.3950000000000005
0.2,0.8,0.2,0.5,1.1,1.9100000000000004
0.2,0.8,0.2,1.0,1.2,2.1
0.2,0.8,0.2,1.5,1.3,2.29
0.2,0.8,0.2,2.0,1.4,2.48
0.2,0.8,0.2,2.5,1.5,2.6700000000000004
0.2,0.8,0.2,3.0,1.6,2.8600000000000003
0.2,0.8,0.2,3.5,1.7000000000000002,3.0500000000000007
0.2,0.8,0.2,4.0,1.8,3.24
0.2,0.8,0.2,4.5,1.9,3.43
0.2,0.8,0.2,5.0,2.0,3.62
0.2,0.8,0.25,0.5,1.1,1.9325000000000003
0.2,0.8,0.25,1.0,1.2,2.145
0.2,0.8,0.25,1.5,1.3,2.3575
0.2,0.8,0.25,2.0,1.4,2.5700000000000003
0.2,0.8,0.25,2.5,1.5,2.7825
0.2,0.8,0.25,3.0,1.6,2.995
0.2,0.8,0.25,3.5,1.7000000000000002,3.2075000000000005
0.2,0.8,0.25,4.0,1.8,3.42
0.2,0.8,0.25,4.5,1.9,3.6325000000000003
0.2,0.8,0.25,5.0,2.0,3.845
0.2,0.8,0.3,0.5,1.1,1.9550000000000003
0.2,0.8,0.3,1.0,1.2,2.19
0.2,0.8,0.3,1.5,1.3,2.425
0.2,0.8,0.3,2.0,1.4,2.66
0.2,0.8,0.3,2.5,1.5,2.8950000000000005
0.2,0.8,0.3,3.0,1.6,3.1300000000000003
0.2,0.8,0.3,3.5,1.7000000000000002,3.365
0.2,0.8,0.3,4.0,1.8,3.6
0.2,0.8,0.3,4.5,1.9,3.835
0.2,0.8,0.3,5.0,2.0,4.07
0.2,0.8,0.35,0.5,1.1,1.9775000000000003
0.2,0.8,0.35,1.0,1.2,2.235
0.2,0.8,0.35,1.5,1.3,2.4924999999999997
0.2,0.8,0.35,2.0,1.4,2.75
0.2,0.8,0.35,2.5,1.5,3.0075000000000003
0.2,0.8,0.35,3.0,1.6,3.265
0.2,0.8,0.35,3.5,1.7000000000000002,3.5225
0.2,0.8,0.35,4.0,1.8,3.7800000000000002
0.2,0.8,0.35,4.5,1.9,4.0375
0.2,0.8,0.35,5.0,2.0,4.295
0.2,0.8,0.4,0.5,1.1,2.0000000000000004
0.2,0.8,0.4,1.0,1.2,2.28
0.2,0.8,0.4,1.5,1.3,2.56
0.2,0.8,0.4,2.0,1.4,2.8400000000000003
0.2,0.8,0.4,2.5,1.5,3.12
0.2,0.8,0.4,3.0,1.6,3.4000000000000004
0.2,0.8,0.4,3.5,1.7000000000000002,3.6800000000000006
0.2,0.8,0.4,4.0,1.8,3.96
0.2,0.8,0.4,4.5,1.9,4.24
0.2,0.8,0.4,5.0,2.0,4.5200000000000005
0.2,0.8,0.45,0.5,1.1,2.0225000000000004
0.2,0.8,0.45,1.0,1.2,2.325
0.2,0.8,0.45,1.5,1.3,2.6275
0.2,0.8,0.45,2.0,1.4,2.93
0.2,0.8,0.45,2.5,1.5,3.2325
0.2,0.8,0.45,3.0,1.6,3.535
0.2,0.8,0.45,3.5,1.7000000000000002,3.8375000000000004
0.2,0.8,0.45,4.0,1.8,4.140000000000001
0.2,0.8,0.45,4.5,1.9,4.4425
0.2,0.8,0.45,5.0,2.0,4.745
0.2,0.8,0.5,0.5,1.1,2.0450000000000004
0.2,0.8,0.5,1.0,1.2,2.37
0.2,0.8,0.5,1.5,1.3,2.6950000000000003
0.2,0.8,0.5,2.0,1.4,3.02
0.2,0.8,0.5,2.5,1.5,3.345
0.2,0.8,0.5,3.0,1.6,3.6700000000000004
0.2,0.8,0.5,3.5,1.7000000000000002,3.995
0.2,0.8,0.5,4.0,1.8,4.32
0.2,0.8,0.5,4.5,1.9,4.645
0.2,0.8,0.5,5.0,2.0,4.970000000000001
0.2,0.9,0.0,0.5,1.1,1.9100000000000001
0.2,0.9,0.0,1.0,1.2,2.01
0.2,0.9,0.0,1.5,1.3,2.1100000000000003
0.2,0.9,0.0,2.0,1.4,2.21
0.2,0.9,0.0,2.5,1.5,2.31
0.2,0.9,0.0,3.0,1.6,2.41
0.2,0.9,0.0,3.5,1.7000000000000002,2.5100000000000002
0.2,0.9,0.0,4.0,1.8,2.6100000000000003
0.2,0.9,0.0,4.5,1.9,2.71
0.2,0.9,0.0,5.0,2.0,2.81
0.2,0.9,0.05,0.5,1.1,1.9325
0.2,0.9,0.05,1.0,1.2,2.0549999999999997
0.2,0.9,0.05,1.5,1.3,2.1775
0.2,0.9,0.05,2.0,1.4,2.3
0.2,0.9,0.05,2.5,1.5,2.4225
0.2,0.9,0.05,3.0,1.6,2.5450000000000004
0.2,0.9,0.05,3.5,1.7000000000000002,2.6675000000000004
0.2,0.9,0.05,4.0,1.8,2.7900000000000005
0.2,0.9,0.05,4.5,1.9,2.9125
0.2,0.9,0.05,5.0,2.0,3.035
0.2,0.9,0.1,0.5,1.1,1.955
0.2,0.9,0.1,1.0,1.2,2.0999999999999996
0.2,0.9,0.1,1.5,1.3,2.2450000000000006
0.2,0.9,0.1,2.0,1.4,2.39
0.2,0.9,0.1,2.5,1.5,2.535
0.2,0.9,0.1,3.0,1.6,2.68
0.2,0.9,0.1,3.5,1.7000000000000002,2.825
0.2,0.9,0.1,4.0,1.8,2.97
0.2,0.9,0.1,4.5,1.9,3.115
0.2,0.9,0.1,5.0,2.0,3.2600000000000002
0.2,0.9,0.15,0.5,1.1,1.9775
0.2,0.9,0.15,1.0,1.2,2.1449999999999996
0.2,0.9,0.15,1.5,1.3,2.3125000000000004
0.2,0.9,0.15,2.0,1.4,2.48
0.2,0.9,0.15,2.5,1.5,2.6475
0.2,0.9,0.15,3.0,1.6,2.815
0.2,0.9,0.15,3.5,1.7000000000000002,2.9825000000000004
0.2,0.9,0.15,4.0,1.8,3.1500000000000004
0.2,0.9,0.15,4.5,1.9,3.3175
0.2,0.9,0.15,5.0,2.0,3.4850000000000003
0.2,0.9,0.2,0.5,1.1,2.0
0.2,0.9,0.2,1.0,1.2,2.19
0.2,0.9,0.2,1.5,1.3,2.3800000000000003
0.2,0.9,0.2,2.0,1.4,2.57
0.2,0.9,0.2,2.5,1.5,2.7600000000000002
0.2,0.9,0.2,3.0,1.6,2.95
0.2,0.9,0.2,3.5,1.7000000000000002,3.1400000000000006
0.2,0.9,0.2,4.0,1.8,3.3300000000000005
0.2,0.9,0.2,4.5,1.9,3.52
0.2,0.9,0.2,5.0,2.0,3.71
0.2,0.9,0.25,0.5,1.1,2.0225
0.2,0.9,0.25,1.0,1.2,2.235
0.2,0.9,0.25,1.5,1.3,2.4475000000000002
0.2,0.9,0.25,2.0,1.4,2.66
0.2,0.9,0.25,2.5,1.5,2.8725
0.2,0.9,0.25,3.0,1.6,3.085
0.2,0.9,0.25,3.5,1.7000000000000002,3.2975000000000003
0.2,0.9,0.25,4.0,1.8,3.5100000000000002
0.2,0.9,0.25,4.5,1.9,3.7225
0.2,0.9,0.25,5.0,2.0,3.935
0.2,0.9,0.3,0.5,1.1,2.045
0.2,0.9,0.3,1.0,1.2,2.28
0.2,0.9,0.3,1.5,1.3,2.515
0.2,0.9,0.3,2.0,1.4,2.75
0.2,0.9,0.3,2.5,1.5,2.9850000000000003
0.2,0.9,0.3,3.0,1.6,3.22
0.2,0.9,0.3,3.5,1.7000000000000002,3.455
0.2,0.9,0.3,4.0,1.8,3.6900000000000004
0.2,0.9,0.3,4.5,1.9,3.925
0.2,0.9,0.3,5.0,2.0,4.16
0.2,0.9,0.35,0.5,1.1,2.0675000000000003
0.2,0.9,0.35,1.0,1.2,2.3249999999999997
0.2,0.9,0.35,1.5,1.3,2.5825000000000005
0.2,0.9,0.35,2.0,1.4,2.84
0.2,0.9,0.35,2.5,1.5,3.0975
0.2,0.9,0.35,3.0,1.6,3.355
0.2,0.9,0.35,3.5,1.7000000000000002,3.6125
0.2,0.9,0.35,4.0,1.8,3.87
0.2,0.9,0.35,4.5,1.9,4.1274999999999995
0.2,0.9,0.35,5.0,2.0,4.385
0.2,0.9,0.4,0.5,1.1,2.0900000000000003
0.2,0.9,0.4,1.0,1.2,2.3699999999999997
0.2,0.9,0.4,1.5,1.3,2.6500000000000004
0.2,0.9,0.4,2.0,1.4,2.93
0.2,0.9,0.4,2.5,1.5,3.21
0.2,0.9,0.4,3.0,1.6,3.49
0.2,0.9,0.4,3.5,1.7000000000000002,3.7700000000000005
0.2,0.9,0.4,4.0,1.8,4.050000000000001
0.2,0.9,0.4,4.5,1.9,4.33
0.2,0.9,0.4,5.0,2.0,4.61
0.2,0.9,0.45,0.5,1.1,2.1125000000000003
0.2,0.9,0.45,1.0,1.2,2.415
0.2,0.9,0.45,1.5,1.3,2.7175000000000002
0.2,0.9,0.45,2.0,1.4,3.02
0.2,0.9,0.45,2.5,1.5,3.3225
0.2,0.9,0.45,3.0,1.6,3.625
0.2,0.9,0.45,3.5,1.7000000000000002,3.9275
0.2,0.9,0.45,4.0,1.8,4.23
0.2,0.9,0.45,4.5,1.9,4.5325
0.2,0.9,0.45,5.0,2.0,4.835
0.2,0.9,0.5,0.5,1.1,2.1350000000000002
0.2,0.9,0.5,1.0,1.2,2.46
0.2,0.9,0.5,1.5,1.3,2.785
0.2,0.9,0.5,2.0,1.4,3.11
0.2,0.9,0.5,2.5,1.5,3.435
0.2,0.9,0.5,3.0,1.6,3.7600000000000002
0.2,0.9,0.5,3.5,1.7000000000000002,4.085
0.2,0.9,0.5,4.0,1.8,4.41
0.2,0.9,0.5,4.5,1.9,4.734999999999999
0.2,0.9,0.5,5.0,2.0,5.0600000000000005
0.2,1.0,0.0,0.5,1.1,2.0
0.2,1.0,0.0,1.0,1.2,2.1
0.2,1.0,0.0,1.5,1.3,2.2
0.2,1.0,0.0,2.0,1.4,2.3
0.2,1.0,0.0,2.5,1.5,2.4
0.2,1.0,0.0,3.0,1.6,2.5
0.2,1.0,0.0,3.5,1.7000000000000002,2.6
0.2,1.0,0.0,4.0,1.8,2.7
0.2,1.0,0.0,4.5,1.9,2.8
0.2,1.0,0.0,5.0,2.0,2.9
0.2,1.0,0.05,0.5,1.1,2.0225
0.2,1.0,0.05,1.0,1.2,2.145
0.2,1.0,0.05,1.5,1.3,2.2675
0.2,1.0,0.05,2.0,1.4,2.3899999999999997
0.2,1.0,0.05,2.5,1.5,2.5124999999999997
0.2,1.0,0.05,3.0,1.6,2.6350000000000002
0.2,1.0,0.05,3.5,1.7000000000000002,2.7575000000000003
0.2,1.0,0.05,4.0,1.8,2.8800000000000003
0.2,1.0,0.05,4.5,1.9,3.0025
0.2,1.0,0.05,5.0,2.0,3.125
0.2,1.0,0.1,0.5,1.1,2.045
0.2,1.0,0.1,1.0,1.2,2.19
0.2,1.0,0.1,1.5,1.3,2.3350000000000004
0.2,1.0,0.1,2.0,1.4,2.48
0.2,1.0,0.1,2.5,1.5,2.625
0.2,1.0,0.1,3.0,1.6,2.77
0.2,1.0,0.1,3.5,1.7000000000000002,2.915
0.2,1.0,0.1,4.0,1.8,3.06
0.2,1.0,0.1,4.5,1.9,3.205
0.2,1.0,0.1,5.0,2.0,3.35
0.2,1.0,0.15,0.5,1.1,2.0675
0.2,1.0,0.15,1.0,1.2,2.2350000000000003
0.2,1.0,0.15,1.5,1.3,2.4025000000000003
0.2,1.0,0.15,2.0,1.4,2.57
0.2,1.0,0.15,2.5,1.5,2.7375
0.2,1.0,0.15,3.0,1.6,2.905
0.2,1.0,0.15,3.5,1.7000000000000002,3.0725000000000002
0.2,1.0,0.15,4.0,1.8,3.24
0.2,1.0,0.15,4.5,1.9,3.4074999999999998
0.2,1.0,0.15,5.0,2.0,3.575
0.2,1.0,0.2,0.5,1.1,2.09
0.2,1.0,0.2,1.0,1.2,2.2800000000000002
0.2,1.0,0.2,1.5,1.3,2.47
0.2,1.0,0.2,2.0,1.4,2.6599999999999997
0.2,1.0,0.2,2.5,1.5,2.85
0.2,1.0,0.2,3.0,1.6,3.04
0.2,1.0,0.2,3.5,1.7000000000000002,3.2300000000000004
0.2,1.0,0.2,4.0,1.8,3.4200000000000004
0.2,1.0,0.2,4.5,1.9,3.61
0.2,1.0,0.2,5.0,2.0,3.8
0.2,1.0,0.25,0.5,1.1,2.1125
0.2,1.0,0.25,1.0,1.2,2.325
0.2,1.0,0.25,1.5,1.3,2.5375
0.2,1.0,0.25,2.0,1.4,2.75
0.2,1.0,0.25,2.5,1.5,2.9625
0.2,1.0,0.25,3.0,1.6,3.175
0.2,1.0,0.25,3.5,1.7000000000000002,3.3875
0.2,1.0,0.25,4.0,1.8,3.6
0.2,1.0,0.25,4.5,1.9,3.8125
0.2,1.0,0.25,5.0,2.0,4.025
0.2,1.0,0.3,0.5,1.1,2.135
0.2,1.0,0.3,1.0,1.2,2.37
0.2,1.0,0.3,1.5,1.3,2.605
0.2,1.0,0.3,2.0,1.4,2.84
0.2,1.0,0.3,2.5,1.5,3.075
0.2,1.0,0.3,3.0,1.6,3.31
0.2,1.0,0.3,3.5,1.7000000000000002,3.545
0.2,1.0,0.3,4.0,1.8,3.7800000000000002
0.2,1.0,0.3,4.5,1.9,4.015
0.2,1.0,0.3,5.0,2.0,4.25
0.2,1.0,0.35,0.5,1.1,2.1575
0.2,1.0,0.35,1.0,1.2,2.415
0.2,1.0,0.35,1.5,1.3,2.6725000000000003
0.2,1.0,0.35,2.0,1.4,2.9299999999999997
0.2,1.0,0.35,2.5,1.5,3.1875
0.2,1.0,0.35,3.0,1.6,3.445
0.2,1.0,0.35,3.5,1.7000000000000002,3.7024999999999997
0.2,1.0,0.35,4.0,1.8,3.96
0.2,1.0,0.35,4.5,1.9,4.217499999999999
0.2,1.0,0.35,5.0,2.0,4.475
0.2,1.0,0.4,0.5,1.1,2.18
0.2,1.0,0.4,1.0,1.2,2.46
0.2,1.0,0.4,1.5,1.3,2.74
0.2,1.0,0.4,2.0,1.4,3.02
0.2,1.0,0.4,2.5,1.5,3.3
0.2,1.0,0.4,3.0,1.6,3.58
0.2,1.0,0.4,3.5,1.7000000000000002,3.8600000000000003
0.2,1.0,0.4,4.0,1.8,4.140000000000001
0.2,1.0,0.4,4.5,1.9,4.42
0.2,1.0,0.4,5.0,2.0,4.7
0.2,1.0,0.45,0.5,1.1,2.2025
0.2,1.0,0.45,1.0,1.2,2.505
0.2,1.0,0.45,1.5,1.3,2.8075
0.2,1.0,0.45,2.0,1.4,3.11
0.2,1.0,0.45,2.5,1.5,3.4124999999999996
0.2,1.0,0.45,3.0,1.6,3.715
0.2,1.0,0.45,3.5,1.7000000000000002,4.0175
0.2,1.0,0.45,4.0,1.8,4.32
0.2,1.0,0.45,4.5,1.9,4.6225
0.2,1.0,0.45,5.0,2.0,4.925
0.2,1.0,0.5,0.5,1.1,2.225
0.2,1.0,0.5,1.0,1.2,2.5500000000000003
0.2,1.0,0.5,1.5,1.3,2.875
0.2,1.0,0.5,2.0,1.4,3.1999999999999997
0.2,1.0,0.5,2.5,1.5,3.525
0.2,1.0,0.5,3.0,1.6,3.85
0.2,1.0,0.5,3.5,1.7000000000000002,4.175
0.2,1.0,0.5,4.0,1.8,4.5
0.2,1.0,0.5,4.5,1.9,4.824999999999999
0.2,1.0,0.5,5.0,2.0,5.15
0.3,0.0,0.0,0.5,1.15,1.15
0.3,0.0,0.0,1.0,1.3,1.3
0.3,0.0,0.0,1.5,1.45,1.45
0.3,0.0,0.0,2.0,1.6,1.6
0.3,0.0,0.0,2.5,1.75,1.75
0.3,0.0,0.0,3.0,1.9,1.9
0.3,0.0,0.0,3.5,2.05,2.05
0.3,0.0,0.0,4.0,2.2,2.2
0.3,0.0,0.0,4.5,2.3499999999999996,2.3499999999999996
0.3,0.0,0.0,5.0,2.5,2.5
0.3,0.0,0.05,0.5,1.15,1.1724999999999999
0.3,0.0,0.05,1.0,1.3,1.345
0.3,0.0,0.05,1.5,1.45,1.5175
0.3,0.0,0.05,2.0,1.6,1.6900000000000002
0.3,0.0,0.05,2.5,1.75,1.8625
0.3,0.0,0.05,3.0,1.9,2.035
0.3,0.0,0.05,3.5,2.05,2.2075
0.3,0.0,0.05,4.0,2.2,2.3800000000000003
0.3,0.0,0.05,4.5,2.3499999999999996,2.5524999999999998
0.3,0.0,0.05,5.0,2.5,2.725
0.3,0.0,0.1,0.5,1.15,1.1949999999999998
0.3,0.0,0.1,1.0,1.3,1.3900000000000001
0.3,0.0,0.1,1.5,1.45,1.585
0.3,0.0,0.1,2.0,1.6,1.78
0.3,0.0,0.1,2.5,1.75,1.975
0.3,0.0,0.1,3.0,1.9,2.17
0.3,0.0,0.1,3.5,2.05,2.3649999999999998
0.3,0.0,0.1,4.0,2.2,2.56
0.3,0.0,0.1,4.5,2.3499999999999996,2.755
0.3,0.0,0.1,5.0,2.5,2.95
0.3,0.0,0.15,0.5,1.15,1.2174999999999998
0.3,0.0,0.15,1.0,1.3,1.435
0.3,0.0,0.15,1.5,1.45,1.6524999999999999
0.3,0.0,0.15,2.0,1.6,1.87
0.3,0.0,0.15,2.5,1.75,2.0875
0.3,0.0,0.15,3.0,1.9,2.3049999999999997
0.3,0.0,0.15,3.5,2.05,2.5225
0.3,0.0,0.15,4.0,2.2,2.74
0.3,0.0,0.15,4.5,2.3499999999999996,2.9574999999999996
0.3,0.0,0.15,5.0,2.5,3.175
0.3,0.0,0.2,0.5,1.15,1.24
0.3,0.0,0.2,1.0,1.3,1.48
0.3,0.0,0.2,1.5,1.45,1.72
0.3,0.0,0.2,2.0,1.6,1.9600000000000002
0.3,0.0,0.2,2.5,1.75,2.2
0.3,0.0,0.2,3.0,1.9,2.44
0.3,0.0,0.2,3.5,2.05,2.6799999999999997
0.3,0.0,0.2,4.0,2.2,2.9200000000000004
0.3,0.0,0.2,4.5,2.3499999999999996,3.1599999999999997
0.3,0.0,0.2,5.0,2.5,3.4
0.3,0.0,0.25,0.5,1.15,1.2625
0.3,0.0,0.25,1.0,1.3,1.5250000000000001
0.3,0.0,0.25,1.5,1.45,1.7875
0.3,0.0,0.25,2.0,1.6,2.0500000000000003
0.3,0.0,0.25,2.5,1.75,2.3125
0.3,0.0,0.25,3.0,1.9,2.575
0.3,0.0,0.25,3.5,2.05,2.8375
0.3,0.0,0.25,4.0,2.2,3.1
0.3,0.0,0.25,4.5,2.3499999999999996,3.3625
0.3,0.0,0.25,5.0,2.5,3.625
0.3,0.0,0.3,0.5,1.15,1.285
0.3,0.0,0.3,1.0,1.3,1.57
0.3,0.0,0.3,1.5,1.45,1.855
0.3,0.0,0.3,2.0,1.6,2.14
0.3,0.0,0.3,2.5,1.75,2.425
0.3,0.0,0.3,3.0,1.9,2.71
0.3,0.0,0.3,3.5,2.05,2.995
0.3,0.0,0.3,4.0,2.2,3.2800000000000002
0.3,0.0,0.3,4.5,2.3499999999999996,3.5649999999999995
0.3,0.0,0.3,5.0,2.5,3.85
0.3,0.0,0.35,0.5,1.15,1.3074999999999999
0.3,0.0,0.35,1.0,1.3,1.615
0.3,0.0,0.35,1.5,1.45,1.9224999999999999
0.3,0.0,0.35,2.0,1.6,2.23
0.3,0.0,0.35,2.5,1.75,2.5375
0.3,0.0,0.35,3.0,1.9,2.8449999999999998
0.3,0.0,0.35,3.5,2.05,3.1525
0.3,0.0,0.35,4.0,2.2,3.46
0.3,0.0,0.35,4.5,2.3499999999999996,3.7674999999999996
0.3,0.0,0.35,5.0,2.5,4.075
0.3,0.0,0.4,0.5,1.15,1.3299999999999998
0.3,0.0,0.4,1.0,1.3,1.6600000000000001
0.3,0.0,0.4,1.5,1.45,1.9900000000000002
0.3,0.0,0.4,2.0,1.6,2.3200000000000003
0.3,0.0,0.4,2.5,1.75,2.65
0.3,0.0,0.4,3.0,1.9,2.9800000000000004
0.3,0.0,0.4,3.5,2.05,3.31
0.3,0.0,0.4,4.0,2.2,3.6400000000000006
0.3,0.0,0.4,4.5,2.3499999999999996,3.9699999999999998
0.3,0.0,0.4,5.0,2.5,4.3
0.3,0.0,0.45,0.5,1.15,1.3525
0.3,0.0,0.45,1.0,1.3,1.705
0.3,0.0,0.45,1.5,1.45,2.0575
0.3,0.0,0.45,2.0,1.6,2.41
0.3,0.0,0.45,2.5,1.75,2.7625
0.3,0.0,0.45,3.0,1.9,3.115
0.3,0.0,0.45,3.5,2.05,3.4675
0.3,0.0,0.45,4.0,2.2,3.8200000000000003
0.3,0.0,0.45,4.5,2.3499999999999996,4.172499999999999
0.3,0.0,0.45,5.0,2.5,4.525
0.3,0.0,0.5,0.5,1.15,1.375
0.3,0.0,0.5,1.0,1.3,1.75
0.3,0.0,0.5,1.5,1.45,2.125
0.3,0.0,0.5,2.0,1.6,2.5
0.3,0.0,0.5,2.5,1.75,2.875
0.3,0.0,0.5,3.0,1.9,3.25
0.3,0.0,0.5,3.5,2.05,3.625
0.3,0.0,0.5,4.0,2.2,4.0
0.3,0.0,0.5,4.5,2.3499999999999996,4.375
0.3,0.0,0.5,5.0,2.5,4.75
0.3,0.1,0.0,0.5,1.15,1.24
0.3,0.1,0.0,1.0,1.3,1.3900000000000001
0.3,0.1,0.0,1.5,1.45,1.54
0.3,0.1,0.0,2.0,1.6,1.6900000000000002
0.3,0.1,0.0,2.5,1.75,1.84
0.3,0.1,0.0,3.0,1.9,1.99
0.3,0.1,0.0,3.5,2.05,2.1399999999999997
0.3,0.1,0.0,4.0,2.2,2.29
0.3,0.1,0.0,4.5,2.3499999999999996,2.4399999999999995
0.3,0.1,0.0,5.0,2.5,2.59
0.3,0.1,0.05,0.5,1.15,1.2625
0.3,0.1,0.05,1.0,1.3,1.435
0.3,0.1,0.05,1.5,1.45,1.6075000000000002
0.3,0.1,0.05,2.0,1.6,1.7800000000000002
0.3,0.1,0.05,2.5,1.75,1.9525000000000001
0.3,0.1,0.05,3.0,1.9,2.125
0.3,0.1,0.05,3.5,2.05,2.2975
0.3,0.1,0.05,4.0,2.2,2.47
0.3,0.1,0.05,4.5,2.3499999999999996,2.6424999999999996
0.3,0.1,0.05,5.0,2.5,2.815
0.3,0.1,0.1,0.5,1.15,1.285
0.3,0.1,0.1,1.0,1.3,1.4800000000000002
0.3,0.1,0.1,1.5,1.45,1.675
0.3,0.1,0.1,2.0,1.6,1.87
0.3,0.1,0.1,2.5,1.75,2.065
0.3,0.1,0.1,3.0,1.9,2.2600000000000002
0.3,0.1,0.1,3.5,2.05,2.4549999999999996
0.3,0.1,0.1,4.0,2.2,2.65
0.3,0.1,0.1,4.5,2.3499999999999996,2.8449999999999998
0.3,0.1,0.1,5.0,2.5,3.04
0.3,0.1,0.15,0.5,1.15,1.3075
0.3,0.1,0.15,1.0,1.3,1.5250000000000001
0.3,0.1,0.15,1.5,1.45,1.7425
0.3,0.1,0.15,2.0,1.6,1.9600000000000002
0.3,0.1,0.15,2.5,1.75,2.1775
0.3,0.1,0.15,3.0,1.9,2.395
0.3,0.1,0.15,3.5,2.05,2.6125
0.3,0.1,0.15,4.0,2.2,2.83
0.3,0.1,0.15,4.5,2.3499999999999996,3.0474999999999994
0.3,0.1,0.15,5.0,2.5,3.2649999999999997
0.3,0.1,0.2,0.5,1.15,1.33
0.3,0.1,0.2,1.0,1.3,1.57
0.3,0.1,0.2,1.5,1.45,1.81
0.3,0.1,0.2,2.0,1.6,2.0500000000000003
0.3,0.1,0.2,2.5,1.75,2.29
0.3,0.1,0.2,3.0,1.9,2.5300000000000002
0.3,0.1,0.2,3.5,2.05,2.7699999999999996
0.3,0.1,0.2,4.0,2.2,3.0100000000000002
0.3,0.1,0.2,4.5,2.3499999999999996,3.2499999999999996
0.3,0.1,0.2,5.0,2.5,3.4899999999999998
0.3,0.1,0.25,0.5,1.15,1.3525
0.3,0.1,0.25,1.0,1.3,1.6150000000000002
0.3,0.1,0.25,1.5,1.45,1.8775
0.3,0.1,0.25,2.0,1.6,2.14
0.3,0.1,0.25,2.5,1.75,2.4025
0.3,0.1,0.25,3.0,1.9,2.665
0.3,0.1,0.25,3.5,2.05,2.9274999999999998
0.3,0.1,0.25,4.0,2.2,3.19
0.3,0.1,0.25,4.5,2.3499999999999996,3.4524999999999997
0.3,0.1,0.25,5.0,2.5,3.715
0.3,0.1,0.3,0.5,1.15,1.375
0.3,0.1,0.3,1.0,1.3,1.6600000000000001
0.3,0.1,0.3,1.5,1.45,1.945
0.3,0.1,0.3,2.0,1.6,2.2300000000000004
0.3,0.1,0.3,2.5,1.75,2.515
0.3,0.1,0.3,3.0,1.9,2.8
0.3,0.1,0.3,3.5,2.05,3.085
0.3,0.1,0.3,4.0,2.2,3.37
0.3,0.1,0.3,4.5,2.3499999999999996,3.6549999999999994
0.3,0.1,0.3,5.0,2.5,3.94
0.3,0.1,0.35,0.5,1.15,1.3975
0.3,0.1,0.35,1.0,1.3,1.705
0.3,0.1,0.35,1.5,1.45,2.0125
0.3,0.1,0.35,2.0,1.6,2.3200000000000003
0.3,0.1,0.35,2.5,1.75,2.6275
0.3,0.1,0.35,3.0,1.9,2.9349999999999996
0.3,0.1,0.35,3.5,2.05,3.2424999999999997
0.3,0.1,0.35,4.0,2.2,3.55
0.3,0.1,0.35,4.5,2.3499999999999996,3.8574999999999995
0.3,0.1,0.35,5.0,2.5,4.165
0.3,0.1,0.4,0.5,1.15,1.42
0.3,0.1,0.4,1.0,1.3,1.7500000000000002
0.3,0.1,0.4,1.5,1.45,2.08
0.3,0.1,0.4,2.0,1.6,2.41
0.3,0.1,0.4,2.5,1.75,2.74
0.3,0.1,0.4,3.0,1.9,3.0700000000000003
0.3,0.1,0.4,3.5,2.05,3.4
0.3,0.1,0.4,4.0,2.2,3.7300000000000004
0.3,0.1,0.4,4.5,2.3499999999999996,4.06
0.3,0.1,0.4,5.0,2.5,4.39
0.3,0.1,0.45,0.5,1.15,1.4425
0.3,0.1,0.45,1.0,1.3,1.7950000000000002
0.3,0.1,0.45,1.5,1.45,2.1475
0.3,0.1,0.45,2.0,1.6,2.5
0.3,0.1,0.45,2.5,1.75,2.8525
0.3,0.1,0.45,3.0,1.9,3.205
0.3,0.1,0.45,3.5,2.05,3.5574999999999997
0.3,0.1,0.45,4.0,2.2,3.91
0.3,0.1,0.45,4.5,2.3499999999999996,4.262499999999999
0.3,0.1,0.45,5.0,2.5,4.615
0.3,0.1,0.5,0.5,1.15,1.465
0.3,0.1,0.5,1.0,1.3,1.84
0.3,0.1,0.5,1.5,1.45,2.215
0.3,0.1,0.5,2.0,1.6,2.5900000000000003
0.3,0.1,0.5,2.5,1.75,2.965
0.3,0.1,0.5,3.0,1.9,3.34
0.3,0.1,0.5,3.5,2.05,3.715
0.3,0.1,0.5,4.0,2.2,4.09
0.3,0.1,0.5,4.5,2.3499999999999996,4.465
0.3,0.1,0.5,5.0,2.5,4.84
0.3,0.2,0.0,0.5,1.15,1.3299999999999998
0.3,0.2,0.0,1.0,1.3,1.48
0.3,0.2,0.0,1.5,1.45,1.63
0.3,0.2,0.0,2.0,1.6,1.78
0.3,0.2,0.0,2.5,1.75,1.93
0.3,0.2,0.0,3.0,1.9,2.08
0.3,0.2,0.0,3.5,2.05,2.23
0.3,0.2,0.0,4.0,2.2,2.3800000000000003
0.3,0.2,0.0,4.5,2.3499999999999996,2.53
0.3,0.2,0.0,5.0,2.5,2.68
0.3,0.2,0.05,0.5,1.15,1.3524999999999998
0.3,0.2,0.05,1.0,1.3,1.525
0.3,0.2,0.05,1.5,1.45,1.6975
0.3,0.2,0.05,2.0,1.6,1.87
0.3,0.2,0.05,2.5,1.75,2.0425
0.3,0.2,0.05,3.0,1.9,2.2150000000000003
0.3,0.2,0.05,3.5,2.05,2.3875
0.3,0.2,0.05,4.0,2.2,2.5600000000000005
0.3,0.2,0.05,4.5,2.3499999999999996,2.7325
0.3,0.2,0.05,5.0,2.5,2.9050000000000002
0.3,0.2,0.1,0.5,1.15,1.3749999999999998
0.3,0.2,0.1,1.0,1.3,1.57
0.3,0.2,0.1,1.5,1.45,1.765
0.3,0.2,0.1,2.0,1.6,1.96
0.3,0.2,0.1,2.5,1.75,2.155
0.3,0.2,0.1,3.0,1.9,2.35
0.3,0.2,0.1,3.5,2.05,2.545
0.3,0.2,0.1,4.0,2.2,2.74
0.3,0.2,0.1,4.5,2.3499999999999996,2.9349999999999996
0.3,0.2,0.1,5.0,2.5,3.1300000000000003
0.3,0.2,0.15,0.5,1.15,1.3975
0.3,0.2,0.15,1.0,1.3,1.615
0.3,0.2,0.15,1.5,1.45,1.8324999999999998
0.3,0.2,0.15,2.0,1.6,2.05
0.3,0.2,0.15,2.5,1.75,2.2675
0.3,0.2,0.15,3.0,1.9,2.485
0.3,0.2,0.15,3.5,2.05,2.7025
0.3,0.2,0.15,4.0,2.2,2.9200000000000004
0.3,0.2,0.15,4.5,2.3499999999999996,3.1374999999999997
0.3,0.2,0.15,5.0,2.5,3.3550000000000004
0.3,0.2,0.2,0.5,1.15,1.42
0.3,0.2,0.2,1.0,1.3,1.66
0.3,0.2,0.2,1.5,1.45,1.9
0.3,0.2,0.2,2.0,1.6,2.14
0.3,0.2,0.2,2.5,1.75,2.38
0.3,0.2,0.2,3.0,1.9,2.62
0.3,0.2,0.2,3.5,2.05,2.8600000000000003
0.3,0.2,0.2,4.0,2.2,3.1000000000000005
0.3,0.2,0.2,4.5,2.3499999999999996,3.34
0.3,0.2,0.2,5.0,2.5,3.58
0.3,0.2,0.25,0.5,1.15,1.4425
0.3,0.2,0.25,1.0,1.3,1.705
0.3,0.2,0.25,1.5,1.45,1.9674999999999998
0.3,0.2,0.25,2.0,1.6,2.23
0.3,0.2,0.25,2.5,1.75,2.4924999999999997
0.3,0.2,0.25,3.0,1.9,2.755
0.3,0.2,0.25,3.5,2.05,3.0175
0.3,0.2,0.25,4.0,2.2,3.2800000000000002
0.3,0.2,0.25,4.5,2.3499999999999996,3.5424999999999995
0.3,0.2,0.25,5.0,2.5,3.805
0.3,0.2,0.3,0.5,1.15,1.4649999999999999
0.3,0.2,0.3,1.0,1.3,1.75
0.3,0.2,0.3,1.5,1.45,2.0349999999999997
0.3,0.2,0.3,2.0,1.6,2.3200000000000003
0.3,0.2,0.3,2.5,1.75,2.605
0.3,0.2,0.3,3.0,1.9,2.89
0.3,0.2,0.3,3.5,2.05,3.175
0.3,0.2,0.3,4.0,2.2,3.4600000000000004
0.3,0.2,0.3,4.5,2.3499999999999996,3.7449999999999997
0.3,0.2,0.3,5.0,2.5,4.03
0.3,0.2,0.35,0.5,1.15,1.4874999999999998
0.3,0.2,0.35,1.0,1.3,1.795
0.3,0.2,0.35,1.5,1.45,2.1025
0.3,0.2,0.35,2.0,1.6,2.41
0.3,0.2,0.35,2.5,1.75,2.7175
0.3,0.2,0.35,3.0,1.9,3.025
0.3,0.2,0.35,3.5,2.05,3.3324999999999996
0.3,0.2,0.35,4.0,2.2,3.6400000000000006
0.3,0.2,0.35,4.5,2.3499999999999996,3.9475
0.3,0.2,0.35,5.0,2.5,4.255
0.3,0.2,0.4,0.5,1.15,1.5099999999999998
0.3,0.2,0.4,1.0,1.3,1.84
0.3,0.2,0.4,1.5,1.45,2.17
0.3,0.2,0.4,2.0,1.6,2.5
0.3,0.2,0.4,2.5,1.75,2.83
0.3,0.2,0.4,3.0,1.9,3.16
0.3,0.2,0.4,3.5,2.05,3.49
0.3,0.2,0.4,4.0,2.2,3.8200000000000003
0.3,0.2,0.4,4.5,2.3499999999999996,4.15
0.3,0.2,0.4,5.0,2.5,4.48
0.3,0.2,0.45,0.5,1.15,1.5324999999999998
0.3,0.2,0.45,1.0,1.3,1.885
0.3,0.2,0.45,1.5,1.45,2.2375
0.3,0.2,0.45,2.0,1.6,2.59
0.3,0.2,0.45,2.5,1.75,2.9425
0.3,0.2,0.45,3.0,1.9,3.295
0.3,0.2,0.45,3.5,2.05,3.6475
0.3,0.2,0.45,4.0,2.2,4.0
0.3,0.2,0.45,4.5,2.3499999999999996,4.3525
0.3,0.2,0.45,5.0,2.5,4.705
0.3,0.2,0.5,0.5,1.15,1.555
0.3,0.2,0.5,1.0,1.3,1.93
0.3,0.2,0.5,1.5,1.45,2.3049999999999997
0.3,0.2,0.5,2.0,1.6,2.68
0.3,0.2,0.5,2.5,1.75,3.0549999999999997
0.3,0.2,0.5,3.0,1.9,3.43
0.3,0.2,0.5,3.5,2.05,3.8049999999999997
0.3,0.2,0.5,4.0,2.2,4.180000000000001
0.3,0.2,0.5,4.5,2.3499999999999996,4.555
0.3,0.2,0.5,5.0,2.5,4.93
0.3,0.3,0.0,0.5,1.15,1.42
0.3,0.3,0.0,1.0,1.3,1.57
0.3,0.3,0.0,1.5,1.45,1.72
0.3,0.3,0.0,2.0,1.6,1.87
0.3,0.3,0.0,2.5,1.75,2.02
0.3,0.3,0.0,3.0,1.9,2.17
0.3,0.3,0.0,3.5,2.05,2.32
0.3,0.3,0.0,4.0,2.2,2.47
0.3,0.3,0.0,4.5,2.3499999999999996,2.6199999999999997
0.3,0.3,0.0,5.0,2.5,2.77
0.3,0.3,0.05,0.5,1.15,1.4425
0.3,0.3,0.05,1.0,1.3,1.615
0.3,0.3,0.05,1.5,1.45,1.7875
0.3,0.3,0.05,2.0,1.6,1.9600000000000002
0.3,0.3,0.05,2.5,1.75,2.1325
0.3,0.3,0.05,3.0,1.9,2.305
0.3,0.3,0.05,3.5,2.05,2.4775
0.3,0.3,0.05,4.0,2.2,2.6500000000000004
0.3,0.3,0.05,4.5,2.3499999999999996,2.8225
0.3,0.3,0.05,5.0,2.5,2.995
0.3,0.3,0.1,0.5,1.15,1.4649999999999999
0.3,0.3,0.1,1.0,1.3,1.6600000000000001
0.3,0.3,0.1,1.5,1.45,1.855
0.3,0.3,0.1,2.0,1.6,2.0500000000000003
0.3,0.3,0.1,2.5,1.75,2.245
0.3,0.3,0.1,3.0,1.9,2.44
0.3,0.3,0.1,3.5,2.05,2.635
0.3,0.3,0.1,4.0,2.2,2.83
0.3,0.3,0.1,4.5,2.3499999999999996,3.0249999999999995
0.3,0.3,0.1,5.0,2.5,3.22
0.3,0.3,0.15,0.5,1.15,1.4874999999999998
0.3,0.3,0.15,1.0,1.3,1.705
0.3,0.3,0.15,1.5,1.45,1.9224999999999999
0.3,0.3,0.15,2.0,1.6,2.14
0.3,0.3,0.15,2.5,1.75,2.3575
0.3,0.3,0.15,3.0,1.9,2.5749999999999997
0.3,0.3,0.15,3.5,2.05,2.7925
0.3,0.3,0.15,4.0,2.2,3.0100000000000002
0.3,0.3,0.15,4.5,2.3499999999999996,3.2274999999999996
0.3,0.3,0.15,5.0,2.5,3.4450000000000003
0.3,0.3,0.2,0.5,1.15,1.51
0.3,0.3,0.2,1.0,1.3,1.75
0.3,0.3,0.2,1.5,1.45,1.99
0.3,0.3,0.2,2.0,1.6,2.23
0.3,0.3,0.2,2.5,1.75,2.47
0.3,0.3,0.2,3.0,1.9,2.71
0.3,0.3,0.2,3.5,2.05,2.95
0.3,0.3,0.2,4.0,2.2,3.1900000000000004
0.3,0.3,0.2,4.5,2.3499999999999996,3.4299999999999997
0.3,0.3,0.2,5.0,2.5,3.67
0.3,0.3,0.25,0.5,1.15,1.5325
0.3,0.3,0.25,1.0,1.3,1.7950000000000002
0.3,0.3,0.25,1.5,1.45,2.0575
0.3,0.3,0.25,2.0,1.6,2.3200000000000003
0.3,0.3,0.25,2.5,1.75,2.5825
0.3,0.3,0.25,3.0,1.9,2.8449999999999998
0.3,0.3,0.25,3.5,2.05,3.1075
0.3,0.3,0.25,4.0,2.2,3.37
0.3,0.3,0.25,4.5,2.3499999999999996,3.6324999999999994
0.3,0.3,0.25,5.0,2.5,3.895
0.3,0.3,0.3,0.5,1.15,1.555
0.3,0.3,0.3,1.0,1.3,1.84
0.3,0.3,0.3,1.5,1.45,2.125
0.3,0.3,0.3,2.0,1.6,2.41
0.3,0.3,0.3,2.5,1.75,2.6950000000000003
0.3,0.3,0.3,3.0,1.9,2.98
0.3,0.3,0.3,3.5,2.05,3.2649999999999997
0.3,0.3,0.3,4.0,2.2,3.5500000000000003
0.3,0.3,0.3,4.5,2.3499999999999996,3.8349999999999995
0.3,0.3,0.3,5.0,2.5,4.12
0.3,0.3,0.35,0.5,1.15,1.5775
0.3,0.3,0.35,1.0,1.3,1.885
0.3,0.3,0.35,1.5,1.45,2.1925
0.3,0.3,0.35,2.0,1.6,2.5
0.3,0.3,0.35,2.5,1.75,2.8075
0.3,0.3,0.35,3.0,1.9,3.1149999999999998
0.3,0.3,0.35,3.5,2.05,3.4224999999999994
0.3,0.3,0.35,4.0,2.2,3.7300000000000004
0.3,0.3,0.35,4.5,2.3499999999999996,4.0375
0.3,0.3,0.35,5.0,2.5,4.345
0.3,0.3,0.4,0.5,1.15,1.5999999999999999
0.3,0.3,0.4,1.0,1.3,1.9300000000000002
0.3,0.3,0.4,1.5,1.45,2.2600000000000002
0.3,0.3,0.4,2.0,1.6,2.5900000000000003
0.3,0.3,0.4,2.5,1.75,2.92
0.3,0.3,0.4,3.0,1.9,3.25
0.3,0.3,0.4,3.5,2.05,3.58
0.3,0.3,0.4,4.0,2.2,3.91
0.3,0.3,0.4,4.5,2.3499999999999996,4.24
0.3,0.3,0.4,5.0,2.5,4.57
0.3,0.3,0.45,0.5,1.15,1.6225
0.3,0.3,0.45,1.0,1.3,1.975
0.3,0.3,0.45,1.5,1.45,2.3275
0.3,0.3,0.45,2.0,1.6,2.68
0.3,0.3,0.45,2.5,1.75,3.0324999999999998
0.3,0.3,0.45,3.0,1.9,3.385
0.3,0.3,0.45,3.5,2.05,3.7375
0.3,0.3,0.45,4.0,2.2,4.09
0.3,0.3,0.45,4.5,2.3499999999999996,4.4425
0.3,0.3,0.45,5.0,2.5,4.795
0.3,0.3,0.5,0.5,1.15,1.645
0.3,0.3,0.5,1.0,1.3,2.02
0.3,0.3,0.5,1.5,1.45,2.395
0.3,0.3,0.5,2.0,1.6,2.77
0.3,0.3,0.5,2.5,1.75,3.145
0.3,0.3,0.5,3.0,1.9,3.52
0.3,0.3,0.5,3.5,2.05,3.8949999999999996
0.3,0.3,0.5,4.0,2.2,4.2700000000000005
0.3,0.3,0.5,4.5,2.3499999999999996,4.645
0.3,0.3,0.5,5.0,2.5,5.02
0.3,0.4,0.0,0.5,1.15,1.51
0.3,0.4,0.0,1.0,1.3,1.6600000000000001
0.3,0.4,0.0,1.5,1.45,1.81
0.3,0.4,0.0,2.0,1.6,1.9600000000000002
0.3,0.4,0.0,2.5,1.75,2.11
0.3,0.4,0.0,3.0,1.9,2.26
0.3,0.4,0.0,3.5,2.05,2.4099999999999997
0.3,0.4,0.0,4.0,2.2,2.56
0.3,0.4,0.0,4.5,2.3499999999999996,2.7099999999999995
0.3,0.4,0.0,5.0,2.5,2.86
0.3,0.4,0.05,0.5,1.15,1.5325
0.3,0.4,0.05,1.0,1.3,1.705
0.3,0.4,0.05,1.5,1.45,1.8775000000000002
0.3,0.4,0.05,2.0,1.6,2.0500000000000003
0.3,0.4,0.05,2.5,1.75,2.2224999999999997
0.3,0.4,0.05,3.0,1.9,2.395
0.3,0.4,0.05,3.5,2.05,2.5675
0.3,0.4,0.05,4.0,2.2,2.74
0.3,0.4,0.05,4.5,2.3499999999999996,2.9124999999999996
0.3,0.4,0.05,5.0,2.5,3.085
0.3,0.4,0.1,0.5,1.15,1.555
0.3,0.4,0.1,1.0,1.3,1.7500000000000002
0.3,0.4,0.1,1.5,1.45,1.945
0.3,0.4,0.1,2.0,1.6,2.14
0.3,0.4,0.1,2.5,1.75,2.335
0.3,0.4,0.1,3.0,1.9,2.53
0.3,0.4,0.1,3.5,2.05,2.7249999999999996
0.3,0.4,0.1,4.0,2.2,2.92
0.3,0.4,0.1,4.5,2.3499999999999996,3.1149999999999993
0.3,0.4,0.1,5.0,2.5,3.31
0.3,0.4,0.15,0.5,1.15,1.5775000000000001
0.3,0.4,0.15,1.0,1.3,1.7950000000000002
0.3,0.4,0.15,1.5,1.45,2.0125
0.3,0.4,0.15,2.0,1.6,2.2300000000000004
0.3,0.4,0.15,2.5,1.75,2.4475
0.3,0.4,0.15,3.0,1.9,2.6649999999999996
0.3,0.4,0.15,3.5,2.05,2.8825
0.3,0.4,0.15,4.0,2.2,3.1
0.3,0.4,0.15,4.5,2.3499999999999996,3.3174999999999994
0.3,0.4,0.15,5.0,2.5,3.535
0.3,0.4,0.2,0.5,1.15,1.6
0.3,0.4,0.2,1.0,1.3,1.84
0.3,0.4,0.2,1.5,1.45,2.08
0.3,0.4,0.2,2.0,1.6,2.3200000000000003
0.3,0.4,0.2,2.5,1.75,2.56
0.3,0.4,0.2,3.0,1.9,2.8
0.3,0.4,0.2,3.5,2.05,3.04
0.3,0.4,0.2,4.0,2.2,3.2800000000000002
0.3,0.4,0.2,4.5,2.3499999999999996,3.5199999999999996
0.3,0.4,0.2,5.0,2.5,3.76
0.3,0.4,0.25,0.5,1.15,1.6225
0.3,0.4,0.25,1.0,1.3,1.8850000000000002
0.3,0.4,0.25,1.5,1.45,2.1475
0.3,0.4,0.25,2.0,1.6,2.41
0.3,0.4,0.25,2.5,1.75,2.6725
0.3,0.4,0.25,3.0,1.9,2.9349999999999996
0.3,0.4,0.25,3.5,2.05,3.1975
0.3,0.4,0.25,4.0,2.2,3.46
0.3,0.4,0.25,4.5,2.3499999999999996,3.7224999999999993
0.3,0.4,0.25,5.0,2.5,3.985
0.3,0.4,0.3,0.5,1.15,1.645
0.3,0.4,0.3,1.0,1.3,1.9300000000000002
0.3,0.4,0.3,1.5,1.45,2.215
0.3,0.4,0.3,2.0,1.6,2.5
0.3,0.4,0.3,2.5,1.75,2.785
0.3,0.4,0.3,3.0,1.9,3.07
0.3,0.4,0.3,3.5,2.05,3.3549999999999995
0.3,0.4,0.3,4.0,2.2,3.64
0.3,0.4,0.3,4.5,2.3499999999999996,3.9249999999999994
0.3,0.4,0.3,5.0,2.5,4.21
0.3,0.4,0.35,0.5,1.15,1.6675
0.3,0.4,0.35,1.0,1.3,1.975
0.3,0.4,0.35,1.5,1.45,2.2824999999999998
0.3,0.4,0.35,2.0,1.6,2.5900000000000003
0.3,0.4,0.35,2.5,1.75,2.8975
0.3,0.4,0.35,3.0,1.9,3.2049999999999996
0.3,0.4,0.35,3.5,2.05,3.5124999999999993
0.3,0.4,0.35,4.0,2.2,3.8200000000000003
0.3,0.4,0.35,4.5,2.3499999999999996,4.1274999999999995
0.3,0.4,0.35,5.0,2.5,4.435
0.3,0.4,0.4,0.5,1.15,1.69
0.3,0.4,0.4,1.0,1.3,2.02
0.3,0.4,0.4,1.5,1.45,2.35
0.3,0.4,0.4,2.0,1.6,2.68
0.3,0.4,0.4,2.5,1.75,3.01
0.3,0.4,0.4,3.0,1.9,3.34
0.3,0.4,0.4,3.5,2.05,3.67
0.3,0.4,0.4,4.0,2.2,4.0
0.3,0.4,0.4,4.5,2.3499999999999996,4.33
0.3,0.4,0.4,5.0,2.5,4.66
0.3,0.4,0.45,0.5,1.15,1.7125
0.3,0.4,0.45,1.0,1.3,2.0650000000000004
0.3,0.4,0.45,1.5,1.45,2.4175
0.3,0.4,0.45,2.0,1.6,2.7700000000000005
0.3,0.4,0.45,2.5,1.75,3.1224999999999996
0.3,0.4,0.45,3.0,1.9,3.4749999999999996
0.3,0.4,0.45,3.5,2.05,3.8274999999999997
0.3,0.4,0.45,4.0,2.2,4.18
0.3,0.4,0.45,4.5,2.3499999999999996,4.5325
0.3,0.4,0.45,5.0,2.5,4.885
0.3,0.4,0.5,0.5,1.15,1.735
0.3,0.4,0.5,1.0,1.3,2.1100000000000003
0.3,0.4,0.5,1.5,1.45,2.4850000000000003
0.3,0.4,0.5,2.0,1.6,2.8600000000000003
0.3,0.4,0.5,2.5,1.75,3.235
0.3,0.4,0.5,3.0,1.9,3.61
0.3,0.4,0.5,3.5,2.05,3.9849999999999994
0.3,0.4,0.5,4.0,2.2,4.36
0.3,0.4,0.5,4.5,2.3499999999999996,4.734999999999999
0.3,0.4,0.5,5.0,2.5,5.109999999999999
0.3,0.5,0.0,0.5,1.15,1.5999999999999999
0.3,0.5,0.0,1.0,1.3,1.75
0.3,0.5,0.0,1.5,1.45,1.9
0.3,0.5,0.0,2.0,1.6,2.0500000000000003
0.3,0.5,0.0,2.5,1.75,2.2
0.3,0.5,0.0,3.0,1.9,2.35
0.3,0.5,0.0,3.5,2.05,2.5
0.3,0.5,0.0,4.0,2.2,2.6500000000000004
0.3,0.5,0.0,4.5,2.3499999999999996,2.8
0.3,0.5,0.0,5.0,2.5,2.95
0.3,0.5,0.05,0.5,1.15,1.6224999999999998
0.3,0.5,0.05,1.0,1.3,1.795
0.3,0.5,0.05,1.5,1.45,1.9675
0.3,0.5,0.05,2.0,1.6,2.14
0.3,0.5,0.05,2.5,1.75,2.3125
0.3,0.5,0.05,3.0,1.9,2.4850000000000003
0.3,0.5,0.05,3.5,2.05,2.6575
0.3,0.5,0.05,4.0,2.2,2.8300000000000005
0.3,0.5,0.05,4.5,2.3499999999999996,3.0025
0.3,0.5,0.05,5.0,2.5,3.1750000000000003
0.3,0.5,0.1,0.5,1.15,1.6449999999999998
0.3,0.5,0.1,1.0,1.3,1.84
0.3,0.5,0.1,1.5,1.45,2.035
0.3,0.5,0.1,2.0,1.6,2.2300000000000004
0.3,0.5,0.1,2.5,1.75,2.4250000000000003
0.3,0.5,0.1,3.0,1.9,2.62
0.3,0.5,0.1,3.5,2.05,2.815
0.3,0.5,0.1,4.0,2.2,3.0100000000000002
0.3,0.5,0.1,4.5,2.3499999999999996,3.205
0.3,0.5,0.1,5.0,2.5,3.4000000000000004
0.3,0.5,0.15,0.5,1.15,1.6675
0.3,0.5,0.15,1.0,1.3,1.885
0.3,0.5,0.15,1.5,1.45,2.1025
0.3,0.5,0.15,2.0,1.6,2.3200000000000003
0.3,0.5,0.15,2.5,1.75,2.5375
0.3,0.5,0.15,3.0,1.9,2.755
0.3,0.5,0.15,3.5,2.05,2.9725
0.3,0.5,0.15,4.0,2.2,3.1900000000000004
0.3,0.5,0.15,4.5,2.3499999999999996,3.4074999999999998
0.3,0.5,0.15,5.0,2.5,3.625
0.3,0.5,0.2,0.5,1.15,1.69
0.3,0.5,0.2,1.0,1.3,1.93
0.3,0.5,0.2,1.5,1.45,2.17
0.3,0.5,0.2,2.0,1.6,2.41
0.3,0.5,0.2,2.5,1.75,2.6500000000000004
0.3,0.5,0.2,3.0,1.9,2.89
0.3,0.5,0.2,3.5,2.05,3.13
0.3,0.5,0.2,4.0,2.2,3.3700000000000006
0.3,0.5,0.2,4.5,2.3499999999999996,3.61
0.3,0.5,0.2,5.0,2.5,3.85
0.3,0.5,0.25,0.5,1.15,1.7125
0.3,0.5,0.25,1.0,1.3,1.975
0.3,0.5,0.25,1.5,1.45,2.2375
0.3,0.5,0.25,2.0,1.6,2.5000000000000004
0.3,0.5,0.25,2.5,1.75,2.7625
0.3,0.5,0.25,3.0,1.9,3.0250000000000004
0.3,0.5,0.25,3.5,2.05,3.2875
0.3,0.5,0.25,4.0,2.2,3.5500000000000003
0.3,0.5,0.25,4.5,2.3499999999999996,3.8125
0.3,0.5,0.25,5.0,2.5,4.075
0.3,0.5,0.3,0.5,1.15,1.7349999999999999
0.3,0.5,0.3,1.0,1.3,2.02
0.3,0.5,0.3,1.5,1.45,2.3049999999999997
0.3,0.5,0.3,2.0,1.6,2.5900000000000003
0.3,0.5,0.3,2.5,1.75,2.875
0.3,0.5,0.3,3.0,1.9,3.16
0.3,0.5,0.3,3.5,2.05,3.4450000000000003
0.3,0.5,0.3,4.0,2.2,3.7300000000000004
0.3,0.5,0.3,4.5,2.3499999999999996,4.015
0.3,0.5,0.3,5.0,2.5,4.300000000000001
0.3,0.5,0.35,0.5,1.15,1.7574999999999998
0.3,0.5,0.35,1.0,1.3,2.065
0.3,0.5,0.35,1.5,1.45,2.3724999999999996
0.3,0.5,0.35,2.0,1.6,2.68
0.3,0.5,0.35,2.5,1.75,2.9875000000000003
0.3,0.5,0.35,3.0,1.9,3.295
0.3,0.5,0.35,3.5,2.05,3.6025
0.3,0.5,0.35,4.0,2.2,3.91
0.3,0.5,0.35,4.5,2.3499999999999996,4.217499999999999
0.3,0.5,0.35,5.0,2.5,4.525
0.3,0.5,0.4,0.5,1.15,1.7799999999999998
0.3,0.5,0.4,1.0,1.3,2.11
0.3,0.5,0.4,1.5,1.45,2.44
0.3,0.5,0.4,2.0,1.6,2.7700000000000005
0.3,0.5,0.4,2.5,1.75,3.1
0.3,0.5,0.4,3.0,1.9,3.4300000000000006
0.3,0.5,0.4,3.5,2.05,3.7600000000000002
0.3,0.5,0.4,4.0,2.2,4.090000000000001
0.3,0.5,0.4,4.5,2.3499999999999996,4.42
0.3,0.5,0.4,5.0,2.5,4.75
0.3,0.5,0.45,0.5,1.15,1.8024999999999998
0.3,0.5,0.45,1.0,1.3,2.1550000000000002
0.3,0.5,0.45,1.5,1.45,2.5075
0.3,0.5,0.45,2.0,1.6,2.8600000000000003
0.3,0.5,0.45,2.5,1.75,3.2125000000000004
0.3,0.5,0.45,3.0,1.9,3.5650000000000004
0.3,0.5,0.45,3.5,2.05,3.9175
0.3,0.5,0.45,4.0,2.2,4.2700000000000005
0.3,0.5,0.45,4.5,2.3499999999999996,4.6225
0.3,0.5,0.45,5.0,2.5,4.975
0.3,0.5,0.5,0.5,1.15,1.825
0.3,0.5,0.5,1.0,1.3,2.2
0.3,0.5,0.5,1.5,1.45,2.575
0.3,0.5,0.5,2.0,1.6,2.95
0.3,0.5,0.5,2.5,1.75,3.325
0.3,0.5,0.5,3.0,1.9,3.7
0.3,0.5,0.5,3.5,2.05,4.075
0.3,0.5,0.5,4.0,2.2,4.45
0.3,0.5,0.5,4.5,2.3499999999999996,4.824999999999999
0.3,0.5,0.5,5.0,2.5,5.2
0.3,0.6,0.0,0.5,1.15,1.69
0.3,0.6,0.0,1.0,1.3,1.84
0.3,0.6,0.0,1.5,1.45,1.99
0.3,0.6,0.0,2.0,1.6,2.14
0.3,0.6,0.0,2.5,1.75,2.29
0.3,0.6,0.0,3.0,1.9,2.44
0.3,0.6,0.0,3.5,2.05,2.59
0.3,0.6,0.0,4.0,2.2,2.74
0.3,0.6,0.0,4.5,2.3499999999999996,2.8899999999999997
0.3,0.6,0.0,5.0,2.5,3.04
0.3,0.6,0.05,0.5,1.15,1.7125
0.3,0.6,0.05,1.0,1.3,1.885
0.3,0.6,0.05,1.5,1.45,2.0575
0.3,0.6,0.05,2.0,1.6,2.23
0.3,0.6,0.05,2.5,1.75,2.4025
0.3,0.6,0.05,3.0,1.9,2.575
0.3,0.6,0.05,3.5,2.05,2.7475
0.3,0.6,0.05,4.0,2.2,2.9200000000000004
0.3,0.6,0.05,4.5,2.3499999999999996,3.0925
0.3,0.6,0.05,5.0,2.5,3.265
0.3,0.6,0.1,0.5,1.15,1.7349999999999999
0.3,0.6,0.1,1.0,1.3,1.9300000000000002
0.3,0.6,0.1,1.5,1.45,2.125
0.3,0.6,0.1,2.0,1.6,2.3200000000000003
0.3,0.6,0.1,2.5,1.75,2.515
0.3,0.6,0.1,3.0,1.9,2.71
0.3,0.6,0.1,3.5,2.05,2.905
0.3,0.6,0.1,4.0,2.2,3.1
0.3,0.6,0.1,4.5,2.3499999999999996,3.295
0.3,0.6,0.1,5.0,2.5,3.49
0.3,0.6,0.15,0.5,1.15,1.7574999999999998
0.3,0.6,0.15,1.0,1.3,1.975
0.3,0.6,0.15,1.5,1.45,2.1925
0.3,0.6,0.15,2.0,1.6,2.41
0.3,0.6,0.15,2.5,1.75,2.6275
0.3,0.6,0.15,3.0,1.9,2.8449999999999998
0.3,0.6,0.15,3.5,2.05,3.0625
0.3,0.6,0.15,4.0,2.2,3.2800000000000002
0.3,0.6,0.15,4.5,2.3499999999999996,3.4974999999999996
0.3,0.6,0.15,5.0,2.5,3.715
0.3,0.6,0.2,0.5,1.15,1.78
0.3,0.6,0.2,1.0,1.3,2.02
0.3,0.6,0.2,1.5,1.45,2.2600000000000002
0.3,0.6,0.2,2.0,1.6,2.5
0.3,0.6,0.2,2.5,1.75,2.74
0.3,0.6,0.2,3.0,1.9,2.98
0.3,0.6,0.2,3.5,2.05,3.2199999999999998
0.3,0.6,0.2,4.0,2.2,3.4600000000000004
0.3,0.6,0.2,4.5,2.3499999999999996,3.6999999999999997
0.3,0.6,0.2,5.0,2.5,3.94
0.3,0.6,0.25,0.5,1.15,1.8025
0.3,0.6,0.25,1.0,1.3,2.065
0.3,0.6,0.25,1.5,1.45,2.3275
0.3,0.6,0.25,2.0,1.6,2.5900000000000003
0.3,0.6,0.25,2.5,1.75,2.8525
0.3,0.6,0.25,3.0,1.9,3.115
0.3,0.6,0.25,3.5,2.05,3.3775
0.3,0.6,0.25,4.0,2.2,3.64
0.3,0.6,0.25,4.5,2.3499999999999996,3.9025
0.3,0.6,0.25,5.0,2.5,4.165
0.3,0.6,0.3,0.5,1.15,1.825
0.3,0.6,0.3,1.0,1.3,2.1100000000000003
0.3,0.6,0.3,1.5,1.45,2.395
0.3,0.6,0.3,2.0,1.6,2.68
0.3,0.6,0.3,2.5,1.75,2.965
0.3,0.6,0.3,3.0,1.9,3.25
0.3,0.6,0.3,3.5,2.05,3.535
0.3,0.6,0.3,4.0,2.2,3.8200000000000003
0.3,0.6,0.3,4.5,2.3499999999999996,4.1049999999999995
0.3,0.6,0.3,5.0,2.5,4.390000000000001
0.3,0.6,0.35,0.5,1.15,1.8475
0.3,0.6,0.35,1.0,1.3,2.1550000000000002
0.3,0.6,0.35,1.5,1.45,2.4625
0.3,0.6,0.35,2.0,1.6,2.77
0.3,0.6,0.35,2.5,1.75,3.0775
0.3,0.6,0.35,3.0,1.9,3.385
0.3,0.6,0.35,3.5,2.05,3.6925
0.3,0.6,0.35,4.0,2.2,4.0
0.3,0.6,0.35,4.5,2.3499999999999996,4.307499999999999
0.3,0.6,0.35,5.0,2.5,4.615
0.3,0.6,0.4,0.5,1.15,1.8699999999999999
0.3,0.6,0.4,1.0,1.3,2.2
0.3,0.6,0.4,1.5,1.45,2.5300000000000002
0.3,0.6,0.4,2.0,1.6,2.8600000000000003
0.3,0.6,0.4,2.5,1.75,3.19
0.3,0.6,0.4,3.0,1.9,3.5200000000000005
0.3,0.6,0.4,3.5,2.05,3.85
0.3,0.6,0.4,4.0,2.2,4.180000000000001
0.3,0.6,0.4,4.5,2.3499999999999996,4.51
0.3,0.6,0.4,5.0,2.5,4.84
0.3,0.6,0.45,0.5,1.15,1.8925
0.3,0.6,0.45,1.0,1.3,2.245
0.3,0.6,0.45,1.5,1.45,2.5975
0.3,0.6,0.45,2.0,1.6,2.95
0.3,0.6,0.45,2.5,1.75,3.3025
0.3,0.6,0.45,3.0,1.9,3.6550000000000002
0.3,0.6,0.45,3.5,2.05,4.0075
0.3,0.6,0.45,4.0,2.2,4.36
0.3,0.6,0.45,4.5,2.3499999999999996,4.7124999999999995
0.3,0.6,0.45,5.0,2.5,5.0649999999999995
0.3,0.6,0.5,0.5,1.15,1.915
0.3,0.6,0.5,1.0,1.3,2.29
0.3,0.6,0.5,1.5,1.45,2.665
0.3,0.6,0.5,2.0,1.6,3.04
0.3,0.6,0.5,2.5,1.75,3.415
0.3,0.6,0.5,3.0,1.9,3.79
0.3,0.6,0.5,3.5,2.05,4.165
0.3,0.6,0.5,4.0,2.2,4.54
0.3,0.6,0.5,4.5,2.3499999999999996,4.914999999999999
0.3,0.6,0.5,5.0,2.5,5.29
0.3,0.7,0.0,0.5,1.15,1.7799999999999998
0.3,0.7,0.0,1.0,1.3,1.9300000000000002
0.3,0.7,0.0,1.5,1.45,2.08
0.3,0.7,0.0,2.0,1.6,2.23
0.3,0.7,0.0,2.5,1.75,2.38
0.3,0.7,0.0,3.0,1.9,2.53
0.3,0.7,0.0,3.5,2.05,2.6799999999999997
0.3,0.7,0.0,4.0,2.2,2.83
0.3,0.7,0.0,4.5,2.3499999999999996,2.9799999999999995
0.3,0.7,0.0,5.0,2.5,3.13
0.3,0.7,0.05,0.5,1.15,1.8024999999999998
0.3,0.7,0.05,1.0,1.3,1.975
0.3,0.7,0.05,1.5,1.45,2.1475
0.3,0.7,0.05,2.0,1.6,2.32
0.3,0.7,0.05,2.5,1.75,2.4924999999999997
0.3,0.7,0.05,3.0,1.9,2.665
0.3,0.7,0.05,3.5,2.05,2.8375
0.3,0.7,0.05,4.0,2.2,3.0100000000000002
0.3,0.7,0.05,4.5,2.3499999999999996,3.1824999999999997
0.3,0.7,0.05,5.0,2.5,3.355
0.3,0.7,0.1,0.5,1.15,1.8249999999999997
0.3,0.7,0.1,1.0,1.3,2.02
0.3,0.7,0.1,1.5,1.45,2.2150000000000003
0.3,0.7,0.1,2.0,1.6,2.41
0.3,0.7,0.1,2.5,1.75,2.605
0.3,0.7,0.1,3.0,1.9,2.8
0.3,0.7,0.1,3.5,2.05,2.9949999999999997
0.3,0.7,0.1,4.0,2.2,3.19
0.3,0.7,0.1,4.5,2.3499999999999996,3.385
0.3,0.7,0.1,5.0,2.5,3.58
0.3,0.7,0.15,0.5,1.15,1.8474999999999997
0.3,0.7,0.15,1.0,1.3,2.0650000000000004
0.3,0.7,0.15,1.5,1.45,2.2825
0.3,0.7,0.15,2.0,1.6,2.5
0.3,0.7,0.15,2.5,1.75,2.7175
0.3,0.7,0.15,3.0,1.9,2.9349999999999996
0.3,0.7,0.15,3.5,2.05,3.1525
0.3,0.7,0.15,4.0,2.2,3.37
0.3,0.7,0.15,4.5,2.3499999999999996,3.5874999999999995
0.3,0.7,0.15,5.0,2.5,3.8049999999999997
0.3,0.7,0.2,0.5,1.15,1.8699999999999999
0.3,0.7,0.2,1.0,1.3,2.1100000000000003
0.3,0.7,0.2,1.5,1.45,2.35
0.3,0.7,0.2,2.0,1.6,2.59
0.3,0.7,0.2,2.5,1.75,2.83
0.3,0.7,0.2,3.0,1.9,3.07
0.3,0.7,0.2,3.5,2.05,3.3099999999999996
0.3,0.7,0.2,4.0,2.2,3.5500000000000003
0.3,0.7,0.2,4.5,2.3499999999999996,3.7899999999999996
0.3,0.7,0.2,5.0,2.5,4.03
0.3,0.7,0.25,0.5,1.15,1.8924999999999998
0.3,0.7,0.25,1.0,1.3,2.1550000000000002
0.3,0.7,0.25,1.5,1.45,2.4175
0.3,0.7,0.25,2.0,1.6,2.68
0.3,0.7,0.25,2.5,1.75,2.9425
0.3,0.7,0.25,3.0,1.9,3.205
0.3,0.7,0.25,3.5,2.05,3.4675
0.3,0.7,0.25,4.0,2.2,3.73
0.3,0.7,0.25,4.5,2.3499999999999996,3.9924999999999997
0.3,0.7,0.25,5.0,2.5,4.255
0.3,0.7,0.3,0.5,1.15,1.9149999999999998
0.3,0.7,0.3,1.0,1.3,2.2
0.3,0.7,0.3,1.5,1.45,2.485
0.3,0.7,0.3,2.0,1.6,2.77
0.3,0.7,0.3,2.5,1.75,3.0549999999999997
0.3,0.7,0.3,3.0,1.9,3.34
0.3,0.7,0.3,3.5,2.05,3.625
0.3,0.7,0.3,4.0,2.2,3.91
0.3,0.7,0.3,4.5,2.3499999999999996,4.194999999999999
0.3,0.7,0.3,5.0,2.5,4.48
0.3,0.7,0.35,0.5,1.15,1.9374999999999998
0.3,0.7,0.35,1.0,1.3,2.245
0.3,0.7,0.35,1.5,1.45,2.5525
0.3,0.7,0.35,2.0,1.6,2.86
0.3,0.7,0.35,2.5,1.75,3.1675
0.3,0.7,0.35,3.0,1.9,3.4749999999999996
0.3,0.7,0.35,3.5,2.05,3.7824999999999998
0.3,0.7,0.35,4.0,2.2,4.09
0.3,0.7,0.35,4.5,2.3499999999999996,4.397499999999999
0.3,0.7,0.35,5.0,2.5,4.705
0.3,0.7,0.4,0.5,1.15,1.9599999999999997
0.3,0.7,0.4,1.0,1.3,2.29
0.3,0.7,0.4,1.5,1.45,2.62
0.3,0.7,0.4,2.0,1.6,2.95
0.3,0.7,0.4,2.5,1.75,3.28
0.3,0.7,0.4,3.0,1.9,3.6100000000000003
0.3,0.7,0.4,3.5,2.05,3.94
0.3,0.7,0.4,4.0,2.2,4.2700000000000005
0.3,0.7,0.4,4.5,2.3499999999999996,4.6
0.3,0.7,0.4,5.0,2.5,4.93
0.3,0.7,0.45,0.5,1.15,1.9825
0.3,0.7,0.45,1.0,1.3,2.335
0.3,0.7,0.45,1.5,1.45,2.6875
0.3,0.7,0.45,2.0,1.6,3.04
0.3,0.7,0.45,2.5,1.75,3.3925
0.3,0.7,0.45,3.0,1.9,3.745
0.3,0.7,0.45,3.5,2.05,4.0975
0.3,0.7,0.45,4.0,2.2,4.45
0.3,0.7,0.45,4.5,2.3499999999999996,4.802499999999999
0.3,0.7,0.45,5.0,2.5,5.154999999999999
0.3,0.7,0.5,0.5,1.15,2.005
0.3,0.7,0.5,1.0,1.3,2.3800000000000003
0.3,0.7,0.5,1.5,1.45,2.755
0.3,0.7,0.5,2.0,1.6,3.13
0.3,0.7,0.5,2.5,1.75,3.505
0.3,0.7,0.5,3.0,1.9,3.88
0.3,0.7,0.5,3.5,2.05,4.255
0.3,0.7,0.5,4.0,2.2,4.63
0.3,0.7,0.5,4.5,2.3499999999999996,5.004999999999999
0.3,0.7,0.5,5.0,2.5,5.38
0.3,0.8,0.0,0.5,1.15,1.87
0.3,0.8,0.0,1.0,1.3,2.02
0.3,0.8,0.0,1.5,1.45,2.17
0.3,0.8,0.0,2.0,1.6,2.3200000000000003
0.3,0.8,0.0,2.5,1.75,2.47
0.3,0.8,0.0,3.0,1.9,2.62
0.3,0.8,0.0,3.5,2.05,2.77
0.3,0.8,0.0,4.0,2.2,2.9200000000000004
0.3,0.8,0.0,4.5,2.3499999999999996,3.07
0.3,0.8,0.0,5.0,2.5,3.22
0.3,0.8,0.05,0.5,1.15,1.8925
0.3,0.8,0.05,1.0,1.3,2.065
0.3,0.8,0.05,1.5,1.45,2.2375
0.3,0.8,0.05,2.0,1.6,2.41
0.3,0.8,0.05,2.5,1.75,2.5825
0.3,0.8,0.05,3.0,1.9,2.7550000000000003
0.3,0.8,0.05,3.5,2.05,2.9275
0.3,0.8,0.05,4.0,2.2,3.1000000000000005
0.3,0.8,0.05,4.5,2.3499999999999996,3.2725
0.3,0.8,0.05,5.0,2.5,3.4450000000000003
0.3,0.8,0.1,0.5,1.15,1.915
0.3,0.8,0.1,1.0,1.3,2.11
0.3,0.8,0.1,1.5,1.45,2.305
0.3,0.8,0.1,2.0,1.6,2.5000000000000004
0.3,0.8,0.1,2.5,1.75,2.6950000000000003
0.3,0.8,0.1,3.0,1.9,2.89
0.3,0.8,0.1,3.5,2.05,3.085
0.3,0.8,0.1,4.0,2.2,3.2800000000000002
0.3,0.8,0.1,4.5,2.3499999999999996,3.4749999999999996
0.3,0.8,0.1,5.0,2.5,3.6700000000000004
0.3,0.8,0.15,0.5,1.15,1.9375
0.3,0.8,0.15,1.0,1.3,2.1550000000000002
0.3,0.8,0.15,1.5,1.45,2.3725
0.3,0.8,0.15,2.0,1.6,2.5900000000000003
0.3,0.8,0.15,2.5,1.75,2.8075
0.3,0.8,0.15,3.0,1.9,3.025
0.3,0.8,0.15,3.5,2.05,3.2425
0.3,0.8,0.15,4.0,2.2,3.4600000000000004
0.3,0.8,0.15,4.5,2.3499999999999996,3.6774999999999998
0.3,0.8,0.15,5.0,2.5,3.8950000000000005
0.3,0.8,0.2,0.5,1.15,1.9600000000000002
0.3,0.8,0.2,1.0,1.3,2.2
0.3,0.8,0.2,1.5,1.45,2.44
0.3,0.8,0.2,2.0,1.6,2.68
0.3,0.8,0.2,2.5,1.75,2.9200000000000004
0.3,0.8,0.2,3.0,1.9,3.16
0.3,0.8,0.2,3.5,2.05,3.4000000000000004
0.3,0.8,0.2,4.0,2.2,3.6400000000000006
0.3,0.8,0.2,4.5,2.3499999999999996,3.88
0.3,0.8,0.2,5.0,2.5,4.12
0.3,0.8,0.25,0.5,1.15,1.9825000000000002
0.3,0.8,0.25,1.0,1.3,2.245
0.3,0.8,0.25,1.5,1.45,2.5075
0.3,0.8,0.25,2.0,1.6,2.7700000000000005
0.3,0.8,0.25,2.5,1.75,3.0325
0.3,0.8,0.25,3.0,1.9,3.295
0.3,0.8,0.25,3.5,2.05,3.5575
0.3,0.8,0.25,4.0,2.2,3.8200000000000003
0.3,0.8,0.25,4.5,2.3499999999999996,4.0825
0.3,0.8,0.25,5.0,2.5,4.345000000000001
0.3,0.8,0.3,0.5,1.15,2.005
0.3,0.8,0.3,1.0,1.3,2.29
0.3,0.8,0.3,1.5,1.45,2.5749999999999997
0.3,0.8,0.3,2.0,1.6,2.8600000000000003
0.3,0.8,0.3,2.5,1.75,3.1450000000000005
0.3,0.8,0.3,3.0,1.9,3.43
0.3,0.8,0.3,3.5,2.05,3.715
0.3,0.8,0.3,4.0,2.2,4.0
0.3,0.8,0.3,4.5,2.3499999999999996,4.285
0.3,0.8,0.3,5.0,2.5,4.57
0.3,0.8,0.35,0.5,1.15,2.0275000000000003
0.3,0.8,0.35,1.0,1.3,2.335
0.3,0.8,0.35,1.5,1.45,2.6425
0.3,0.8,0.35,2.0,1.6,2.95
0.3,0.8,0.35,2.5,1.75,3.2575000000000003
0.3,0.8,0.35,3.0,1.9,3.565
0.3,0.8,0.35,3.5,2.05,3.8724999999999996
0.3,0.8,0.35,4.0,2.2,4.180000000000001
0.3,0.8,0.35,4.5,2.3499999999999996,4.4875
0.3,0.8,0.35,5.0,2.5,4.795
0.3,0.8,0.4,0.5,1.15,2.0500000000000003
0.3,0.8,0.4,1.0,1.3,2.38
0.3,0.8,0.4,1.5,1.45,2.71
0.3,0.8,0.4,2.0,1.6,3.0400000000000005
0.3,0.8,0.4,2.5,1.75,3.37
0.3,0.8,0.4,3.0,1.9,3.7
0.3,0.8,0.4,3.5,2.05,4.03
0.3,0.8,0.4,4.0,2.2,4.36
0.3,0.8,0.4,4.5,2.3499999999999996,4.6899999999999995
0.3,0.8,0.4,5.0,2.5,5.0200000000000005
0.3,0.8,0.45,0.5,1.15,2.0725000000000002
0.3,0.8,0.45,1.0,1.3,2.425
0.3,0.8,0.45,1.5,1.45,2.7775
0.3,0.8,0.45,2.0,1.6,3.1300000000000003
0.3,0.8,0.45,2.5,1.75,3.4825
0.3,0.8,0.45,3.0,1.9,3.835
0.3,0.8,0.45,3.5,2.05,4.1875
0.3,0.8,0.45,4.0,2.2,4.540000000000001
0.3,0.8,0.45,4.5,2.3499999999999996,4.8925
0.3,0.8,0.45,5.0,2.5,5.245
0.3,0.8,0.5,0.5,1.15,2.095
0.3,0.8,0.5,1.0,1.3,2.47
0.3,0.8,0.5,1.5,1.45,2.8449999999999998
0.3,0.8,0.5,2.0,1.6,3.22
0.3,0.8,0.5,2.5,1.75,3.595
0.3,0.8,0.5,3.0,1.9,3.97
0.3,0.8,0.5,3.5,2.05,4.345
0.3,0.8,0.5,4.0,2.2,4.720000000000001
0.3,0.8,0.5,4.5,2.3499999999999996,5.095
0.3,0.8,0.5,5.0,2.5,5.470000000000001
0.3,0.9,0.0,0.5,1.15,1.96
0.3,0.9,0.0,1.0,1.3,2.1100000000000003
0.3,0.9,0.0,1.5,1.45,2.26
0.3,0.9,0.0,2.0,1.6,2.41
0.3,0.9,0.0,2.5,1.75,2.56
0.3,0.9,0.0,3.0,1.9,2.71
0.3,0.9,0.0,3.5,2.05,2.86
0.3,0.9,0.0,4.0,2.2,3.0100000000000002
0.3,0.9,0.0,4.5,2.3499999999999996,3.1599999999999997
0.3,0.9,0.0,5.0,2.5,3.31
0.3,0.9,0.05,0.5,1.15,1.9825
0.3,0.9,0.05,1.0,1.3,2.1550000000000002
0.3,0.9,0.05,1.5,1.45,2.3274999999999997
0.3,0.9,0.05,2.0,1.6,2.5
0.3,0.9,0.05,2.5,1.75,2.6725
0.3,0.9,0.05,3.0,1.9,2.845
0.3,0.9,0.05,3.5,2.05,3.0175
0.3,0.9,0.05,4.0,2.2,3.1900000000000004
0.3,0.9,0.05,4.5,2.3499999999999996,3.3625
0.3,0.9,0.05,5.0,2.5,3.535
0.3,0.9,0.1,0.5,1.15,2.005
0.3,0.9,0.1,1.0,1.3,2.2
0.3,0.9,0.1,1.5,1.45,2.395
0.3,0.9,0.1,2.0,1.6,2.5900000000000003
0.3,0.9,0.1,2.5,1.75,2.785
0.3,0.9,0.1,3.0,1.9,2.98
0.3,0.9,0.1,3.5,2.05,3.175
0.3,0.9,0.1,4.0,2.2,3.37
0.3,0.9,0.1,4.5,2.3499999999999996,3.5649999999999995
0.3,0.9,0.1,5.0,2.5,3.7600000000000002
0.3,0.9,0.15,0.5,1.15,2.0275
0.3,0.9,0.15,1.0,1.3,2.245
0.3,0.9,0.15,1.5,1.45,2.4625
0.3,0.9,0.15,2.0,1.6,2.68
0.3,0.9,0.15,2.5,1.75,2.8975
0.3,0.9,0.15,3.0,1.9,3.1149999999999998
0.3,0.9,0.15,3.5,2.05,3.3325
0.3,0.9,0.15,4.0,2.2,3.5500000000000003
0.3,0.9,0.15,4.5,2.3499999999999996,3.7674999999999996
0.3,0.9,0.15,5.0,2.5,3.9850000000000003
0.3,0.9,0.2,0.5,1.15,2.05
0.3,0.9,0.2,1.0,1.3,2.2900000000000005
0.3,0.9,0.2,1.5,1.45,2.53
0.3,0.9,0.2,2.0,1.6,2.77
0.3,0.9,0.2,2.5,1.75,3.0100000000000002
0.3,0.9,0.2,3.0,1.9,3.25
0.3,0.9,0.2,3.5,2.05,3.49
0.3,0.9,0.2,4.0,2.2,3.7300000000000004
0.3,0.9,0.2,4.5,2.3499999999999996,3.9699999999999998
0.3,0.9,0.2,5.0,2.5,4.21
0.3,0.9,0.25,0.5,1.15,2.0725
0.3,0.9,0.25,1.0,1.3,2.3350000000000004
0.3,0.9,0.25,1.5,1.45,2.5974999999999997
0.3,0.9,0.25,2.0,1.6,2.8600000000000003
0.3,0.9,0.25,2.5,1.75,3.1225
0.3,0.9,0.25,3.0,1.9,3.385
0.3,0.9,0.25,3.5,2.05,3.6475
0.3,0.9,0.25,4.0,2.2,3.91
0.3,0.9,0.25,4.5,2.3499999999999996,4.172499999999999
0.3,0.9,0.25,5.0,2.5,4.4350000000000005
0.3,0.9,0.3,0.5,1.15,2.0949999999999998
0.3,0.9,0.3,1.0,1.3,2.3800000000000003
0.3,0.9,0.3,1.5,1.45,2.6649999999999996
0.3,0.9,0.3,2.0,1.6,2.95
0.3,0.9,0.3,2.5,1.75,3.2350000000000003
0.3,0.9,0.3,3.0,1.9,3.52
0.3,0.9,0.3,3.5,2.05,3.8049999999999997
0.3,0.9,0.3,4.0,2.2,4.09
0.3,0.9,0.3,4.5,2.3499999999999996,4.375
0.3,0.9,0.3,5.0,2.5,4.66
0.3,0.9,0.35,0.5,1.15,2.1175
0.3,0.9,0.35,1.0,1.3,2.4250000000000003
0.3,0.9,0.35,1.5,1.45,2.7325
0.3,0.9,0.35,2.0,1.6,3.04
0.3,0.9,0.35,2.5,1.75,3.3475
0.3,0.9,0.35,3.0,1.9,3.655
0.3,0.9,0.35,3.5,2.05,3.9624999999999995
0.3,0.9,0.35,4.0,2.2,4.2700000000000005
0.3,0.9,0.35,4.5,2.3499999999999996,4.5775
0.3,0.9,0.35,5.0,2.5,4.885
0.3,0.9,0.4,0.5,1.15,2.14
0.3,0.9,0.4,1.0,1.3,2.47
0.3,0.9,0.4,1.5,1.45,2.8
0.3,0.9,0.4,2.0,1.6,3.1300000000000003
0.3,0.9,0.4,2.5,1.75,3.46
0.3,0.9,0.4,3.0,1.9,3.79
0.3,0.9,0.4,3.5,2.05,4.12
0.3,0.9,0.4,4.0,2.2,4.45
0.3,0.9,0.4,4.5,2.3499999999999996,4.779999999999999
0.3,0.9,0.4,5.0,2.5,5.11
0.3,0.9,0.45,0.5,1.15,2.1625
0.3,0.9,0.45,1.0,1.3,2.5150000000000006
0.3,0.9,0.45,1.5,1.45,2.8674999999999997
0.3,0.9,0.45,2.0,1.6,3.22
0.3,0.9,0.45,2.5,1.75,3.5725
0.3,0.9,0.45,3.0,1.9,3.925
0.3,0.9,0.45,3.5,2.05,4.2775
0.3,0.9,0.45,4.0,2.2,4.630000000000001
0.3,0.9,0.45,4.5,2.3499999999999996,4.9825
0.3,0.9,0.45,5.0,2.5,5.335
0.3,0.9,0.5,0.5,1.15,2.185
0.3,0.9,0.5,1.0,1.3,2.5600000000000005
0.3,0.9,0.5,1.5,1.45,2.9349999999999996
0.3,0.9,0.5,2.0,1.6,3.31
0.3,0.9,0.5,2.5,1.75,3.685
0.3,0.9,0.5,3.0,1.9,4.0600000000000005
0.3,0.9,0.5,3.5,2.05,4.435
0.3,0.9,0.5,4.0,2.2,4.8100000000000005
0.3,0.9,0.5,4.5,2.3499999999999996,5.185
0.3,0.9,0.5,5.0,2.5,5.5600000000000005
0.3,1.0,0.0,0.5,1.15,2.05
0.3,1.0,0.0,1.0,1.3,2.2
0.3,1.0,0.0,1.5,1.45,2.35
0.3,1.0,0.0,2.0,1.6,2.5
0.3,1.0,0.0,2.5,1.75,2.65
0.3,1.0,0.0,3.0,1.9,2.8
0.3,1.0,0.0,3.5,2.05,2.9499999999999997
0.3,1.0,0.0,4.0,2.2,3.1
0.3,1.0,0.0,4.5,2.3499999999999996,3.2499999999999996
0.3,1.0,0.0,5.0,2.5,3.4
0.3,1.0,0.05,0.5,1.15,2.0725
0.3,1.0,0.05,1.0,1.3,2.245
0.3,1.0,0.05,1.5,1.45,2.4175
0.3,1.0,0.05,2.0,1.6,2.59
0.3,1.0,0.05,2.5,1.75,2.7624999999999997
0.3,1.0,0.05,3.0,1.9,2.935
0.3,1.0,0.05,3.5,2.05,3.1075
0.3,1.0,0.05,4.0,2.2,3.2800000000000002
0.3,1.0,0.05,4.5,2.3499999999999996,3.4524999999999997
0.3,1.0,0.05,5.0,2.5,3.625
0.3,1.0,0.1,0.5,1.15,2.0949999999999998
0.3,1.0,0.1,1.0,1.3,2.29
0.3,1.0,0.1,1.5,1.45,2.4850000000000003
0.3,1.0,0.1,2.0,1.6,2.68
0.3,1.0,0.1,2.5,1.75,2.875
0.3,1.0,0.1,3.0,1.9,3.07
0.3,1.0,0.1,3.5,2.05,3.2649999999999997
0.3,1.0,0.1,4.0,2.2,3.46
0.3,1.0,0.1,4.5,2.3499999999999996,3.6549999999999994
0.3,1.0,0.1,5.0,2.5,3.85
0.3,1.0,0.15,0.5,1.15,2.1174999999999997
0.3,1.0,0.15,1.0,1.3,2.335
0.3,1.0,0.15,1.5,1.45,2.5525
0.3,1.0,0.15,2.0,1.6,2.77
0.3,1.0,0.15,2.5,1.75,2.9875
0.3,1.0,0.15,3.0,1.9,3.2049999999999996
0.3,1.0,0.15,3.5,2.05,3.4225
0.3,1.0,0.15,4.0,2.2,3.64
0.3,1.0,0.15,4.5,2.3499999999999996,3.8574999999999995
0.3,1.0,0.15,5.0,2.5,4.075
0.3,1.0,0.2,0.5,1.15,2.1399999999999997
0.3,1.0,0.2,1.0,1.3,2.3800000000000003
0.3,1.0,0.2,1.5,1.45,2.62
0.3,1.0,0.2,2.0,1.6,2.86
0.3,1.0,0.2,2.5,1.75,3.1
0.3,1.0,0.2,3.0,1.9,3.34
0.3,1.0,0.2,3.5,2.05,3.58
0.3,1.0,0.2,4.0,2.2,3.8200000000000003
0.3,1.0,0.2,4.5,2.3499999999999996,4.06
0.3,1.0,0.2,5.0,2.5,4.3
0.3,1.0,0.25,0.5,1.15,2.1624999999999996
0.3,1.0,0.25,1.0,1.3,2.4250000000000003
0.3,1.0,0.25,1.5,1.45,2.6875
0.3,1.0,0.25,2.0,1.6,2.95
0.3,1.0,0.25,2.5,1.75,3.2125
0.3,1.0,0.25,3.0,1.9,3.4749999999999996
0.3,1.0,0.25,3.5,2.05,3.7375
0.3,1.0,0.25,4.0,2.2,4.0
0.3,1.0,0.25,4.5,2.3499999999999996,4.262499999999999
0.3,1.0,0.25,5.0,2.5,4.525
0.3,1.0,0.3,0.5,1.15,2.1849999999999996
0.3,1.0,0.3,1.0,1.3,2.47
0.3,1.0,0.3,1.5,1.45,2.755
0.3,1.0,0.3,2.0,1.6,3.04
0.3,1.0,0.3,2.5,1.75,3.325
0.3,1.0,0.3,3.0,1.9,3.61
0.3,1.0,0.3,3.5,2.05,3.8949999999999996
0.3,1.0,0.3,4.0,2.2,4.18
0.3,1.0,0.3,4.5,2.3499999999999996,4.465
0.3,1.0,0.3,5.0,2.5,4.75
0.3,1.0,0.35,0.5,1.15,2.2075
0.3,1.0,0.35,1.0,1.3,2.515
0.3,1.0,0.35,1.5,1.45,2.8225
0.3,1.0,0.35,2.0,1.6,3.13
0.3,1.0,0.35,2.5,1.75,3.4375
0.3,1.0,0.35,3.0,1.9,3.7449999999999997
0.3,1.0,0.35,3.5,2.05,4.052499999999999
0.3,1.0,0.35,4.0,2.2,4.36
0.3,1.0,0.35,4.5,2.3499999999999996,4.6674999999999995
0.3,1.0,0.35,5.0,2.5,4.975
0.3,1.0,0.4,0.5,1.15,2.23
0.3,1.0,0.4,1.0,1.3,2.56
0.3,1.0,0.4,1.5,1.45,2.89
0.3,1.0,0.4,2.0,1.6,3.22
0.3,1.0,0.4,2.5,1.75,3.55
0.3,1.0,0.4,3.0,1.9,3.88
0.3,1.0,0.4,3.5,2.05,4.21
0.3,1.0,0.4,4.0,2.2,4.54
0.3,1.0,0.4,4.5,2.3499999999999996,4.869999999999999
0.3,1.0,0.4,5.0,2.5,5.2
0.3,1.0,0.45,0.5,1.15,2.2525
0.3,1.0,0.45,1.0,1.3,2.6050000000000004
0.3,1.0,0.45,1.5,1.45,2.9575
0.3,1.0,0.45,2.0,1.6,3.31
0.3,1.0,0.45,2.5,1.75,3.6624999999999996
0.3,1.0,0.45,3.0,1.9,4.015
0.3,1.0,0.45,3.5,2.05,4.3675
0.3,1.0,0.45,4.0,2.2,4.720000000000001
0.3,1.0,0.45,4.5,2.3499999999999996,5.0725
0.3,1.0,0.45,5.0,2.5,5.425
0.3,1.0,0.5,0.5,1.15,2.275
0.3,1.0,0.5,1.0,1.3,2.6500000000000004
0.3,1.0,0.5,1.5,1.45,3.0250000000000004
0.3,1.0,0.5,2.0,1.6,3.4
0.3,1.0,0.5,2.5,1.75,3.775
0.3,1.0,0.5,3.0,1.9,4.15
0.3,1.0,0.5,3.5,2.05,4.5249999999999995
0.3,1.0,0.5,4.0,2.2,4.9
0.3,1.0,0.5,4.5,2.3499999999999996,5.2749999999999995
0.3,1.0,0.5,5.0,2.5,5.65
0.4,0.0,0.0,0.5,1.2,1.2
0.4,0.0,0.0,1.0,1.4,1.4
0.4,0.0,0.0,1.5,1.6,1.6
0.4,0.0,0.0,2.0,1.8,1.8
0.4,0.0,0.0,2.5,2.0,2.0
0.4,0.0,0.0,3.0,2.2,2.2
0.4,0.0,0.0,3.5,2.4000000000000004,2.4000000000000004
0.4,0.0,0.0,4.0,2.6,2.6
0.4,0.0,0.0,4.5,2.8,2.8
0.4,0.0,0.0,5.0,3.0,3.0
0.4,0.0,0.05,0.5,1.2,1.2225
0.4,0.0,0.05,1.0,1.4,1.4449999999999998
0.4,0.0,0.05,1.5,1.6,1.6675000000000002
0.4,0.0,0.05,2.0,1.8,1.8900000000000001
0.4,0.0,0.05,2.5,2.0,2.1125
0.4,0.0,0.05,3.0,2.2,2.3350000000000004
0.4,0.0,0.05,3.5,2.4000000000000004,2.5575000000000006
0.4,0.0,0.05,4.0,2.6,2.7800000000000002
0.4,0.0,0.05,4.5,2.8,3.0025
0.4,0.0,0.05,5.0,3.0,3.225
0.4,0.0,0.1,0.5,1.2,1.2449999999999999
0.4,0.0,0.1,1.0,1.4,1.49
0.4,0.0,0.1,1.5,1.6,1.735
0.4,0.0,0.1,2.0,1.8,1.98
0.4,0.0,0.1,2.5,2.0,2.225
0.4,0.0,0.1,3.0,2.2,2.47
0.4,0.0,0.1,3.5,2.4000000000000004,2.7150000000000003
0.4,0.0,0.1,4.0,2.6,2.96
0.4,0.0,0.1,4.5,2.8,3.205
0.4,0.0,0.1,5.0,3.0,3.45
0.4,0.0,0.15,0.5,1.2,1.2675
0.4,0.0,0.15,1.0,1.4,1.535
0.4,0.0,0.15,1.5,1.6,1.8025
0.4,0.0,0.15,2.0,1.8,2.0700000000000003
0.4,0.0,0.15,2.5,2.0,2.3375
0.4,0.0,0.15,3.0,2.2,2.605
0.4,0.0,0.15,3.5,2.4000000000000004,2.8725000000000005
0.4,0.0,0.15,4.0,2.6,3.14
0.4,0.0,0.15,4.5,2.8,3.4074999999999998
0.4,0.0,0.15,5.0,3.0,3.675
0.4,0.0,0.2,0.5,1.2,1.29
0.4,0.0,0.2,1.0,1.4,1.5799999999999998
0.4,0.0,0.2,1.5,1.6,1.87
0.4,0.0,0.2,2.0,1.8,2.16
0.4,0.0,0.2,2.5,2.0,2.45
0.4,0.0,0.2,3.0,2.2,2.74
0.4,0.0,0.2,3.5,2.4000000000000004,3.0300000000000002
0.4,0.0,0.2,4.0,2.6,3.3200000000000003
0.4,0.0,0.2,4.5,2.8,3.61
0.4,0.0,0.2,5.0,3.0,3.9
0.4,0.0,0.25,0.5,1.2,1.3125
0.4,0.0,0.25,1.0,1.4,1.625
0.4,0.0,0.25,1.5,1.6,1.9375
0.4,0.0,0.25,2.0,1.8,2.25
0.4,0.0,0.25,2.5,2.0,2.5625
0.4,0.0,0.25,3.0,2.2,2.875
0.4,0.0,0.25,3.5,2.4000000000000004,3.1875000000000004
0.4,0.0,0.25,4.0,2.6,3.5
0.4,0.0,0.25,4.5,2.8,3.8125
0.4,0.0,0.25,5.0,3.0,4.125
0.4,0.0,0.3,0.5,1.2,1.335
0.4,0.0,0.3,1.0,1.4,1.67
0.4,0.0,0.3,1.5,1.6,2.005
0.4,0.0,0.3,2.0,1.8,2.34
0.4,0.0,0.3,2.5,2.0,2.675
0.4,0.0,0.3,3.0,2.2,3.0100000000000002
0.4,0.0,0.3,3.5,2.4000000000000004,3.3450000000000006
0.4,0.0,0.3,4.0,2.6,3.68
0.4,0.0,0.3,4.5,2.8,4.015
0.4,0.0,0.3,5.0,3.0,4.35
0.4,0.0,0.35,0.5,1.2,1.3575
0.4,0.0,0.35,1.0,1.4,1.7149999999999999
0.4,0.0,0.35,1.5,1.6,2.0725
0.4,0.0,0.35,2.0,1.8,2.43
0.4,0.0,0.35,2.5,2.0,2.7875
0.4,0.0,0.35,3.0,2.2,3.145
0.4,0.0,0.35,3.5,2.4000000000000004,3.5025000000000004
0.4,0.0,0.35,4.0,2.6,3.8600000000000003
0.4,0.0,0.35,4.5,2.8,4.217499999999999
0.4,0.0,0.35,5.0,3.0,4.575
0.4,0.0,0.4,0.5,1.2,1.38
0.4,0.0,0.4,1.0,1.4,1.76
0.4,0.0,0.4,1.5,1.6,2.14
0.4,0.0,0.4,2.0,1.8,2.52
0.4,0.0,0.4,2.5,2.0,2.9
0.4,0.0,0.4,3.0,2.2,3.2800000000000002
0.4,0.0,0.4,3.5,2.4000000000000004,3.6600000000000006
0.4,0.0,0.4,4.0,2.6,4.04
0.4,0.0,0.4,4.5,2.8,4.42
0.4,0.0,0.4,5.0,3.0,4.8
0.4,0.0,0.45,0.5,1.2,1.4024999999999999
0.4,0.0,0.45,1.0,1.4,1.805
0.4,0.0,0.45,1.5,1.6,2.2075
0.4,0.0,0.45,2.0,1.8,2.6100000000000003
0.4,0.0,0.45,2.5,2.0,3.0125
0.4,0.0,0.45,3.0,2.2,3.415
0.4,0.0,0.45,3.5,2.4000000000000004,3.8175000000000003
0.4,0.0,0.45,4.0,2.6,4.220000000000001
0.4,0.0,0.45,4.5,2.8,4.6225
0.4,0.0,0.45,5.0,3.0,5.025
0.4,0.0,0.5,0.5,1.2,1.425
0.4,0.0,0.5,1.0,1.4,1.8499999999999999
0.4,0.0,0.5,1.5,1.6,2.2750000000000004
0.4,0.0,0.5,2.0,1.8,2.7
0.4,0.0,0.5,2.5,2.0,3.125
0.4,0.0,0.5,3.0,2.2,3.5500000000000003
0.4,0.0,0.5,3.5,2.4000000000000004,3.9750000000000005
0.4,0.0,0.5,4.0,2.6,4.4
0.4,0.0,0.5,4.5,2.8,4.824999999999999
0.4,0.0,0.5,5.0,3.0,5.25
0.4,0.1,0.0,0.5,1.2,1.29
0.4,0.1,0.0,1.0,1.4,1.49
0.4,0.1,0.0,1.5,1.6,1.6900000000000002
0.4,0.1,0.0,2.0,1.8,1.8900000000000001
0.4,0.1,0.0,2.5,2.0,2.09
0.4,0.1,0.0,3.0,2.2,2.29
0.4,0.1,0.0,3.5,2.4000000000000004,2.49
0.4,0.1,0.0,4.0,2.6,2.69
0.4,0.1,0.0,4.5,2.8,2.8899999999999997
0.4,0.1,0.0,5.0,3.0,3.09
0.4,0.1,0.05,0.5,1.2,1.3125
0.4,0.1,0.05,1.0,1.4,1.535
0.4,0.1,0.05,1.5,1.6,1.7575000000000003
0.4,0.1,0.05,2.0,1.8,1.9800000000000002
0.4,0.1,0.05,2.5,2.0,2.2024999999999997
0.4,0.1,0.05,3.0,2.2,2.4250000000000003
0.4,0.1,0.05,3.5,2.4000000000000004,2.6475000000000004
0.4,0.1,0.05,4.0,2.6,2.87
0.4,0.1,0.05,4.5,2.8,3.0925
0.4,0.1,0.05,5.0,3.0,3.315
0.4,0.1,0.1,0.5,1.2,1.335
0.4,0.1,0.1,1.0,1.4,1.58
0.4,0.1,0.1,1.5,1.6,1.8250000000000002
0.4,0.1,0.1,2.0,1.8,2.0700000000000003
0.4,0.1,0.1,2.5,2.0,2.315
0.4,0.1,0.1,3.0,2.2,2.56
0.4,0.1,0.1,3.5,2.4000000000000004,2.805
0.4,0.1,0.1,4.0,2.6,3.05
0.4,0.1,0.1,4.5,2.8,3.295
0.4,0.1,0.1,5.0,3.0,3.54
0.4,0.1,0.15,0.5,1.2,1.3575
0.4,0.1,0.15,1.0,1.4,1.625
0.4,0.1,0.15,1.5,1.6,1.8925
0.4,0.1,0.15,2.0,1.8,2.16
0.4,0.1,0.15,2.5,2.0,2.4274999999999998
0.4,0.1,0.15,3.0,2.2,2.695
0.4,0.1,0.15,3.5,2.4000000000000004,2.9625000000000004
0.4,0.1,0.15,4.0,2.6,3.23
0.4,0.1,0.15,4.5,2.8,3.4974999999999996
0.4,0.1,0.15,5.0,3.0,3.7649999999999997
0.4,0.1,0.2,0.5,1.2,1.3800000000000001
0.4,0.1,0.2,1.0,1.4,1.67
0.4,0.1,0.2,1.5,1.6,1.9600000000000002
0.4,0.1,0.2,2.0,1.8,2.25
0.4,0.1,0.2,2.5,2.0,2.54
0.4,0.1,0.2,3.0,2.2,2.83
0.4,0.1,0.2,3.5,2.4000000000000004,3.12
0.4,0.1,0.2,4.0,2.6,3.41
0.4,0.1,0.2,4.5,2.8,3.6999999999999997
0.4,0.1,0.2,5.0,3.0,3.9899999999999998
0.4,0.1,0.25,0.5,1.2,1.4025
0.4,0.1,0.25,1.0,1.4,1.715
0.4,0.1,0.25,1.5,1.6,2.0275000000000003
0.4,0.1,0.25,2.0,1.8,2.3400000000000003
0.4,0.1,0.25,2.5,2.0,2.6525
0.4,0.1,0.25,3.0,2.2,2.965
0.4,0.1,0.25,3.5,2.4000000000000004,3.2775000000000003
0.4,0.1,0.25,4.0,2.6,3.59
0.4,0.1,0.25,4.5,2.8,3.9025
0.4,0.1,0.25,5.0,3.0,4.215
0.4,0.1,0.3,0.5,1.2,1.425
0.4,0.1,0.3,1.0,1.4,1.76
0.4,0.1,0.3,1.5,1.6,2.095
0.4,0.1,0.3,2.0,1.8,2.43
0.4,0.1,0.3,2.5,2.0,2.7649999999999997
0.4,0.1,0.3,3.0,2.2,3.1
0.4,0.1,0.3,3.5,2.4000000000000004,3.4350000000000005
0.4,0.1,0.3,4.0,2.6,3.77
0.4,0.1,0.3,4.5,2.8,4.1049999999999995
0.4,0.1,0.3,5.0,3.0,4.4399999999999995
0.4,0.1,0.35,0.5,1.2,1.4475
0.4,0.1,0.35,1.0,1.4,1.805
0.4,0.1,0.35,1.5,1.6,2.1625
0.4,0.1,0.35,2.0,1.8,2.52
0.4,0.1,0.35,2.5,2.0,2.8775
0.4,0.1,0.35,3.0,2.2,3.235
0.4,0.1,0.35,3.5,2.4000000000000004,3.5925000000000002
0.4,0.1,0.35,4.0,2.6,3.95
0.4,0.1,0.35,4.5,2.8,4.307499999999999
0.4,0.1,0.35,5.0,3.0,4.665
0.4,0.1,0.4,0.5,1.2,1.47
0.4,0.1,0.4,1.0,1.4,1.85
0.4,0.1,0.4,1.5,1.6,2.2300000000000004
0.4,0.1,0.4,2.0,1.8,2.6100000000000003
0.4,0.1,0.4,2.5,2.0,2.9899999999999998
0.4,0.1,0.4,3.0,2.2,3.37
0.4,0.1,0.4,3.5,2.4000000000000004,3.7500000000000004
0.4,0.1,0.4,4.0,2.6,4.13
0.4,0.1,0.4,4.5,2.8,4.51
0.4,0.1,0.4,5.0,3.0,4.89
0.4,0.1,0.45,0.5,1.2,1.4925000000000002
0.4,0.1,0.45,1.0,1.4,1.895
0.4,0.1,0.45,1.5,1.6,2.2975000000000003
0.4,0.1,0.45,2.0,1.8,2.7
0.4,0.1,0.45,2.5,2.0,3.1025
0.4,0.1,0.45,3.0,2.2,3.505
0.4,0.1,0.45,3.5,2.4000000000000004,3.9075
0.4,0.1,0.45,4.0,2.6,4.3100000000000005
0.4,0.1,0.45,4.5,2.8,4.7124999999999995
0.4,0.1,0.45,5.0,3.0,5.115
0.4,0.1,0.5,0.5,1.2,1.5150000000000001
0.4,0.1,0.5,1.0,1.4,1.94
0.4,0.1,0.5,1.5,1.6,2.365
0.4,0.1,0.5,2.0,1.8,2.79
0.4,0.1,0.5,2.5,2.0,3.215
0.4,0.1,0.5,3.0,2.2,3.64
0.4,0.1,0.5,3.5,2.4000000000000004,4.065
0.4,0.1,0.5,4.0,2.6,4.49
0.4,0.1,0.5,4.5,2.8,4.914999999999999
0.4,0.1,0.5,5.0,3.0,5.34
0.4,0.2,0.0,0.5,1.2,1.38
0.4,0.2,0.0,1.0,1.4,1.5799999999999998
0.4,0.2,0.0,1.5,1.6,1.78
0.4,0.2,0.0,2.0,1.8,1.98
0.4,0.2,0.0,2.5,2.0,2.18
0.4,0.2,0.0,3.0,2.2,2.3800000000000003
0.4,0.2,0.0,3.5,2.4000000000000004,2.5800000000000005
0.4,0.2,0.0,4.0,2.6,2.7800000000000002
0.4,0.2,0.0,4.5,2.8,2.98
0.4,0.2,0.0,5.0,3.0,3.18
0.4,0.2,0.05,0.5,1.2,1.4024999999999999
0.4,0.2,0.05,1.0,1.4,1.6249999999999998
0.4,0.2,0.05,1.5,1.6,1.8475000000000001
0.4,0.2,0.05,2.0,1.8,2.07
0.4,0.2,0.05,2.5,2.0,2.2925
0.4,0.2,0.05,3.0,2.2,2.5150000000000006
0.4,0.2,0.05,3.5,2.4000000000000004,2.7375000000000007
0.4,0.2,0.05,4.0,2.6,2.9600000000000004
0.4,0.2,0.05,4.5,2.8,3.1825
0.4,0.2,0.05,5.0,3.0,3.4050000000000002
0.4,0.2,0.1,0.5,1.2,1.4249999999999998
0.4,0.2,0.1,1.0,1.4,1.67
0.4,0.2,0.1,1.5,1.6,1.915
0.4,0.2,0.1,2.0,1.8,2.16
0.4,0.2,0.1,2.5,2.0,2.4050000000000002
0.4,0.2,0.1,3.0,2.2,2.6500000000000004
0.4,0.2,0.1,3.5,2.4000000000000004,2.8950000000000005
0.4,0.2,0.1,4.0,2.6,3.14
0.4,0.2,0.1,4.5,2.8,3.385
0.4,0.2,0.1,5.0,3.0,3.6300000000000003
0.4,0.2,0.15,0.5,1.2,1.4474999999999998
0.4,0.2,0.15,1.0,1.4,1.7149999999999999
0.4,0.2,0.15,1.5,1.6,1.9825
0.4,0.2,0.15,2.0,1.8,2.25
0.4,0.2,0.15,2.5,2.0,2.5175
0.4,0.2,0.15,3.0,2.2,2.785
0.4,0.2,0.15,3.5,2.4000000000000004,3.0525000000000007
0.4,0.2,0.15,4.0,2.6,3.3200000000000003
0.4,0.2,0.15,4.5,2.8,3.5875
0.4,0.2,0.15,5.0,3.0,3.8550000000000004
0.4,0.2,0.2,0.5,1.2,1.47
0.4,0.2,0.2,1.0,1.4,1.7599999999999998
0.4,0.2,0.2,1.5,1.6,2.0500000000000003
0.4,0.2,0.2,2.0,1.8,2.34
0.4,0.2,0.2,2.5,2.0,2.6300000000000003
0.4,0.2,0.2,3.0,2.2,2.9200000000000004
0.4,0.2,0.2,3.5,2.4000000000000004,3.210000000000001
0.4,0.2,0.2,4.0,2.6,3.5000000000000004
0.4,0.2,0.2,4.5,2.8,3.79
0.4,0.2,0.2,5.0,3.0,4.08
0.4,0.2,0.25,0.5,1.2,1.4925
0.4,0.2,0.25,1.0,1.4,1.805
0.4,0.2,0.25,1.5,1.6,2.1175
0.4,0.2,0.25,2.0,1.8,2.43
0.4,0.2,0.25,2.5,2.0,2.7425
0.4,0.2,0.25,3.0,2.2,3.0550000000000006
0.4,0.2,0.25,3.5,2.4000000000000004,3.3675000000000006
0.4,0.2,0.25,4.0,2.6,3.68
0.4,0.2,0.25,4.5,2.8,3.9924999999999997
0.4,0.2,0.25,5.0,3.0,4.305
0.4,0.2,0.3,0.5,1.2,1.515
0.4,0.2,0.3,1.0,1.4,1.8499999999999999
0.4,0.2,0.3,1.5,1.6,2.185
0.4,0.2,0.3,2.0,1.8,2.52
0.4,0.2,0.3,2.5,2.0,2.8550000000000004
0.4,0.2,0.3,3.0,2.2,3.1900000000000004
0.4,0.2,0.3,3.5,2.4000000000000004,3.5250000000000004
0.4,0.2,0.3,4.0,2.6,3.8600000000000003
0.4,0.2,0.3,4.5,2.8,4.195
0.4,0.2,0.3,5.0,3.0,4.53
0.4,0.2,0.35,0.5,1.2,1.5374999999999999
0.4,0.2,0.35,1.0,1.4,1.8949999999999998
0.4,0.2,0.35,1.5,1.6,2.2525
0.4,0.2,0.35,2.0,1.8,2.61
0.4,0.2,0.35,2.5,2.0,2.9675000000000002
0.4,0.2,0.35,3.0,2.2,3.325
0.4,0.2,0.35,3.5,2.4000000000000004,3.6825
0.4,0.2,0.35,4.0,2.6,4.04
0.4,0.2,0.35,4.5,2.8,4.3975
0.4,0.2,0.35,5.0,3.0,4.755
0.4,0.2,0.4,0.5,1.2,1.5599999999999998
0.4,0.2,0.4,1.0,1.4,1.94
0.4,0.2,0.4,1.5,1.6,2.3200000000000003
0.4,0.2,0.4,2.0,1.8,2.7
0.4,0.2,0.4,2.5,2.0,3.08
0.4,0.2,0.4,3.0,2.2,3.460000000000001
0.4,0.2,0.4,3.5,2.4000000000000004,3.8400000000000007
0.4,0.2,0.4,4.0,2.6,4.220000000000001
0.4,0.2,0.4,4.5,2.8,4.6
0.4,0.2,0.4,5.0,3.0,4.98
0.4,0.2,0.45,0.5,1.2,1.5825
0.4,0.2,0.45,1.0,1.4,1.9849999999999999
0.4,0.2,0.45,1.5,1.6,2.3875
0.4,0.2,0.45,2.0,1.8,2.79
0.4,0.2,0.45,2.5,2.0,3.1925
0.4,0.2,0.45,3.0,2.2,3.5950000000000006
0.4,0.2,0.45,3.5,2.4000000000000004,3.9975000000000005
0.4,0.2,0.45,4.0,2.6,4.4
0.4,0.2,0.45,4.5,2.8,4.8025
0.4,0.2,0.45,5.0,3.0,5.205
0.4,0.2,0.5,0.5,1.2,1.605
0.4,0.2,0.5,1.0,1.4,2.03
0.4,0.2,0.5,1.5,1.6,2.455
0.4,0.2,0.5,2.0,1.8,2.88
0.4,0.2,0.5,2.5,2.0,3.305
0.4,0.2,0.5,3.0,2.2,3.7300000000000004
0.4,0.2,0.5,3.5,2.4000000000000004,4.155
0.4,0.2,0.5,4.0,2.6,4.58
0.4,0.2,0.5,4.5,2.8,5.005
0.4,0.2,0.5,5.0,3.0,5.43
0.4,0.3,0.0,0.5,1.2,1.47
0.4,0.3,0.0,1.0,1.4,1.67
0.4,0.3,0.0,1.5,1.6,1.87
0.4,0.3,0.0,2.0,1.8,2.0700000000000003
0.4,0.3,0.0,2.5,2.0,2.27
0.4,0.3,0.0,3.0,2.2,2.47
0.4,0.3,0.0,3.5,2.4000000000000004,2.6700000000000004
0.4,0.3,0.0,4.0,2.6,2.87
0.4,0.3,0.0,4.5,2.8,3.07
0.4,0.3,0.0,5.0,3.0,3.27
0.4,0.3,0.05,0.5,1.2,1.4925
0.4,0.3,0.05,1.0,1.4,1.7149999999999999
0.4,0.3,0.05,1.5,1.6,1.9375000000000002
0.4,0.3,0.05,2.0,1.8,2.16
0.4,0.3,0.05,2.5,2.0,2.3825
0.4,0.3,0.05,3.0,2.2,2.6050000000000004
0.4,0.3,0.05,3.5,2.4000000000000004,2.8275000000000006
0.4,0.3,0.05,4.0,2.6,3.0500000000000003
0.4,0.3,0.05,4.5,2.8,3.2725
0.4,0.3,0.05,5.0,3.0,3.495
0.4,0.3,0.1,0.5,1.2,1.515
0.4,0.3,0.1,1.0,1.4,1.76
0.4,0.3,0.1,1.5,1.6,2.0050000000000003
0.4,0.3,0.1,2.0,1.8,2.2500000000000004
0.4,0.3,0.1,2.5,2.0,2.495
0.4,0.3,0.1,3.0,2.2,2.74
0.4,0.3,0.1,3.5,2.4000000000000004,2.9850000000000003
0.4,0.3,0.1,4.0,2.6,3.23
0.4,0.3,0.1,4.5,2.8,3.4749999999999996
0.4,0.3,0.1,5.0,3.0,3.72
0.4,0.3,0.15,0.5,1.2,1.5375
0.4,0.3,0.15,1.0,1.4,1.805
0.4,0.3,0.15,1.5,1.6,2.0725000000000002
0.4,0.3,0.15,2.0,1.8,2.3400000000000003
0.4,0.3,0.15,2.5,2.0,2.6075
0.4,0.3,0.15,3.0,2.2,2.875
0.4,0.3,0.15,3.5,2.4000000000000004,3.1425000000000005
0.4,0.3,0.15,4.0,2.6,3.41
0.4,0.3,0.15,4.5,2.8,3.6774999999999998
0.4,0.3,0.15,5.0,3.0,3.9450000000000003
0.4,0.3,0.2,0.5,1.2,1.56
0.4,0.3,0.2,1.0,1.4,1.8499999999999999
0.4,0.3,0.2,1.5,1.6,2.14
0.4,0.3,0.2,2.0,1.8,2.43
0.4,0.3,0.2,2.5,2.0,2.72
0.4,0.3,0.2,3.0,2.2,3.0100000000000002
0.4,0.3,0.2,3.5,2.4000000000000004,3.3000000000000007
0.4,0.3,0.2,4.0,2.6,3.5900000000000003
0.4,0.3,0.2,4.5,2.8,3.88
0.4,0.3,0.2,5.0,3.0,4.17
0.4,0.3,0.25,0.5,1.2,1.5825
0.4,0.3,0.25,1.0,1.4,1.895
0.4,0.3,0.25,1.5,1.6,2.2075
0.4,0.3,0.25,2.0,1.8,2.5200000000000005
0.4,0.3,0.25,2.5,2.0,2.8325
0.4,0.3,0.25,3.0,2.2,3.1450000000000005
0.4,0.3,0.25,3.5,2.4000000000000004,3.4575000000000005
0.4,0.3,0.25,4.0,2.6,3.77
0.4,0.3,0.25,4.5,2.8,4.0825
0.4,0.3,0.25,5.0,3.0,4.395
0.4,0.3,0.3,0.5,1.2,1.605
0.4,0.3,0.3,1.0,1.4,1.94
0.4,0.3,0.3,1.5,1.6,2.275
0.4,0.3,0.3,2.0,1.8,2.6100000000000003
0.4,0.3,0.3,2.5,2.0,2.9450000000000003
0.4,0.3,0.3,3.0,2.2,3.2800000000000002
0.4,0.3,0.3,3.5,2.4000000000000004,3.615
0.4,0.3,0.3,4.0,2.6,3.95
0.4,0.3,0.3,4.5,2.8,4.285
0.4,0.3,0.3,5.0,3.0,4.62
0.4,0.3,0.35,0.5,1.2,1.6275
0.4,0.3,0.35,1.0,1.4,1.9849999999999999
0.4,0.3,0.35,1.5,1.6,2.3425000000000002
0.4,0.3,0.35,2.0,1.8,2.7
0.4,0.3,0.35,2.5,2.0,3.0575
0.4,0.3,0.35,3.0,2.2,3.415
0.4,0.3,0.35,3.5,2.4000000000000004,3.7725
0.4,0.3,0.35,4.0,2.6,4.13
0.4,0.3,0.35,4.5,2.8,4.4875
0.4,0.3,0.35,5.0,3.0,4.845
0.4,0.3,0.4,0.5,1.2,1.65
0.4,0.3,0.4,1.0,1.4,2.03
0.4,0.3,0.4,1.5,1.6,2.41
0.4,0.3,0.4,2.0,1.8,2.7900000000000005
0.4,0.3,0.4,2.5,2.0,3.17
0.4,0.3,0.4,3.0,2.2,3.5500000000000007
0.4,0.3,0.4,3.5,2.4000000000000004,3.9300000000000006
0.4,0.3,0.4,4.0,2.6,4.3100000000000005
0.4,0.3,0.4,4.5,2.8,4.6899999999999995
0.4,0.3,0.4,5.0,3.0,5.07
0.4,0.3,0.45,0.5,1.2,1.6724999999999999
0.4,0.3,0.45,1.0,1.4,2.075
0.4,0.3,0.45,1.5,1.6,2.4775
0.4,0.3,0.45,2.0,1.8,2.8800000000000003
0.4,0.3,0.45,2.5,2.0,3.2824999999999998
0.4,0.3,0.45,3.0,2.2,3.6850000000000005
0.4,0.3,0.45,3.5,2.4000000000000004,4.0875
0.4,0.3,0.45,4.0,2.6,4.49
0.4,0.3,0.45,4.5,2.8,4.8925
0.4,0.3,0.45,5.0,3.0,5.295
0.4,0.3,0.5,0.5,1.2,1.695
0.4,0.3,0.5,1.0,1.4,2.12
0.4,0.3,0.5,1.5,1.6,2.545
0.4,0.3,0.5,2.0,1.8,2.97
0.4,0.3,0.5,2.5,2.0,3.395
0.4,0.3,0.5,3.0,2.2,3.8200000000000003
0.4,0.3,0.5,3.5,2.4000000000000004,4.245
0.4,0.3,0.5,4.0,2.6,4.67
0.4,0.3,0.5,4.5,2.8,5.095
0.4,0.3,0.5,5.0,3.0,5.52
0.4,0.4,0.0,0.5,1.2,1.56
0.4,0.4,0.0,1.0,1.4,1.76
0.4,0.4,0.0,1.5,1.6,1.9600000000000002
0.4,0.4,0.0,2.0,1.8,2.16
0.4,0.4,0.0,2.5,2.0,2.36
0.4,0.4,0.0,3.0,2.2,2.56
0.4,0.4,0.0,3.5,2.4000000000000004,2.7600000000000002
0.4,0.4,0.0,4.0,2.6,2.96
0.4,0.4,0.0,4.5,2.8,3.1599999999999997
0.4,0.4,0.0,5.0,3.0,3.36
0.4,0.4,0.05,0.5,1.2,1.5825
0.4,0.4,0.05,1.0,1.4,1.805
0.4,0.4,0.05,1.5,1.6,2.0275000000000003
0.4,0.4,0.05,2.0,1.8,2.25
0.4,0.4,0.05,2.5,2.0,2.4724999999999997
0.4,0.4,0.05,3.0,2.2,2.6950000000000003
0.4,0.4,0.05,3.5,2.4000000000000004,2.9175000000000004
0.4,0.4,0.05,4.0,2.6,3.14
0.4,0.4,0.05,4.5,2.8,3.3625
0.4,0.4,0.05,5.0,3.0,3.585
0.4,0.4,0.1,0.5,1.2,1.605
0.4,0.4,0.1,1.0,1.4,1.85
0.4,0.4,0.1,1.5,1.6,2.095
0.4,0.4,0.1,2.0,1.8,2.3400000000000003
0.4,0.4,0.1,2.5,2.0,2.585
0.4,0.4,0.1,3.0,2.2,2.83
0.4,0.4,0.1,3.5,2.4000000000000004,3.075
0.4,0.4,0.1,4.0,2.6,3.32
0.4,0.4,0.1,4.5,2.8,3.5649999999999995
0.4,0.4,0.1,5.0,3.0,3.81
0.4,0.4,0.15,0.5,1.2,1.6275
0.4,0.4,0.15,1.0,1.4,1.895
0.4,0.4,0.15,1.5,1.6,2.1625
0.4,0.4,0.15,2.0,1.8,2.43
0.4,0.4,0.15,2.5,2.0,2.6975
0.4,0.4,0.15,3.0,2.2,2.965
0.4,0.4,0.15,3.5,2.4000000000000004,3.2325000000000004
0.4,0.4,0.15,4.0,2.6,3.5
0.4,0.4,0.15,4.5,2.8,3.7674999999999996
0.4,0.4,0.15,5.0,3.0,4.035
0.4,0.4,0.2,0.5,1.2,1.6500000000000001
0.4,0.4,0.2,1.0,1.4,1.94
0.4,0.4,0.2,1.5,1.6,2.2300000000000004
0.4,0.4,0.2,2.0,1.8,2.52
0.4,0.4,0.2,2.5,2.0,2.81
0.4,0.4,0.2,3.0,2.2,3.1
0.4,0.4,0.2,3.5,2.4000000000000004,3.3900000000000006
0.4,0.4,0.2,4.0,2.6,3.68
0.4,0.4,0.2,4.5,2.8,3.9699999999999998
0.4,0.4,0.2,5.0,3.0,4.26
0.4,0.4,0.25,0.5,1.2,1.6725
0.4,0.4,0.25,1.0,1.4,1.985
0.4,0.4,0.25,1.5,1.6,2.2975000000000003
0.4,0.4,0.25,2.0,1.8,2.6100000000000003
0.4,0.4,0.25,2.5,2.0,2.9225
0.4,0.4,0.25,3.0,2.2,3.2350000000000003
0.4,0.4,0.25,3.5,2.4000000000000004,3.5475000000000003
0.4,0.4,0.25,4.0,2.6,3.86
0.4,0.4,0.25,4.5,2.8,4.172499999999999
0.4,0.4,0.25,5.0,3.0,4.484999999999999
0.4,0.4,0.3,0.5,1.2,1.695
0.4,0.4,0.3,1.0,1.4,2.0300000000000002
0.4,0.4,0.3,1.5,1.6,2.365
0.4,0.4,0.3,2.0,1.8,2.7
0.4,0.4,0.3,2.5,2.0,3.035
0.4,0.4,0.3,3.0,2.2,3.37
0.4,0.4,0.3,3.5,2.4000000000000004,3.705
0.4,0.4,0.3,4.0,2.6,4.04
0.4,0.4,0.3,4.5,2.8,4.375
0.4,0.4,0.3,5.0,3.0,4.71
0.4,0.4,0.35,0.5,1.2,1.7175
0.4,0.4,0.35,1.0,1.4,2.075
0.4,0.4,0.35,1.5,1.6,2.4325
0.4,0.4,0.35,2.0,1.8,2.79
0.4,0.4,0.35,2.5,2.0,3.1475
0.4,0.4,0.35,3.0,2.2,3.505
0.4,0.4,0.35,3.5,2.4000000000000004,3.8625
0.4,0.4,0.35,4.0,2.6,4.22
0.4,0.4,0.35,4.5,2.8,4.5775
0.4,0.4,0.35,5.0,3.0,4.935
0.4,0.4,0.4,0.5,1.2,1.74
0.4,0.4,0.4,1.0,1.4,2.12
0.4,0.4,0.4,1.5,1.6,2.5000000000000004
0.4,0.4,0.4,2.0,1.8,2.8800000000000003
0.4,0.4,0.4,2.5,2.0,3.26
0.4,0.4,0.4,3.0,2.2,3.6400000000000006
0.4,0.4,0.4,3.5,2.4000000000000004,4.0200000000000005
0.4,0.4,0.4,4.0,2.6,4.4
0.4,0.4,0.4,4.5,2.8,4.779999999999999
0.4,0.4,0.4,5.0,3.0,5.16
0.4,0.4,0.45,0.5,1.2,1.7625000000000002
0.4,0.4,0.45,1.0,1.4,2.165
0.4,0.4,0.45,1.5,1.6,2.5675000000000003
0.4,0.4,0.45,2.0,1.8,2.97
0.4,0.4,0.45,2.5,2.0,3.3724999999999996
0.4,0.4,0.45,3.0,2.2,3.7750000000000004
0.4,0.4,0.45,3.5,2.4000000000000004,4.1775
0.4,0.4,0.45,4.0,2.6,4.58
0.4,0.4,0.45,4.5,2.8,4.9825
0.4,0.4,0.45,5.0,3.0,5.385
0.4,0.4,0.5,0.5,1.2,1.7850000000000001
0.4,0.4,0.5,1.0,1.4,2.21
0.4,0.4,0.5,1.5,1.6,2.6350000000000002
0.4,0.4,0.5,2.0,1.8,3.06
0.4,0.4,0.5,2.5,2.0,3.485
0.4,0.4,0.5,3.0,2.2,3.91
0.4,0.4,0.5,3.5,2.4000000000000004,4.335
0.4,0.4,0.5,4.0,2.6,4.76
0.4,0.4,0.5,4.5,2.8,5.185
0.4,0.4,0.5,5.0,3.0,5.609999999999999
0.4,0.5,0.0,0.5,1.2,1.65
0.4,0.5,0.0,1.0,1.4,1.8499999999999999
0.4,0.5,0.0,1.5,1.6,2.0500000000000003
0.4,0.5,0.0,2.0,1.8,2.25
0.4,0.5,0.0,2.5,2.0,2.45
0.4,0.5,0.0,3.0,2.2,2.6500000000000004
0.4,0.5,0.0,3.5,2.4000000000000004,2.8500000000000005
0.4,0.5,0.0,4.0,2.6,3.0500000000000003
0.4,0.5,0.0,4.5,2.8,3.25
0.4,0.5,0.0,5.0,3.0,3.45
0.4,0.5,0.05,0.5,1.2,1.6724999999999999
0.4,0.5,0.05,1.0,1.4,1.8949999999999998
0.4,0.5,0.05,1.5,1.6,2.1175
0.4,0.5,0.05,2.0,1.8,2.34
0.4,0.5,0.05,2.5,2.0,2.5625
0.4,0.5,0.05,3.0,2.2,2.7850000000000006
0.4,0.5,0.05,3.5,2.4000000000000004,3.0075000000000007
0.4,0.5,0.05,4.0,2.6,3.2300000000000004
0.4,0.5,0.05,4.5,2.8,3.4525
0.4,0.5,0.05,5.0,3.0,3.6750000000000003
0.4,0.5,0.1,0.5,1.2,1.6949999999999998
0.4,0.5,0.1,1.0,1.4,1.94
0.4,0.5,0.1,1.5,1.6,2.1850000000000005
0.4,0.5,0.1,2.0,1.8,2.43
0.4,0.5,0.1,2.5,2.0,2.6750000000000003
0.4,0.5,0.1,3.0,2.2,2.9200000000000004
0.4,0.5,0.1,3.5,2.4000000000000004,3.1650000000000005
0.4,0.5,0.1,4.0,2.6,3.41
0.4,0.5,0.1,4.5,2.8,3.6550000000000002
0.4,0.5,0.1,5.0,3.0,3.9000000000000004
0.4,0.5,0.15,0.5,1.2,1.7174999999999998
0.4,0.5,0.15,1.0,1.4,1.9849999999999999
0.4,0.5,0.15,1.5,1.6,2.2525000000000004
0.4,0.5,0.15,2.0,1.8,2.52
0.4,0.5,0.15,2.5,2.0,2.7875
0.4,0.5,0.15,3.0,2.2,3.055
0.4,0.5,0.15,3.5,2.4000000000000004,3.3225000000000007
0.4,0.5,0.15,4.0,2.6,3.5900000000000003
0.4,0.5,0.15,4.5,2.8,3.8575
0.4,0.5,0.15,5.0,3.0,4.125
0.4,0.5,0.2,0.5,1.2,1.74
0.4,0.5,0.2,1.0,1.4,2.03
0.4,0.5,0.2,1.5,1.6,2.3200000000000003
0.4,0.5,0.2,2.0,1.8,2.61
0.4,0.5,0.2,2.5,2.0,2.9000000000000004
0.4,0.5,0.2,3.0,2.2,3.1900000000000004
0.4,0.5,0.2,3.5,2.4000000000000004,3.4800000000000004
0.4,0.5,0.2,4.0,2.6,3.7700000000000005
0.4,0.5,0.2,4.5,2.8,4.0600000000000005
0.4,0.5,0.2,5.0,3.0,4.3500000000000005
0.4,0.5,0.25,0.5,1.2,1.7625
0.4,0.5,0.25,1.0,1.4,2.0749999999999997
0.4,0.5,0.25,1.5,1.6,2.3875
0.4,0.5,0.25,2.0,1.8,2.7
0.4,0.5,0.25,2.5,2.0,3.0125
0.4,0.5,0.25,3.0,2.2,3.325
0.4,0.5,0.25,3.5,2.4000000000000004,3.6375000000000006
0.4,0.5,0.25,4.0,2.6,3.95
0.4,0.5,0.25,4.5,2.8,4.2625
0.4,0.5,0.25,5.0,3.0,4.575
0.4,0.5,0.3,0.5,1.2,1.785
0.4,0.5,0.3,1.0,1.4,2.12
0.4,0.5,0.3,1.5,1.6,2.455
0.4,0.5,0.3,2.0,1.8,2.79
0.4,0.5,0.3,2.5,2.0,3.125
0.4,0.5,0.3,3.0,2.2,3.4600000000000004
0.4,0.5,0.3,3.5,2.4000000000000004,3.795000000000001
0.4,0.5,0.3,4.0,2.6,4.130000000000001
0.4,0.5,0.3,4.5,2.8,4.465
0.4,0.5,0.3,5.0,3.0,4.800000000000001
0.4,0.5,0.35,0.5,1.2,1.8074999999999999
0.4,0.5,0.35,1.0,1.4,2.165
0.4,0.5,0.35,1.5,1.6,2.5225
0.4,0.5,0.35,2.0,1.8,2.88
0.4,0.5,0.35,2.5,2.0,3.2375000000000003
0.4,0.5,0.35,3.0,2.2,3.595
0.4,0.5,0.35,3.5,2.4000000000000004,3.9525000000000006
0.4,0.5,0.35,4.0,2.6,4.3100000000000005
0.4,0.5,0.35,4.5,2.8,4.6675
0.4,0.5,0.35,5.0,3.0,5.025
0.4,0.5,0.4,0.5,1.2,1.8299999999999998
0.4,0.5,0.4,1.0,1.4,2.21
0.4,0.5,0.4,1.5,1.6,2.5900000000000003
0.4,0.5,0.4,2.0,1.8,2.97
0.4,0.5,0.4,2.5,2.0,3.35
0.4,0.5,0.4,3.0,2.2,3.7300000000000004
0.4,0.5,0.4,3.5,2.4000000000000004,4.110000000000001
0.4,0.5,0.4,4.0,2.6,4.49
0.4,0.5,0.4,4.5,2.8,4.87
0.4,0.5,0.4,5.0,3.0,5.25
0.4,0.5,0.45,0.5,1.2,1.8525
0.4,0.5,0.45,1.0,1.4,2.255
0.4,0.5,0.45,1.5,1.6,2.6575
0.4,0.5,0.45,2.0,1.8,3.06
0.4,0.5,0.45,2.5,2.0,3.4625000000000004
0.4,0.5,0.45,3.0,2.2,3.865
0.4,0.5,0.45,3.5,2.4000000000000004,4.2675
0.4,0.5,0.45,4.0,2.6,4.67
0.4,0.5,0.45,4.5,2.8,5.0725
0.4,0.5,0.45,5.0,3.0,5.475
0.4,0.5,0.5,0.5,1.2,1.875
0.4,0.5,0.5,1.0,1.4,2.3
0.4,0.5,0.5,1.5,1.6,2.7250000000000005
0.4,0.5,0.5,2.0,1.8,3.15
0.4,0.5,0.5,2.5,2.0,3.575
0.4,0.5,0.5,3.0,2.2,4.0
0.4,0.5,0.5,3.5,2.4000000000000004,4.425000000000001
0.4,0.5,0.5,4.0,2.6,4.8500000000000005
0.4,0.5,0.5,4.5,2.8,5.275
0.4,0.5,0.5,5.0,3.0,5.7
0.4,0.6,0.0,0.5,1.2,1.74
0.4,0.6,0.0,1.0,1.4,1.94
0.4,0.6,0.0,1.5,1.6,2.14
0.4,0.6,0.0,2.0,1.8,2.34
0.4,0.6,0.0,2.5,2.0,2.54
0.4,0.6,0.0,3.0,2.2,2.74
0.4,0.6,0.0,3.5,2.4000000000000004,2.9400000000000004
0.4,0.6,0.0,4.0,2.6,3.14
0.4,0.6,0.0,4.5,2.8,3.34
0.4,0.6,0.0,5.0,3.0,3.54
0.4,0.6,0.05,0.5,1.2,1.7625
0.4,0.6,0.05,1.0,1.4,1.9849999999999999
0.4,0.6,0.05,1.5,1.6,2.2075
0.4,0.6,0.05,2.0,1.8,2.4299999999999997
0.4,0.6,0.05,2.5,2.0,2.6525
0.4,0.6,0.05,3.0,2.2,2.8750000000000004
0.4,0.6,0.05,3.5,2.4000000000000004,3.0975000000000006
0.4,0.6,0.05,4.0,2.6,3.3200000000000003
0.4,0.6,0.05,4.5,2.8,3.5425
0.4,0.6,0.05,5.0,3.0,3.765
0.4,0.6,0.1,0.5,1.2,1.785
0.4,0.6,0.1,1.0,1.4,2.03
0.4,0.6,0.1,1.5,1.6,2.2750000000000004
0.4,0.6,0.1,2.0,1.8,2.52
0.4,0.6,0.1,2.5,2.0,2.765
0.4,0.6,0.1,3.0,2.2,3.0100000000000002
0.4,0.6,0.1,3.5,2.4000000000000004,3.2550000000000003
0.4,0.6,0.1,4.0,2.6,3.5
0.4,0.6,0.1,4.5,2.8,3.745
0.4,0.6,0.1,5.0,3.0,3.99
0.4,0.6,0.15,0.5,1.2,1.8075
0.4,0.6,0.15,1.0,1.4,2.075
0.4,0.6,0.15,1.5,1.6,2.3425000000000002
0.4,0.6,0.15,2.0,1.8,2.61
0.4,0.6,0.15,2.5,2.0,2.8775
0.4,0.6,0.15,3.0,2.2,3.145
0.4,0.6,0.15,3.5,2.4000000000000004,3.4125000000000005
0.4,0.6,0.15,4.0,2.6,3.68
0.4,0.6,0.15,4.5,2.8,3.9475
0.4,0.6,0.15,5.0,3.0,4.215
0.4,0.6,0.2,0.5,1.2,1.83
0.4,0.6,0.2,1.0,1.4,2.12
0.4,0.6,0.2,1.5,1.6,2.41
0.4,0.6,0.2,2.0,1.8,2.6999999999999997
0.4,0.6,0.2,2.5,2.0,2.99
0.4,0.6,0.2,3.0,2.2,3.2800000000000002
0.4,0.6,0.2,3.5,2.4000000000000004,3.5700000000000003
0.4,0.6,0.2,4.0,2.6,3.8600000000000003
0.4,0.6,0.2,4.5,2.8,4.15
0.4,0.6,0.2,5.0,3.0,4.44
0.4,0.6,0.25,0.5,1.2,1.8525
0.4,0.6,0.25,1.0,1.4,2.165
0.4,0.6,0.25,1.5,1.6,2.4775
0.4,0.6,0.25,2.0,1.8,2.79
0.4,0.6,0.25,2.5,2.0,3.1025
0.4,0.6,0.25,3.0,2.2,3.415
0.4,0.6,0.25,3.5,2.4000000000000004,3.7275000000000005
0.4,0.6,0.25,4.0,2.6,4.04
0.4,0.6,0.25,4.5,2.8,4.3525
0.4,0.6,0.25,5.0,3.0,4.665
0.4,0.6,0.3,0.5,1.2,1.875
0.4,0.6,0.3,1.0,1.4,2.21
0.4,0.6,0.3,1.5,1.6,2.545
0.4,0.6,0.3,2.0,1.8,2.88
0.4,0.6,0.3,2.5,2.0,3.215
0.4,0.6,0.3,3.0,2.2,3.5500000000000003
0.4,0.6,0.3,3.5,2.4000000000000004,3.8850000000000007
0.4,0.6,0.3,4.0,2.6,4.220000000000001
0.4,0.6,0.3,4.5,2.8,4.555
0.4,0.6,0.3,5.0,3.0,4.890000000000001
0.4,0.6,0.35,0.5,1.2,1.8975
0.4,0.6,0.35,1.0,1.4,2.255
0.4,0.6,0.35,1.5,1.6,2.6125
0.4,0.6,0.35,2.0,1.8,2.9699999999999998
0.4,0.6,0.35,2.5,2.0,3.3275
0.4,0.6,0.35,3.0,2.2,3.685
0.4,0.6,0.35,3.5,2.4000000000000004,4.0425
0.4,0.6,0.35,4.0,2.6,4.4
0.4,0.6,0.35,4.5,2.8,4.7575
0.4,0.6,0.35,5.0,3.0,5.115
0.4,0.6,0.4,0.5,1.2,1.92
0.4,0.6,0.4,1.0,1.4,2.3
0.4,0.6,0.4,1.5,1.6,2.68
0.4,0.6,0.4,2.0,1.8,3.06
0.4,0.6,0.4,2.5,2.0,3.44
0.4,0.6,0.4,3.0,2.2,3.8200000000000003
0.4,0.6,0.4,3.5,2.4000000000000004,4.200000000000001
0.4,0.6,0.4,4.0,2.6,4.58
0.4,0.6,0.4,4.5,2.8,4.96
0.4,0.6,0.4,5.0,3.0,5.34
0.4,0.6,0.45,0.5,1.2,1.9425
0.4,0.6,0.45,1.0,1.4,2.3449999999999998
0.4,0.6,0.45,1.5,1.6,2.7475
0.4,0.6,0.45,2.0,1.8,3.15
0.4,0.6,0.45,2.5,2.0,3.5525
0.4,0.6,0.45,3.0,2.2,3.955
0.4,0.6,0.45,3.5,2.4000000000000004,4.3575
0.4,0.6,0.45,4.0,2.6,4.76
0.4,0.6,0.45,4.5,2.8,5.1625
0.4,0.6,0.45,5.0,3.0,5.5649999999999995
0.4,0.6,0.5,0.5,1.2,1.965
0.4,0.6,0.5,1.0,1.4,2.39
0.4,0.6,0.5,1.5,1.6,2.8150000000000004
0.4,0.6,0.5,2.0,1.8,3.2399999999999998
0.4,0.6,0.5,2.5,2.0,3.665
0.4,0.6,0.5,3.0,2.2,4.09
0.4,0.6,0.5,3.5,2.4000000000000004,4.515000000000001
0.4,0.6,0.5,4.0,2.6,4.94
0.4,0.6,0.5,4.5,2.8,5.365
0.4,0.6,0.5,5.0,3.0,5.79
0.4,0.7,0.0,0.5,1.2,1.83
0.4,0.7,0.0,1.0,1.4,2.03
0.4,0.7,0.0,1.5,1.6,2.23
0.4,0.7,0.0,2.0,1.8,2.43
0.4,0.7,0.0,2.5,2.0,2.63
0.4,0.7,0.0,3.0,2.2,2.83
0.4,0.7,0.0,3.5,2.4000000000000004,3.0300000000000002
0.4,0.7,0.0,4.0,2.6,3.23
0.4,0.7,0.0,4.5,2.8,3.4299999999999997
0.4,0.7,0.0,5.0,3.0,3.63
0.4,0.7,0.05,0.5,1.2,1.8525
0.4,0.7,0.05,1.0,1.4,2.0749999999999997
0.4,0.7,0.05,1.5,1.6,2.2975
0.4,0.7,0.05,2.0,1.8,2.52
0.4,0.7,0.05,2.5,2.0,2.7424999999999997
0.4,0.7,0.05,3.0,2.2,2.9650000000000003
0.4,0.7,0.05,3.5,2.4000000000000004,3.1875000000000004
0.4,0.7,0.05,4.0,2.6,3.41
0.4,0.7,0.05,4.5,2.8,3.6325
0.4,0.7,0.05,5.0,3.0,3.855
0.4,0.7,0.1,0.5,1.2,1.875
0.4,0.7,0.1,1.0,1.4,2.1199999999999997
0.4,0.7,0.1,1.5,1.6,2.365
0.4,0.7,0.1,2.0,1.8,2.6100000000000003
0.4,0.7,0.1,2.5,2.0,2.855
0.4,0.7,0.1,3.0,2.2,3.1
0.4,0.7,0.1,3.5,2.4000000000000004,3.345
0.4,0.7,0.1,4.0,2.6,3.59
0.4,0.7,0.1,4.5,2.8,3.835
0.4,0.7,0.1,5.0,3.0,4.08
0.4,0.7,0.15,0.5,1.2,1.8975
0.4,0.7,0.15,1.0,1.4,2.165
0.4,0.7,0.15,1.5,1.6,2.4325
0.4,0.7,0.15,2.0,1.8,2.7
0.4,0.7,0.15,2.5,2.0,2.9675
0.4,0.7,0.15,3.0,2.2,3.235
0.4,0.7,0.15,3.5,2.4000000000000004,3.5025000000000004
0.4,0.7,0.15,4.0,2.6,3.77
0.4,0.7,0.15,4.5,2.8,4.0375
0.4,0.7,0.15,5.0,3.0,4.305
0.4,0.7,0.2,0.5,1.2,1.9200000000000002
0.4,0.7,0.2,1.0,1.4,2.21
0.4,0.7,0.2,1.5,1.6,2.5
0.4,0.7,0.2,2.0,1.8,2.79
0.4,0.7,0.2,2.5,2.0,3.08
0.4,0.7,0.2,3.0,2.2,3.37
0.4,0.7,0.2,3.5,2.4000000000000004,3.66
0.4,0.7,0.2,4.0,2.6,3.95
0.4,0.7,0.2,4.5,2.8,4.24
0.4,0.7,0.2,5.0,3.0,4.53
0.4,0.7,0.25,0.5,1.2,1.9425000000000001
0.4,0.7,0.25,1.0,1.4,2.255
0.4,0.7,0.25,1.5,1.6,2.5675
0.4,0.7,0.25,2.0,1.8,2.8800000000000003
0.4,0.7,0.25,2.5,2.0,3.1925
0.4,0.7,0.25,3.0,2.2,3.505
0.4,0.7,0.25,3.5,2.4000000000000004,3.8175000000000003
0.4,0.7,0.25,4.0,2.6,4.13
0.4,0.7,0.25,4.5,2.8,4.4425
0.4,0.7,0.25,5.0,3.0,4.755
0.4,0.7,0.3,0.5,1.2,1.965
0.4,0.7,0.3,1.0,1.4,2.3
0.4,0.7,0.3,1.5,1.6,2.635
0.4,0.7,0.3,2.0,1.8,2.97
0.4,0.7,0.3,2.5,2.0,3.3049999999999997
0.4,0.7,0.3,3.0,2.2,3.64
0.4,0.7,0.3,3.5,2.4000000000000004,3.9750000000000005
0.4,0.7,0.3,4.0,2.6,4.3100000000000005
0.4,0.7,0.3,4.5,2.8,4.645
0.4,0.7,0.3,5.0,3.0,4.98
0.4,0.7,0.35,0.5,1.2,1.9875
0.4,0.7,0.35,1.0,1.4,2.3449999999999998
0.4,0.7,0.35,1.5,1.6,2.7024999999999997
0.4,0.7,0.35,2.0,1.8,3.06
0.4,0.7,0.35,2.5,2.0,3.4175
0.4,0.7,0.35,3.0,2.2,3.775
0.4,0.7,0.35,3.5,2.4000000000000004,4.1325
0.4,0.7,0.35,4.0,2.6,4.49
0.4,0.7,0.35,4.5,2.8,4.8475
0.4,0.7,0.35,5.0,3.0,5.205
0.4,0.7,0.4,0.5,1.2,2.0100000000000002
0.4,0.7,0.4,1.0,1.4,2.3899999999999997
0.4,0.7,0.4,1.5,1.6,2.77
0.4,0.7,0.4,2.0,1.8,3.1500000000000004
0.4,0.7,0.4,2.5,2.0,3.53
0.4,0.7,0.4,3.0,2.2,3.91
0.4,0.7,0.4,3.5,2.4000000000000004,4.290000000000001
0.4,0.7,0.4,4.0,2.6,4.67
0.4,0.7,0.4,4.5,2.8,5.05
0.4,0.7,0.4,5.0,3.0,5.43
0.4,0.7,0.45,0.5,1.2,2.0325
0.4,0.7,0.45,1.0,1.4,2.4349999999999996
0.4,0.7,0.45,1.5,1.6,2.8375
0.4,0.7,0.45,2.0,1.8,3.24
0.4,0.7,0.45,2.5,2.0,3.6425
0.4,0.7,0.45,3.0,2.2,4.045
0.4,0.7,0.45,3.5,2.4000000000000004,4.4475
0.4,0.7,0.45,4.0,2.6,4.85
0.4,0.7,0.45,4.5,2.8,5.2524999999999995
0.4,0.7,0.45,5.0,3.0,5.654999999999999
0.4,0.7,0.5,0.5,1.2,2.055
0.4,0.7,0.5,1.0,1.4,2.48
0.4,0.7,0.5,1.5,1.6,2.9050000000000002
0.4,0.7,0.5,2.0,1.8,3.33
0.4,0.7,0.5,2.5,2.0,3.755
0.4,0.7,0.5,3.0,2.2,4.18
0.4,0.7,0.5,3.5,2.4000000000000004,4.605
0.4,0.7,0.5,4.0,2.6,5.03
0.4,0.7,0.5,4.5,2.8,5.455
0.4,0.7,0.5,5.0,3.0,5.88
0.4,0.8,0.0,0.5,1.2,1.92
0.4,0.8,0.0,1.0,1.4,2.12
0.4,0.8,0.0,1.5,1.6,2.3200000000000003
0.4,0.8,0.0,2.0,1.8,2.52
0.4,0.8,0.0,2.5,2.0,2.72
0.4,0.8,0.0,3.0,2.2,2.9200000000000004
0.4,0.8,0.0,3.5,2.4000000000000004,3.1200000000000006
0.4,0.8,0.0,4.0,2.6,3.3200000000000003
0.4,0.8,0.0,4.5,2.8,3.52
0.4,0.8,0.0,5.0,3.0,3.72
0.4,0.8,0.05,0.5,1.2,1.9425
0.4,0.8,0.05,1.0,1.4,2.165
0.4,0.8,0.05,1.5,1.6,2.3875
0.4,0.8,0.05,2.0,1.8,2.61
0.4,0.8,0.05,2.5,2.0,2.8325
0.4,0.8,0.05,3.0,2.2,3.0550000000000006
0.4,0.8,0.05,3.5,2.4000000000000004,3.2775000000000007
0.4,0.8,0.05,4.0,2.6,3.5000000000000004
0.4,0.8,0.05,4.5,2.8,3.7225
0.4,0.8,0.05,5.0,3.0,3.9450000000000003
0.4,0.8,0.1,0.5,1.2,1.9649999999999999
0.4,0.8,0.1,1.0,1.4,2.21
0.4,0.8,0.1,1.5,1.6,2.4550000000000005
0.4,0.8,0.1,2.0,1.8,2.7
0.4,0.8,0.1,2.5,2.0,2.9450000000000003
0.4,0.8,0.1,3.0,2.2,3.1900000000000004
0.4,0.8,0.1,3.5,2.4000000000000004,3.4350000000000005
0.4,0.8,0.1,4.0,2.6,3.68
0.4,0.8,0.1,4.5,2.8,3.925
0.4,0.8,0.1,5.0,3.0,4.17
0.4,0.8,0.15,0.5,1.2,1.9874999999999998
0.4,0.8,0.15,1.0,1.4,2.255
0.4,0.8,0.15,1.5,1.6,2.5225000000000004
0.4,0.8,0.15,2.0,1.8,2.79
0.4,0.8,0.15,2.5,2.0,3.0575
0.4,0.8,0.15,3.0,2.2,3.325
0.4,0.8,0.15,3.5,2.4000000000000004,3.5925000000000007
0.4,0.8,0.15,4.0,2.6,3.8600000000000003
0.4,0.8,0.15,4.5,2.8,4.1274999999999995
0.4,0.8,0.15,5.0,3.0,4.3950000000000005
0.4,0.8,0.2,0.5,1.2,2.01
0.4,0.8,0.2,1.0,1.4,2.3000000000000003
0.4,0.8,0.2,1.5,1.6,2.5900000000000003
0.4,0.8,0.2,2.0,1.8,2.88
0.4,0.8,0.2,2.5,2.0,3.1700000000000004
0.4,0.8,0.2,3.0,2.2,3.4600000000000004
0.4,0.8,0.2,3.5,2.4000000000000004,3.750000000000001
0.4,0.8,0.2,4.0,2.6,4.04
0.4,0.8,0.2,4.5,2.8,4.33
0.4,0.8,0.2,5.0,3.0,4.62
0.4,0.8,0.25,0.5,1.2,2.0324999999999998
0.4,0.8,0.25,1.0,1.4,2.345
0.4,0.8,0.25,1.5,1.6,2.6575
0.4,0.8,0.25,2.0,1.8,2.97
0.4,0.8,0.25,2.5,2.0,3.2825
0.4,0.8,0.25,3.0,2.2,3.5950000000000006
0.4,0.8,0.25,3.5,2.4000000000000004,3.9075000000000006
0.4,0.8,0.25,4.0,2.6,4.220000000000001
0.4,0.8,0.25,4.5,2.8,4.5325
0.4,0.8,0.25,5.0,3.0,4.845000000000001
0.4,0.8,0.3,0.5,1.2,2.0549999999999997
0.4,0.8,0.3,1.0,1.4,2.39
0.4,0.8,0.3,1.5,1.6,2.725
0.4,0.8,0.3,2.0,1.8,3.06
0.4,0.8,0.3,2.5,2.0,3.3950000000000005
0.4,0.8,0.3,3.0,2.2,3.7300000000000004
0.4,0.8,0.3,3.5,2.4000000000000004,4.065
0.4,0.8,0.3,4.0,2.6,4.4
0.4,0.8,0.3,4.5,2.8,4.734999999999999
0.4,0.8,0.3,5.0,3.0,5.07
0.4,0.8,0.35,0.5,1.2,2.0775
0.4,0.8,0.35,1.0,1.4,2.435
0.4,0.8,0.35,1.5,1.6,2.7925000000000004
0.4,0.8,0.35,2.0,1.8,3.15
0.4,0.8,0.35,2.5,2.0,3.5075000000000003
0.4,0.8,0.35,3.0,2.2,3.865
0.4,0.8,0.35,3.5,2.4000000000000004,4.2225
0.4,0.8,0.35,4.0,2.6,4.58
0.4,0.8,0.35,4.5,2.8,4.9375
0.4,0.8,0.35,5.0,3.0,5.295
0.4,0.8,0.4,0.5,1.2,2.1
0.4,0.8,0.4,1.0,1.4,2.48
0.4,0.8,0.4,1.5,1.6,2.8600000000000003
0.4,0.8,0.4,2.0,1.8,3.24
0.4,0.8,0.4,2.5,2.0,3.62
0.4,0.8,0.4,3.0,2.2,4.000000000000001
0.4,0.8,0.4,3.5,2.4000000000000004,4.380000000000001
0.4,0.8,0.4,4.0,2.6,4.760000000000001
0.4,0.8,0.4,4.5,2.8,5.140000000000001
0.4,0.8,0.4,5.0,3.0,5.5200000000000005
0.4,0.8,0.45,0.5,1.2,2.1225
0.4,0.8,0.45,1.0,1.4,2.5250000000000004
0.4,0.8,0.45,1.5,1.6,2.9275
0.4,0.8,0.45,2.0,1.8,3.33
0.4,0.8,0.45,2.5,2.0,3.7325
0.4,0.8,0.45,3.0,2.2,4.135000000000001
0.4,0.8,0.45,3.5,2.4000000000000004,4.5375000000000005
0.4,0.8,0.45,4.0,2.6,4.94
0.4,0.8,0.45,4.5,2.8,5.3425
0.4,0.8,0.45,5.0,3.0,5.745
0.4,0.8,0.5,0.5,1.2,2.145
0.4,0.8,0.5,1.0,1.4,2.5700000000000003
0.4,0.8,0.5,1.5,1.6,2.995
0.4,0.8,0.5,2.0,1.8,3.42
0.4,0.8,0.5,2.5,2.0,3.845
0.4,0.8,0.5,3.0,2.2,4.2700000000000005
0.4,0.8,0.5,3.5,2.4000000000000004,4.695
0.4,0.8,0.5,4.0,2.6,5.12
0.4,0.8,0.5,4.5,2.8,5.545
0.4,0.8,0.5,5.0,3.0,5.970000000000001
0.4,0.9,0.0,0.5,1.2,2.01
0.4,0.9,0.0,1.0,1.4,2.21
0.4,0.9,0.0,1.5,1.6,2.41
0.4,0.9,0.0,2.0,1.8,2.6100000000000003
0.4,0.9,0.0,2.5,2.0,2.81
0.4,0.9,0.0,3.0,2.2,3.0100000000000002
0.4,0.9,0.0,3.5,2.4000000000000004,3.2100000000000004
0.4,0.9,0.0,4.0,2.6,3.41
0.4,0.9,0.0,4.5,2.8,3.61
0.4,0.9,0.0,5.0,3.0,3.81
0.4,0.9,0.05,0.5,1.2,2.0324999999999998
0.4,0.9,0.05,1.0,1.4,2.255
0.4,0.9,0.05,1.5,1.6,2.4775
0.4,0.9,0.05,2.0,1.8,2.7
0.4,0.9,0.05,2.5,2.0,2.9225
0.4,0.9,0.05,3.0,2.2,3.1450000000000005
0.4,0.9,0.05,3.5,2.4000000000000004,3.3675000000000006
0.4,0.9,0.05,4.0,2.6,3.5900000000000003
0.4,0.9,0.05,4.5,2.8,3.8125
0.4,0.9,0.05,5.0,3.0,4.035
0.4,0.9,0.1,0.5,1.2,2.0549999999999997
0.4,0.9,0.1,1.0,1.4,2.3
0.4,0.9,0.1,1.5,1.6,2.5450000000000004
0.4,0.9,0.1,2.0,1.8,2.7900000000000005
0.4,0.9,0.1,2.5,2.0,3.035
0.4,0.9,0.1,3.0,2.2,3.2800000000000002
0.4,0.9,0.1,3.5,2.4000000000000004,3.5250000000000004
0.4,0.9,0.1,4.0,2.6,3.77
0.4,0.9,0.1,4.5,2.8,4.015
0.4,0.9,0.1,5.0,3.0,4.26
0.4,0.9,0.15,0.5,1.2,2.0774999999999997
0.4,0.9,0.15,1.0,1.4,2.3449999999999998
0.4,0.9,0.15,1.5,1.6,2.6125000000000003
0.4,0.9,0.15,2.0,1.8,2.8800000000000003
0.4,0.9,0.15,2.5,2.0,3.1475
0.4,0.9,0.15,3.0,2.2,3.415
0.4,0.9,0.15,3.5,2.4000000000000004,3.6825000000000006
0.4,0.9,0.15,4.0,2.6,3.95
0.4,0.9,0.15,4.5,2.8,4.217499999999999
0.4,0.9,0.15,5.0,3.0,4.485
0.4,0.9,0.2,0.5,1.2,2.0999999999999996
0.4,0.9,0.2,1.0,1.4,2.39
0.4,0.9,0.2,1.5,1.6,2.68
0.4,0.9,0.2,2.0,1.8,2.97
0.4,0.9,0.2,2.5,2.0,3.2600000000000002
0.4,0.9,0.2,3.0,2.2,3.5500000000000003
0.4,0.9,0.2,3.5,2.4000000000000004,3.8400000000000007
0.4,0.9,0.2,4.0,2.6,4.13
0.4,0.9,0.2,4.5,2.8,4.42
0.4,0.9,0.2,5.0,3.0,4.71
0.4,0.9,0.25,0.5,1.2,2.1224999999999996
0.4,0.9,0.25,1.0,1.4,2.435
0.4,0.9,0.25,1.5,1.6,2.7475
0.4,0.9,0.25,2.0,1.8,3.0600000000000005
0.4,0.9,0.25,2.5,2.0,3.3725
0.4,0.9,0.25,3.0,2.2,3.6850000000000005
0.4,0.9,0.25,3.5,2.4000000000000004,3.9975000000000005
0.4,0.9,0.25,4.0,2.6,4.3100000000000005
0.4,0.9,0.25,4.5,2.8,4.6225
0.4,0.9,0.25,5.0,3.0,4.9350000000000005
0.4,0.9,0.3,0.5,1.2,2.1449999999999996
0.4,0.9,0.3,1.0,1.4,2.48
0.4,0.9,0.3,1.5,1.6,2.815
0.4,0.9,0.3,2.0,1.8,3.1500000000000004
0.4,0.9,0.3,2.5,2.0,3.4850000000000003
0.4,0.9,0.3,3.0,2.2,3.8200000000000003
0.4,0.9,0.3,3.5,2.4000000000000004,4.155
0.4,0.9,0.3,4.0,2.6,4.49
0.4,0.9,0.3,4.5,2.8,4.824999999999999
0.4,0.9,0.3,5.0,3.0,5.16
0.4,0.9,0.35,0.5,1.2,2.1675
0.4,0.9,0.35,1.0,1.4,2.525
0.4,0.9,0.35,1.5,1.6,2.8825000000000003
0.4,0.9,0.35,2.0,1.8,3.24
0.4,0.9,0.35,2.5,2.0,3.5975
0.4,0.9,0.35,3.0,2.2,3.955
0.4,0.9,0.35,3.5,2.4000000000000004,4.3125
0.4,0.9,0.35,4.0,2.6,4.67
0.4,0.9,0.35,4.5,2.8,5.0275
0.4,0.9,0.35,5.0,3.0,5.385
0.4,0.9,0.4,0.5,1.2,2.19
0.4,0.9,0.4,1.0,1.4,2.57
0.4,0.9,0.4,1.5,1.6,2.95
0.4,0.9,0.4,2.0,1.8,3.3300000000000005
0.4,0.9,0.4,2.5,2.0,3.71
0.4,0.9,0.4,3.0,2.2,4.090000000000001
0.4,0.9,0.4,3.5,2.4000000000000004,4.470000000000001
0.4,0.9,0.4,4.0,2.6,4.8500000000000005
0.4,0.9,0.4,4.5,2.8,5.23
0.4,0.9,0.4,5.0,3.0,5.61
0.4,0.9,0.45,0.5,1.2,2.2125
0.4,0.9,0.45,1.0,1.4,2.615
0.4,0.9,0.45,1.5,1.6,3.0175
0.4,0.9,0.45,2.0,1.8,3.4200000000000004
0.4,0.9,0.45,2.5,2.0,3.8225
0.4,0.9,0.45,3.0,2.2,4.2250000000000005
0.4,0.9,0.45,3.5,2.4000000000000004,4.6275
0.4,0.9,0.45,4.0,2.6,5.03
0.4,0.9,0.45,4.5,2.8,5.4325
0.4,0.9,0.45,5.0,3.0,5.835
0.4,0.9,0.5,0.5,1.2,2.235
0.4,0.9,0.5,1.0,1.4,2.66
0.4,0.9,0.5,1.5,1.6,3.085
0.4,0.9,0.5,2.0,1.8,3.5100000000000002
0.4,0.9,0.5,2.5,2.0,3.935
0.4,0.9,0.5,3.0,2.2,4.36
0.4,0.9,0.5,3.5,2.4000000000000004,4.785
0.4,0.9,0.5,4.0,2.6,5.21
0.4,0.9,0.5,4.5,2.8,5.635
0.4,0.9,0.5,5.0,3.0,6.0600000000000005
0.4,1.0,0.0,0.5,1.2,2.1
0.4,1.0,0.0,1.0,1.4,2.3
0.4,1.0,0.0,1.5,1.6,2.5
0.4,1.0,0.0,2.0,1.8,2.7
0.4,1.0,0.0,2.5,2.0,2.9
0.4,1.0,0.0,3.0,2.2,3.1
0.4,1.0,0.0,3.5,2.4000000000000004,3.3000000000000003
0.4,1.0,0.0,4.0,2.6,3.5
0.4,1.0,0.0,4.5,2.8,3.6999999999999997
0.4,1.0,0.0,5.0,3.0,3.9
0.4,1.0,0.05,0.5,1.2,2.1225
0.4,1.0,0.05,1.0,1.4,2.3449999999999998
0.4,1.0,0.05,1.5,1.6,2.5675
0.4,1.0,0.05,2.0,1.8,2.79
0.4,1.0,0.05,2.5,2.0,3.0124999999999997
0.4,1.0,0.05,3.0,2.2,3.2350000000000003
0.4,1.0,0.05,3.5,2.4000000000000004,3.4575000000000005
0.4,1.0,0.05,4.0,2.6,3.68
0.4,1.0,0.05,4.5,2.8,3.9025
0.4,1.0,0.05,5.0,3.0,4.125
0.4,1.0,0.1,0.5,1.2,2.145
0.4,1.0,0.1,1.0,1.4,2.3899999999999997
0.4,1.0,0.1,1.5,1.6,2.6350000000000002
0.4,1.0,0.1,2.0,1.8,2.8800000000000003
0.4,1.0,0.1,2.5,2.0,3.125
0.4,1.0,0.1,3.0,2.2,3.37
0.4,1.0,0.1,3.5,2.4000000000000004,3.615
0.4,1.0,0.1,4.0,2.6,3.86
0.4,1.0,0.1,4.5,2.8,4.1049999999999995
0.4,1.0,0.1,5.0,3.0,4.35
0.4,1.0,0.15,0.5,1.2,2.1675
0.4,1.0,0.15,1.0,1.4,2.4349999999999996
0.4,1.0,0.15,1.5,1.6,2.7025
0.4,1.0,0.15,2.0,1.8,2.97
0.4,1.0,0.15,2.5,2.0,3.2375
0.4,1.0,0.15,3.0,2.2,3.505
0.4,1.0,0.15,3.5,2.4000000000000004,3.7725000000000004
0.4,1.0,0.15,4.0,2.6,4.04
0.4,1.0,0.15,4.5,2.8,4.307499999999999
0.4,1.0,0.15,5.0,3.0,4.575
0.4,1.0,0.2,0.5,1.2,2.19
0.4,1.0,0.2,1.0,1.4,2.48
0.4,1.0,0.2,1.5,1.6,2.77
0.4,1.0,0.2,2.0,1.8,3.06
0.4,1.0,0.2,2.5,2.0,3.35
0.4,1.0,0.2,3.0,2.2,3.64
0.4,1.0,0.2,3.5,2.4000000000000004,3.9300000000000006
0.4,1.0,0.2,4.0,2.6,4.22
0.4,1.0,0.2,4.5,2.8,4.51
0.4,1.0,0.2,5.0,3.0,4.8
0.4,1.0,0.25,0.5,1.2,2.2125
0.4,1.0,0.25,1.0,1.4,2.525
0.4,1.0,0.25,1.5,1.6,2.8375
0.4,1.0,0.25,2.0,1.8,3.1500000000000004
0.4,1.0,0.25,2.5,2.0,3.4625
0.4,1.0,0.25,3.0,2.2,3.7750000000000004
0.4,1.0,0.25,3.5,2.4000000000000004,4.0875
0.4,1.0,0.25,4.0,2.6,4.4
0.4,1.0,0.25,4.5,2.8,4.7124999999999995
0.4,1.0,0.25,5.0,3.0,5.025
0.4,1.0,0.3,0.5,1.2,2.2350000000000003
0.4,1.0,0.3,1.0,1.4,2.57
0.4,1.0,0.3,1.5,1.6,2.905
0.4,1.0,0.3,2.0,1.8,3.24
0.4,1.0,0.3,2.5,2.0,3.575
0.4,1.0,0.3,3.0,2.2,3.91
0.4,1.0,0.3,3.5,2.4000000000000004,4.245
0.4,1.0,0.3,4.0,2.6,4.58
0.4,1.0,0.3,4.5,2.8,4.914999999999999
0.4,1.0,0.3,5.0,3.0,5.25
0.4,1.0,0.35,0.5,1.2,2.2575000000000003
0.4,1.0,0.35,1.0,1.4,2.6149999999999998
0.4,1.0,0.35,1.5,1.6,2.9725
0.4,1.0,0.35,2.0,1.8,3.33
0.4,1.0,0.35,2.5,2.0,3.6875
0.4,1.0,0.35,3.0,2.2,4.045
0.4,1.0,0.35,3.5,2.4000000000000004,4.4025
0.4,1.0,0.35,4.0,2.6,4.76
0.4,1.0,0.35,4.5,2.8,5.1175
0.4,1.0,0.35,5.0,3.0,5.475
0.4,1.0,0.4,0.5,1.2,2.2800000000000002
0.4,1.0,0.4,1.0,1.4,2.6599999999999997
0.4,1.0,0.4,1.5,1.6,3.04
0.4,1.0,0.4,2.0,1.8,3.4200000000000004
0.4,1.0,0.4,2.5,2.0,3.8
0.4,1.0,0.4,3.0,2.2,4.180000000000001
0.4,1.0,0.4,3.5,2.4000000000000004,4.5600000000000005
0.4,1.0,0.4,4.0,2.6,4.94
0.4,1.0,0.4,4.5,2.8,5.32
0.4,1.0,0.4,5.0,3.0,5.7
0.4,1.0,0.45,0.5,1.2,2.3025
0.4,1.0,0.45,1.0,1.4,2.705
0.4,1.0,0.45,1.5,1.6,3.1075
0.4,1.0,0.45,2.0,1.8,3.5100000000000002
0.4,1.0,0.45,2.5,2.0,3.9124999999999996
0.4,1.0,0.45,3.0,2.2,4.315
0.4,1.0,0.45,3.5,2.4000000000000004,4.7175
0.4,1.0,0.45,4.0,2.6,5.12
0.4,1.0,0.45,4.5,2.8,5.5225
0.4,1.0,0.45,5.0,3.0,5.925
0.4,1.0,0.5,0.5,1.2,2.325
0.4,1.0,0.5,1.0,1.4,2.75
0.4,1.0,0.5,1.5,1.6,3.175
0.4,1.0,0.5,2.0,1.8,3.6
0.4,1.0,0.5,2.5,2.0,4.025
0.4,1.0,0.5,3.0,2.2,4.45
0.4,1.0,0.5,3.5,2.4000000000000004,4.875
0.4,1.0,0.5,4.0,2.6,5.3
0.4,1.0,0.5,4.5,2.8,5.725
0.4,1.0,0.5,5.0,3.0,6.15
0.5,0.0,0.0,0.5,1.25,1.25
0.5,0.0,0.0,1.0,1.5,1.5
0.5,0.0,0.0,1.5,1.75,1.75
0.5,0.0,0.0,2.0,2.0,2.0
0.5,0.0,0.0,2.5,2.25,2.25
0.5,0.0,0.0,3.0,2.5,2.5
0.5,0.0,0.0,3.5,2.75,2.75
0.5,0.0,0.0,4.0,3.0,3.0
0.5,0.0,0.0,4.5,3.25,3.25
0.5,0.0,0.0,5.0,3.5,3.5
0.5,0.0,0.05,0.5,1.25,1.2725
0.5,0.0,0.05,1.0,1.5,1.545
0.5,0.0,0.05,1.5,1.75,1.8175000000000001
0.5,0.0,0.05,2.0,2.0,2.09
0.5,0.0,0.05,2.5,2.25,2.3625
0.5,0.0,0.05,3.0,2.5,2.6350000000000002
0.5,0.0,0.05,3.5,2.75,2.9075
0.5,0.0,0.05,4.0,3.0,3.18
0.5,0.0,0.05,4.5,3.25,3.4525
0.5,0.0,0.05,5.0,3.5,3.725
0.5,0.0,0.1,0.5,1.25,1.295
0.5,0.0,0.1,1.0,1.5,1.59
0.5,0.0,0.1,1.5,1.75,1.885
0.5,0.0,0.1,2.0,2.0,2.18
0.5,0.0,0.1,2.5,2.25,2.475
0.5,0.0,0.1,3.0,2.5,2.77
0.5,0.0,0.1,3.5,2.75,3.065
0.5,0.0,0.1,4.0,3.0,3.36
0.5,0.0,0.1,4.5,3.25,3.6550000000000002
0.5,0.0,0.1,5.0,3.5,3.95
0.5,0.0,0.15,0.5,1.25,1.3175
0.5,0.0,0.15,1.0,1.5,1.635
0.5,0.0,0.15,1.5,1.75,1.9525
0.5,0.0,0.15,2.0,2.0,2.27
0.5,0.0,0.15,2.5,2.25,2.5875
0.5,0.0,0.15,3.0,2.5,2.905
0.5,0.0,0.15,3.5,2.75,3.2225
0.5,0.0,0.15,4.0,3.0,3.54
0.5,0.0,0.15,4.5,3.25,3.8575
0.5,0.0,0.15,5.0,3.5,4.175
0.5,0.0,0.2,0.5,1.25,1.34
0.5,0.0,0.2,1.0,1.5,1.68
0.5,0.0,0.2,1.5,1.75,2.02
0.5,0.0,0.2,2.0,2.0,2.36
0.5,0.0,0.2,2.5,2.25,2.7
0.5,0.0,0.2,3.0,2.5,3.04
0.5,0.0,0.2,3.5,2.75,3.38
0.5,0.0,0.2,4.0,3.0,3.72
0.5,0.0,0.2,4.5,3.25,4.0600000000000005
0.5,0.0,0.2,5.0,3.5,4.4
0.5,0.0,0.25,0.5,1.25,1.3625
0.5,0.0,0.25,1.0,1.5,1.725
0.5,0.0,0.25,1.5,1.75,2.0875
0.5,0.0,0.25,2.0,2.0,2.45
0.5,0.0,0.25,2.5,2.25,2.8125
0.5,0.0,0.25,3.0,2.5,3.175
0.5,0.0,0.25,3.5,2.75,3.5375
0.5,0.0,0.25,4.0,3.0,3.9
0.5,0.0,0.25,4.5,3.25,4.2625
0.5,0.0,0.25,5.0,3.5,4.625
0.5,0.0,0.3,0.5,1.25,1.385
0.5,0.0,0.3,1.0,1.5,1.77
0.5,0.0,0.3,1.5,1.75,2.155
0.5,0.0,0.3,2.0,2.0,2.54
0.5,0.0,0.3,2.5,2.25,2.925
0.5,0.0,0.3,3.0,2.5,3.31
0.5,0.0,0.3,3.5,2.75,3.6950000000000003
0.5,0.0,0.3,4.0,3.0,4.08
0.5,0.0,0.3,4.5,3.25,4.465
0.5,0.0,0.3,5.0,3.5,4.85
0.5,0.0,0.35,0.5,1.25,1.4075
0.5,0.0,0.35,1.0,1.5,1.815
0.5,0.0,0.35,1.5,1.75,2.2225
0.5,0.0,0.35,2.0,2.0,2.63
0.5,0.0,0.35,2.5,2.25,3.0375
0.5,0.0,0.35,3.0,2.5,3.445
0.5,0.0,0.35,3.5,2.75,3.8525
0.5,0.0,0.35,4.0,3.0,4.26
0.5,0.0,0.35,4.5,3.25,4.6675
0.5,0.0,0.35,5.0,3.5,5.075
0.5,0.0,0.4,0.5,1.25,1.43
0.5,0.0,0.4,1.0,1.5,1.86
0.5,0.0,0.4,1.5,1.75,2.29
0.5,0.0,0.4,2.0,2.0,2.72
0.5,0.0,0.4,2.5,2.25,3.15
0.5,0.0,0.4,3.0,2.5,3.58
0.5,0.0,0.4,3.5,2.75,4.01
0.5,0.0,0.4,4.0,3.0,4.44
0.5,0.0,0.4,4.5,3.25,4.87
0.5,0.0,0.4,5.0,3.5,5.3
0.5,0.0,0.45,0.5,1.25,1.4525000000000001
0.5,0.0,0.45,1.0,1.5,1.905
0.5,0.0,0.45,1.5,1.75,2.3575
0.5,0.0,0.45,2.0,2.0,2.81
0.5,0.0,0.45,2.5,2.25,3.2625
0.5,0.0,0.45,3.0,2.5,3.715
0.5,0.0,0.45,3.5,2.75,4.1675
0.5,0.0,0.45,4.0,3.0,4.62
0.5,0.0,0.45,4.5,3.25,5.0725
0.5,0.0,0.45,5.0,3.5,5.525
0.5,0.0,0.5,0.5,1.25,1.475
0.5,0.0,0.5,1.0,1.5,1.95
0.5,0.0,0.5,1.5,1.75,2.425
0.5,0.0,0.5,2.0,2.0,2.9
0.5,0.0,0.5,2.5,2.25,3.375
0.5,0.0,0.5,3.0,2.5,3.85
0.5,0.0,0.5,3.5,2.75,4.325
0.5,0.0,0.5,4.0,3.0,4.8
0.5,0.0,0.5,4.5,3.25,5.275
0.5,0.0,0.5,5.0,3.5,5.75
0.5,0.1,0.0,0.5,1.25,1.34
0.5,0.1,0.0,1.0,1.5,1.59
0.5,0.1,0.0,1.5,1.75,1.84
0.5,0.1,0.0,2.0,2.0,2.09
0.5,0.1,0.0,2.5,2.25,2.34
0.5,0.1,0.0,3.0,2.5,2.59
0.5,0.1,0.0,3.5,2.75,2.84
0.5,0.1,0.0,4.0,3.0,3.09
0.5,0.1,0.0,4.5,3.25,3.34
0.5,0.1,0.0,5.0,3.5,3.59
0.5,0.1,0.05,0.5,1.25,1.3625
0.5,0.1,0.05,1.0,1.5,1.635
0.5,0.1,0.05,1.5,1.75,1.9075000000000002
0.5,0.1,0.05,2.0,2.0,2.1799999999999997
0.5,0.1,0.05,2.5,2.25,2.4524999999999997
0.5,0.1,0.05,3.0,2.5,2.725
0.5,0.1,0.05,3.5,2.75,2.9975
0.5,0.1,0.05,4.0,3.0,3.27
0.5,0.1,0.05,4.5,3.25,3.5425
0.5,0.1,0.05,5.0,3.5,3.815
0.5,0.1,0.1,0.5,1.25,1.385
0.5,0.1,0.1,1.0,1.5,1.6800000000000002
0.5,0.1,0.1,1.5,1.75,1.975
0.5,0.1,0.1,2.0,2.0,2.27
0.5,0.1,0.1,2.5,2.25,2.565
0.5,0.1,0.1,3.0,2.5,2.86
0.5,0.1,0.1,3.5,2.75,3.155
0.5,0.1,0.1,4.0,3.0,3.4499999999999997
0.5,0.1,0.1,4.5,3.25,3.745
0.5,0.1,0.1,5.0,3.5,4.04
0.5,0.1,0.15,0.5,1.25,1.4075000000000002
0.5,0.1,0.15,1.0,1.5,1.725
0.5,0.1,0.15,1.5,1.75,2.0425
0.5,0.1,0.15,2.0,2.0,2.36
0.5,0.1,0.15,2.5,2.25,2.6774999999999998
0.5,0.1,0.15,3.0,2.5,2.9949999999999997
0.5,0.1,0.15,3.5,2.75,3.3125
0.5,0.1,0.15,4.0,3.0,3.63
0.5,0.1,0.15,4.5,3.25,3.9475
0.5,0.1,0.15,5.0,3.5,4.265
0.5,0.1,0.2,0.5,1.25,1.4300000000000002
0.5,0.1,0.2,1.0,1.5,1.77
0.5,0.1,0.2,1.5,1.75,2.1100000000000003
0.5,0.1,0.2,2.0,2.0,2.4499999999999997
0.5,0.1,0.2,2.5,2.25,2.79
0.5,0.1,0.2,3.0,2.5,3.13
0.5,0.1,0.2,3.5,2.75,3.4699999999999998
0.5,0.1,0.2,4.0,3.0,3.81
0.5,0.1,0.2,4.5,3.25,4.15
0.5,0.1,0.2,5.0,3.5,4.49
0.5,0.1,0.25,0.5,1.25,1.4525000000000001
0.5,0.1,0.25,1.0,1.5,1.8150000000000002
0.5,0.1,0.25,1.5,1.75,2.1775
0.5,0.1,0.25,2.0,2.0,2.54
0.5,0.1,0.25,2.5,2.25,2.9025
0.5,0.1,0.25,3.0,2.5,3.2649999999999997
0.5,0.1,0.25,3.5,2.75,3.6275
0.5,0.1,0.25,4.0,3.0,3.9899999999999998
0.5,0.1,0.25,4.5,3.25,4.3525
0.5,0.1,0.25,5.0,3.5,4.715
0.5,0.1,0.3,0.5,1.25,1.475
0.5,0.1,0.3,1.0,1.5,1.86
0.5,0.1,0.3,1.5,1.75,2.245
0.5,0.1,0.3,2.0,2.0,2.63
0.5,0.1,0.3,2.5,2.25,3.0149999999999997
0.5,0.1,0.3,3.0,2.5,3.4
0.5,0.1,0.3,3.5,2.75,3.785
0.5,0.1,0.3,4.0,3.0,4.17
0.5,0.1,0.3,4.5,3.25,4.555
0.5,0.1,0.3,5.0,3.5,4.9399999999999995
0.5,0.1,0.35,0.5,1.25,1.4975
0.5,0.1,0.35,1.0,1.5,1.905
0.5,0.1,0.35,1.5,1.75,2.3125
0.5,0.1,0.35,2.0,2.0,2.7199999999999998
0.5,0.1,0.35,2.5,2.25,3.1275
0.5,0.1,0.35,3.0,2.5,3.5349999999999997
0.5,0.1,0.35,3.5,2.75,3.9425
0.5,0.1,0.35,4.0,3.0,4.35
0.5,0.1,0.35,4.5,3.25,4.7575
0.5,0.1,0.35,5.0,3.5,5.165
0.5,0.1,0.4,0.5,1.25,1.52
0.5,0.1,0.4,1.0,1.5,1.9500000000000002
0.5,0.1,0.4,1.5,1.75,2.3800000000000003
0.5,0.1,0.4,2.0,2.0,2.81
0.5,0.1,0.4,2.5,2.25,3.2399999999999998
0.5,0.1,0.4,3.0,2.5,3.67
0.5,0.1,0.4,3.5,2.75,4.1
0.5,0.1,0.4,4.0,3.0,4.53
0.5,0.1,0.4,4.5,3.25,4.96
0.5,0.1,0.4,5.0,3.5,5.39
0.5,0.1,0.45,0.5,1.25,1.5425
0.5,0.1,0.45,1.0,1.5,1.995
0.5,0.1,0.45,1.5,1.75,2.4475000000000002
0.5,0.1,0.45,2.0,2.0,2.9
0.5,0.1,0.45,2.5,2.25,3.3525
0.5,0.1,0.45,3.0,2.5,3.8049999999999997
0.5,0.1,0.45,3.5,2.75,4.2575
0.5,0.1,0.45,4.0,3.0,4.71
0.5,0.1,0.45,4.5,3.25,5.1625
0.5,0.1,0.45,5.0,3.5,5.615
0.5,0.1,0.5,0.5,1.25,1.5650000000000002
0.5,0.1,0.5,1.0,1.5,2.04
0.5,0.1,0.5,1.5,1.75,2.515
0.5,0.1,0.5,2.0,2.0,2.9899999999999998
0.5,0.1,0.5,2.5,2.25,3.465
0.5,0.1,0.5,3.0,2.5,3.94
0.5,0.1,0.5,3.5,2.75,4.415
0.5,0.1,0.5,4.0,3.0,4.89
0.5,0.1,0.5,4.5,3.25,5.365
0.5,0.1,0.5,5.0,3.5,5.84
0.5,0.2,0.0,0.5,1.25,1.43
0.5,0.2,0.0,1.0,1.5,1.68
0.5,0.2,0.0,1.5,1.75,1.93
0.5,0.2,0.0,2.0,2.0,2.18
0.5,0.2,0.0,2.5,2.25,2.43
0.5,0.2,0.0,3.0,2.5,2.68
0.5,0.2,0.0,3.5,2.75,2.93
0.5,0.2,0.0,4.0,3.0,3.18
0.5,0.2,0.0,4.5,3.25,3.43
0.5,0.2,0.0,5.0,3.5,3.68
0.5,0.2,0.05,0.5,1.25,1.4525
0.5,0.2,0.05,1.0,1.5,1.7249999999999999
0.5,0.2,0.05,1.5,1.75,1.9975
0.5,0.2,0.05,2.0,2.0,2.27
0.5,0.2,0.05,2.5,2.25,2.5425
0.5,0.2,0.05,3.0,2.5,2.8150000000000004
0.5,0.2,0.05,3.5,2.75,3.0875000000000004
0.5,0.2,0.05,4.0,3.0,3.3600000000000003
0.5,0.2,0.05,4.5,3.25,3.6325000000000003
0.5,0.2,0.05,5.0,3.5,3.9050000000000002
0.5,0.2,0.1,0.5,1.25,1.4749999999999999
0.5,0.2,0.1,1.0,1.5,1.77
0.5,0.2,0.1,1.5,1.75,2.065
0.5,0.2,0.1,2.0,2.0,2.3600000000000003
0.5,0.2,0.1,2.5,2.25,2.6550000000000002
0.5,0.2,0.1,3.0,2.5,2.95
0.5,0.2,0.1,3.5,2.75,3.245
0.5,0.2,0.1,4.0,3.0,3.54
0.5,0.2,0.1,4.5,3.25,3.835
0.5,0.2,0.1,5.0,3.5,4.13
0.5,0.2,0.15,0.5,1.25,1.4975
0.5,0.2,0.15,1.0,1.5,1.815
0.5,0.2,0.15,1.5,1.75,2.1325
0.5,0.2,0.15,2.0,2.0,2.45
0.5,0.2,0.15,2.5,2.25,2.7675
0.5,0.2,0.15,3.0,2.5,3.085
0.5,0.2,0.15,3.5,2.75,3.4025000000000003
0.5,0.2,0.15,4.0,3.0,3.72
0.5,0.2,0.15,4.5,3.25,4.0375
0.5,0.2,0.15,5.0,3.5,4.355
0.5,0.2,0.2,0.5,1.25,1.52
0.5,0.2,0.2,1.0,1.5,1.8599999999999999
0.5,0.2,0.2,1.5,1.75,2.2
0.5,0.2,0.2,2.0,2.0,2.54
0.5,0.2,0.2,2.5,2.25,2.8800000000000003
0.5,0.2,0.2,3.0,2.5,3.22
0.5,0.2,0.2,3.5,2.75,3.5600000000000005
0.5,0.2,0.2,4.0,3.0,3.9000000000000004
0.5,0.2,0.2,4.5,3.25,4.24
0.5,0.2,0.2,5.0,3.5,4.58
0.5,0.2,0.25,0.5,1.25,1.5425
0.5,0.2,0.25,1.0,1.5,1.905
0.5,0.2,0.25,1.5,1.75,2.2675
0.5,0.2,0.25,2.0,2.0,2.6300000000000003
0.5,0.2,0.25,2.5,2.25,2.9925
0.5,0.2,0.25,3.0,2.5,3.3550000000000004
0.5,0.2,0.25,3.5,2.75,3.7175000000000002
0.5,0.2,0.25,4.0,3.0,4.08
0.5,0.2,0.25,4.5,3.25,4.4425
0.5,0.2,0.25,5.0,3.5,4.805
0.5,0.2,0.3,0.5,1.25,1.565
0.5,0.2,0.3,1.0,1.5,1.95
0.5,0.2,0.3,1.5,1.75,2.335
0.5,0.2,0.3,2.0,2.0,2.72
0.5,0.2,0.3,2.5,2.25,3.1050000000000004
0.5,0.2,0.3,3.0,2.5,3.49
0.5,0.2,0.3,3.5,2.75,3.875
0.5,0.2,0.3,4.0,3.0,4.26
0.5,0.2,0.3,4.5,3.25,4.645
0.5,0.2,0.3,5.0,3.5,5.03
0.5,0.2,0.35,0.5,1.25,1.5875
0.5,0.2,0.35,1.0,1.5,1.9949999999999999
0.5,0.2,0.35,1.5,1.75,2.4025
0.5,0.2,0.35,2.0,2.0,2.81
0.5,0.2,0.35,2.5,2.25,3.2175000000000002
0.5,0.2,0.35,3.0,2.5,3.625
0.5,0.2,0.35,3.5,2.75,4.0325
0.5,0.2,0.35,4.0,3.0,4.44
0.5,0.2,0.35,4.5,3.25,4.8475
0.5,0.2,0.35,5.0,3.5,5.255
0.5,0.2,0.4,0.5,1.25,1.6099999999999999
0.5,0.2,0.4,1.0,1.5,2.04
0.5,0.2,0.4,1.5,1.75,2.47
0.5,0.2,0.4,2.0,2.0,2.9000000000000004
0.5,0.2,0.4,2.5,2.25,3.33
0.5,0.2,0.4,3.0,2.5,3.7600000000000007
0.5,0.2,0.4,3.5,2.75,4.19
0.5,0.2,0.4,4.0,3.0,4.62
0.5,0.2,0.4,4.5,3.25,5.050000000000001
0.5,0.2,0.4,5.0,3.5,5.48
0.5,0.2,0.45,0.5,1.25,1.6324999999999998
0.5,0.2,0.45,1.0,1.5,2.085
0.5,0.2,0.45,1.5,1.75,2.5375
0.5,0.2,0.45,2.0,2.0,2.99
0.5,0.2,0.45,2.5,2.25,3.4425
0.5,0.2,0.45,3.0,2.5,3.8950000000000005
0.5,0.2,0.45,3.5,2.75,4.3475
0.5,0.2,0.45,4.0,3.0,4.800000000000001
0.5,0.2,0.45,4.5,3.25,5.2525
0.5,0.2,0.45,5.0,3.5,5.705
0.5,0.2,0.5,0.5,1.25,1.655
0.5,0.2,0.5,1.0,1.5,2.13
0.5,0.2,0.5,1.5,1.75,2.605
0.5,0.2,0.5,2.0,2.0,3.08
0.5,0.2,0.5,2.5,2.25,3.555
0.5,0.2,0.5,3.0,2.5,4.03
0.5,0.2,0.5,3.5,2.75,4.505
0.5,0.2,0.5,4.0,3.0,4.98
0.5,0.2,0.5,4.5,3.25,5.455
0.5,0.2,0.5,5.0,3.5,5.93
0.5,0.3,0.0,0.5,1.25,1.52
0.5,0.3,0.0,1.0,1.5,1.77
0.5,0.3,0.0,1.5,1.75,2.02
0.5,0.3,0.0,2.0,2.0,2.27
0.5,0.3,0.0,2.5,2.25,2.52
0.5,0.3,0.0,3.0,2.5,2.77
0.5,0.3,0.0,3.5,2.75,3.02
0.5,0.3,0.0,4.0,3.0,3.27
0.5,0.3,0.0,4.5,3.25,3.52
0.5,0.3,0.0,5.0,3.5,3.77
0.5,0.3,0.05,0.5,1.25,1.5425
0.5,0.3,0.05,1.0,1.5,1.815
0.5,0.3,0.05,1.5,1.75,2.0875
0.5,0.3,0.05,2.0,2.0,2.36
0.5,0.3,0.05,2.5,2.25,2.6325
0.5,0.3,0.05,3.0,2.5,2.9050000000000002
0.5,0.3,0.05,3.5,2.75,3.1775
0.5,0.3,0.05,4.0,3.0,3.45
0.5,0.3,0.05,4.5,3.25,3.7225
0.5,0.3,0.05,5.0,3.5,3.995
0.5,0.3,0.1,0.5,1.25,1.565
0.5,0.3,0.1,1.0,1.5,1.86
0.5,0.3,0.1,1.5,1.75,2.1550000000000002
0.5,0.3,0.1,2.0,2.0,2.45
0.5,0.3,0.1,2.5,2.25,2.745
0.5,0.3,0.1,3.0,2.5,3.04
0.5,0.3,0.1,3.5,2.75,3.335
0.5,0.3,0.1,4.0,3.0,3.63
0.5,0.3,0.1,4.5,3.25,3.925
0.5,0.3,0.1,5.0,3.5,4.22
0.5,0.3,0.15,0.5,1.25,1.5875
0.5,0.3,0.15,1.0,1.5,1.905
0.5,0.3,0.15,1.5,1.75,2.2225
0.5,0.3,0.15,2.0,2.0,2.54
0.5,0.3,0.15,2.5,2.25,2.8575
0.5,0.3,0.15,3.0,2.5,3.175
0.5,0.3,0.15,3.5,2.75,3.4925
0.5,0.3,0.15,4.0,3.0,3.81
0.5,0.3,0.15,4.5,3.25,4.1274999999999995
0.5,0.3,0.15,5.0,3.5,4.445
0.5,0.3,0.2,0.5,1.25,1.61
0.5,0.3,0.2,1.0,1.5,1.95
0.5,0.3,0.2,1.5,1.75,2.29
0.5,0.3,0.2,2.0,2.0,2.63
0.5,0.3,0.2,2.5,2.25,2.97
0.5,0.3,0.2,3.0,2.5,3.31
0.5,0.3,0.2,3.5,2.75,3.6500000000000004
0.5,0.3,0.2,4.0,3.0,3.99
0.5,0.3,0.2,4.5,3.25,4.33
0.5,0.3,0.2,5.0,3.5,4.67
0.5,0.3,0.25,0.5,1.25,1.6325
0.5,0.3,0.25,1.0,1.5,1.995
0.5,0.3,0.25,1.5,1.75,2.3575
0.5,0.3,0.25,2.0,2.0,2.72
0.5,0.3,0.25,2.5,2.25,3.0825
0.5,0.3,0.25,3.0,2.5,3.4450000000000003
0.5,0.3,0.25,3.5,2.75,3.8075
0.5,0.3,0.25,4.0,3.0,4.17
0.5,0.3,0.25,4.5,3.25,4.5325
0.5,0.3,0.25,5.0,3.5,4.895
0.5,0.3,0.3,0.5,1.25,1.655
0.5,0.3,0.3,1.0,1.5,2.04
0.5,0.3,0.3,1.5,1.75,2.425
0.5,0.3,0.3,2.0,2.0,2.81
0.5,0.3,0.3,2.5,2.25,3.1950000000000003
0.5,0.3,0.3,3.0,2.5,3.58
0.5,0.3,0.3,3.5,2.75,3.965
0.5,0.3,0.3,4.0,3.0,4.35
0.5,0.3,0.3,4.5,3.25,4.734999999999999
0.5,0.3,0.3,5.0,3.5,5.12
0.5,0.3,0.35,0.5,1.25,1.6775
0.5,0.3,0.35,1.0,1.5,2.085
0.5,0.3,0.35,1.5,1.75,2.4924999999999997
0.5,0.3,0.35,2.0,2.0,2.9
0.5,0.3,0.35,2.5,2.25,3.3075
0.5,0.3,0.35,3.0,2.5,3.715
0.5,0.3,0.35,3.5,2.75,4.1225
0.5,0.3,0.35,4.0,3.0,4.53
0.5,0.3,0.35,4.5,3.25,4.9375
0.5,0.3,0.35,5.0,3.5,5.345
0.5,0.3,0.4,0.5,1.25,1.7
0.5,0.3,0.4,1.0,1.5,2.13
0.5,0.3,0.4,1.5,1.75,2.56
0.5,0.3,0.4,2.0,2.0,2.99
0.5,0.3,0.4,2.5,2.25,3.42
0.5,0.3,0.4,3.0,2.5,3.8500000000000005
0.5,0.3,0.4,3.5,2.75,4.28
0.5,0.3,0.4,4.0,3.0,4.71
0.5,0.3,0.4,4.5,3.25,5.140000000000001
0.5,0.3,0.4,5.0,3.5,5.57
0.5,0.3,0.45,0.5,1.25,1.7225000000000001
0.5,0.3,0.45,1.0,1.5,2.175
0.5,0.3,0.45,1.5,1.75,2.6275
0.5,0.3,0.45,2.0,2.0,3.08
0.5,0.3,0.45,2.5,2.25,3.5324999999999998
0.5,0.3,0.45,3.0,2.5,3.9850000000000003
0.5,0.3,0.45,3.5,2.75,4.4375
0.5,0.3,0.45,4.0,3.0,4.890000000000001
0.5,0.3,0.45,4.5,3.25,5.3425
0.5,0.3,0.45,5.0,3.5,5.795
0.5,0.3,0.5,0.5,1.25,1.745
0.5,0.3,0.5,1.0,1.5,2.22
0.5,0.3,0.5,1.5,1.75,2.6950000000000003
0.5,0.3,0.5,2.0,2.0,3.17
0.5,0.3,0.5,2.5,2.25,3.645
0.5,0.3,0.5,3.0,2.5,4.12
0.5,0.3,0.5,3.5,2.75,4.595
0.5,0.3,0.5,4.0,3.0,5.07
0.5,0.3,0.5,4.5,3.25,5.545
0.5,0.3,0.5,5.0,3.5,6.02
0.5,0.4,0.0,0.5,1.25,1.61
0.5,0.4,0.0,1.0,1.5,1.86
0.5,0.4,0.0,1.5,1.75,2.11
0.5,0.4,0.0,2.0,2.0,2.36
0.5,0.4,0.0,2.5,2.25,2.61
0.5,0.4,0.0,3.0,2.5,2.86
0.5,0.4,0.0,3.5,2.75,3.11
0.5,0.4,0.0,4.0,3.0,3.36
0.5,0.4,0.0,4.5,3.25,3.61
0.5,0.4,0.0,5.0,3.5,3.86
0.5,0.4,0.05,0.5,1.25,1.6325
0.5,0.4,0.05,1.0,1.5,1.905
0.5,0.4,0.05,1.5,1.75,2.1774999999999998
0.5,0.4,0.05,2.0,2.0,2.4499999999999997
0.5,0.4,0.05,2.5,2.25,2.7224999999999997
0.5,0.4,0.05,3.0,2.5,2.995
0.5,0.4,0.05,3.5,2.75,3.2675
0.5,0.4,0.05,4.0,3.0,3.54
0.5,0.4,0.05,4.5,3.25,3.8125
0.5,0.4,0.05,5.0,3.5,4.085
0.5,0.4,0.1,0.5,1.25,1.655
0.5,0.4,0.1,1.0,1.5,1.9500000000000002
0.5,0.4,0.1,1.5,1.75,2.245
0.5,0.4,0.1,2.0,2.0,2.54
0.5,0.4,0.1,2.5,2.25,2.835
0.5,0.4,0.1,3.0,2.5,3.13
0.5,0.4,0.1,3.5,2.75,3.425
0.5,0.4,0.1,4.0,3.0,3.7199999999999998
0.5,0.4,0.1,4.5,3.25,4.015
0.5,0.4,0.1,5.0,3.5,4.31
0.5,0.4,0.15,0.5,1.25,1.6775000000000002
0.5,0.4,0.15,1.0,1.5,1.995
0.5,0.4,0.15,1.5,1.75,2.3125
0.5,0.4,0.15,2.0,2.0,2.63
0.5,0.4,0.15,2.5,2.25,2.9475
0.5,0.4,0.15,3.0,2.5,3.2649999999999997
0.5,0.4,0.15,3.5,2.75,3.5825
0.5,0.4,0.15,4.0,3.0,3.9
0.5,0.4,0.15,4.5,3.25,4.217499999999999
0.5,0.4,0.15,5.0,3.5,4.535
0.5,0.4,0.2,0.5,1.25,1.7000000000000002
0.5,0.4,0.2,1.0,1.5,2.04
0.5,0.4,0.2,1.5,1.75,2.38
0.5,0.4,0.2,2.0,2.0,2.7199999999999998
0.5,0.4,0.2,2.5,2.25,3.06
0.5,0.4,0.2,3.0,2.5,3.4
0.5,0.4,0.2,3.5,2.75,3.74
0.5,0.4,0.2,4.0,3.0,4.08
0.5,0.4,0.2,4.5,3.25,4.42
0.5,0.4,0.2,5.0,3.5,4.76
0.5,0.4,0.25,0.5,1.25,1.7225000000000001
0.5,0.4,0.25,1.0,1.5,2.085
0.5,0.4,0.25,1.5,1.75,2.4475
0.5,0.4,0.25,2.0,2.0,2.81
0.5,0.4,0.25,2.5,2.25,3.1725
0.5,0.4,0.25,3.0,2.5,3.535
0.5,0.4,0.25,3.5,2.75,3.8975
0.5,0.4,0.25,4.0,3.0,4.26
0.5,0.4,0.25,4.5,3.25,4.6225
0.5,0.4,0.25,5.0,3.5,4.984999999999999
0.5,0.4,0.3,0.5,1.25,1.745
0.5,0.4,0.3,1.0,1.5,2.13
0.5,0.4,0.3,1.5,1.75,2.5149999999999997
0.5,0.4,0.3,2.0,2.0,2.9
0.5,0.4,0.3,2.5,2.25,3.285
0.5,0.4,0.3,3.0,2.5,3.67
0.5,0.4,0.3,3.5,2.75,4.055
0.5,0.4,0.3,4.0,3.0,4.4399999999999995
0.5,0.4,0.3,4.5,3.25,4.824999999999999
0.5,0.4,0.3,5.0,3.5,5.21
0.5,0.4,0.35,0.5,1.25,1.7675
0.5,0.4,0.35,1.0,1.5,2.1750000000000003
0.5,0.4,0.35,1.5,1.75,2.5824999999999996
0.5,0.4,0.35,2.0,2.0,2.9899999999999998
0.5,0.4,0.35,2.5,2.25,3.3975
0.5,0.4,0.35,3.0,2.5,3.8049999999999997
0.5,0.4,0.35,3.5,2.75,4.2124999999999995
0.5,0.4,0.35,4.0,3.0,4.62
0.5,0.4,0.35,4.5,3.25,5.0275
0.5,0.4,0.35,5.0,3.5,5.435
0.5,0.4,0.4,0.5,1.25,1.79
0.5,0.4,0.4,1.0,1.5,2.22
0.5,0.4,0.4,1.5,1.75,2.65
0.5,0.4,0.4,2.0,2.0,3.08
0.5,0.4,0.4,2.5,2.25,3.51
0.5,0.4,0.4,3.0,2.5,3.9400000000000004
0.5,0.4,0.4,3.5,2.75,4.37
0.5,0.4,0.4,4.0,3.0,4.8
0.5,0.4,0.4,4.5,3.25,5.23
0.5,0.4,0.4,5.0,3.5,5.66
0.5,0.4,0.45,0.5,1.25,1.8125
0.5,0.4,0.45,1.0,1.5,2.265
0.5,0.4,0.45,1.5,1.75,2.7175
0.5,0.4,0.45,2.0,2.0,3.17
0.5,0.4,0.45,2.5,2.25,3.6224999999999996
0.5,0.4,0.45,3.0,2.5,4.075
0.5,0.4,0.45,3.5,2.75,4.5275
0.5,0.4,0.45,4.0,3.0,4.98
0.5,0.4,0.45,4.5,3.25,5.4325
0.5,0.4,0.45,5.0,3.5,5.885
0.5,0.4,0.5,0.5,1.25,1.8350000000000002
0.5,0.4,0.5,1.0,1.5,2.31
0.5,0.4,0.5,1.5,1.75,2.785
0.5,0.4,0.5,2.0,2.0,3.26
0.5,0.4,0.5,2.5,2.25,3.735
0.5,0.4,0.5,3.0,2.5,4.21
0.5,0.4,0.5,3.5,2.75,4.685
0.5,0.4,0.5,4.0,3.0,5.16
0.5,0.4,0.5,4.5,3.25,5.635
0.5,0.4,0.5,5.0,3.5,6.109999999999999
0.5,0.5,0.0,0.5,1.25,1.7
0.5,0.5,0.0,1.0,1.5,1.95
0.5,0.5,0.0,1.5,1.75,2.2
0.5,0.5,0.0,2.0,2.0,2.45
0.5,0.5,0.0,2.5,2.25,2.7
0.5,0.5,0.0,3.0,2.5,2.95
0.5,0.5,0.0,3.5,2.75,3.2
0.5,0.5,0.0,4.0,3.0,3.45
0.5,0.5,0.0,4.5,3.25,3.7
0.5,0.5,0.0,5.0,3.5,3.95
0.5,0.5,0.05,0.5,1.25,1.7225
0.5,0.5,0.05,1.0,1.5,1.9949999999999999
0.5,0.5,0.05,1.5,1.75,2.2675
0.5,0.5,0.05,2.0,2.0,2.54
0.5,0.5,0.05,2.5,2.25,2.8125
0.5,0.5,0.05,3.0,2.5,3.0850000000000004
0.5,0.5,0.05,3.5,2.75,3.3575000000000004
0.5,0.5,0.05,4.0,3.0,3.6300000000000003
0.5,0.5,0.05,4.5,3.25,3.9025000000000003
0.5,0.5,0.05,5.0,3.5,4.175
0.5,0.5,0.1,0.5,1.25,1.7449999999999999
0.5,0.5,0.1,1.0,1.5,2.04
0.5,0.5,0.1,1.5,1.75,2.3350000000000004
0.5,0.5,0.1,2.0,2.0,2.6300000000000003
0.5,0.5,0.1,2.5,2.25,2.9250000000000003
0.5,0.5,0.1,3.0,2.5,3.22
0.5,0.5,0.1,3.5,2.75,3.515
0.5,0.5,0.1,4.0,3.0,3.81
0.5,0.5,0.1,4.5,3.25,4.105
0.5,0.5,0.1,5.0,3.5,4.4
0.5,0.5,0.15,0.5,1.25,1.7675
0.5,0.5,0.15,1.0,1.5,2.085
0.5,0.5,0.15,1.5,1.75,2.4025000000000003
0.5,0.5,0.15,2.0,2.0,2.72
0.5,0.5,0.15,2.5,2.25,3.0375
0.5,0.5,0.15,3.0,2.5,3.355
0.5,0.5,0.15,3.5,2.75,3.6725000000000003
0.5,0.5,0.15,4.0,3.0,3.99
0.5,0.5,0.15,4.5,3.25,4.3075
0.5,0.5,0.15,5.0,3.5,4.625
0.5,0.5,0.2,0.5,1.25,1.79
0.5,0.5,0.2,1.0,1.5,2.13
0.5,0.5,0.2,1.5,1.75,2.47
0.5,0.5,0.2,2.0,2.0,2.81
0.5,0.5,0.2,2.5,2.25,3.1500000000000004
0.5,0.5,0.2,3.0,2.5,3.49
0.5,0.5,0.2,3.5,2.75,3.83
0.5,0.5,0.2,4.0,3.0,4.17
0.5,0.5,0.2,4.5,3.25,4.51
0.5,0.5,0.2,5.0,3.5,4.8500000000000005
0.5,0.5,0.25,0.5,1.25,1.8125
0.5,0.5,0.25,1.0,1.5,2.175
0.5,0.5,0.25,1.5,1.75,2.5375
0.5,0.5,0.25,2.0,2.0,2.9000000000000004
0.5,0.5,0.25,2.5,2.25,3.2625
0.5,0.5,0.25,3.0,2.5,3.625
0.5,0.5,0.25,3.5,2.75,3.9875000000000003
0.5,0.5,0.25,4.0,3.0,4.3500000000000005
0.5,0.5,0.25,4.5,3.25,4.7125
0.5,0.5,0.25,5.0,3.5,5.075
0.5,0.5,0.3,0.5,1.25,1.835
0.5,0.5,0.3,1.0,1.5,2.2199999999999998
0.5,0.5,0.3,1.5,1.75,2.605
0.5,0.5,0.3,2.0,2.0,2.99
0.5,0.5,0.3,2.5,2.25,3.375
0.5,0.5,0.3,3.0,2.5,3.7600000000000002
0.5,0.5,0.3,3.5,2.75,4.1450000000000005
0.5,0.5,0.3,4.0,3.0,4.53
0.5,0.5,0.3,4.5,3.25,4.915
0.5,0.5,0.3,5.0,3.5,5.300000000000001
0.5,0.5,0.35,0.5,1.25,1.8575
0.5,0.5,0.35,1.0,1.5,2.265
0.5,0.5,0.35,1.5,1.75,2.6725000000000003
0.5,0.5,0.35,2.0,2.0,3.08
0.5,0.5,0.35,2.5,2.25,3.4875000000000003
0.5,0.5,0.35,3.0,2.5,3.895
0.5,0.5,0.35,3.5,2.75,4.3025
0.5,0.5,0.35,4.0,3.0,4.71
0.5,0.5,0.35,4.5,3.25,5.1175
0.5,0.5,0.35,5.0,3.5,5.525
0.5,0.5,0.4,0.5,1.25,1.88
0.5,0.5,0.4,1.0,1.5,2.31
0.5,0.5,0.4,1.5,1.75,2.74
0.5,0.5,0.4,2.0,2.0,3.1700000000000004
0.5,0.5,0.4,2.5,2.25,3.6
0.5,0.5,0.4,3.0,2.5,4.03
0.5,0.5,0.4,3.5,2.75,4.460000000000001
0.5,0.5,0.4,4.0,3.0,4.890000000000001
0.5,0.5,0.4,4.5,3.25,5.32
0.5,0.5,0.4,5.0,3.5,5.75
0.5,0.5,0.45,0.5,1.25,1.9024999999999999
0.5,0.5,0.45,1.0,1.5,2.355
0.5,0.5,0.45,1.5,1.75,2.8075
0.5,0.5,0.45,2.0,2.0,3.2600000000000002
0.5,0.5,0.45,2.5,2.25,3.7125000000000004
0.5,0.5,0.45,3.0,2.5,4.165
0.5,0.5,0.45,3.5,2.75,4.6175
0.5,0.5,0.45,4.0,3.0,5.07
0.5,0.5,0.45,4.5,3.25,5.5225
0.5,0.5,0.45,5.0,3.5,5.975
0.5,0.5,0.5,0.5,1.25,1.925
0.5,0.5,0.5,1.0,1.5,2.4
0.5,0.5,0.5,1.5,1.75,2.875
0.5,0.5,0.5,2.0,2.0,3.35
0.5,0.5,0.5,2.5,2.25,3.825
0.5,0.5,0.5,3.0,2.5,4.300000000000001
0.5,0.5,0.5,3.5,2.75,4.775
0.5,0.5,0.5,4.0,3.0,5.25
0.5,0.5,0.5,4.5,3.25,5.725
0.5,0.5,0.5,5.0,3.5,6.2
0.5,0.6,0.0,0.5,1.25,1.79
0.5,0.6,0.0,1.0,1.5,2.04
0.5,0.6,0.0,1.5,1.75,2.29
0.5,0.6,0.0,2.0,2.0,2.54
0.5,0.6,0.0,2.5,2.25,2.79
0.5,0.6,0.0,3.0,2.5,3.04
0.5,0.6,0.0,3.5,2.75,3.29
0.5,0.6,0.0,4.0,3.0,3.54
0.5,0.6,0.0,4.5,3.25,3.79
0.5,0.6,0.0,5.0,3.5,4.04
0.5,0.6,0.05,0.5,1.25,1.8125
0.5,0.6,0.05,1.0,1.5,2.085
0.5,0.6,0.05,1.5,1.75,2.3575
0.5,0.6,0.05,2.0,2.0,2.63
0.5,0.6,0.05,2.5,2.25,2.9025
0.5,0.6,0.05,3.0,2.5,3.1750000000000003
0.5,0.6,0.05,3.5,2.75,3.4475000000000002
0.5,0.6,0.05,4.0,3.0,3.72
0.5,0.6,0.05,4.5,3.25,3.9925
0.5,0.6,0.05,5.0,3.5,4.265
0.5,0.6,0.1,0.5,1.25,1.835
0.5,0.6,0.1,1.0,1.5,2.13
0.5,0.6,0.1,1.5,1.75,2.4250000000000003
0.5,0.6,0.1,2.0,2.0,2.72
0.5,0.6,0.1,2.5,2.25,3.015
0.5,0.6,0.1,3.0,2.5,3.31
0.5,0.6,0.1,3.5,2.75,3.605
0.5,0.6,0.1,4.0,3.0,3.9
0.5,0.6,0.1,4.5,3.25,4.195
0.5,0.6,0.1,5.0,3.5,4.49
0.5,0.6,0.15,0.5,1.25,1.8575
0.5,0.6,0.15,1.0,1.5,2.175
0.5,0.6,0.15,1.5,1.75,2.4925
0.5,0.6,0.15,2.0,2.0,2.81
0.5,0.6,0.15,2.5,2.25,3.1275
0.5,0.6,0.15,3.0,2.5,3.445
0.5,0.6,0.15,3.5,2.75,3.7625
0.5,0.6,0.15,4.0,3.0,4.08
0.5,0.6,0.15,4.5,3.25,4.3975
0.5,0.6,0.15,5.0,3.5,4.715
0.5,0.6,0.2,0.5,1.25,1.8800000000000001
0.5,0.6,0.2,1.0,1.5,2.22
0.5,0.6,0.2,1.5,1.75,2.56
0.5,0.6,0.2,2.0,2.0,2.9
0.5,0.6,0.2,2.5,2.25,3.24
0.5,0.6,0.2,3.0,2.5,3.58
0.5,0.6,0.2,3.5,2.75,3.92
0.5,0.6,0.2,4.0,3.0,4.26
0.5,0.6,0.2,4.5,3.25,4.6
0.5,0.6,0.2,5.0,3.5,4.94
0.5,0.6,0.25,0.5,1.25,1.9025
0.5,0.6,0.25,1.0,1.5,2.265
0.5,0.6,0.25,1.5,1.75,2.6275
0.5,0.6,0.25,2.0,2.0,2.99
0.5,0.6,0.25,2.5,2.25,3.3525
0.5,0.6,0.25,3.0,2.5,3.715
0.5,0.6,0.25,3.5,2.75,4.0775
0.5,0.6,0.25,4.0,3.0,4.44
0.5,0.6,0.25,4.5,3.25,4.8025
0.5,0.6,0.25,5.0,3.5,5.165
0.5,0.6,0.3,0.5,1.25,1.925
0.5,0.6,0.3,1.0,1.5,2.31
0.5,0.6,0.3,1.5,1.75,2.695
0.5,0.6,0.3,2.0,2.0,3.08
0.5,0.6,0.3,2.5,2.25,3.465
0.5,0.6,0.3,3.0,2.5,3.85
0.5,0.6,0.3,3.5,2.75,4.235
0.5,0.6,0.3,4.0,3.0,4.62
0.5,0.6,0.3,4.5,3.25,5.005
0.5,0.6,0.3,5.0,3.5,5.390000000000001
0.5,0.6,0.35,0.5,1.25,1.9475
0.5,0.6,0.35,1.0,1.5,2.355
0.5,0.6,0.35,1.5,1.75,2.7625
0.5,0.6,0.35,2.0,2.0,3.17
0.5,0.6,0.35,2.5,2.25,3.5775
0.5,0.6,0.35,3.0,2.5,3.985
0.5,0.6,0.35,3.5,2.75,4.3925
0.5,0.6,0.35,4.0,3.0,4.8
0.5,0.6,0.35,4.5,3.25,5.2075
0.5,0.6,0.35,5.0,3.5,5.615
0.5,0.6,0.4,0.5,1.25,1.97
0.5,0.6,0.4,1.0,1.5,2.4
0.5,0.6,0.4,1.5,1.75,2.83
0.5,0.6,0.4,2.0,2.0,3.2600000000000002
0.5,0.6,0.4,2.5,2.25,3.69
0.5,0.6,0.4,3.0,2.5,4.12
0.5,0.6,0.4,3.5,2.75,4.550000000000001
0.5,0.6,0.4,4.0,3.0,4.98
0.5,0.6,0.4,4.5,3.25,5.41
0.5,0.6,0.4,5.0,3.5,5.84
0.5,0.6,0.45,0.5,1.25,1.9925000000000002
0.5,0.6,0.45,1.0,1.5,2.4450000000000003
0.5,0.6,0.45,1.5,1.75,2.8975
0.5,0.6,0.45,2.0,2.0,3.35
0.5,0.6,0.45,2.5,2.25,3.8025
0.5,0.6,0.45,3.0,2.5,4.255
0.5,0.6,0.45,3.5,2.75,4.7075
0.5,0.6,0.45,4.0,3.0,5.16
0.5,0.6,0.45,4.5,3.25,5.6125
0.5,0.6,0.45,5.0,3.5,6.0649999999999995
0.5,0.6,0.5,0.5,1.25,2.015
0.5,0.6,0.5,1.0,1.5,2.49
0.5,0.6,0.5,1.5,1.75,2.965
0.5,0.6,0.5,2.0,2.0,3.44
0.5,0.6,0.5,2.5,2.25,3.915
0.5,0.6,0.5,3.0,2.5,4.390000000000001
0.5,0.6,0.5,3.5,2.75,4.865
0.5,0.6,0.5,4.0,3.0,5.34
0.5,0.6,0.5,4.5,3.25,5.8149999999999995
0.5,0.6,0.5,5.0,3.5,6.29
0.5,0.7,0.0,0.5,1.25,1.88
0.5,0.7,0.0,1.0,1.5,2.13
0.5,0.7,0.0,1.5,1.75,2.38
0.5,0.7,0.0,2.0,2.0,2.63
0.5,0.7,0.0,2.5,2.25,2.88
0.5,0.7,0.0,3.0,2.5,3.13
0.5,0.7,0.0,3.5,2.75,3.38
0.5,0.7,0.0,4.0,3.0,3.63
0.5,0.7,0.0,4.5,3.25,3.88
0.5,0.7,0.0,5.0,3.5,4.13
0.5,0.7,0.05,0.5,1.25,1.9024999999999999
0.5,0.7,0.05,1.0,1.5,2.175
0.5,0.7,0.05,1.5,1.75,2.4475
0.5,0.7,0.05,2.0,2.0,2.7199999999999998
0.5,0.7,0.05,2.5,2.25,2.9924999999999997
0.5,0.7,0.05,3.0,2.5,3.265
0.5,0.7,0.05,3.5,2.75,3.5375
0.5,0.7,0.05,4.0,3.0,3.81
0.5,0.7,0.05,4.5,3.25,4.0825
0.5,0.7,0.05,5.0,3.5,4.3549999999999995
0.5,0.7,0.1,0.5,1.25,1.9249999999999998
0.5,0.7,0.1,1.0,1.5,2.2199999999999998
0.5,0.7,0.1,1.5,1.75,2.515
0.5,0.7,0.1,2.0,2.0,2.81
0.5,0.7,0.1,2.5,2.25,3.105
0.5,0.7,0.1,3.0,2.5,3.4
0.5,0.7,0.1,3.5,2.75,3.695
0.5,0.7,0.1,4.0,3.0,3.9899999999999998
0.5,0.7,0.1,4.5,3.25,4.285
0.5,0.7,0.1,5.0,3.5,4.58
0.5,0.7,0.15,0.5,1.25,1.9474999999999998
0.5,0.7,0.15,1.0,1.5,2.2649999999999997
0.5,0.7,0.15,1.5,1.75,2.5825
0.5,0.7,0.15,2.0,2.0,2.9
0.5,0.7,0.15,2.5,2.25,3.2175
0.5,0.7,0.15,3.0,2.5,3.5349999999999997
0.5,0.7,0.15,3.5,2.75,3.8525
0.5,0.7,0.15,4.0,3.0,4.17
0.5,0.7,0.15,4.5,3.25,4.4875
0.5,0.7,0.15,5.0,3.5,4.805
0.5,0.7,0.2,0.5,1.25,1.97
0.5,0.7,0.2,1.0,1.5,2.31
0.5,0.7,0.2,1.5,1.75,2.65
0.5,0.7,0.2,2.0,2.0,2.9899999999999998
0.5,0.7,0.2,2.5,2.25,3.33
0.5,0.7,0.2,3.0,2.5,3.67
0.5,0.7,0.2,3.5,2.75,4.01
0.5,0.7,0.2,4.0,3.0,4.35
0.5,0.7,0.2,4.5,3.25,4.6899999999999995
0.5,0.7,0.2,5.0,3.5,5.03
0.5,0.7,0.25,0.5,1.25,1.9925
0.5,0.7,0.25,1.0,1.5,2.355
0.5,0.7,0.25,1.5,1.75,2.7175
0.5,0.7,0.25,2.0,2.0,3.08
0.5,0.7,0.25,2.5,2.25,3.4425
0.5,0.7,0.25,3.0,2.5,3.8049999999999997
0.5,0.7,0.25,3.5,2.75,4.1674999999999995
0.5,0.7,0.25,4.0,3.0,4.53
0.5,0.7,0.25,4.5,3.25,4.8925
0.5,0.7,0.25,5.0,3.5,5.255
0.5,0.7,0.3,0.5,1.25,2.0149999999999997
0.5,0.7,0.3,1.0,1.5,2.4
0.5,0.7,0.3,1.5,1.75,2.7849999999999997
0.5,0.7,0.3,2.0,2.0,3.17
0.5,0.7,0.3,2.5,2.25,3.5549999999999997
0.5,0.7,0.3,3.0,2.5,3.94
0.5,0.7,0.3,3.5,2.75,4.325
0.5,0.7,0.3,4.0,3.0,4.71
0.5,0.7,0.3,4.5,3.25,5.095
0.5,0.7,0.3,5.0,3.5,5.48
0.5,0.7,0.35,0.5,1.25,2.0375
0.5,0.7,0.35,1.0,1.5,2.445
0.5,0.7,0.35,1.5,1.75,2.8525
0.5,0.7,0.35,2.0,2.0,3.26
0.5,0.7,0.35,2.5,2.25,3.6675
0.5,0.7,0.35,3.0,2.5,4.074999999999999
0.5,0.7,0.35,3.5,2.75,4.4825
0.5,0.7,0.35,4.0,3.0,4.89
0.5,0.7,0.35,4.5,3.25,5.297499999999999
0.5,0.7,0.35,5.0,3.5,5.705
0.5,0.7,0.4,0.5,1.25,2.06
0.5,0.7,0.4,1.0,1.5,2.4899999999999998
0.5,0.7,0.4,1.5,1.75,2.92
0.5,0.7,0.4,2.0,2.0,3.35
0.5,0.7,0.4,2.5,2.25,3.78
0.5,0.7,0.4,3.0,2.5,4.21
0.5,0.7,0.4,3.5,2.75,4.640000000000001
0.5,0.7,0.4,4.0,3.0,5.07
0.5,0.7,0.4,4.5,3.25,5.5
0.5,0.7,0.4,5.0,3.5,5.93
0.5,0.7,0.45,0.5,1.25,2.0825
0.5,0.7,0.45,1.0,1.5,2.535
0.5,0.7,0.45,1.5,1.75,2.9875
0.5,0.7,0.45,2.0,2.0,3.44
0.5,0.7,0.45,2.5,2.25,3.8925
0.5,0.7,0.45,3.0,2.5,4.345
0.5,0.7,0.45,3.5,2.75,4.797499999999999
0.5,0.7,0.45,4.0,3.0,5.25
0.5,0.7,0.45,4.5,3.25,5.7025
0.5,0.7,0.45,5.0,3.5,6.154999999999999
0.5,0.7,0.5,0.5,1.25,2.105
0.5,0.7,0.5,1.0,1.5,2.58
0.5,0.7,0.5,1.5,1.75,3.0549999999999997
0.5,0.7,0.5,2.0,2.0,3.53
0.5,0.7,0.5,2.5,2.25,4.005
0.5,0.7,0.5,3.0,2.5,4.48
0.5,0.7,0.5,3.5,2.75,4.955
0.5,0.7,0.5,4.0,3.0,5.43
0.5,0.7,0.5,4.5,3.25,5.904999999999999
0.5,0.7,0.5,5.0,3.5,6.38
0.5,0.8,0.0,0.5,1.25,1.9700000000000002
0.5,0.8,0.0,1.0,1.5,2.22
0.5,0.8,0.0,1.5,1.75,2.47
0.5,0.8,0.0,2.0,2.0,2.72
0.5,0.8,0.0,2.5,2.25,2.97
0.5,0.8,0.0,3.0,2.5,3.22
0.5,0.8,0.0,3.5,2.75,3.47
0.5,0.8,0.0,4.0,3.0,3.72
0.5,0.8,0.0,4.5,3.25,3.97
0.5,0.8,0.0,5.0,3.5,4.22
0.5,0.8,0.05,0.5,1.25,1.9925000000000002
0.5,0.8,0.05,1.0,1.5,2.265
0.5,0.8,0.05,1.5,1.75,2.5375
0.5,0.8,0.05,2.0,2.0,2.81
0.5,0.8,0.05,2.5,2.25,3.0825
0.5,0.8,0.05,3.0,2.5,3.3550000000000004
0.5,0.8,0.05,3.5,2.75,3.6275000000000004
0.5,0.8,0.05,4.0,3.0,3.9000000000000004
0.5,0.8,0.05,4.5,3.25,4.1725
0.5,0.8,0.05,5.0,3.5,4.444999999999999
0.5,0.8,0.1,0.5,1.25,2.015
0.5,0.8,0.1,1.0,1.5,2.31
0.5,0.8,0.1,1.5,1.75,2.6050000000000004
0.5,0.8,0.1,2.0,2.0,2.9000000000000004
0.5,0.8,0.1,2.5,2.25,3.1950000000000003
0.5,0.8,0.1,3.0,2.5,3.49
0.5,0.8,0.1,3.5,2.75,3.785
0.5,0.8,0.1,4.0,3.0,4.08
0.5,0.8,0.1,4.5,3.25,4.375
0.5,0.8,0.1,5.0,3.5,4.67
0.5,0.8,0.15,0.5,1.25,2.0375
0.5,0.8,0.15,1.0,1.5,2.3550000000000004
0.5,0.8,0.15,1.5,1.75,2.6725000000000003
0.5,0.8,0.15,2.0,2.0,2.99
0.5,0.8,0.15,2.5,2.25,3.3075
0.5,0.8,0.15,3.0,2.5,3.625
0.5,0.8,0.15,3.5,2.75,3.9425000000000003
0.5,0.8,0.15,4.0,3.0,4.26
0.5,0.8,0.15,4.5,3.25,4.577500000000001
0.5,0.8,0.15,5.0,3.5,4.895
0.5,0.8,0.2,0.5,1.25,2.06
0.5,0.8,0.2,1.0,1.5,2.4000000000000004
0.5,0.8,0.2,1.5,1.75,2.74
0.5,0.8,0.2,2.0,2.0,3.08
0.5,0.8,0.2,2.5,2.25,3.4200000000000004
0.5,0.8,0.2,3.0,2.5,3.7600000000000002
0.5,0.8,0.2,3.5,2.75,4.1000000000000005
0.5,0.8,0.2,4.0,3.0,4.44
0.5,0.8,0.2,4.5,3.25,4.78
0.5,0.8,0.2,5.0,3.5,5.12
0.5,0.8,0.25,0.5,1.25,2.0825
0.5,0.8,0.25,1.0,1.5,2.4450000000000003
0.5,0.8,0.25,1.5,1.75,2.8075
0.5,0.8,0.25,2.0,2.0,3.1700000000000004
0.5,0.8,0.25,2.5,2.25,3.5325
0.5,0.8,0.25,3.0,2.5,3.8950000000000005
0.5,0.8,0.25,3.5,2.75,4.2575
0.5,0.8,0.25,4.0,3.0,4.62
0.5,0.8,0.25,4.5,3.25,4.9825
0.5,0.8,0.25,5.0,3.5,5.345
0.5,0.8,0.3,0.5,1.25,2.1050000000000004
0.5,0.8,0.3,1.0,1.5,2.49
0.5,0.8,0.3,1.5,1.75,2.875
0.5,0.8,0.3,2.0,2.0,3.2600000000000002
0.5,0.8,0.3,2.5,2.25,3.6450000000000005
0.5,0.8,0.3,3.0,2.5,4.03
0.5,0.8,0.3,3.5,2.75,4.415
0.5,0.8,0.3,4.0,3.0,4.800000000000001
0.5,0.8,0.3,4.5,3.25,5.1850000000000005
0.5,0.8,0.3,5.0,3.5,5.57
0.5,0.8,0.35,0.5,1.25,2.1275000000000004
0.5,0.8,0.35,1.0,1.5,2.535
0.5,0.8,0.35,1.5,1.75,2.9425
0.5,0.8,0.35,2.0,2.0,3.35
0.5,0.8,0.35,2.5,2.25,3.7575000000000003
0.5,0.8,0.35,3.0,2.5,4.165
0.5,0.8,0.35,3.5,2.75,4.5725
0.5,0.8,0.35,4.0,3.0,4.98
0.5,0.8,0.35,4.5,3.25,5.3875
0.5,0.8,0.35,5.0,3.5,5.795
0.5,0.8,0.4,0.5,1.25,2.1500000000000004
0.5,0.8,0.4,1.0,1.5,2.58
0.5,0.8,0.4,1.5,1.75,3.0100000000000002
0.5,0.8,0.4,2.0,2.0,3.4400000000000004
0.5,0.8,0.4,2.5,2.25,3.87
0.5,0.8,0.4,3.0,2.5,4.300000000000001
0.5,0.8,0.4,3.5,2.75,4.73
0.5,0.8,0.4,4.0,3.0,5.16
0.5,0.8,0.4,4.5,3.25,5.59
0.5,0.8,0.4,5.0,3.5,6.02
0.5,0.8,0.45,0.5,1.25,2.1725000000000003
0.5,0.8,0.45,1.0,1.5,2.625
0.5,0.8,0.45,1.5,1.75,3.0775
0.5,0.8,0.45,2.0,2.0,3.5300000000000002
0.5,0.8,0.45,2.5,2.25,3.9825
0.5,0.8,0.45,3.0,2.5,4.4350000000000005
0.5,0.8,0.45,3.5,2.75,4.8875
0.5,0.8,0.45,4.0,3.0,5.34
0.5,0.8,0.45,4.5,3.25,5.7925
0.5,0.8,0.45,5.0,3.5,6.244999999999999
0.5,0.8,0.5,0.5,1.25,2.1950000000000003
0.5,0.8,0.5,1.0,1.5,2.6700000000000004
0.5,0.8,0.5,1.5,1.75,3.1450000000000005
0.5,0.8,0.5,2.0,2.0,3.62
0.5,0.8,0.5,2.5,2.25,4.095000000000001
0.5,0.8,0.5,3.0,2.5,4.57
0.5,0.8,0.5,3.5,2.75,5.045
0.5,0.8,0.5,4.0,3.0,5.5200000000000005
0.5,0.8,0.5,4.5,3.25,5.995
0.5,0.8,0.5,5.0,3.5,6.47
0.5,0.9,0.0,0.5,1.25,2.06
0.5,0.9,0.0,1.0,1.5,2.31
0.5,0.9,0.0,1.5,1.75,2.56
0.5,0.9,0.0,2.0,2.0,2.81
0.5,0.9,0.0,2.5,2.25,3.06
0.5,0.9,0.0,3.0,2.5,3.31
0.5,0.9,0.0,3.5,2.75,3.56
0.5,0.9,0.0,4.0,3.0,3.81
0.5,0.9,0.0,4.5,3.25,4.0600000000000005
0.5,0.9,0.0,5.0,3.5,4.3100000000000005
0.5,0.9,0.05,0.5,1.25,2.0825
0.5,0.9,0.05,1.0,1.5,2.355
0.5,0.9,0.05,1.5,1.75,2.6275
0.5,0.9,0.05,2.0,2.0,2.9
0.5,0.9,0.05,2.5,2.25,3.1725
0.5,0.9,0.05,3.0,2.5,3.4450000000000003
0.5,0.9,0.05,3.5,2.75,3.7175000000000002
0.5,0.9,0.05,4.0,3.0,3.99
0.5,0.9,0.05,4.5,3.25,4.2625
0.5,0.9,0.05,5.0,3.5,4.535
0.5,0.9,0.1,0.5,1.25,2.105
0.5,0.9,0.1,1.0,1.5,2.4
0.5,0.9,0.1,1.5,1.75,2.6950000000000003
0.5,0.9,0.1,2.0,2.0,2.99
0.5,0.9,0.1,2.5,2.25,3.285
0.5,0.9,0.1,3.0,2.5,3.58
0.5,0.9,0.1,3.5,2.75,3.875
0.5,0.9,0.1,4.0,3.0,4.17
0.5,0.9,0.1,4.5,3.25,4.465000000000001
0.5,0.9,0.1,5.0,3.5,4.760000000000001
0.5,0.9,0.15,0.5,1.25,2.1275
0.5,0.9,0.15,1.0,1.5,2.4450000000000003
0.5,0.9,0.15,1.5,1.75,2.7625
0.5,0.9,0.15,2.0,2.0,3.08
0.5,0.9,0.15,2.5,2.25,3.3975
0.5,0.9,0.15,3.0,2.5,3.715
0.5,0.9,0.15,3.5,2.75,4.0325
0.5,0.9,0.15,4.0,3.0,4.35
0.5,0.9,0.15,4.5,3.25,4.6675
0.5,0.9,0.15,5.0,3.5,4.985
0.5,0.9,0.2,0.5,1.25,2.15
0.5,0.9,0.2,1.0,1.5,2.49
0.5,0.9,0.2,1.5,1.75,2.83
0.5,0.9,0.2,2.0,2.0,3.17
0.5,0.9,0.2,2.5,2.25,3.5100000000000002
0.5,0.9,0.2,3.0,2.5,3.85
0.5,0.9,0.2,3.5,2.75,4.19
0.5,0.9,0.2,4.0,3.0,4.53
0.5,0.9,0.2,4.5,3.25,4.870000000000001
0.5,0.9,0.2,5.0,3.5,5.210000000000001
0.5,0.9,0.25,0.5,1.25,2.1725
0.5,0.9,0.25,1.0,1.5,2.535
0.5,0.9,0.25,1.5,1.75,2.8975
0.5,0.9,0.25,2.0,2.0,3.2600000000000002
0.5,0.9,0.25,2.5,2.25,3.6225
0.5,0.9,0.25,3.0,2.5,3.9850000000000003
0.5,0.9,0.25,3.5,2.75,4.3475
0.5,0.9,0.25,4.0,3.0,4.71
0.5,0.9,0.25,4.5,3.25,5.072500000000001
0.5,0.9,0.25,5.0,3.5,5.4350000000000005
0.5,0.9,0.3,0.5,1.25,2.1950000000000003
0.5,0.9,0.3,1.0,1.5,2.58
0.5,0.9,0.3,1.5,1.75,2.965
0.5,0.9,0.3,2.0,2.0,3.35
0.5,0.9,0.3,2.5,2.25,3.7350000000000003
0.5,0.9,0.3,3.0,2.5,4.12
0.5,0.9,0.3,3.5,2.75,4.505
0.5,0.9,0.3,4.0,3.0,4.890000000000001
0.5,0.9,0.3,4.5,3.25,5.275
0.5,0.9,0.3,5.0,3.5,5.66
0.5,0.9,0.35,0.5,1.25,2.2175000000000002
0.5,0.9,0.35,1.0,1.5,2.625
0.5,0.9,0.35,1.5,1.75,3.0324999999999998
0.5,0.9,0.35,2.0,2.0,3.44
0.5,0.9,0.35,2.5,2.25,3.8475
0.5,0.9,0.35,3.0,2.5,4.255
0.5,0.9,0.35,3.5,2.75,4.6625
0.5,0.9,0.35,4.0,3.0,5.07
0.5,0.9,0.35,4.5,3.25,5.477500000000001
0.5,0.9,0.35,5.0,3.5,5.885000000000001
0.5,0.9,0.4,0.5,1.25,2.24
0.5,0.9,0.4,1.0,1.5,2.67
0.5,0.9,0.4,1.5,1.75,3.1
0.5,0.9,0.4,2.0,2.0,3.5300000000000002
0.5,0.9,0.4,2.5,2.25,3.96
0.5,0.9,0.4,3.0,2.5,4.390000000000001
0.5,0.9,0.4,3.5,2.75,4.82
0.5,0.9,0.4,4.0,3.0,5.25
0.5,0.9,0.4,4.5,3.25,5.680000000000001
0.5,0.9,0.4,5.0,3.5,6.11
0.5,0.9,0.45,0.5,1.25,2.2625
0.5,0.9,0.45,1.0,1.5,2.715
0.5,0.9,0.45,1.5,1.75,3.1675
0.5,0.9,0.45,2.0,2.0,3.62
0.5,0.9,0.45,2.5,2.25,4.0725
0.5,0.9,0.45,3.0,2.5,4.525
0.5,0.9,0.45,3.5,2.75,4.9775
0.5,0.9,0.45,4.0,3.0,5.43
0.5,0.9,0.45,4.5,3.25,5.8825
0.5,0.9,0.45,5.0,3.5,6.335000000000001
0.5,0.9,0.5,0.5,1.25,2.285
0.5,0.9,0.5,1.0,1.5,2.7600000000000002
0.5,0.9,0.5,1.5,1.75,3.2350000000000003
0.5,0.9,0.5,2.0,2.0,3.71
0.5,0.9,0.5,2.5,2.25,4.1850000000000005
0.5,0.9,0.5,3.0,2.5,4.66
0.5,0.9,0.5,3.5,2.75,5.135
0.5,0.9,0.5,4.0,3.0,5.61
0.5,0.9,0.5,4.5,3.25,6.085000000000001
0.5,0.9,0.5,5.0,3.5,6.5600000000000005
0.5,1.0,0.0,0.5,1.25,2.15
0.5,1.0,0.0,1.0,1.5,2.4
0.5,1.0,0.0,1.5,1.75,2.65
0.5,1.0,0.0,2.0,2.0,2.9
0.5,1.0,0.0,2.5,2.25,3.15
0.5,1.0,0.0,3.0,2.5,3.4
0.5,1.0,0.0,3.5,2.75,3.65
0.5,1.0,0.0,4.0,3.0,3.9
0.5,1.0,0.0,4.5,3.25,4.15
0.5,1.0,0.0,5.0,3.5,4.4
0.5,1.0,0.05,0.5,1.25,2.1725
0.5,1.0,0.05,1.0,1.5,2.445
0.5,1.0,0.05,1.5,1.75,2.7175
0.5,1.0,0.05,2.0,2.0,2.9899999999999998
0.5,1.0,0.05,2.5,2.25,3.2624999999999997
0.5,1.0,0.05,3.0,2.5,3.535
0.5,1.0,0.05,3.5,2.75,3.8075
0.5,1.0,0.05,4.0,3.0,4.08
0.5,1.0,0.05,4.5,3.25,4.3525
0.5,1.0,0.05,5.0,3.5,4.625
0.5,1.0,0.1,0.5,1.25,2.195
0.5,1.0,0.1,1.0,1.5,2.4899999999999998
0.5,1.0,0.1,1.5,1.75,2.785
0.5,1.0,0.1,2.0,2.0,3.08
0.5,1.0,0.1,2.5,2.25,3.375
0.5,1.0,0.1,3.0,2.5,3.67
0.5,1.0,0.1,3.5,2.75,3.965
0.5,1.0,0.1,4.0,3.0,4.26
0.5,1.0,0.1,4.5,3.25,4.555000000000001
0.5,1.0,0.1,5.0,3.5,4.8500000000000005
0.5,1.0,0.15,0.5,1.25,2.2175
0.5,1.0,0.15,1.0,1.5,2.535
0.5,1.0,0.15,1.5,1.75,2.8525
0.5,1.0,0.15,2.0,2.0,3.17
0.5,1.0,0.15,2.5,2.25,3.4875
0.5,1.0,0.15,3.0,2.5,3.8049999999999997
0.5,1.0,0.15,3.5,2.75,4.1225
0.5,1.0,0.15,4.0,3.0,4.4399999999999995
0.5,1.0,0.15,4.5,3.25,4.7575
0.5,1.0,0.15,5.0,3.5,5.075
0.5,1.0,0.2,0.5,1.25,2.2399999999999998
0.5,1.0,0.2,1.0,1.5,2.58
0.5,1.0,0.2,1.5,1.75,2.92
0.5,1.0,0.2,2.0,2.0,3.26
0.5,1.0,0.2,2.5,2.25,3.6
0.5,1.0,0.2,3.0,2.5,3.94
0.5,1.0,0.2,3.5,2.75,4.28
0.5,1.0,0.2,4.0,3.0,4.62
0.5,1.0,0.2,4.5,3.25,4.960000000000001
0.5,1.0,0.2,5.0,3.5,5.300000000000001
0.5,1.0,0.25,0.5,1.25,2.2624999999999997
0.5,1.0,0.25,1.0,1.5,2.625
0.5,1.0,0.25,1.5,1.75,2.9875
0.5,1.0,0.25,2.0,2.0,3.35
0.5,1.0,0.25,2.5,2.25,3.7125
0.5,1.0,0.25,3.0,2.5,4.075
0.5,1.0,0.25,3.5,2.75,4.4375
0.5,1.0,0.25,4.0,3.0,4.8
0.5,1.0,0.25,4.5,3.25,5.1625000000000005
0.5,1.0,0.25,5.0,3.5,5.525
0.5,1.0,0.3,0.5,1.25,2.285
0.5,1.0,0.3,1.0,1.5,2.67
0.5,1.0,0.3,1.5,1.75,3.0549999999999997
0.5,1.0,0.3,2.0,2.0,3.44
0.5,1.0,0.3,2.5,2.25,3.825
0.5,1.0,0.3,3.0,2.5,4.21
0.5,1.0,0.3,3.5,2.75,4.595
0.5,1.0,0.3,4.0,3.0,4.98
0.5,1.0,0.3,4.5,3.25,5.365
0.5,1.0,0.3,5.0,3.5,5.75
0.5,1.0,0.35,0.5,1.25,2.3075
0.5,1.0,0.35,1.0,1.5,2.715
0.5,1.0,0.35,1.5,1.75,3.1224999999999996
0.5,1.0,0.35,2.0,2.0,3.53
0.5,1.0,0.35,2.5,2.25,3.9375
0.5,1.0,0.35,3.0,2.5,4.345
0.5,1.0,0.35,3.5,2.75,4.7524999999999995
0.5,1.0,0.35,4.0,3.0,5.16
0.5,1.0,0.35,4.5,3.25,5.567500000000001
0.5,1.0,0.35,5.0,3.5,5.9750000000000005
0.5,1.0,0.4,0.5,1.25,2.33
0.5,1.0,0.4,1.0,1.5,2.76
0.5,1.0,0.4,1.5,1.75,3.19
0.5,1.0,0.4,2.0,2.0,3.62
0.5,1.0,0.4,2.5,2.25,4.05
0.5,1.0,0.4,3.0,2.5,4.48
0.5,1.0,0.4,3.5,2.75,4.91
0.5,1.0,0.4,4.0,3.0,5.34
0.5,1.0,0.4,4.5,3.25,5.7700000000000005
0.5,1.0,0.4,5.0,3.5,6.2
0.5,1.0,0.45,0.5,1.25,2.3525
0.5,1.0,0.45,1.0,1.5,2.8049999999999997
0.5,1.0,0.45,1.5,1.75,3.2575
0.5,1.0,0.45,2.0,2.0,3.71
0.5,1.0,0.45,2.5,2.25,4.1625
0.5,1.0,0.45,3.0,2.5,4.615
0.5,1.0,0.45,3.5,2.75,5.0675
0.5,1.0,0.45,4.0,3.0,5.52
0.5,1.0,0.45,4.5,3.25,5.9725
0.5,1.0,0.45,5.0,3.5,6.425000000000001
0.5,1.0,0.5,0.5,1.25,2.375
0.5,1.0,0.5,1.0,1.5,2.85
0.5,1.0,0.5,1.5,1.75,3.325
0.5,1.0,0.5,2.0,2.0,3.8
0.5,1.0,0.5,2.5,2.25,4.275
0.5,1.0,0.5,3.0,2.5,4.75
0.5,1.0,0.5,3.5,2.75,5.225
0.5,1.0,0.5,4.0,3.0,5.7
0.5,1.0,0.5,4.5,3.25,6.175000000000001
0.5,1.0,0.5,5.0,3.5,6.65
0.6,0.0,0.0,0.5,1.3,1.3
0.6,0.0,0.0,1.0,1.6,1.6
0.6,0.0,0.0,1.5,1.9,1.9
0.6,0.0,0.0,2.0,2.2,2.2
0.6,0.0,0.0,2.5,2.5,2.5
0.6,0.0,0.0,3.0,2.8,2.8
0.6,0.0,0.0,3.5,3.1,3.1
0.6,0.0,0.0,4.0,3.4,3.4
0.6,0.0,0.0,4.5,3.6999999999999997,3.6999999999999997
0.6,0.0,0.0,5.0,4.0,4.0
0.6,0.0,0.05,0.5,1.3,1.3225
0.6,0.0,0.05,1.0,1.6,1.645
0.6,0.0,0.05,1.5,1.9,1.9675
0.6,0.0,0.05,2.0,2.2,2.29
0.6,0.0,0.05,2.5,2.5,2.6125
0.6,0.0,0.05,3.0,2.8,2.935
0.6,0.0,0.05,3.5,3.1,3.2575000000000003
0.6,0.0,0.05,4.0,3.4,3.58
0.6,0.0,0.05,4.5,3.6999999999999997,3.9025
0.6,0.0,0.05,5.0,4.0,4.225
0.6,0.0,0.1,0.5,1.3,1.345
0.6,0.0,0.1,1.0,1.6,1.6900000000000002
0.6,0.0,0.1,1.5,1.9,2.035
0.6,0.0,0.1,2.0,2.2,2.3800000000000003
0.6,0.0,0.1,2.5,2.5,2.725
0.6,0.0,0.1,3.0,2.8,3.07
0.6,0.0,0.1,3.5,3.1,3.415
0.6,0.0,0.1,4.0,3.4,3.76
0.6,0.0,0.1,4.5,3.6999999999999997,4.1049999999999995
0.6,0.0,0.1,5.0,4.0,4.45
0.6,0.0,0.15,0.5,1.3,1.3675000000000002
0.6,0.0,0.15,1.0,1.6,1.735
0.6,0.0,0.15,1.5,1.9,2.1025
0.6,0.0,0.15,2.0,2.2,2.47
0.6,0.0,0.15,2.5,2.5,2.8375
0.6,0.0,0.15,3.0,2.8,3.2049999999999996
0.6,0.0,0.15,3.5,3.1,3.5725000000000002
0.6,0.0,0.15,4.0,3.4,3.94
0.6,0.0,0.15,4.5,3.6999999999999997,4.307499999999999
0.6,0.0,0.15,5.0,4.0,4.675
0.6,0.0,0.2,0.5,1.3,1.3900000000000001
0.6,0.0,0.2,1.0,1.6,1.78
0.6,0.0,0.2,1.5,1.9,2.17
0.6,0.0,0.2,2.0,2.2,2.56
0.6,0.0,0.2,2.5,2.5,2.95
0.6,0.0,0.2,3.0,2.8,3.34
0.6,0.0,0.2,3.5,3.1,3.7300000000000004
0.6,0.0,0.2,4.0,3.4,4.12
0.6,0.0,0.2,4.5,3.6999999999999997,4.51
0.6,0.0,0.2,5.0,4.0,4.9
0.6,0.0,0.25,0.5,1.3,1.4125
0.6,0.0,0.25,1.0,1.6,1.8250000000000002
0.6,0.0,0.25,1.5,1.9,2.2375
0.6,0.0,0.25,2.0,2.2,2.6500000000000004
0.6,0.0,0.25,2.5,2.5,3.0625
0.6,0.0,0.25,3.0,2.8,3.4749999999999996
0.6,0.0,0.25,3.5,3.1,3.8875
0.6,0.0,0.25,4.0,3.4,4.3
0.6,0.0,0.25,4.5,3.6999999999999997,4.7124999999999995
0.6,0.0,0.25,5.0,4.0,5.125
0.6,0.0,0.3,0.5,1.3,1.435
0.6,0.0,0.3,1.0,1.6,1.87
0.6,0.0,0.3,1.5,1.9,2.3049999999999997
0.6,0.0,0.3,2.0,2.2,2.74
0.6,0.0,0.3,2.5,2.5,3.175
0.6,0.0,0.3,3.0,2.8,3.61
0.6,0.0,0.3,3.5,3.1,4.045
0.6,0.0,0.3,4.0,3.4,4.48
0.6,0.0,0.3,4.5,3.6999999999999997,4.914999999999999
0.6,0.0,0.3,5.0,4.0,5.35
0.6,0.0,0.35,0.5,1.3,1.4575
0.6,0.0,0.35,1.0,1.6,1.915
0.6,0.0,0.35,1.5,1.9,2.3724999999999996
0.6,0.0,0.35,2.0,2.2,2.83
0.6,0.0,0.35,2.5,2.5,3.2875
0.6,0.0,0.35,3.0,2.8,3.7449999999999997
0.6,0.0,0.35,3.5,3.1,4.2025
0.6,0.0,0.35,4.0,3.4,4.66
0.6,0.0,0.35,4.5,3.6999999999999997,5.1175
0.6,0.0,0.35,5.0,4.0,5.575
0.6,0.0,0.4,0.5,1.3,1.48
0.6,0.0,0.4,1.0,1.6,1.9600000000000002
0.6,0.0,0.4,1.5,1.9,2.44
0.6,0.0,0.4,2.0,2.2,2.9200000000000004
0.6,0.0,0.4,2.5,2.5,3.4
0.6,0.0,0.4,3.0,2.8,3.88
0.6,0.0,0.4,3.5,3.1,4.36
0.6,0.0,0.4,4.0,3.4,4.84
0.6,0.0,0.4,4.5,3.6999999999999997,5.32
0.6,0.0,0.4,5.0,4.0,5.8
0.6,0.0,0.45,0.5,1.3,1.5025
0.6,0.0,0.45,1.0,1.6,2.005
0.6,0.0,0.45,1.5,1.9,2.5075
0.6,0.0,0.45,2.0,2.2,3.0100000000000002
0.6,0.0,0.45,2.5,2.5,3.5125
0.6,0.0,0.45,3.0,2.8,4.015
0.6,0.0,0.45,3.5,3.1,4.5175
0.6,0.0,0.45,4.0,3.4,5.02
0.6,0.0,0.45,4.5,3.6999999999999997,5.5225
0.6,0.0,0.45,5.0,4.0,6.025
0.6,0.0,0.5,0.5,1.3,1.5250000000000001
0.6,0.0,0.5,1.0,1.6,2.0500000000000003
0.6,0.0,0.5,1.5,1.9,2.575
0.6,0.0,0.5,2.0,2.2,3.1
0.6,0.0,0.5,2.5,2.5,3.625
0.6,0.0,0.5,3.0,2.8,4.15
0.6,0.0,0.5,3.5,3.1,4.675
0.6,0.0,0.5,4.0,3.4,5.2
0.6,0.0,0.5,4.5,3.6999999999999997,5.725
0.6,0.0,0.5,5.0,4.0,6.25
0.6,0.1,0.0,0.5,1.3,1.3900000000000001
0.6,0.1,0.0,1.0,1.6,1.6900000000000002
0.6,0.1,0.0,1.5,1.9,1.99
0.6,0.1,0.0,2.0,2.2,2.29
0.6,0.1,0.0,2.5,2.5,2.59
0.6,0.1,0.0,3.0,2.8,2.8899999999999997
0.6,0.1,0.0,3.5,3.1,3.19
0.6,0.1,0.0,4.0,3.4,3.4899999999999998
0.6,0.1,0.0,4.5,3.6999999999999997,3.7899999999999996
0.6,0.1,0.0,5.0,4.0,4.09
0.6,0.1,0.05,0.5,1.3,1.4125
0.6,0.1,0.05,1.0,1.6,1.735
0.6,0.1,0.05,1.5,1.9,2.0575
0.6,0.1,0.05,2.0,2.2,2.38
0.6,0.1,0.05,2.5,2.5,2.7024999999999997
0.6,0.1,0.05,3.0,2.8,3.025
0.6,0.1,0.05,3.5,3.1,3.3475
0.6,0.1,0.05,4.0,3.4,3.67
0.6,0.1,0.05,4.5,3.6999999999999997,3.9924999999999997
0.6,0.1,0.05,5.0,4.0,4.3149999999999995
0.6,0.1,0.1,0.5,1.3,1.435
0.6,0.1,0.1,1.0,1.6,1.7800000000000002
0.6,0.1,0.1,1.5,1.9,2.125
0.6,0.1,0.1,2.0,2.2,2.47
0.6,0.1,0.1,2.5,2.5,2.815
0.6,0.1,0.1,3.0,2.8,3.1599999999999997
0.6,0.1,0.1,3.5,3.1,3.505
0.6,0.1,0.1,4.0,3.4,3.8499999999999996
0.6,0.1,0.1,4.5,3.6999999999999997,4.194999999999999
0.6,0.1,0.1,5.0,4.0,4.54
0.6,0.1,0.15,0.5,1.3,1.4575
0.6,0.1,0.15,1.0,1.6,1.8250000000000002
0.6,0.1,0.15,1.5,1.9,2.1925
0.6,0.1,0.15,2.0,2.2,2.56
0.6,0.1,0.15,2.5,2.5,2.9274999999999998
0.6,0.1,0.15,3.0,2.8,3.2949999999999995
0.6,0.1,0.15,3.5,3.1,3.6625
0.6,0.1,0.15,4.0,3.4,4.029999999999999
0.6,0.1,0.15,4.5,3.6999999999999997,4.397499999999999
0.6,0.1,0.15,5.0,4.0,4.765
0.6,0.1,0.2,0.5,1.3,1.4800000000000002
0.6,0.1,0.2,1.0,1.6,1.87
0.6,0.1,0.2,1.5,1.9,2.2600000000000002
0.6,0.1,0.2,2.0,2.2,2.65
0.6,0.1,0.2,2.5,2.5,3.04
0.6,0.1,0.2,3.0,2.8,3.4299999999999997
0.6,0.1,0.2,3.5,3.1,3.8200000000000003
0.6,0.1,0.2,4.0,3.4,4.21
0.6,0.1,0.2,4.5,3.6999999999999997,4.6
0.6,0.1,0.2,5.0,4.0,4.99
0.6,0.1,0.25,0.5,1.3,1.5025000000000002
0.6,0.1,0.25,1.0,1.6,1.9150000000000003
0.6,0.1,0.25,1.5,1.9,2.3275
0.6,0.1,0.25,2.0,2.2,2.74
0.6,0.1,0.25,2.5,2.5,3.1525
0.6,0.1,0.25,3.0,2.8,3.5649999999999995
0.6,0.1,0.25,3.5,3.1,3.9775
0.6,0.1,0.25,4.0,3.4,4.39
0.6,0.1,0.25,4.5,3.6999999999999997,4.802499999999999
0.6,0.1,0.25,5.0,4.0,5.215
0.6,0.1,0.3,0.5,1.3,1.5250000000000001
0.6,0.1,0.3,1.0,1.6,1.9600000000000002
0.6,0.1,0.3,1.5,1.9,2.395
0.6,0.1,0.3,2.0,2.2,2.83
0.6,0.1,0.3,2.5,2.5,3.2649999999999997
0.6,0.1,0.3,3.0,2.8,3.6999999999999997
0.6,0.1,0.3,3.5,3.1,4.135
0.6,0.1,0.3,4.0,3.4,4.57
0.6,0.1,0.3,4.5,3.6999999999999997,5.004999999999999
0.6,0.1,0.3,5.0,4.0,5.4399999999999995
0.6,0.1,0.35,0.5,1.3,1.5475
0.6,0.1,0.35,1.0,1.6,2.0050000000000003
0.6,0.1,0.35,1.5,1.9,2.4625
0.6,0.1,0.35,2.0,2.2,2.92
0.6,0.1,0.35,2.5,2.5,3.3775
0.6,0.1,0.35,3.0,2.8,3.8349999999999995
0.6,0.1,0.35,3.5,3.1,4.2924999999999995
0.6,0.1,0.35,4.0,3.4,4.75
0.6,0.1,0.35,4.5,3.6999999999999997,5.2075
0.6,0.1,0.35,5.0,4.0,5.665
0.6,0.1,0.4,0.5,1.3,1.57
0.6,0.1,0.4,1.0,1.6,2.0500000000000003
0.6,0.1,0.4,1.5,1.9,2.5300000000000002
0.6,0.1,0.4,2.0,2.2,3.0100000000000002
0.6,0.1,0.4,2.5,2.5,3.4899999999999998
0.6,0.1,0.4,3.0,2.8,3.9699999999999998
0.6,0.1,0.4,3.5,3.1,4.45
0.6,0.1,0.4,4.0,3.4,4.93
0.6,0.1,0.4,4.5,3.6999999999999997,5.41
0.6,0.1,0.4,5.0,4.0,5.89
0.6,0.1,0.45,0.5,1.3,1.5925000000000002
0.6,0.1,0.45,1.0,1.6,2.095
0.6,0.1,0.45,1.5,1.9,2.5975
0.6,0.1,0.45,2.0,2.2,3.1
0.6,0.1,0.45,2.5,2.5,3.6025
0.6,0.1,0.45,3.0,2.8,4.1049999999999995
0.6,0.1,0.45,3.5,3.1,4.6075
0.6,0.1,0.45,4.0,3.4,5.109999999999999
0.6,0.1,0.45,4.5,3.6999999999999997,5.6125
0.6,0.1,0.45,5.0,4.0,6.115
0.6,0.1,0.5,0.5,1.3,1.6150000000000002
0.6,0.1,0.5,1.0,1.6,2.14
0.6,0.1,0.5,1.5,1.9,2.665
0.6,0.1,0.5,2.0,2.2,3.19
0.6,0.1,0.5,2.5,2.5,3.715
0.6,0.1,0.5,3.0,2.8,4.24
0.6,0.1,0.5,3.5,3.1,4.765
0.6,0.1,0.5,4.0,3.4,5.29
0.6,0.1,0.5,4.5,3.6999999999999997,5.8149999999999995
0.6,0.1,0.5,5.0,4.0,6.34
0.6,0.2,0.0,0.5,1.3,1.48
0.6,0.2,0.0,1.0,1.6,1.78
0.6,0.2,0.0,1.5,1.9,2.08
0.6,0.2,0.0,2.0,2.2,2.3800000000000003
0.6,0.2,0.0,2.5,2.5,2.68
0.6,0.2,0.0,3.0,2.8,2.98
0.6,0.2,0.0,3.5,3.1,3.2800000000000002
0.6,0.2,0.0,4.0,3.4,3.58
0.6,0.2,0.0,4.5,3.6999999999999997,3.88
0.6,0.2,0.0,5.0,4.0,4.18
0.6,0.2,0.05,0.5,1.3,1.5025
0.6,0.2,0.05,1.0,1.6,1.825
0.6,0.2,0.05,1.5,1.9,2.1475
0.6,0.2,0.05,2.0,2.2,2.47
0.6,0.2,0.05,2.5,2.5,2.7925
0.6,0.2,0.05,3.0,2.8,3.115
0.6,0.2,0.05,3.5,3.1,3.4375000000000004
0.6,0.2,0.05,4.0,3.4,3.7600000000000002
0.6,0.2,0.05,4.5,3.6999999999999997,4.0825
0.6,0.2,0.05,5.0,4.0,4.404999999999999
0.6,0.2,0.1,0.5,1.3,1.525
0.6,0.2,0.1,1.0,1.6,1.87
0.6,0.2,0.1,1.5,1.9,2.2150000000000003
0.6,0.2,0.1,2.0,2.2,2.5600000000000005
0.6,0.2,0.1,2.5,2.5,2.9050000000000002
0.6,0.2,0.1,3.0,2.8,3.25
0.6,0.2,0.1,3.5,3.1,3.595
0.6,0.2,0.1,4.0,3.4,3.94
0.6,0.2,0.1,4.5,3.6999999999999997,4.285
0.6,0.2,0.1,5.0,4.0,4.63
0.6,0.2,0.15,0.5,1.3,1.5474999999999999
0.6,0.2,0.15,1.0,1.6,1.915
0.6,0.2,0.15,1.5,1.9,2.2825
0.6,0.2,0.15,2.0,2.2,2.6500000000000004
0.6,0.2,0.15,2.5,2.5,3.0175
0.6,0.2,0.15,3.0,2.8,3.385
0.6,0.2,0.15,3.5,3.1,3.7525000000000004
0.6,0.2,0.15,4.0,3.4,4.12
0.6,0.2,0.15,4.5,3.6999999999999997,4.4875
0.6,0.2,0.15,5.0,4.0,4.8549999999999995
0.6,0.2,0.2,0.5,1.3,1.57
0.6,0.2,0.2,1.0,1.6,1.96
0.6,0.2,0.2,1.5,1.9,2.35
0.6,0.2,0.2,2.0,2.2,2.74
0.6,0.2,0.2,2.5,2.5,3.1300000000000003
0.6,0.2,0.2,3.0,2.8,3.52
0.6,0.2,0.2,3.5,3.1,3.91
0.6,0.2,0.2,4.0,3.4,4.3
0.6,0.2,0.2,4.5,3.6999999999999997,4.6899999999999995
0.6,0.2,0.2,5.0,4.0,5.08
0.6,0.2,0.25,0.5,1.3,1.5925
0.6,0.2,0.25,1.0,1.6,2.005
0.6,0.2,0.25,1.5,1.9,2.4175
0.6,0.2,0.25,2.0,2.2,2.8300000000000005
0.6,0.2,0.25,2.5,2.5,3.2425
0.6,0.2,0.25,3.0,2.8,3.6550000000000002
0.6,0.2,0.25,3.5,3.1,4.0675
0.6,0.2,0.25,4.0,3.4,4.48
0.6,0.2,0.25,4.5,3.6999999999999997,4.8925
0.6,0.2,0.25,5.0,4.0,5.305
0.6,0.2,0.3,0.5,1.3,1.615
0.6,0.2,0.3,1.0,1.6,2.05
0.6,0.2,0.3,1.5,1.9,2.485
0.6,0.2,0.3,2.0,2.2,2.9200000000000004
0.6,0.2,0.3,2.5,2.5,3.3550000000000004
0.6,0.2,0.3,3.0,2.8,3.79
0.6,0.2,0.3,3.5,3.1,4.2250000000000005
0.6,0.2,0.3,4.0,3.4,4.66
0.6,0.2,0.3,4.5,3.6999999999999997,5.095
0.6,0.2,0.3,5.0,4.0,5.529999999999999
0.6,0.2,0.35,0.5,1.3,1.6375
0.6,0.2,0.35,1.0,1.6,2.095
0.6,0.2,0.35,1.5,1.9,2.5525
0.6,0.2,0.35,2.0,2.2,3.0100000000000002
0.6,0.2,0.35,2.5,2.5,3.4675000000000002
0.6,0.2,0.35,3.0,2.8,3.925
0.6,0.2,0.35,3.5,3.1,4.3825
0.6,0.2,0.35,4.0,3.4,4.84
0.6,0.2,0.35,4.5,3.6999999999999997,5.297499999999999
0.6,0.2,0.35,5.0,4.0,5.755
0.6,0.2,0.4,0.5,1.3,1.66
0.6,0.2,0.4,1.0,1.6,2.14
0.6,0.2,0.4,1.5,1.9,2.62
0.6,0.2,0.4,2.0,2.2,3.1000000000000005
0.6,0.2,0.4,2.5,2.5,3.58
0.6,0.2,0.4,3.0,2.8,4.0600000000000005
0.6,0.2,0.4,3.5,3.1,4.540000000000001
0.6,0.2,0.4,4.0,3.4,5.0200000000000005
0.6,0.2,0.4,4.5,3.6999999999999997,5.5
0.6,0.2,0.4,5.0,4.0,5.9799999999999995
0.6,0.2,0.45,0.5,1.3,1.6825
0.6,0.2,0.45,1.0,1.6,2.185
0.6,0.2,0.45,1.5,1.9,2.6875
0.6,0.2,0.45,2.0,2.2,3.1900000000000004
0.6,0.2,0.45,2.5,2.5,3.6925
0.6,0.2,0.45,3.0,2.8,4.195
0.6,0.2,0.45,3.5,3.1,4.6975
0.6,0.2,0.45,4.0,3.4,5.2
0.6,0.2,0.45,4.5,3.6999999999999997,5.7025
0.6,0.2,0.45,5.0,4.0,6.205
0.6,0.2,0.5,0.5,1.3,1.705
0.6,0.2,0.5,1.0,1.6,2.23
0.6,0.2,0.5,1.5,1.9,2.755
0.6,0.2,0.5,2.0,2.2,3.2800000000000002
0.6,0.2,0.5,2.5,2.5,3.805
0.6,0.2,0.5,3.0,2.8,4.33
0.6,0.2,0.5,3.5,3.1,4.855
0.6,0.2,0.5,4.0,3.4,5.38
0.6,0.2,0.5,4.5,3.6999999999999997,5.904999999999999
0.6,0.2,0.5,5.0,4.0,6.43
0.6,0.3,0.0,0.5,1.3,1.57
0.6,0.3,0.0,1.0,1.6,1.87
0.6,0.3,0.0,1.5,1.9,2.17
0.6,0.3,0.0,2.0,2.2,2.47
0.6,0.3,0.0,2.5,2.5,2.77
0.6,0.3,0.0,3.0,2.8,3.07
0.6,0.3,0.0,3.5,3.1,3.37
0.6,0.3,0.0,4.0,3.4,3.67
0.6,0.3,0.0,4.5,3.6999999999999997,3.9699999999999998
0.6,0.3,0.0,5.0,4.0,4.27
0.6,0.3,0.05,0.5,1.3,1.5925
0.6,0.3,0.05,1.0,1.6,1.915
0.6,0.3,0.05,1.5,1.9,2.2375
0.6,0.3,0.05,2.0,2.2,2.56
0.6,0.3,0.05,2.5,2.5,2.8825
0.6,0.3,0.05,3.0,2.8,3.205
0.6,0.3,0.05,3.5,3.1,3.5275000000000003
0.6,0.3,0.05,4.0,3.4,3.85
0.6,0.3,0.05,4.5,3.6999999999999997,4.172499999999999
0.6,0.3,0.05,5.0,4.0,4.494999999999999
0.6,0.3,0.1,0.5,1.3,1.615
0.6,0.3,0.1,1.0,1.6,1.9600000000000002
0.6,0.3,0.1,1.5,1.9,2.305
0.6,0.3,0.1,2.0,2.2,2.6500000000000004
0.6,0.3,0.1,2.5,2.5,2.995
0.6,0.3,0.1,3.0,2.8,3.34
0.6,0.3,0.1,3.5,3.1,3.685
0.6,0.3,0.1,4.0,3.4,4.03
0.6,0.3,0.1,4.5,3.6999999999999997,4.375
0.6,0.3,0.1,5.0,4.0,4.72
0.6,0.3,0.15,0.5,1.3,1.6375000000000002
0.6,0.3,0.15,1.0,1.6,2.005
0.6,0.3,0.15,1.5,1.9,2.3725
0.6,0.3,0.15,2.0,2.2,2.74
0.6,0.3,0.15,2.5,2.5,3.1075
0.6,0.3,0.15,3.0,2.8,3.4749999999999996
0.6,0.3,0.15,3.5,3.1,3.8425000000000002
0.6,0.3,0.15,4.0,3.4,4.21
0.6,0.3,0.15,4.5,3.6999999999999997,4.5775
0.6,0.3,0.15,5.0,4.0,4.944999999999999
0.6,0.3,0.2,0.5,1.3,1.6600000000000001
0.6,0.3,0.2,1.0,1.6,2.0500000000000003
0.6,0.3,0.2,1.5,1.9,2.44
0.6,0.3,0.2,2.0,2.2,2.83
0.6,0.3,0.2,2.5,2.5,3.22
0.6,0.3,0.2,3.0,2.8,3.61
0.6,0.3,0.2,3.5,3.1,4.0
0.6,0.3,0.2,4.0,3.4,4.39
0.6,0.3,0.2,4.5,3.6999999999999997,4.779999999999999
0.6,0.3,0.2,5.0,4.0,5.17
0.6,0.3,0.25,0.5,1.3,1.6825
0.6,0.3,0.25,1.0,1.6,2.095
0.6,0.3,0.25,1.5,1.9,2.5075
0.6,0.3,0.25,2.0,2.2,2.9200000000000004
0.6,0.3,0.25,2.5,2.5,3.3325
0.6,0.3,0.25,3.0,2.8,3.745
0.6,0.3,0.25,3.5,3.1,4.1575
0.6,0.3,0.25,4.0,3.4,4.57
0.6,0.3,0.25,4.5,3.6999999999999997,4.9825
0.6,0.3,0.25,5.0,4.0,5.395
0.6,0.3,0.3,0.5,1.3,1.705
0.6,0.3,0.3,1.0,1.6,2.14
0.6,0.3,0.3,1.5,1.9,2.5749999999999997
0.6,0.3,0.3,2.0,2.2,3.0100000000000002
0.6,0.3,0.3,2.5,2.5,3.4450000000000003
0.6,0.3,0.3,3.0,2.8,3.88
0.6,0.3,0.3,3.5,3.1,4.315
0.6,0.3,0.3,4.0,3.4,4.75
0.6,0.3,0.3,4.5,3.6999999999999997,5.185
0.6,0.3,0.3,5.0,4.0,5.619999999999999
0.6,0.3,0.35,0.5,1.3,1.7275
0.6,0.3,0.35,1.0,1.6,2.185
0.6,0.3,0.35,1.5,1.9,2.6425
0.6,0.3,0.35,2.0,2.2,3.1
0.6,0.3,0.35,2.5,2.5,3.5575
0.6,0.3,0.35,3.0,2.8,4.015
0.6,0.3,0.35,3.5,3.1,4.4725
0.6,0.3,0.35,4.0,3.4,4.93
0.6,0.3,0.35,4.5,3.6999999999999997,5.387499999999999
0.6,0.3,0.35,5.0,4.0,5.845
0.6,0.3,0.4,0.5,1.3,1.75
0.6,0.3,0.4,1.0,1.6,2.23
0.6,0.3,0.4,1.5,1.9,2.71
0.6,0.3,0.4,2.0,2.2,3.1900000000000004
0.6,0.3,0.4,2.5,2.5,3.67
0.6,0.3,0.4,3.0,2.8,4.15
0.6,0.3,0.4,3.5,3.1,4.630000000000001
0.6,0.3,0.4,4.0,3.4,5.11
0.6,0.3,0.4,4.5,3.6999999999999997,5.59
0.6,0.3,0.4,5.0,4.0,6.069999999999999
0.6,0.3,0.45,0.5,1.3,1.7725
0.6,0.3,0.45,1.0,1.6,2.2750000000000004
0.6,0.3,0.45,1.5,1.9,2.7775
0.6,0.3,0.45,2.0,2.2,3.2800000000000002
0.6,0.3,0.45,2.5,2.5,3.7824999999999998
0.6,0.3,0.45,3.0,2.8,4.285
0.6,0.3,0.45,3.5,3.1,4.7875
0.6,0.3,0.45,4.0,3.4,5.29
0.6,0.3,0.45,4.5,3.6999999999999997,5.7924999999999995
0.6,0.3,0.45,5.0,4.0,6.295
0.6,0.3,0.5,0.5,1.3,1.7950000000000002
0.6,0.3,0.5,1.0,1.6,2.3200000000000003
0.6,0.3,0.5,1.5,1.9,2.8449999999999998
0.6,0.3,0.5,2.0,2.2,3.37
0.6,0.3,0.5,2.5,2.5,3.895
0.6,0.3,0.5,3.0,2.8,4.42
0.6,0.3,0.5,3.5,3.1,4.945
0.6,0.3,0.5,4.0,3.4,5.47
0.6,0.3,0.5,4.5,3.6999999999999997,5.994999999999999
0.6,0.3,0.5,5.0,4.0,6.52
0.6,0.4,0.0,0.5,1.3,1.6600000000000001
0.6,0.4,0.0,1.0,1.6,1.9600000000000002
0.6,0.4,0.0,1.5,1.9,2.26
0.6,0.4,0.0,2.0,2.2,2.56
0.6,0.4,0.0,2.5,2.5,2.86
0.6,0.4,0.0,3.0,2.8,3.1599999999999997
0.6,0.4,0.0,3.5,3.1,3.46
0.6,0.4,0.0,4.0,3.4,3.76
0.6,0.4,0.0,4.5,3.6999999999999997,4.06
0.6,0.4,0.0,5.0,4.0,4.36
0.6,0.4,0.05,0.5,1.3,1.6825
0.6,0.4,0.05,1.0,1.6,2.0050000000000003
0.6,0.4,0.05,1.5,1.9,2.3274999999999997
0.6,0.4,0.05,2.0,2.2,2.65
0.6,0.4,0.05,2.5,2.5,2.9724999999999997
0.6,0.4,0.05,3.0,2.8,3.295
0.6,0.4,0.05,3.5,3.1,3.6175
0.6,0.4,0.05,4.0,3.4,3.94
0.6,0.4,0.05,4.5,3.6999999999999997,4.262499999999999
0.6,0.4,0.05,5.0,4.0,4.585
0.6,0.4,0.1,0.5,1.3,1.705
0.6,0.4,0.1,1.0,1.6,2.0500000000000003
0.6,0.4,0.1,1.5,1.9,2.395
0.6,0.4,0.1,2.0,2.2,2.74
0.6,0.4,0.1,2.5,2.5,3.085
0.6,0.4,0.1,3.0,2.8,3.4299999999999997
0.6,0.4,0.1,3.5,3.1,3.775
0.6,0.4,0.1,4.0,3.4,4.12
0.6,0.4,0.1,4.5,3.6999999999999997,4.465
0.6,0.4,0.1,5.0,4.0,4.8100000000000005
0.6,0.4,0.15,0.5,1.3,1.7275
0.6,0.4,0.15,1.0,1.6,2.095
0.6,0.4,0.15,1.5,1.9,2.4625
0.6,0.4,0.15,2.0,2.2,2.83
0.6,0.4,0.15,2.5,2.5,3.1975
0.6,0.4,0.15,3.0,2.8,3.5649999999999995
0.6,0.4,0.15,3.5,3.1,3.9325
0.6,0.4,0.15,4.0,3.4,4.3
0.6,0.4,0.15,4.5,3.6999999999999997,4.6674999999999995
0.6,0.4,0.15,5.0,4.0,5.035
0.6,0.4,0.2,0.5,1.3,1.7500000000000002
0.6,0.4,0.2,1.0,1.6,2.14
0.6,0.4,0.2,1.5,1.9,2.53
0.6,0.4,0.2,2.0,2.2,2.92
0.6,0.4,0.2,2.5,2.5,3.31
0.6,0.4,0.2,3.0,2.8,3.6999999999999997
0.6,0.4,0.2,3.5,3.1,4.09
0.6,0.4,0.2,4.0,3.4,4.4799999999999995
0.6,0.4,0.2,4.5,3.6999999999999997,4.869999999999999
0.6,0.4,0.2,5.0,4.0,5.260000000000001
0.6,0.4,0.25,0.5,1.3,1.7725000000000002
0.6,0.4,0.25,1.0,1.6,2.185
0.6,0.4,0.25,1.5,1.9,2.5974999999999997
0.6,0.4,0.25,2.0,2.2,3.0100000000000002
0.6,0.4,0.25,2.5,2.5,3.4225
0.6,0.4,0.25,3.0,2.8,3.835
0.6,0.4,0.25,3.5,3.1,4.2475
0.6,0.4,0.25,4.0,3.4,4.66
0.6,0.4,0.25,4.5,3.6999999999999997,5.0725
0.6,0.4,0.25,5.0,4.0,5.485
0.6,0.4,0.3,0.5,1.3,1.7950000000000002
0.6,0.4,0.3,1.0,1.6,2.2300000000000004
0.6,0.4,0.3,1.5,1.9,2.6649999999999996
0.6,0.4,0.3,2.0,2.2,3.1
0.6,0.4,0.3,2.5,2.5,3.535
0.6,0.4,0.3,3.0,2.8,3.9699999999999998
0.6,0.4,0.3,3.5,3.1,4.405
0.6,0.4,0.3,4.0,3.4,4.84
0.6,0.4,0.3,4.5,3.6999999999999997,5.2749999999999995
0.6,0.4,0.3,5.0,4.0,5.710000000000001
0.6,0.4,0.35,0.5,1.3,1.8175000000000001
0.6,0.4,0.35,1.0,1.6,2.2750000000000004
0.6,0.4,0.35,1.5,1.9,2.7325
0.6,0.4,0.35,2.0,2.2,3.19
0.6,0.4,0.35,2.5,2.5,3.6475
0.6,0.4,0.35,3.0,2.8,4.1049999999999995
0.6,0.4,0.35,3.5,3.1,4.5625
0.6,0.4,0.35,4.0,3.4,5.02
0.6,0.4,0.35,4.5,3.6999999999999997,5.477499999999999
0.6,0.4,0.35,5.0,4.0,5.9350000000000005
0.6,0.4,0.4,0.5,1.3,1.84
0.6,0.4,0.4,1.0,1.6,2.3200000000000003
0.6,0.4,0.4,1.5,1.9,2.8
0.6,0.4,0.4,2.0,2.2,3.2800000000000002
0.6,0.4,0.4,2.5,2.5,3.76
0.6,0.4,0.4,3.0,2.8,4.24
0.6,0.4,0.4,3.5,3.1,4.720000000000001
0.6,0.4,0.4,4.0,3.4,5.2
0.6,0.4,0.4,4.5,3.6999999999999997,5.68
0.6,0.4,0.4,5.0,4.0,6.16
0.6,0.4,0.45,0.5,1.3,1.8625000000000003
0.6,0.4,0.45,1.0,1.6,2.365
0.6,0.4,0.45,1.5,1.9,2.8674999999999997
0.6,0.4,0.45,2.0,2.2,3.37
0.6,0.4,0.45,2.5,2.5,3.8724999999999996
0.6,0.4,0.45,3.0,2.8,4.375
0.6,0.4,0.45,3.5,3.1,4.8774999999999995
0.6,0.4,0.45,4.0,3.4,5.38
0.6,0.4,0.45,4.5,3.6999999999999997,5.882499999999999
0.6,0.4,0.45,5.0,4.0,6.385
0.6,0.4,0.5,0.5,1.3,1.8850000000000002
0.6,0.4,0.5,1.0,1.6,2.41
0.6,0.4,0.5,1.5,1.9,2.9349999999999996
0.6,0.4,0.5,2.0,2.2,3.46
0.6,0.4,0.5,2.5,2.5,3.985
0.6,0.4,0.5,3.0,2.8,4.51
0.6,0.4,0.5,3.5,3.1,5.035
0.6,0.4,0.5,4.0,3.4,5.56
0.6,0.4,0.5,4.5,3.6999999999999997,6.084999999999999
0.6,0.4,0.5,5.0,4.0,6.61
0.6,0.5,0.0,0.5,1.3,1.75
0.6,0.5,0.0,1.0,1.6,2.0500000000000003
0.6,0.5,0.0,1.5,1.9,2.35
0.6,0.5,0.0,2.0,2.2,2.6500000000000004
0.6,0.5,0.0,2.5,2.5,2.95
0.6,0.5,0.0,3.0,2.8,3.25
0.6,0.5,0.0,3.5,3.1,3.5500000000000003
0.6,0.5,0.0,4.0,3.4,3.85
0.6,0.5,0.0,4.5,3.6999999999999997,4.1499999999999995
0.6,0.5,0.0,5.0,4.0,4.45
0.6,0.5,0.05,0.5,1.3,1.7725
0.6,0.5,0.05,1.0,1.6,2.095
0.6,0.5,0.05,1.5,1.9,2.4175
0.6,0.5,0.05,2.0,2.2,2.74
0.6,0.5,0.05,2.5,2.5,3.0625
0.6,0.5,0.05,3.0,2.8,3.3850000000000002
0.6,0.5,0.05,3.5,3.1,3.7075000000000005
0.6,0.5,0.05,4.0,3.4,4.03
0.6,0.5,0.05,4.5,3.6999999999999997,4.352499999999999
0.6,0.5,0.05,5.0,4.0,4.675
0.6,0.5,0.1,0.5,1.3,1.795
0.6,0.5,0.1,1.0,1.6,2.14
0.6,0.5,0.1,1.5,1.9,2.4850000000000003
0.6,0.5,0.1,2.0,2.2,2.8300000000000005
0.6,0.5,0.1,2.5,2.5,3.1750000000000003
0.6,0.5,0.1,3.0,2.8,3.52
0.6,0.5,0.1,3.5,3.1,3.865
0.6,0.5,0.1,4.0,3.4,4.21
0.6,0.5,0.1,4.5,3.6999999999999997,4.555
0.6,0.5,0.1,5.0,4.0,4.9
0.6,0.5,0.15,0.5,1.3,1.8175
0.6,0.5,0.15,1.0,1.6,2.1850000000000005
0.6,0.5,0.15,1.5,1.9,2.5525
0.6,0.5,0.15,2.0,2.2,2.9200000000000004
0.6,0.5,0.15,2.5,2.5,3.2875
0.6,0.5,0.15,3.0,2.8,3.655
0.6,0.5,0.15,3.5,3.1,4.0225
0.6,0.5,0.15,4.0,3.4,4.390000000000001
0.6,0.5,0.15,4.5,3.6999999999999997,4.757499999999999
0.6,0.5,0.15,5.0,4.0,5.125
0.6,0.5,0.2,0.5,1.3,1.84
0.6,0.5,0.2,1.0,1.6,2.2300000000000004
0.6,0.5,0.2,1.5,1.9,2.62
0.6,0.5,0.2,2.0,2.2,3.0100000000000002
0.6,0.5,0.2,2.5,2.5,3.4000000000000004
0.6,0.5,0.2,3.0,2.8,3.79
0.6,0.5,0.2,3.5,3.1,4.180000000000001
0.6,0.5,0.2,4.0,3.4,4.57
0.6,0.5,0.2,4.5,3.6999999999999997,4.959999999999999
0.6,0.5,0.2,5.0,4.0,5.3500000000000005
0.6,0.5,0.25,0.5,1.3,1.8625
0.6,0.5,0.25,1.0,1.6,2.2750000000000004
0.6,0.5,0.25,1.5,1.9,2.6875
0.6,0.5,0.25,2.0,2.2,3.1000000000000005
0.6,0.5,0.25,2.5,2.5,3.5125
0.6,0.5,0.25,3.0,2.8,3.925
0.6,0.5,0.25,3.5,3.1,4.3375
0.6,0.5,0.25,4.0,3.4,4.75
0.6,0.5,0.25,4.5,3.6999999999999997,5.1625
0.6,0.5,0.25,5.0,4.0,5.575
0.6,0.5,0.3,0.5,1.3,1.885
0.6,0.5,0.3,1.0,1.6,2.3200000000000003
0.6,0.5,0.3,1.5,1.9,2.755
0.6,0.5,0.3,2.0,2.2,3.1900000000000004
0.6,0.5,0.3,2.5,2.5,3.625
0.6,0.5,0.3,3.0,2.8,4.06
0.6,0.5,0.3,3.5,3.1,4.495
0.6,0.5,0.3,4.0,3.4,4.93
0.6,0.5,0.3,4.5,3.6999999999999997,5.364999999999999
0.6,0.5,0.3,5.0,4.0,5.800000000000001
0.6,0.5,0.35,0.5,1.3,1.9075
0.6,0.5,0.35,1.0,1.6,2.365
0.6,0.5,0.35,1.5,1.9,2.8225
0.6,0.5,0.35,2.0,2.2,3.2800000000000002
0.6,0.5,0.35,2.5,2.5,3.7375000000000003
0.6,0.5,0.35,3.0,2.8,4.195
0.6,0.5,0.35,3.5,3.1,4.6525
0.6,0.5,0.35,4.0,3.4,5.11
0.6,0.5,0.35,4.5,3.6999999999999997,5.567499999999999
0.6,0.5,0.35,5.0,4.0,6.025
0.6,0.5,0.4,0.5,1.3,1.93
0.6,0.5,0.4,1.0,1.6,2.41
0.6,0.5,0.4,1.5,1.9,2.89
0.6,0.5,0.4,2.0,2.2,3.3700000000000006
0.6,0.5,0.4,2.5,2.5,3.85
0.6,0.5,0.4,3.0,2.8,4.33
0.6,0.5,0.4,3.5,3.1,4.8100000000000005
0.6,0.5,0.4,4.0,3.4,5.29
0.6,0.5,0.4,4.5,3.6999999999999997,5.77
0.6,0.5,0.4,5.0,4.0,6.25
0.6,0.5,0.45,0.5,1.3,1.9525000000000001
0.6,0.5,0.45,1.0,1.6,2.455
0.6,0.5,0.45,1.5,1.9,2.9575
0.6,0.5,0.45,2.0,2.2,3.4600000000000004
0.6,0.5,0.45,2.5,2.5,3.9625000000000004
0.6,0.5,0.45,3.0,2.8,4.465
0.6,0.5,0.45,3.5,3.1,4.9675
0.6,0.5,0.45,4.0,3.4,5.470000000000001
0.6,0.5,0.45,4.5,3.6999999999999997,5.972499999999999
0.6,0.5,0.45,5.0,4.0,6.475
0.6,0.5,0.5,0.5,1.3,1.975
0.6,0.5,0.5,1.0,1.6,2.5000000000000004
0.6,0.5,0.5,1.5,1.9,3.0250000000000004
0.6,0.5,0.5,2.0,2.2,3.5500000000000003
0.6,0.5,0.5,2.5,2.5,4.075
0.6,0.5,0.5,3.0,2.8,4.6
0.6,0.5,0.5,3.5,3.1,5.125
0.6,0.5,0.5,4.0,3.4,5.65
0.6,0.5,0.5,4.5,3.6999999999999997,6.174999999999999
0.6,0.5,0.5,5.0,4.0,6.7
0.6,0.6,0.0,0.5,1.3,1.84
0.6,0.6,0.0,1.0,1.6,2.14
0.6,0.6,0.0,1.5,1.9,2.44
0.6,0.6,0.0,2.0,2.2,2.74
0.6,0.6,0.0,2.5,2.5,3.04
0.6,0.6,0.0,3.0,2.8,3.34
0.6,0.6,0.0,3.5,3.1,3.64
0.6,0.6,0.0,4.0,3.4,3.94
0.6,0.6,0.0,4.5,3.6999999999999997,4.24
0.6,0.6,0.0,5.0,4.0,4.54
0.6,0.6,0.05,0.5,1.3,1.8625
0.6,0.6,0.05,1.0,1.6,2.185
0.6,0.6,0.05,1.5,1.9,2.5075
0.6,0.6,0.05,2.0,2.2,2.83
0.6,0.6,0.05,2.5,2.5,3.1525
0.6,0.6,0.05,3.0,2.8,3.475
0.6,0.6,0.05,3.5,3.1,3.7975000000000003
0.6,0.6,0.05,4.0,3.4,4.12
0.6,0.6,0.05,4.5,3.6999999999999997,4.4425
0.6,0.6,0.05,5.0,4.0,4.765
0.6,0.6,0.1,0.5,1.3,1.885
0.6,0.6,0.1,1.0,1.6,2.23
0.6,0.6,0.1,1.5,1.9,2.575
0.6,0.6,0.1,2.0,2.2,2.9200000000000004
0.6,0.6,0.1,2.5,2.5,3.265
0.6,0.6,0.1,3.0,2.8,3.61
0.6,0.6,0.1,3.5,3.1,3.955
0.6,0.6,0.1,4.0,3.4,4.3
0.6,0.6,0.1,4.5,3.6999999999999997,4.6450000000000005
0.6,0.6,0.1,5.0,4.0,4.99
0.6,0.6,0.15,0.5,1.3,1.9075000000000002
0.6,0.6,0.15,1.0,1.6,2.2750000000000004
0.6,0.6,0.15,1.5,1.9,2.6425
0.6,0.6,0.15,2.0,2.2,3.0100000000000002
0.6,0.6,0.15,2.5,2.5,3.3775
0.6,0.6,0.15,3.0,2.8,3.7449999999999997
0.6,0.6,0.15,3.5,3.1,4.1125
0.6,0.6,0.15,4.0,3.4,4.48
0.6,0.6,0.15,4.5,3.6999999999999997,4.8475
0.6,0.6,0.15,5.0,4.0,5.215
0.6,0.6,0.2,0.5,1.3,1.9300000000000002
0.6,0.6,0.2,1.0,1.6,2.3200000000000003
0.6,0.6,0.2,1.5,1.9,2.71
0.6,0.6,0.2,2.0,2.2,3.1
0.6,0.6,0.2,2.5,2.5,3.49
0.6,0.6,0.2,3.0,2.8,3.88
0.6,0.6,0.2,3.5,3.1,4.2700000000000005
0.6,0.6,0.2,4.0,3.4,4.66
0.6,0.6,0.2,4.5,3.6999999999999997,5.050000000000001
0.6,0.6,0.2,5.0,4.0,5.44
0.6,0.6,0.25,0.5,1.3,1.9525000000000001
0.6,0.6,0.25,1.0,1.6,2.365
0.6,0.6,0.25,1.5,1.9,2.7775
0.6,0.6,0.25,2.0,2.2,3.1900000000000004
0.6,0.6,0.25,2.5,2.5,3.6025
0.6,0.6,0.25,3.0,2.8,4.015
0.6,0.6,0.25,3.5,3.1,4.4275
0.6,0.6,0.25,4.0,3.4,4.84
0.6,0.6,0.25,4.5,3.6999999999999997,5.2525
0.6,0.6,0.25,5.0,4.0,5.665
0.6,0.6,0.3,0.5,1.3,1.975
0.6,0.6,0.3,1.0,1.6,2.41
0.6,0.6,0.3,1.5,1.9,2.8449999999999998
0.6,0.6,0.3,2.0,2.2,3.2800000000000002
0.6,0.6,0.3,2.5,2.5,3.715
0.6,0.6,0.3,3.0,2.8,4.1499999999999995
0.6,0.6,0.3,3.5,3.1,4.585
0.6,0.6,0.3,4.0,3.4,5.02
0.6,0.6,0.3,4.5,3.6999999999999997,5.455
0.6,0.6,0.3,5.0,4.0,5.890000000000001
0.6,0.6,0.35,0.5,1.3,1.9975
0.6,0.6,0.35,1.0,1.6,2.455
0.6,0.6,0.35,1.5,1.9,2.9124999999999996
0.6,0.6,0.35,2.0,2.2,3.37
0.6,0.6,0.35,2.5,2.5,3.8275
0.6,0.6,0.35,3.0,2.8,4.285
0.6,0.6,0.35,3.5,3.1,4.7425
0.6,0.6,0.35,4.0,3.4,5.2
0.6,0.6,0.35,4.5,3.6999999999999997,5.657500000000001
0.6,0.6,0.35,5.0,4.0,6.115
0.6,0.6,0.4,0.5,1.3,2.02
0.6,0.6,0.4,1.0,1.6,2.5
0.6,0.6,0.4,1.5,1.9,2.98
0.6,0.6,0.4,2.0,2.2,3.4600000000000004
0.6,0.6,0.4,2.5,2.5,3.94
0.6,0.6,0.4,3.0,2.8,4.42
0.6,0.6,0.4,3.5,3.1,4.9
0.6,0.6,0.4,4.0,3.4,5.38
0.6,0.6,0.4,4.5,3.6999999999999997,5.86
0.6,0.6,0.4,5.0,4.0,6.34
0.6,0.6,0.45,0.5,1.3,2.0425
0.6,0.6,0.45,1.0,1.6,2.545
0.6,0.6,0.45,1.5,1.9,3.0475
0.6,0.6,0.45,2.0,2.2,3.5500000000000003
0.6,0.6,0.45,2.5,2.5,4.0525
0.6,0.6,0.45,3.0,2.8,4.555
0.6,0.6,0.45,3.5,3.1,5.0575
0.6,0.6,0.45,4.0,3.4,5.5600000000000005
0.6,0.6,0.45,4.5,3.6999999999999997,6.0625
0.6,0.6,0.45,5.0,4.0,6.5649999999999995
0.6,0.6,0.5,0.5,1.3,2.065
0.6,0.6,0.5,1.0,1.6,2.5900000000000003
0.6,0.6,0.5,1.5,1.9,3.115
0.6,0.6,0.5,2.0,2.2,3.64
0.6,0.6,0.5,2.5,2.5,4.165
0.6,0.6,0.5,3.0,2.8,4.6899999999999995
0.6,0.6,0.5,3.5,3.1,5.215
0.6,0.6,0.5,4.0,3.4,5.74
0.6,0.6,0.5,4.5,3.6999999999999997,6.265000000000001
0.6,0.6,0.5,5.0,4.0,6.79
0.6,0.7,0.0,0.5,1.3,1.9300000000000002
0.6,0.7,0.0,1.0,1.6,2.23
0.6,0.7,0.0,1.5,1.9,2.53
0.6,0.7,0.0,2.0,2.2,2.83
0.6,0.7,0.0,2.5,2.5,3.13
0.6,0.7,0.0,3.0,2.8,3.4299999999999997
0.6,0.7,0.0,3.5,3.1,3.73
0.6,0.7,0.0,4.0,3.4,4.03
0.6,0.7,0.0,4.5,3.6999999999999997,4.33
0.6,0.7,0.0,5.0,4.0,4.63
0.6,0.7,0.05,0.5,1.3,1.9525000000000001
0.6,0.7,0.05,1.0,1.6,2.275
0.6,0.7,0.05,1.5,1.9,2.5974999999999997
0.6,0.7,0.05,2.0,2.2,2.92
0.6,0.7,0.05,2.5,2.5,3.2424999999999997
0.6,0.7,0.05,3.0,2.8,3.565
0.6,0.7,0.05,3.5,3.1,3.8875
0.6,0.7,0.05,4.0,3.4,4.21
0.6,0.7,0.05,4.5,3.6999999999999997,4.5325
0.6,0.7,0.05,5.0,4.0,4.8549999999999995
0.6,0.7,0.1,0.5,1.3,1.975
0.6,0.7,0.1,1.0,1.6,2.32
0.6,0.7,0.1,1.5,1.9,2.665
0.6,0.7,0.1,2.0,2.2,3.0100000000000002
0.6,0.7,0.1,2.5,2.5,3.355
0.6,0.7,0.1,3.0,2.8,3.6999999999999997
0.6,0.7,0.1,3.5,3.1,4.045
0.6,0.7,0.1,4.0,3.4,4.390000000000001
0.6,0.7,0.1,4.5,3.6999999999999997,4.735
0.6,0.7,0.1,5.0,4.0,5.08
0.6,0.7,0.15,0.5,1.3,1.9975
0.6,0.7,0.15,1.0,1.6,2.365
0.6,0.7,0.15,1.5,1.9,2.7325
0.6,0.7,0.15,2.0,2.2,3.1
0.6,0.7,0.15,2.5,2.5,3.4675
0.6,0.7,0.15,3.0,2.8,3.8349999999999995
0.6,0.7,0.15,3.5,3.1,4.2025
0.6,0.7,0.15,4.0,3.4,4.57
0.6,0.7,0.15,4.5,3.6999999999999997,4.9375
0.6,0.7,0.15,5.0,4.0,5.305
0.6,0.7,0.2,0.5,1.3,2.02
0.6,0.7,0.2,1.0,1.6,2.41
0.6,0.7,0.2,1.5,1.9,2.8
0.6,0.7,0.2,2.0,2.2,3.19
0.6,0.7,0.2,2.5,2.5,3.58
0.6,0.7,0.2,3.0,2.8,3.9699999999999998
0.6,0.7,0.2,3.5,3.1,4.36
0.6,0.7,0.2,4.0,3.4,4.75
0.6,0.7,0.2,4.5,3.6999999999999997,5.140000000000001
0.6,0.7,0.2,5.0,4.0,5.53
0.6,0.7,0.25,0.5,1.3,2.0425
0.6,0.7,0.25,1.0,1.6,2.455
0.6,0.7,0.25,1.5,1.9,2.8674999999999997
0.6,0.7,0.25,2.0,2.2,3.2800000000000002
0.6,0.7,0.25,2.5,2.5,3.6925
0.6,0.7,0.25,3.0,2.8,4.1049999999999995
0.6,0.7,0.25,3.5,3.1,4.5175
0.6,0.7,0.25,4.0,3.4,4.930000000000001
0.6,0.7,0.25,4.5,3.6999999999999997,5.3425
0.6,0.7,0.25,5.0,4.0,5.755
0.6,0.7,0.3,0.5,1.3,2.0650000000000004
0.6,0.7,0.3,1.0,1.6,2.5
0.6,0.7,0.3,1.5,1.9,2.9349999999999996
0.6,0.7,0.3,2.0,2.2,3.37
0.6,0.7,0.3,2.5,2.5,3.8049999999999997
0.6,0.7,0.3,3.0,2.8,4.239999999999999
0.6,0.7,0.3,3.5,3.1,4.675
0.6,0.7,0.3,4.0,3.4,5.11
0.6,0.7,0.3,4.5,3.6999999999999997,5.545
0.6,0.7,0.3,5.0,4.0,5.98
0.6,0.7,0.35,0.5,1.3,2.0875000000000004
0.6,0.7,0.35,1.0,1.6,2.545
0.6,0.7,0.35,1.5,1.9,3.0024999999999995
0.6,0.7,0.35,2.0,2.2,3.46
0.6,0.7,0.35,2.5,2.5,3.9175
0.6,0.7,0.35,3.0,2.8,4.375
0.6,0.7,0.35,3.5,3.1,4.8325
0.6,0.7,0.35,4.0,3.4,5.29
0.6,0.7,0.35,4.5,3.6999999999999997,5.7475000000000005
0.6,0.7,0.35,5.0,4.0,6.205
0.6,0.7,0.4,0.5,1.3,2.1100000000000003
0.6,0.7,0.4,1.0,1.6,2.59
0.6,0.7,0.4,1.5,1.9,3.07
0.6,0.7,0.4,2.0,2.2,3.5500000000000003
0.6,0.7,0.4,2.5,2.5,4.03
0.6,0.7,0.4,3.0,2.8,4.51
0.6,0.7,0.4,3.5,3.1,4.99
0.6,0.7,0.4,4.0,3.4,5.470000000000001
0.6,0.7,0.4,4.5,3.6999999999999997,5.95
0.6,0.7,0.4,5.0,4.0,6.43
0.6,0.7,0.45,0.5,1.3,2.1325000000000003
0.6,0.7,0.45,1.0,1.6,2.635
0.6,0.7,0.45,1.5,1.9,3.1374999999999997
0.6,0.7,0.45,2.0,2.2,3.64
0.6,0.7,0.45,2.5,2.5,4.1425
0.6,0.7,0.45,3.0,2.8,4.645
0.6,0.7,0.45,3.5,3.1,5.1475
0.6,0.7,0.45,4.0,3.4,5.65
0.6,0.7,0.45,4.5,3.6999999999999997,6.1525
0.6,0.7,0.45,5.0,4.0,6.654999999999999
0.6,0.7,0.5,0.5,1.3,2.1550000000000002
0.6,0.7,0.5,1.0,1.6,2.68
0.6,0.7,0.5,1.5,1.9,3.205
0.6,0.7,0.5,2.0,2.2,3.73
0.6,0.7,0.5,2.5,2.5,4.255
0.6,0.7,0.5,3.0,2.8,4.779999999999999
0.6,0.7,0.5,3.5,3.1,5.305
0.6,0.7,0.5,4.0,3.4,5.83
0.6,0.7,0.5,4.5,3.6999999999999997,6.355
0.6,0.7,0.5,5.0,4.0,6.88
0.6,0.8,0.0,0.5,1.3,2.02
0.6,0.8,0.0,1.0,1.6,2.3200000000000003
0.6,0.8,0.0,1.5,1.9,2.62
0.6,0.8,0.0,2.0,2.2,2.9200000000000004
0.6,0.8,0.0,2.5,2.5,3.22
0.6,0.8,0.0,3.0,2.8,3.52
0.6,0.8,0.0,3.5,3.1,3.8200000000000003
0.6,0.8,0.0,4.0,3.4,4.12
0.6,0.8,0.0,4.5,3.6999999999999997,4.42
0.6,0.8,0.0,5.0,4.0,4.72
0.6,0.8,0.05,0.5,1.3,2.0425
0.6,0.8,0.05,1.0,1.6,2.365
0.6,0.8,0.05,1.5,1.9,2.6875
0.6,0.8,0.05,2.0,2.2,3.0100000000000002
0.6,0.8,0.05,2.5,2.5,3.3325
0.6,0.8,0.05,3.0,2.8,3.6550000000000002
0.6,0.8,0.05,3.5,3.1,3.9775000000000005
0.6,0.8,0.05,4.0,3.4,4.3
0.6,0.8,0.05,4.5,3.6999999999999997,4.6225
0.6,0.8,0.05,5.0,4.0,4.944999999999999
0.6,0.8,0.1,0.5,1.3,2.065
0.6,0.8,0.1,1.0,1.6,2.41
0.6,0.8,0.1,1.5,1.9,2.7550000000000003
0.6,0.8,0.1,2.0,2.2,3.1000000000000005
0.6,0.8,0.1,2.5,2.5,3.4450000000000003
0.6,0.8,0.1,3.0,2.8,3.79
0.6,0.8,0.1,3.5,3.1,4.135000000000001
0.6,0.8,0.1,4.0,3.4,4.48
0.6,0.8,0.1,4.5,3.6999999999999997,4.825
0.6,0.8,0.1,5.0,4.0,5.17
0.6,0.8,0.15,0.5,1.3,2.0875
0.6,0.8,0.15,1.0,1.6,2.455
0.6,0.8,0.15,1.5,1.9,2.8225000000000002
0.6,0.8,0.15,2.0,2.2,3.1900000000000004
0.6,0.8,0.15,2.5,2.5,3.5575
0.6,0.8,0.15,3.0,2.8,3.925
0.6,0.8,0.15,3.5,3.1,4.2925
0.6,0.8,0.15,4.0,3.4,4.66
0.6,0.8,0.15,4.5,3.6999999999999997,5.0275
0.6,0.8,0.15,5.0,4.0,5.395
0.6,0.8,0.2,0.5,1.3,2.11
0.6,0.8,0.2,1.0,1.6,2.5000000000000004
0.6,0.8,0.2,1.5,1.9,2.89
0.6,0.8,0.2,2.0,2.2,3.2800000000000002
0.6,0.8,0.2,2.5,2.5,3.6700000000000004
0.6,0.8,0.2,3.0,2.8,4.0600000000000005
0.6,0.8,0.2,3.5,3.1,4.45
0.6,0.8,0.2,4.0,3.4,4.84
0.6,0.8,0.2,4.5,3.6999999999999997,5.23
0.6,0.8,0.2,5.0,4.0,5.62
0.6,0.8,0.25,0.5,1.3,2.1325
0.6,0.8,0.25,1.0,1.6,2.5450000000000004
0.6,0.8,0.25,1.5,1.9,2.9575
0.6,0.8,0.25,2.0,2.2,3.3700000000000006
0.6,0.8,0.25,2.5,2.5,3.7825
0.6,0.8,0.25,3.0,2.8,4.195
0.6,0.8,0.25,3.5,3.1,4.6075
0.6,0.8,0.25,4.0,3.4,5.0200000000000005
0.6,0.8,0.25,4.5,3.6999999999999997,5.4325
0.6,0.8,0.25,5.0,4.0,5.845
0.6,0.8,0.3,0.5,1.3,2.1550000000000002
0.6,0.8,0.3,1.0,1.6,2.5900000000000003
0.6,0.8,0.3,1.5,1.9,3.025
0.6,0.8,0.3,2.0,2.2,3.4600000000000004
0.6,0.8,0.3,2.5,2.5,3.8950000000000005
0.6,0.8,0.3,3.0,2.8,4.33
0.6,0.8,0.3,3.5,3.1,4.765000000000001
0.6,0.8,0.3,4.0,3.4,5.2
0.6,0.8,0.3,4.5,3.6999999999999997,5.635
0.6,0.8,0.3,5.0,4.0,6.07
0.6,0.8,0.35,0.5,1.3,2.1775
0.6,0.8,0.35,1.0,1.6,2.6350000000000002
0.6,0.8,0.35,1.5,1.9,3.0925000000000002
0.6,0.8,0.35,2.0,2.2,3.5500000000000003
0.6,0.8,0.35,2.5,2.5,4.0075
0.6,0.8,0.35,3.0,2.8,4.465
0.6,0.8,0.35,3.5,3.1,4.9225
0.6,0.8,0.35,4.0,3.4,5.38
0.6,0.8,0.35,4.5,3.6999999999999997,5.8375
0.6,0.8,0.35,5.0,4.0,6.295
0.6,0.8,0.4,0.5,1.3,2.2
0.6,0.8,0.4,1.0,1.6,2.68
0.6,0.8,0.4,1.5,1.9,3.16
0.6,0.8,0.4,2.0,2.2,3.6400000000000006
0.6,0.8,0.4,2.5,2.5,4.12
0.6,0.8,0.4,3.0,2.8,4.6000000000000005
0.6,0.8,0.4,3.5,3.1,5.08
0.6,0.8,0.4,4.0,3.4,5.5600000000000005
0.6,0.8,0.4,4.5,3.6999999999999997,6.04
0.6,0.8,0.4,5.0,4.0,6.52
0.6,0.8,0.45,0.5,1.3,2.2225
0.6,0.8,0.45,1.0,1.6,2.7250000000000005
0.6,0.8,0.45,1.5,1.9,3.2275
0.6,0.8,0.45,2.0,2.2,3.7300000000000004
0.6,0.8,0.45,2.5,2.5,4.2325
0.6,0.8,0.45,3.0,2.8,4.735
0.6,0.8,0.45,3.5,3.1,5.237500000000001
0.6,0.8,0.45,4.0,3.4,5.74
0.6,0.8,0.45,4.5,3.6999999999999997,6.2425
0.6,0.8,0.45,5.0,4.0,6.744999999999999
0.6,0.8,0.5,0.5,1.3,2.245
0.6,0.8,0.5,1.0,1.6,2.7700000000000005
0.6,0.8,0.5,1.5,1.9,3.295
0.6,0.8,0.5,2.0,2.2,3.8200000000000003
0.6,0.8,0.5,2.5,2.5,4.345000000000001
0.6,0.8,0.5,3.0,2.8,4.87
0.6,0.8,0.5,3.5,3.1,5.3950000000000005
0.6,0.8,0.5,4.0,3.4,5.92
0.6,0.8,0.5,4.5,3.6999999999999997,6.445
0.6,0.8,0.5,5.0,4.0,6.97
0.6,0.9,0.0,0.5,1.3,2.1100000000000003
0.6,0.9,0.0,1.0,1.6,2.41
0.6,0.9,0.0,1.5,1.9,2.71
0.6,0.9,0.0,2.0,2.2,3.0100000000000002
0.6,0.9,0.0,2.5,2.5,3.31
0.6,0.9,0.0,3.0,2.8,3.61
0.6,0.9,0.0,3.5,3.1,3.91
0.6,0.9,0.0,4.0,3.4,4.21
0.6,0.9,0.0,4.5,3.6999999999999997,4.51
0.6,0.9,0.0,5.0,4.0,4.8100000000000005
0.6,0.9,0.05,0.5,1.3,2.1325000000000003
0.6,0.9,0.05,1.0,1.6,2.455
0.6,0.9,0.05,1.5,1.9,2.7775
0.6,0.9,0.05,2.0,2.2,3.1
0.6,0.9,0.05,2.5,2.5,3.4225
0.6,0.9,0.05,3.0,2.8,3.745
0.6,0.9,0.05,3.5,3.1,4.0675
0.6,0.9,0.05,4.0,3.4,4.39
0.6,0.9,0.05,4.5,3.6999999999999997,4.7124999999999995
0.6,0.9,0.05,5.0,4.0,5.035
0.6,0.9,0.1,0.5,1.3,2.1550000000000002
0.6,0.9,0.1,1.0,1.6,2.5
0.6,0.9,0.1,1.5,1.9,2.845
0.6,0.9,0.1,2.0,2.2,3.1900000000000004
0.6,0.9,0.1,2.5,2.5,3.535
0.6,0.9,0.1,3.0,2.8,3.88
0.6,0.9,0.1,3.5,3.1,4.2250000000000005
0.6,0.9,0.1,4.0,3.4,4.57
0.6,0.9,0.1,4.5,3.6999999999999997,4.915
0.6,0.9,0.1,5.0,4.0,5.260000000000001
0.6,0.9,0.15,0.5,1.3,2.1775
0.6,0.9,0.15,1.0,1.6,2.545
0.6,0.9,0.15,1.5,1.9,2.9125
0.6,0.9,0.15,2.0,2.2,3.2800000000000002
0.6,0.9,0.15,2.5,2.5,3.6475
0.6,0.9,0.15,3.0,2.8,4.015
0.6,0.9,0.15,3.5,3.1,4.3825
0.6,0.9,0.15,4.0,3.4,4.75
0.6,0.9,0.15,4.5,3.6999999999999997,5.1175
0.6,0.9,0.15,5.0,4.0,5.485
0.6,0.9,0.2,0.5,1.3,2.2
0.6,0.9,0.2,1.0,1.6,2.5900000000000003
0.6,0.9,0.2,1.5,1.9,2.98
0.6,0.9,0.2,2.0,2.2,3.37
0.6,0.9,0.2,2.5,2.5,3.7600000000000002
0.6,0.9,0.2,3.0,2.8,4.15
0.6,0.9,0.2,3.5,3.1,4.54
0.6,0.9,0.2,4.0,3.4,4.93
0.6,0.9,0.2,4.5,3.6999999999999997,5.32
0.6,0.9,0.2,5.0,4.0,5.710000000000001
0.6,0.9,0.25,0.5,1.3,2.2225
0.6,0.9,0.25,1.0,1.6,2.6350000000000002
0.6,0.9,0.25,1.5,1.9,3.0475
0.6,0.9,0.25,2.0,2.2,3.4600000000000004
0.6,0.9,0.25,2.5,2.5,3.8725
0.6,0.9,0.25,3.0,2.8,4.285
0.6,0.9,0.25,3.5,3.1,4.6975
0.6,0.9,0.25,4.0,3.4,5.11
0.6,0.9,0.25,4.5,3.6999999999999997,5.5225
0.6,0.9,0.25,5.0,4.0,5.9350000000000005
0.6,0.9,0.3,0.5,1.3,2.245
0.6,0.9,0.3,1.0,1.6,2.68
0.6,0.9,0.3,1.5,1.9,3.1149999999999998
0.6,0.9,0.3,2.0,2.2,3.5500000000000003
0.6,0.9,0.3,2.5,2.5,3.9850000000000003
0.6,0.9,0.3,3.0,2.8,4.42
0.6,0.9,0.3,3.5,3.1,4.855
0.6,0.9,0.3,4.0,3.4,5.29
0.6,0.9,0.3,4.5,3.6999999999999997,5.725
0.6,0.9,0.3,5.0,4.0,6.16
0.6,0.9,0.35,0.5,1.3,2.2675000000000005
0.6,0.9,0.35,1.0,1.6,2.725
0.6,0.9,0.35,1.5,1.9,3.1825
0.6,0.9,0.35,2.0,2.2,3.64
0.6,0.9,0.35,2.5,2.5,4.0975
0.6,0.9,0.35,3.0,2.8,4.555
0.6,0.9,0.35,3.5,3.1,5.0125
0.6,0.9,0.35,4.0,3.4,5.47
0.6,0.9,0.35,4.5,3.6999999999999997,5.9275
0.6,0.9,0.35,5.0,4.0,6.385000000000001
0.6,0.9,0.4,0.5,1.3,2.2900000000000005
0.6,0.9,0.4,1.0,1.6,2.77
0.6,0.9,0.4,1.5,1.9,3.25
0.6,0.9,0.4,2.0,2.2,3.7300000000000004
0.6,0.9,0.4,2.5,2.5,4.21
0.6,0.9,0.4,3.0,2.8,4.69
0.6,0.9,0.4,3.5,3.1,5.17
0.6,0.9,0.4,4.0,3.4,5.65
0.6,0.9,0.4,4.5,3.6999999999999997,6.13
0.6,0.9,0.4,5.0,4.0,6.61
0.6,0.9,0.45,0.5,1.3,2.3125000000000004
0.6,0.9,0.45,1.0,1.6,2.8150000000000004
0.6,0.9,0.45,1.5,1.9,3.3175
0.6,0.9,0.45,2.0,2.2,3.8200000000000003
0.6,0.9,0.45,2.5,2.5,4.3225
0.6,0.9,0.45,3.0,2.8,4.825
0.6,0.9,0.45,3.5,3.1,5.327500000000001
0.6,0.9,0.45,4.0,3.4,5.83
0.6,0.9,0.45,4.5,3.6999999999999997,6.3325
0.6,0.9,0.45,5.0,4.0,6.835000000000001
0.6,0.9,0.5,0.5,1.3,2.3350000000000004
0.6,0.9,0.5,1.0,1.6,2.8600000000000003
0.6,0.9,0.5,1.5,1.9,3.385
0.6,0.9,0.5,2.0,2.2,3.91
0.6,0.9,0.5,2.5,2.5,4.4350000000000005
0.6,0.9,0.5,3.0,2.8,4.96
0.6,0.9,0.5,3.5,3.1,5.485
0.6,0.9,0.5,4.0,3.4,6.01
0.6,0.9,0.5,4.5,3.6999999999999997,6.535
0.6,0.9,0.5,5.0,4.0,7.0600000000000005
0.6,1.0,0.0,0.5,1.3,2.2
0.6,1.0,0.0,1.0,1.6,2.5
0.6,1.0,0.0,1.5,1.9,2.8
0.6,1.0,0.0,2.0,2.2,3.1
0.6,1.0,0.0,2.5,2.5,3.4
0.6,1.0,0.0,3.0,2.8,3.6999999999999997
0.6,1.0,0.0,3.5,3.1,4.0
0.6,1.0,0.0,4.0,3.4,4.3
0.6,1.0,0.0,4.5,3.6999999999999997,4.6
0.6,1.0,0.0,5.0,4.0,4.9
0.6,1.0,0.05,0.5,1.3,2.2225
0.6,1.0,0.05,1.0,1.6,2.545
0.6,1.0,0.05,1.5,1.9,2.8674999999999997
0.6,1.0,0.05,2.0,2.2,3.19
0.6,1.0,0.05,2.5,2.5,3.5124999999999997
0.6,1.0,0.05,3.0,2.8,3.835
0.6,1.0,0.05,3.5,3.1,4.1575
0.6,1.0,0.05,4.0,3.4,4.4799999999999995
0.6,1.0,0.05,4.5,3.6999999999999997,4.802499999999999
0.6,1.0,0.05,5.0,4.0,5.125
0.6,1.0,0.1,0.5,1.3,2.245
0.6,1.0,0.1,1.0,1.6,2.59
0.6,1.0,0.1,1.5,1.9,2.935
0.6,1.0,0.1,2.0,2.2,3.2800000000000002
0.6,1.0,0.1,2.5,2.5,3.625
0.6,1.0,0.1,3.0,2.8,3.9699999999999998
0.6,1.0,0.1,3.5,3.1,4.315
0.6,1.0,0.1,4.0,3.4,4.66
0.6,1.0,0.1,4.5,3.6999999999999997,5.005
0.6,1.0,0.1,5.0,4.0,5.3500000000000005
0.6,1.0,0.15,0.5,1.3,2.2675
0.6,1.0,0.15,1.0,1.6,2.635
0.6,1.0,0.15,1.5,1.9,3.0025
0.6,1.0,0.15,2.0,2.2,3.37
0.6,1.0,0.15,2.5,2.5,3.7375
0.6,1.0,0.15,3.0,2.8,4.1049999999999995
0.6,1.0,0.15,3.5,3.1,4.4725
0.6,1.0,0.15,4.0,3.4,4.84
0.6,1.0,0.15,4.5,3.6999999999999997,5.2075
0.6,1.0,0.15,5.0,4.0,5.575
0.6,1.0,0.2,0.5,1.3,2.29
0.6,1.0,0.2,1.0,1.6,2.68
0.6,1.0,0.2,1.5,1.9,3.07
0.6,1.0,0.2,2.0,2.2,3.46
0.6,1.0,0.2,2.5,2.5,3.85
0.6,1.0,0.2,3.0,2.8,4.24
0.6,1.0,0.2,3.5,3.1,4.63
0.6,1.0,0.2,4.0,3.4,5.02
0.6,1.0,0.2,4.5,3.6999999999999997,5.41
0.6,1.0,0.2,5.0,4.0,5.800000000000001
0.6,1.0,0.25,0.5,1.3,2.3125
0.6,1.0,0.25,1.0,1.6,2.725
0.6,1.0,0.25,1.5,1.9,3.1374999999999997
0.6,1.0,0.25,2.0,2.2,3.5500000000000003
0.6,1.0,0.25,2.5,2.5,3.9625
0.6,1.0,0.25,3.0,2.8,4.375
0.6,1.0,0.25,3.5,3.1,4.7875
0.6,1.0,0.25,4.0,3.4,5.2
0.6,1.0,0.25,4.5,3.6999999999999997,5.6125
0.6,1.0,0.25,5.0,4.0,6.025
0.6,1.0,0.3,0.5,1.3,2.335
0.6,1.0,0.3,1.0,1.6,2.77
0.6,1.0,0.3,1.5,1.9,3.2049999999999996
0.6,1.0,0.3,2.0,2.2,3.64
0.6,1.0,0.3,2.5,2.5,4.075
0.6,1.0,0.3,3.0,2.8,4.51
0.6,1.0,0.3,3.5,3.1,4.945
0.6,1.0,0.3,4.0,3.4,5.38
0.6,1.0,0.3,4.5,3.6999999999999997,5.8149999999999995
0.6,1.0,0.3,5.0,4.0,6.25
0.6,1.0,0.35,0.5,1.3,2.3575000000000004
0.6,1.0,0.35,1.0,1.6,2.815
0.6,1.0,0.35,1.5,1.9,3.2725
0.6,1.0,0.35,2.0,2.2,3.73
0.6,1.0,0.35,2.5,2.5,4.1875
0.6,1.0,0.35,3.0,2.8,4.645
0.6,1.0,0.35,3.5,3.1,5.1025
0.6,1.0,0.35,4.0,3.4,5.56
0.6,1.0,0.35,4.5,3.6999999999999997,6.0175
0.6,1.0,0.35,5.0,4.0,6.4750000000000005
0.6,1.0,0.4,0.5,1.3,2.3800000000000003
0.6,1.0,0.4,1.0,1.6,2.86
0.6,1.0,0.4,1.5,1.9,3.34
0.6,1.0,0.4,2.0,2.2,3.8200000000000003
0.6,1.0,0.4,2.5,2.5,4.3
0.6,1.0,0.4,3.0,2.8,4.78
0.6,1.0,0.4,3.5,3.1,5.26
0.6,1.0,0.4,4.0,3.4,5.74
0.6,1.0,0.4,4.5,3.6999999999999997,6.22
0.6,1.0,0.4,5.0,4.0,6.7
0.6,1.0,0.45,0.5,1.3,2.4025000000000003
0.6,1.0,0.45,1.0,1.6,2.9050000000000002
0.6,1.0,0.45,1.5,1.9,3.4074999999999998
0.6,1.0,0.45,2.0,2.2,3.91
0.6,1.0,0.45,2.5,2.5,4.4125
0.6,1.0,0.45,3.0,2.8,4.915
0.6,1.0,0.45,3.5,3.1,5.4175
0.6,1.0,0.45,4.0,3.4,5.92
0.6,1.0,0.45,4.5,3.6999999999999997,6.422499999999999
0.6,1.0,0.45,5.0,4.0,6.925000000000001
0.6,1.0,0.5,0.5,1.3,2.4250000000000003
0.6,1.0,0.5,1.0,1.6,2.95
0.6,1.0,0.5,1.5,1.9,3.4749999999999996
0.6,1.0,0.5,2.0,2.2,4.0
0.6,1.0,0.5,2.5,2.5,4.525
0.6,1.0,0.5,3.0,2.8,5.05
0.6,1.0,0.5,3.5,3.1,5.575
0.6,1.0,0.5,4.0,3.4,6.1
0.6,1.0,0.5,4.5,3.6999999999999997,6.625
0.6,1.0,0.5,5.0,4.0,7.15
0.7,0.0,0.0,0.5,1.35,1.35
0.7,0.0,0.0,1.0,1.7,1.7
0.7,0.0,0.0,1.5,2.05,2.05
0.7,0.0,0.0,2.0,2.4,2.4
0.7,0.0,0.0,2.5,2.75,2.75
0.7,0.0,0.0,3.0,3.0999999999999996,3.0999999999999996
0.7,0.0,0.0,3.5,3.4499999999999997,3.4499999999999997
0.7,0.0,0.0,4.0,3.8,3.8
0.7,0.0,0.0,4.5,4.15,4.15
0.7,0.0,0.0,5.0,4.5,4.5
0.7,0.0,0.05,0.5,1.35,1.3725
0.7,0.0,0.05,1.0,1.7,1.7449999999999999
0.7,0.0,0.05,1.5,2.05,2.1174999999999997
0.7,0.0,0.05,2.0,2.4,2.4899999999999998
0.7,0.0,0.05,2.5,2.75,2.8625
0.7,0.0,0.05,3.0,3.0999999999999996,3.235
0.7,0.0,0.05,3.5,3.4499999999999997,3.6075
0.7,0.0,0.05,4.0,3.8,3.98
0.7,0.0,0.05,4.5,4.15,4.3525
0.7,0.0,0.05,5.0,4.5,4.725
0.7,0.0,0.1,0.5,1.35,1.395
0.7,0.0,0.1,1.0,1.7,1.79
0.7,0.0,0.1,1.5,2.05,2.185
0.7,0.0,0.1,2.0,2.4,2.58
0.7,0.0,0.1,2.5,2.75,2.975
0.7,0.0,0.1,3.0,3.0999999999999996,3.3699999999999997
0.7,0.0,0.1,3.5,3.4499999999999997,3.7649999999999997
0.7,0.0,0.1,4.0,3.8,4.16
0.7,0.0,0.1,4.5,4.15,4.555000000000001
0.7,0.0,0.1,5.0,4.5,4.95
0.7,0.0,0.15,0.5,1.35,1.4175
0.7,0.0,0.15,1.0,1.7,1.835
0.7,0.0,0.15,1.5,2.05,2.2525
0.7,0.0,0.15,2.0,2.4,2.67
0.7,0.0,0.15,2.5,2.75,3.0875
0.7,0.0,0.15,3.0,3.0999999999999996,3.5049999999999994
0.7,0.0,0.15,3.5,3.4499999999999997,3.9225
0.7,0.0,0.15,4.0,3.8,4.34
0.7,0.0,0.15,4.5,4.15,4.7575
0.7,0.0,0.15,5.0,4.5,5.175
0.7,0.0,0.2,0.5,1.35,1.4400000000000002
0.7,0.0,0.2,1.0,1.7,1.88
0.7,0.0,0.2,1.5,2.05,2.32
0.7,0.0,0.2,2.0,2.4,2.76
0.7,0.0,0.2,2.5,2.75,3.2
0.7,0.0,0.2,3.0,3.0999999999999996,3.6399999999999997
0.7,0.0,0.2,3.5,3.4499999999999997,4.08
0.7,0.0,0.2,4.0,3.8,4.52
0.7,0.0,0.2,4.5,4.15,4.960000000000001
0.7,0.0,0.2,5.0,4.5,5.4
0.7,0.0,0.25,0.5,1.35,1.4625000000000001
0.7,0.0,0.25,1.0,1.7,1.925
0.7,0.0,0.25,1.5,2.05,2.3874999999999997
0.7,0.0,0.25,2.0,2.4,2.85
0.7,0.0,0.25,2.5,2.75,3.3125
0.7,0.0,0.25,3.0,3.0999999999999996,3.7749999999999995
0.7,0.0,0.25,3.5,3.4499999999999997,4.2375
0.7,0.0,0.25,4.0,3.8,4.7
0.7,0.0,0.25,4.5,4.15,5.1625000000000005
0.7,0.0,0.25,5.0,4.5,5.625
0.7,0.0,0.3,0.5,1.35,1.485
0.7,0.0,0.3,1.0,1.7,1.97
0.7,0.0,0.3,1.5,2.05,2.4549999999999996
0.7,0.0,0.3,2.0,2.4,2.94
0.7,0.0,0.3,2.5,2.75,3.425
0.7,0.0,0.3,3.0,3.0999999999999996,3.9099999999999997
0.7,0.0,0.3,3.5,3.4499999999999997,4.395
0.7,0.0,0.3,4.0,3.8,4.88
0.7,0.0,0.3,4.5,4.15,5.365
0.7,0.0,0.3,5.0,4.5,5.85
0.7,0.0,0.35,0.5,1.35,1.5075
0.7,0.0,0.35,1.0,1.7,2.015
0.7,0.0,0.35,1.5,2.05,2.5225
0.7,0.0,0.35,2.0,2.4,3.03
0.7,0.0,0.35,2.5,2.75,3.5375
0.7,0.0,0.35,3.0,3.0999999999999996,4.045
0.7,0.0,0.35,3.5,3.4499999999999997,4.552499999999999
0.7,0.0,0.35,4.0,3.8,5.06
0.7,0.0,0.35,4.5,4.15,5.567500000000001
0.7,0.0,0.35,5.0,4.5,6.075
0.7,0.0,0.4,0.5,1.35,1.53
0.7,0.0,0.4,1.0,1.7,2.06
0.7,0.0,0.4,1.5,2.05,2.59
0.7,0.0,0.4,2.0,2.4,3.12
0.7,0.0,0.4,2.5,2.75,3.65
0.7,0.0,0.4,3.0,3.0999999999999996,4.18
0.7,0.0,0.4,3.5,3.4499999999999997,4.71
0.7,0.0,0.4,4.0,3.8,5.24
0.7,0.0,0.4,4.5,4.15,5.7700000000000005
0.7,0.0,0.4,5.0,4.5,6.3
0.7,0.0,0.45,0.5,1.35,1.5525000000000002
0.7,0.0,0.45,1.0,1.7,2.105
0.7,0.0,0.45,1.5,2.05,2.6574999999999998
0.7,0.0,0.45,2.0,2.4,3.21
0.7,0.0,0.45,2.5,2.75,3.7625
0.7,0.0,0.45,3.0,3.0999999999999996,4.3149999999999995
0.7,0.0,0.45,3.5,3.4499999999999997,4.8675
0.7,0.0,0.45,4.0,3.8,5.42
0.7,0.0,0.45,4.5,4.15,5.9725
0.7,0.0,0.45,5.0,4.5,6.525
0.7,0.0,0.5,0.5,1.35,1.5750000000000002
0.7,0.0,0.5,1.0,1.7,2.15
0.7,0.0,0.5,1.5,2.05,2.7249999999999996
0.7,0.0,0.5,2.0,2.4,3.3
0.7,0.0,0.5,2.5,2.75,3.875
0.7,0.0,0.5,3.0,3.0999999999999996,4.449999999999999
0.7,0.0,0.5,3.5,3.4499999999999997,5.0249999999999995
0.7,0.0,0.5,4.0,3.8,5.6
0.7,0.0,0.5,4.5,4.15,6.175000000000001
0.7,0.0,0.5,5.0,4.5,6.75
0.7,0.1,0.0,0.5,1.35,1.4400000000000002
0.7,0.1,0.0,1.0,1.7,1.79
0.7,0.1,0.0,1.5,2.05,2.1399999999999997
0.7,0.1,0.0,2.0,2.4,2.4899999999999998
0.7,0.1,0.0,2.5,2.75,2.84
0.7,0.1,0.0,3.0,3.0999999999999996,3.1899999999999995
0.7,0.1,0.0,3.5,3.4499999999999997,3.5399999999999996
0.7,0.1,0.0,4.0,3.8,3.8899999999999997
0.7,0.1,0.0,4.5,4.15,4.24
0.7,0.1,0.0,5.0,4.5,4.59
0.7,0.1,0.05,0.5,1.35,1.4625000000000001
0.7,0.1,0.05,1.0,1.7,1.835
0.7,0.1,0.05,1.5,2.05,2.2074999999999996
0.7,0.1,0.05,2.0,2.4,2.5799999999999996
0.7,0.1,0.05,2.5,2.75,2.9524999999999997
0.7,0.1,0.05,3.0,3.0999999999999996,3.3249999999999997
0.7,0.1,0.05,3.5,3.4499999999999997,3.6975
0.7,0.1,0.05,4.0,3.8,4.069999999999999
0.7,0.1,0.05,4.5,4.15,4.4425
0.7,0.1,0.05,5.0,4.5,4.8149999999999995
0.7,0.1,0.1,0.5,1.35,1.485
0.7,0.1,0.1,1.0,1.7,1.8800000000000001
0.7,0.1,0.1,1.5,2.05,2.275
0.7,0.1,0.1,2.0,2.4,2.67
0.7,0.1,0.1,2.5,2.75,3.065
0.7,0.1,0.1,3.0,3.0999999999999996,3.4599999999999995
0.7,0.1,0.1,3.5,3.4499999999999997,3.8549999999999995
0.7,0.1,0.1,4.0,3.8,4.25
0.7,0.1,0.1,4.5,4.15,4.6450000000000005
0.7,0.1,0.1,5.0,4.5,5.04
0.7,0.1,0.15,0.5,1.35,1.5075000000000003
0.7,0.1,0.15,1.0,1.7,1.925
0.7,0.1,0.15,1.5,2.05,2.3425
0.7,0.1,0.15,2.0,2.4,2.76
0.7,0.1,0.15,2.5,2.75,3.1774999999999998
0.7,0.1,0.15,3.0,3.0999999999999996,3.5949999999999993
0.7,0.1,0.15,3.5,3.4499999999999997,4.012499999999999
0.7,0.1,0.15,4.0,3.8,4.43
0.7,0.1,0.15,4.5,4.15,4.8475
0.7,0.1,0.15,5.0,4.5,5.265
0.7,0.1,0.2,0.5,1.35,1.5300000000000002
0.7,0.1,0.2,1.0,1.7,1.97
0.7,0.1,0.2,1.5,2.05,2.4099999999999997
0.7,0.1,0.2,2.0,2.4,2.8499999999999996
0.7,0.1,0.2,2.5,2.75,3.29
0.7,0.1,0.2,3.0,3.0999999999999996,3.7299999999999995
0.7,0.1,0.2,3.5,3.4499999999999997,4.17
0.7,0.1,0.2,4.0,3.8,4.609999999999999
0.7,0.1,0.2,4.5,4.15,5.050000000000001
0.7,0.1,0.2,5.0,4.5,5.49
0.7,0.1,0.25,0.5,1.35,1.5525000000000002
0.7,0.1,0.25,1.0,1.7,2.015
0.7,0.1,0.25,1.5,2.05,2.4774999999999996
0.7,0.1,0.25,2.0,2.4,2.94
0.7,0.1,0.25,2.5,2.75,3.4025
0.7,0.1,0.25,3.0,3.0999999999999996,3.8649999999999993
0.7,0.1,0.25,3.5,3.4499999999999997,4.3275
0.7,0.1,0.25,4.0,3.8,4.79
0.7,0.1,0.25,4.5,4.15,5.2525
0.7,0.1,0.25,5.0,4.5,5.715
0.7,0.1,0.3,0.5,1.35,1.5750000000000002
0.7,0.1,0.3,1.0,1.7,2.06
0.7,0.1,0.3,1.5,2.05,2.5449999999999995
0.7,0.1,0.3,2.0,2.4,3.03
0.7,0.1,0.3,2.5,2.75,3.5149999999999997
0.7,0.1,0.3,3.0,3.0999999999999996,3.9999999999999996
0.7,0.1,0.3,3.5,3.4499999999999997,4.484999999999999
0.7,0.1,0.3,4.0,3.8,4.97
0.7,0.1,0.3,4.5,4.15,5.455
0.7,0.1,0.3,5.0,4.5,5.9399999999999995
0.7,0.1,0.35,0.5,1.35,1.5975000000000001
0.7,0.1,0.35,1.0,1.7,2.105
0.7,0.1,0.35,1.5,2.05,2.6125
0.7,0.1,0.35,2.0,2.4,3.1199999999999997
0.7,0.1,0.35,2.5,2.75,3.6275
0.7,0.1,0.35,3.0,3.0999999999999996,4.135
0.7,0.1,0.35,3.5,3.4499999999999997,4.642499999999999
0.7,0.1,0.35,4.0,3.8,5.1499999999999995
0.7,0.1,0.35,4.5,4.15,5.657500000000001
0.7,0.1,0.35,5.0,4.5,6.165
0.7,0.1,0.4,0.5,1.35,1.62
0.7,0.1,0.4,1.0,1.7,2.15
0.7,0.1,0.4,1.5,2.05,2.6799999999999997
0.7,0.1,0.4,2.0,2.4,3.21
0.7,0.1,0.4,2.5,2.75,3.7399999999999998
0.7,0.1,0.4,3.0,3.0999999999999996,4.27
0.7,0.1,0.4,3.5,3.4499999999999997,4.8
0.7,0.1,0.4,4.0,3.8,5.33
0.7,0.1,0.4,4.5,4.15,5.86
0.7,0.1,0.4,5.0,4.5,6.39
0.7,0.1,0.45,0.5,1.35,1.6425
0.7,0.1,0.45,1.0,1.7,2.1950000000000003
0.7,0.1,0.45,1.5,2.05,2.7474999999999996
0.7,0.1,0.45,2.0,2.4,3.3
0.7,0.1,0.45,2.5,2.75,3.8525
0.7,0.1,0.45,3.0,3.0999999999999996,4.404999999999999
0.7,0.1,0.45,3.5,3.4499999999999997,4.9575
0.7,0.1,0.45,4.0,3.8,5.51
0.7,0.1,0.45,4.5,4.15,6.0625
0.7,0.1,0.45,5.0,4.5,6.615
0.7,0.1,0.5,0.5,1.35,1.6650000000000003
0.7,0.1,0.5,1.0,1.7,2.24
0.7,0.1,0.5,1.5,2.05,2.8149999999999995
0.7,0.1,0.5,2.0,2.4,3.3899999999999997
0.7,0.1,0.5,2.5,2.75,3.965
0.7,0.1,0.5,3.0,3.0999999999999996,4.539999999999999
0.7,0.1,0.5,3.5,3.4499999999999997,5.114999999999999
0.7,0.1,0.5,4.0,3.8,5.6899999999999995
0.7,0.1,0.5,4.5,4.15,6.265000000000001
0.7,0.1,0.5,5.0,4.5,6.84
0.7,0.2,0.0,0.5,1.35,1.53
0.7,0.2,0.0,1.0,1.7,1.88
0.7,0.2,0.0,1.5,2.05,2.23
0.7,0.2,0.0,2.0,2.4,2.58
0.7,0.2,0.0,2.5,2.75,2.93
0.7,0.2,0.0,3.0,3.0999999999999996,3.28
0.7,0.2,0.0,3.5,3.4499999999999997,3.63
0.7,0.2,0.0,4.0,3.8,3.98
0.7,0.2,0.0,4.5,4.15,4.33
0.7,0.2,0.0,5.0,4.5,4.68
0.7,0.2,0.05,0.5,1.35,1.5525
0.7,0.2,0.05,1.0,1.7,1.9249999999999998
0.7,0.2,0.05,1.5,2.05,2.2975
0.7,0.2,0.05,2.0,2.4,2.67
0.7,0.2,0.05,2.5,2.75,3.0425
0.7,0.2,0.05,3.0,3.0999999999999996,3.415
0.7,0.2,0.05,3.5,3.4499999999999997,3.7875
0.7,0.2,0.05,4.0,3.8,4.16
0.7,0.2,0.05,4.5,4.15,4.5325
0.7,0.2,0.05,5.0,4.5,4.904999999999999
0.7,0.2,0.1,0.5,1.35,1.575
0.7,0.2,0.1,1.0,1.7,1.97
0.7,0.2,0.1,1.5,2.05,2.365
0.7,0.2,0.1,2.0,2.4,2.7600000000000002
0.7,0.2,0.1,2.5,2.75,3.1550000000000002
0.7,0.2,0.1,3.0,3.0999999999999996,3.55
0.7,0.2,0.1,3.5,3.4499999999999997,3.945
0.7,0.2,0.1,4.0,3.8,4.34
0.7,0.2,0.1,4.5,4.15,4.735
0.7,0.2,0.1,5.0,4.5,5.13
0.7,0.2,0.15,0.5,1.35,1.5975000000000001
0.7,0.2,0.15,1.0,1.7,2.0149999999999997
0.7,0.2,0.15,1.5,2.05,2.4325
0.7,0.2,0.15,2.0,2.4,2.85
0.7,0.2,0.15,2.5,2.75,3.2675
0.7,0.2,0.15,3.0,3.0999999999999996,3.6849999999999996
0.7,0.2,0.15,3.5,3.4499999999999997,4.1025
0.7,0.2,0.15,4.0,3.8,4.52
0.7,0.2,0.15,4.5,4.15,4.9375
0.7,0.2,0.15,5.0,4.5,5.3549999999999995
0.7,0.2,0.2,0.5,1.35,1.62
0.7,0.2,0.2,1.0,1.7,2.06
0.7,0.2,0.2,1.5,2.05,2.5
0.7,0.2,0.2,2.0,2.4,2.94
0.7,0.2,0.2,2.5,2.75,3.3800000000000003
0.7,0.2,0.2,3.0,3.0999999999999996,3.82
0.7,0.2,0.2,3.5,3.4499999999999997,4.26
0.7,0.2,0.2,4.0,3.8,4.7
0.7,0.2,0.2,4.5,4.15,5.140000000000001
0.7,0.2,0.2,5.0,4.5,5.58
0.7,0.2,0.25,0.5,1.35,1.6425
0.7,0.2,0.25,1.0,1.7,2.105
0.7,0.2,0.25,1.5,2.05,2.5675
0.7,0.2,0.25,2.0,2.4,3.0300000000000002
0.7,0.2,0.25,2.5,2.75,3.4925
0.7,0.2,0.25,3.0,3.0999999999999996,3.955
0.7,0.2,0.25,3.5,3.4499999999999997,4.4174999999999995
0.7,0.2,0.25,4.0,3.8,4.88
0.7,0.2,0.25,4.5,4.15,5.3425
0.7,0.2,0.25,5.0,4.5,5.805
0.7,0.2,0.3,0.5,1.35,1.665
0.7,0.2,0.3,1.0,1.7,2.15
0.7,0.2,0.3,1.5,2.05,2.635
0.7,0.2,0.3,2.0,2.4,3.12
0.7,0.2,0.3,2.5,2.75,3.6050000000000004
0.7,0.2,0.3,3.0,3.0999999999999996,4.09
0.7,0.2,0.3,3.5,3.4499999999999997,4.575
0.7,0.2,0.3,4.0,3.8,5.0600000000000005
0.7,0.2,0.3,4.5,4.15,5.545
0.7,0.2,0.3,5.0,4.5,6.029999999999999
0.7,0.2,0.35,0.5,1.35,1.6875
0.7,0.2,0.35,1.0,1.7,2.195
0.7,0.2,0.35,1.5,2.05,2.7024999999999997
0.7,0.2,0.35,2.0,2.4,3.21
0.7,0.2,0.35,2.5,2.75,3.7175000000000002
0.7,0.2,0.35,3.0,3.0999999999999996,4.225
0.7,0.2,0.35,3.5,3.4499999999999997,4.7325
0.7,0.2,0.35,4.0,3.8,5.24
0.7,0.2,0.35,4.5,4.15,5.7475000000000005
0.7,0.2,0.35,5.0,4.5,6.255
0.7,0.2,0.4,0.5,1.35,1.71
0.7,0.2,0.4,1.0,1.7,2.2399999999999998
0.7,0.2,0.4,1.5,2.05,2.77
0.7,0.2,0.4,2.0,2.4,3.3000000000000003
0.7,0.2,0.4,2.5,2.75,3.83
0.7,0.2,0.4,3.0,3.0999999999999996,4.36
0.7,0.2,0.4,3.5,3.4499999999999997,4.890000000000001
0.7,0.2,0.4,4.0,3.8,5.42
0.7,0.2,0.4,4.5,4.15,5.95
0.7,0.2,0.4,5.0,4.5,6.4799999999999995
0.7,0.2,0.45,0.5,1.35,1.7325
0.7,0.2,0.45,1.0,1.7,2.285
0.7,0.2,0.45,1.5,2.05,2.8375
0.7,0.2,0.45,2.0,2.4,3.39
0.7,0.2,0.45,2.5,2.75,3.9425
0.7,0.2,0.45,3.0,3.0999999999999996,4.495
0.7,0.2,0.45,3.5,3.4499999999999997,5.047499999999999
0.7,0.2,0.45,4.0,3.8,5.6
0.7,0.2,0.45,4.5,4.15,6.1525
0.7,0.2,0.45,5.0,4.5,6.705
0.7,0.2,0.5,0.5,1.35,1.7550000000000001
0.7,0.2,0.5,1.0,1.7,2.33
0.7,0.2,0.5,1.5,2.05,2.9050000000000002
0.7,0.2,0.5,2.0,2.4,3.48
0.7,0.2,0.5,2.5,2.75,4.055
0.7,0.2,0.5,3.0,3.0999999999999996,4.63
0.7,0.2,0.5,3.5,3.4499999999999997,5.205
0.7,0.2,0.5,4.0,3.8,5.78
0.7,0.2,0.5,4.5,4.15,6.355
0.7,0.2,0.5,5.0,4.5,6.93
0.7,0.3,0.0,0.5,1.35,1.62
0.7,0.3,0.0,1.0,1.7,1.97
0.7,0.3,0.0,1.5,2.05,2.32
0.7,0.3,0.0,2.0,2.4,2.67
0.7,0.3,0.0,2.5,2.75,3.02
0.7,0.3,0.0,3.0,3.0999999999999996,3.3699999999999997
0.7,0.3,0.0,3.5,3.4499999999999997,3.7199999999999998
0.7,0.3,0.0,4.0,3.8,4.07
0.7,0.3,0.0,4.5,4.15,4.42
0.7,0.3,0.0,5.0,4.5,4.77
0.7,0.3,0.05,0.5,1.35,1.6425
0.7,0.3,0.05,1.0,1.7,2.015
0.7,0.3,0.05,1.5,2.05,2.3874999999999997
0.7,0.3,0.05,2.0,2.4,2.76
0.7,0.3,0.05,2.5,2.75,3.1325
0.7,0.3,0.05,3.0,3.0999999999999996,3.505
0.7,0.3,0.05,3.5,3.4499999999999997,3.8775
0.7,0.3,0.05,4.0,3.8,4.25
0.7,0.3,0.05,4.5,4.15,4.6225
0.7,0.3,0.05,5.0,4.5,4.994999999999999
0.7,0.3,0.1,0.5,1.35,1.665
0.7,0.3,0.1,1.0,1.7,2.06
0.7,0.3,0.1,1.5,2.05,2.455
0.7,0.3,0.1,2.0,2.4,2.85
0.7,0.3,0.1,2.5,2.75,3.245
0.7,0.3,0.1,3.0,3.0999999999999996,3.6399999999999997
0.7,0.3,0.1,3.5,3.4499999999999997,4.035
0.7,0.3,0.1,4.0,3.8,4.430000000000001
0.7,0.3,0.1,4.5,4.15,4.825
0.7,0.3,0.1,5.0,4.5,5.22
0.7,0.3,0.15,0.5,1.35,1.6875
0.7,0.3,0.15,1.0,1.7,2.105
0.7,0.3,0.15,1.5,2.05,2.5225
0.7,0.3,0.15,2.0,2.4,2.94
0.7,0.3,0.15,2.5,2.75,3.3575
0.7,0.3,0.15,3.0,3.0999999999999996,3.7749999999999995
0.7,0.3,0.15,3.5,3.4499999999999997,4.1925
0.7,0.3,0.15,4.0,3.8,4.61
0.7,0.3,0.15,4.5,4.15,5.0275
0.7,0.3,0.15,5.0,4.5,5.444999999999999
0.7,0.3,0.2,0.5,1.35,1.7100000000000002
0.7,0.3,0.2,1.0,1.7,2.15
0.7,0.3,0.2,1.5,2.05,2.59
0.7,0.3,0.2,2.0,2.4,3.03
0.7,0.3,0.2,2.5,2.75,3.47
0.7,0.3,0.2,3.0,3.0999999999999996,3.9099999999999997
0.7,0.3,0.2,3.5,3.4499999999999997,4.35
0.7,0.3,0.2,4.0,3.8,4.79
0.7,0.3,0.2,4.5,4.15,5.23
0.7,0.3,0.2,5.0,4.5,5.67
0.7,0.3,0.25,0.5,1.35,1.7325000000000002
0.7,0.3,0.25,1.0,1.7,2.195
0.7,0.3,0.25,1.5,2.05,2.6574999999999998
0.7,0.3,0.25,2.0,2.4,3.12
0.7,0.3,0.25,2.5,2.75,3.5825
0.7,0.3,0.25,3.0,3.0999999999999996,4.045
0.7,0.3,0.25,3.5,3.4499999999999997,4.507499999999999
0.7,0.3,0.25,4.0,3.8,4.970000000000001
0.7,0.3,0.25,4.5,4.15,5.4325
0.7,0.3,0.25,5.0,4.5,5.895
0.7,0.3,0.3,0.5,1.35,1.7550000000000001
0.7,0.3,0.3,1.0,1.7,2.24
0.7,0.3,0.3,1.5,2.05,2.7249999999999996
0.7,0.3,0.3,2.0,2.4,3.21
0.7,0.3,0.3,2.5,2.75,3.6950000000000003
0.7,0.3,0.3,3.0,3.0999999999999996,4.18
0.7,0.3,0.3,3.5,3.4499999999999997,4.665
0.7,0.3,0.3,4.0,3.8,5.15
0.7,0.3,0.3,4.5,4.15,5.635
0.7,0.3,0.3,5.0,4.5,6.119999999999999
0.7,0.3,0.35,0.5,1.35,1.7775
0.7,0.3,0.35,1.0,1.7,2.285
0.7,0.3,0.35,1.5,2.05,2.7924999999999995
0.7,0.3,0.35,2.0,2.4,3.3
0.7,0.3,0.35,2.5,2.75,3.8075
0.7,0.3,0.35,3.0,3.0999999999999996,4.3149999999999995
0.7,0.3,0.35,3.5,3.4499999999999997,4.8225
0.7,0.3,0.35,4.0,3.8,5.33
0.7,0.3,0.35,4.5,4.15,5.8375
0.7,0.3,0.35,5.0,4.5,6.345
0.7,0.3,0.4,0.5,1.35,1.8
0.7,0.3,0.4,1.0,1.7,2.33
0.7,0.3,0.4,1.5,2.05,2.86
0.7,0.3,0.4,2.0,2.4,3.39
0.7,0.3,0.4,2.5,2.75,3.92
0.7,0.3,0.4,3.0,3.0999999999999996,4.45
0.7,0.3,0.4,3.5,3.4499999999999997,4.98
0.7,0.3,0.4,4.0,3.8,5.510000000000001
0.7,0.3,0.4,4.5,4.15,6.04
0.7,0.3,0.4,5.0,4.5,6.569999999999999
0.7,0.3,0.45,0.5,1.35,1.8225000000000002
0.7,0.3,0.45,1.0,1.7,2.375
0.7,0.3,0.45,1.5,2.05,2.9274999999999998
0.7,0.3,0.45,2.0,2.4,3.48
0.7,0.3,0.45,2.5,2.75,4.0325
0.7,0.3,0.45,3.0,3.0999999999999996,4.585
0.7,0.3,0.45,3.5,3.4499999999999997,5.137499999999999
0.7,0.3,0.45,4.0,3.8,5.69
0.7,0.3,0.45,4.5,4.15,6.2425
0.7,0.3,0.45,5.0,4.5,6.795
0.7,0.3,0.5,0.5,1.35,1.8450000000000002
0.7,0.3,0.5,1.0,1.7,2.42
0.7,0.3,0.5,1.5,2.05,2.995
0.7,0.3,0.5,2.0,2.4,3.57
0.7,0.3,0.5,2.5,2.75,4.145
0.7,0.3,0.5,3.0,3.0999999999999996,4.72
0.7,0.3,0.5,3.5,3.4499999999999997,5.295
0.7,0.3,0.5,4.0,3.8,5.87
0.7,0.3,0.5,4.5,4.15,6.445
0.7,0.3,0.5,5.0,4.5,7.02
0.7,0.4,0.0,0.5,1.35,1.7100000000000002
0.7,0.4,0.0,1.0,1.7,2.06
0.7,0.4,0.0,1.5,2.05,2.4099999999999997
0.7,0.4,0.0,2.0,2.4,2.76
0.7,0.4,0.0,2.5,2.75,3.11
0.7,0.4,0.0,3.0,3.0999999999999996,3.4599999999999995
0.7,0.4,0.0,3.5,3.4499999999999997,3.8099999999999996
0.7,0.4,0.0,4.0,3.8,4.16
0.7,0.4,0.0,4.5,4.15,4.510000000000001
0.7,0.4,0.0,5.0,4.5,4.86
0.7,0.4,0.05,0.5,1.35,1.7325000000000002
0.7,0.4,0.05,1.0,1.7,2.105
0.7,0.4,0.05,1.5,2.05,2.4774999999999996
0.7,0.4,0.05,2.0,2.4,2.8499999999999996
0.7,0.4,0.05,2.5,2.75,3.2224999999999997
0.7,0.4,0.05,3.0,3.0999999999999996,3.5949999999999998
0.7,0.4,0.05,3.5,3.4499999999999997,3.9675
0.7,0.4,0.05,4.0,3.8,4.34
0.7,0.4,0.05,4.5,4.15,4.7125
0.7,0.4,0.05,5.0,4.5,5.085
0.7,0.4,0.1,0.5,1.35,1.7550000000000001
0.7,0.4,0.1,1.0,1.7,2.15
0.7,0.4,0.1,1.5,2.05,2.545
0.7,0.4,0.1,2.0,2.4,2.94
0.7,0.4,0.1,2.5,2.75,3.335
0.7,0.4,0.1,3.0,3.0999999999999996,3.7299999999999995
0.7,0.4,0.1,3.5,3.4499999999999997,4.125
0.7,0.4,0.1,4.0,3.8,4.5200000000000005
0.7,0.4,0.1,4.5,4.15,4.915000000000001
0.7,0.4,0.1,5.0,4.5,5.3100000000000005
0.7,0.4,0.15,0.5,1.35,1.7775000000000003
0.7,0.4,0.15,1.0,1.7,2.1950000000000003
0.7,0.4,0.15,1.5,2.05,2.6125
0.7,0.4,0.15,2.0,2.4,3.03
0.7,0.4,0.15,2.5,2.75,3.4475
0.7,0.4,0.15,3.0,3.0999999999999996,3.8649999999999993
0.7,0.4,0.15,3.5,3.4499999999999997,4.2825
0.7,0.4,0.15,4.0,3.8,4.7
0.7,0.4,0.15,4.5,4.15,5.117500000000001
0.7,0.4,0.15,5.0,4.5,5.535
0.7,0.4,0.2,0.5,1.35,1.8000000000000003
0.7,0.4,0.2,1.0,1.7,2.24
0.7,0.4,0.2,1.5,2.05,2.6799999999999997
0.7,0.4,0.2,2.0,2.4,3.1199999999999997
0.7,0.4,0.2,2.5,2.75,3.56
0.7,0.4,0.2,3.0,3.0999999999999996,3.9999999999999996
0.7,0.4,0.2,3.5,3.4499999999999997,4.4399999999999995
0.7,0.4,0.2,4.0,3.8,4.88
0.7,0.4,0.2,4.5,4.15,5.32
0.7,0.4,0.2,5.0,4.5,5.760000000000001
0.7,0.4,0.25,0.5,1.35,1.8225000000000002
0.7,0.4,0.25,1.0,1.7,2.285
0.7,0.4,0.25,1.5,2.05,2.7474999999999996
0.7,0.4,0.25,2.0,2.4,3.21
0.7,0.4,0.25,2.5,2.75,3.6725
0.7,0.4,0.25,3.0,3.0999999999999996,4.135
0.7,0.4,0.25,3.5,3.4499999999999997,4.597499999999999
0.7,0.4,0.25,4.0,3.8,5.0600000000000005
0.7,0.4,0.25,4.5,4.15,5.522500000000001
0.7,0.4,0.25,5.0,4.5,5.985
0.7,0.4,0.3,0.5,1.35,1.8450000000000002
0.7,0.4,0.3,1.0,1.7,2.33
0.7,0.4,0.3,1.5,2.05,2.8149999999999995
0.7,0.4,0.3,2.0,2.4,3.3
0.7,0.4,0.3,2.5,2.75,3.785
0.7,0.4,0.3,3.0,3.0999999999999996,4.27
0.7,0.4,0.3,3.5,3.4499999999999997,4.755
0.7,0.4,0.3,4.0,3.8,5.24
0.7,0.4,0.3,4.5,4.15,5.7250000000000005
0.7,0.4,0.3,5.0,4.5,6.210000000000001
0.7,0.4,0.35,0.5,1.35,1.8675000000000002
0.7,0.4,0.35,1.0,1.7,2.375
0.7,0.4,0.35,1.5,2.05,2.8824999999999994
0.7,0.4,0.35,2.0,2.4,3.3899999999999997
0.7,0.4,0.35,2.5,2.75,3.8975
0.7,0.4,0.35,3.0,3.0999999999999996,4.404999999999999
0.7,0.4,0.35,3.5,3.4499999999999997,4.9125
0.7,0.4,0.35,4.0,3.8,5.42
0.7,0.4,0.35,4.5,4.15,5.9275
0.7,0.4,0.35,5.0,4.5,6.4350000000000005
0.7,0.4,0.4,0.5,1.35,1.8900000000000001
0.7,0.4,0.4,1.0,1.7,2.42
0.7,0.4,0.4,1.5,2.05,2.9499999999999997
0.7,0.4,0.4,2.0,2.4,3.48
0.7,0.4,0.4,2.5,2.75,4.01
0.7,0.4,0.4,3.0,3.0999999999999996,4.54
0.7,0.4,0.4,3.5,3.4499999999999997,5.07
0.7,0.4,0.4,4.0,3.8,5.6000000000000005
0.7,0.4,0.4,4.5,4.15,6.130000000000001
0.7,0.4,0.4,5.0,4.5,6.66
0.7,0.4,0.45,0.5,1.35,1.9125
0.7,0.4,0.45,1.0,1.7,2.465
0.7,0.4,0.45,1.5,2.05,3.0174999999999996
0.7,0.4,0.45,2.0,2.4,3.57
0.7,0.4,0.45,2.5,2.75,4.1225
0.7,0.4,0.45,3.0,3.0999999999999996,4.675
0.7,0.4,0.45,3.5,3.4499999999999997,5.227499999999999
0.7,0.4,0.45,4.0,3.8,5.78
0.7,0.4,0.45,4.5,4.15,6.3325000000000005
0.7,0.4,0.45,5.0,4.5,6.885
0.7,0.4,0.5,0.5,1.35,1.9350000000000003
0.7,0.4,0.5,1.0,1.7,2.5100000000000002
0.7,0.4,0.5,1.5,2.05,3.085
0.7,0.4,0.5,2.0,2.4,3.6599999999999997
0.7,0.4,0.5,2.5,2.75,4.234999999999999
0.7,0.4,0.5,3.0,3.0999999999999996,4.81
0.7,0.4,0.5,3.5,3.4499999999999997,5.385
0.7,0.4,0.5,4.0,3.8,5.96
0.7,0.4,0.5,4.5,4.15,6.535
0.7,0.4,0.5,5.0,4.5,7.11
0.7,0.5,0.0,0.5,1.35,1.8
0.7,0.5,0.0,1.0,1.7,2.15
0.7,0.5,0.0,1.5,2.05,2.5
0.7,0.5,0.0,2.0,2.4,2.85
0.7,0.5,0.0,2.5,2.75,3.2
0.7,0.5,0.0,3.0,3.0999999999999996,3.55
0.7,0.5,0.0,3.5,3.4499999999999997,3.9
0.7,0.5,0.0,4.0,3.8,4.25
0.7,0.5,0.0,4.5,4.15,4.6000000000000005
0.7,0.5,0.0,5.0,4.5,4.95
0.7,0.5,0.05,0.5,1.35,1.8225
0.7,0.5,0.05,1.0,1.7,2.195
0.7,0.5,0.05,1.5,2.05,2.5675
0.7,0.5,0.05,2.0,2.4,2.94
0.7,0.5,0.05,2.5,2.75,3.3125
0.7,0.5,0.05,3.0,3.0999999999999996,3.685
0.7,0.5,0.05,3.5,3.4499999999999997,4.0575
0.7,0.5,0.05,4.0,3.8,4.43
0.7,0.5,0.05,4.5,4.15,4.8025
0.7,0.5,0.05,5.0,4.5,5.175
0.7,0.5,0.1,0.5,1.35,1.845
0.7,0.5,0.1,1.0,1.7,2.2399999999999998
0.7,0.5,0.1,1.5,2.05,2.6350000000000002
0.7,0.5,0.1,2.0,2.4,3.0300000000000002
0.7,0.5,0.1,2.5,2.75,3.4250000000000003
0.7,0.5,0.1,3.0,3.0999999999999996,3.82
0.7,0.5,0.1,3.5,3.4499999999999997,4.215
0.7,0.5,0.1,4.0,3.8,4.61
0.7,0.5,0.1,4.5,4.15,5.005000000000001
0.7,0.5,0.1,5.0,4.5,5.4
0.7,0.5,0.15,0.5,1.35,1.8675000000000002
0.7,0.5,0.15,1.0,1.7,2.285
0.7,0.5,0.15,1.5,2.05,2.7025
0.7,0.5,0.15,2.0,2.4,3.12
0.7,0.5,0.15,2.5,2.75,3.5375
0.7,0.5,0.15,3.0,3.0999999999999996,3.9549999999999996
0.7,0.5,0.15,3.5,3.4499999999999997,4.3725
0.7,0.5,0.15,4.0,3.8,4.79
0.7,0.5,0.15,4.5,4.15,5.2075000000000005
0.7,0.5,0.15,5.0,4.5,5.625
0.7,0.5,0.2,0.5,1.35,1.8900000000000001
0.7,0.5,0.2,1.0,1.7,2.33
0.7,0.5,0.2,1.5,2.05,2.77
0.7,0.5,0.2,2.0,2.4,3.21
0.7,0.5,0.2,2.5,2.75,3.6500000000000004
0.7,0.5,0.2,3.0,3.0999999999999996,4.09
0.7,0.5,0.2,3.5,3.4499999999999997,4.53
0.7,0.5,0.2,4.0,3.8,4.97
0.7,0.5,0.2,4.5,4.15,5.41
0.7,0.5,0.2,5.0,4.5,5.8500000000000005
0.7,0.5,0.25,0.5,1.35,1.9125
0.7,0.5,0.25,1.0,1.7,2.375
0.7,0.5,0.25,1.5,2.05,2.8375
0.7,0.5,0.25,2.0,2.4,3.3000000000000003
0.7,0.5,0.25,2.5,2.75,3.7625
0.7,0.5,0.25,3.0,3.0999999999999996,4.225
0.7,0.5,0.25,3.5,3.4499999999999997,4.6875
0.7,0.5,0.25,4.0,3.8,5.15
0.7,0.5,0.25,4.5,4.15,5.612500000000001
0.7,0.5,0.25,5.0,4.5,6.075
0.7,0.5,0.3,0.5,1.35,1.935
0.7,0.5,0.3,1.0,1.7,2.42
0.7,0.5,0.3,1.5,2.05,2.905
0.7,0.5,0.3,2.0,2.4,3.39
0.7,0.5,0.3,2.5,2.75,3.875
0.7,0.5,0.3,3.0,3.0999999999999996,4.359999999999999
0.7,0.5,0.3,3.5,3.4499999999999997,4.845
0.7,0.5,0.3,4.0,3.8,5.33
0.7,0.5,0.3,4.5,4.15,5.815
0.7,0.5,0.3,5.0,4.5,6.300000000000001
0.7,0.5,0.35,0.5,1.35,1.9575
0.7,0.5,0.35,1.0,1.7,2.465
0.7,0.5,0.35,1.5,2.05,2.9725
0.7,0.5,0.35,2.0,2.4,3.48
0.7,0.5,0.35,2.5,2.75,3.9875000000000003
0.7,0.5,0.35,3.0,3.0999999999999996,4.494999999999999
0.7,0.5,0.35,3.5,3.4499999999999997,5.0024999999999995
0.7,0.5,0.35,4.0,3.8,5.51
0.7,0.5,0.35,4.5,4.15,6.0175
0.7,0.5,0.35,5.0,4.5,6.525
0.7,0.5,0.4,0.5,1.35,1.98
0.7,0.5,0.4,1.0,1.7,2.51
0.7,0.5,0.4,1.5,2.05,3.04
0.7,0.5,0.4,2.0,2.4,3.5700000000000003
0.7,0.5,0.4,2.5,2.75,4.1000000000000005
0.7,0.5,0.4,3.0,3.0999999999999996,4.63
0.7,0.5,0.4,3.5,3.4499999999999997,5.16
0.7,0.5,0.4,4.0,3.8,5.69
0.7,0.5,0.4,4.5,4.15,6.220000000000001
0.7,0.5,0.4,5.0,4.5,6.75
0.7,0.5,0.45,0.5,1.35,2.0025
0.7,0.5,0.45,1.0,1.7,2.5549999999999997
0.7,0.5,0.45,1.5,2.05,3.1075
0.7,0.5,0.45,2.0,2.4,3.66
0.7,0.5,0.45,2.5,2.75,4.2125
0.7,0.5,0.45,3.0,3.0999999999999996,4.765
0.7,0.5,0.45,3.5,3.4499999999999997,5.3175
0.7,0.5,0.45,4.0,3.8,5.87
0.7,0.5,0.45,4.5,4.15,6.4225
0.7,0.5,0.45,5.0,4.5,6.975
0.7,0.5,0.5,0.5,1.35,2.025
0.7,0.5,0.5,1.0,1.7,2.6
0.7,0.5,0.5,1.5,2.05,3.175
0.7,0.5,0.5,2.0,2.4,3.75
0.7,0.5,0.5,2.5,2.75,4.325
0.7,0.5,0.5,3.0,3.0999999999999996,4.9
0.7,0.5,0.5,3.5,3.4499999999999997,5.475
0.7,0.5,0.5,4.0,3.8,6.05
0.7,0.5,0.5,4.5,4.15,6.625
0.7,0.5,0.5,5.0,4.5,7.2
0.7,0.6,0.0,0.5,1.35,1.8900000000000001
0.7,0.6,0.0,1.0,1.7,2.24
0.7,0.6,0.0,1.5,2.05,2.59
0.7,0.6,0.0,2.0,2.4,2.94
0.7,0.6,0.0,2.5,2.75,3.29
0.7,0.6,0.0,3.0,3.0999999999999996,3.6399999999999997
0.7,0.6,0.0,3.5,3.4499999999999997,3.9899999999999998
0.7,0.6,0.0,4.0,3.8,4.34
0.7,0.6,0.0,4.5,4.15,4.69
0.7,0.6,0.0,5.0,4.5,5.04
0.7,0.6,0.05,0.5,1.35,1.9125
0.7,0.6,0.05,1.0,1.7,2.285
0.7,0.6,0.05,1.5,2.05,2.6574999999999998
0.7,0.6,0.05,2.0,2.4,3.03
0.7,0.6,0.05,2.5,2.75,3.4025
0.7,0.6,0.05,3.0,3.0999999999999996,3.775
0.7,0.6,0.05,3.5,3.4499999999999997,4.1475
0.7,0.6,0.05,4.0,3.8,4.52
0.7,0.6,0.05,4.5,4.15,4.8925
0.7,0.6,0.05,5.0,4.5,5.265
0.7,0.6,0.1,0.5,1.35,1.935
0.7,0.6,0.1,1.0,1.7,2.33
0.7,0.6,0.1,1.5,2.05,2.725
0.7,0.6,0.1,2.0,2.4,3.12
0.7,0.6,0.1,2.5,2.75,3.515
0.7,0.6,0.1,3.0,3.0999999999999996,3.9099999999999997
0.7,0.6,0.1,3.5,3.4499999999999997,4.305
0.7,0.6,0.1,4.0,3.8,4.7
0.7,0.6,0.1,4.5,4.15,5.095000000000001
0.7,0.6,0.1,5.0,4.5,5.49
0.7,0.6,0.15,0.5,1.35,1.9575
0.7,0.6,0.15,1.0,1.7,2.375
0.7,0.6,0.15,1.5,2.05,2.7925
0.7,0.6,0.15,2.0,2.4,3.21
0.7,0.6,0.15,2.5,2.75,3.6275
0.7,0.6,0.15,3.0,3.0999999999999996,4.045
0.7,0.6,0.15,3.5,3.4499999999999997,4.4624999999999995
0.7,0.6,0.15,4.0,3.8,4.88
0.7,0.6,0.15,4.5,4.15,5.2975
0.7,0.6,0.15,5.0,4.5,5.715
0.7,0.6,0.2,0.5,1.35,1.9800000000000002
0.7,0.6,0.2,1.0,1.7,2.4200000000000004
0.7,0.6,0.2,1.5,2.05,2.86
0.7,0.6,0.2,2.0,2.4,3.3
0.7,0.6,0.2,2.5,2.75,3.74
0.7,0.6,0.2,3.0,3.0999999999999996,4.18
0.7,0.6,0.2,3.5,3.4499999999999997,4.62
0.7,0.6,0.2,4.0,3.8,5.06
0.7,0.6,0.2,4.5,4.15,5.5
0.7,0.6,0.2,5.0,4.5,5.94
0.7,0.6,0.25,0.5,1.35,2.0025
0.7,0.6,0.25,1.0,1.7,2.4650000000000003
0.7,0.6,0.25,1.5,2.05,2.9274999999999998
0.7,0.6,0.25,2.0,2.4,3.39
0.7,0.6,0.25,2.5,2.75,3.8525
0.7,0.6,0.25,3.0,3.0999999999999996,4.3149999999999995
0.7,0.6,0.25,3.5,3.4499999999999997,4.7775
0.7,0.6,0.25,4.0,3.8,5.24
0.7,0.6,0.25,4.5,4.15,5.702500000000001
0.7,0.6,0.25,5.0,4.5,6.165
0.7,0.6,0.3,0.5,1.35,2.0250000000000004
0.7,0.6,0.3,1.0,1.7,2.5100000000000002
0.7,0.6,0.3,1.5,2.05,2.9949999999999997
0.7,0.6,0.3,2.0,2.4,3.48
0.7,0.6,0.3,2.5,2.75,3.965
0.7,0.6,0.3,3.0,3.0999999999999996,4.449999999999999
0.7,0.6,0.3,3.5,3.4499999999999997,4.935
0.7,0.6,0.3,4.0,3.8,5.42
0.7,0.6,0.3,4.5,4.15,5.905
0.7,0.6,0.3,5.0,4.5,6.390000000000001
0.7,0.6,0.35,0.5,1.35,2.0475000000000003
0.7,0.6,0.35,1.0,1.7,2.555
0.7,0.6,0.35,1.5,2.05,3.0625
0.7,0.6,0.35,2.0,2.4,3.57
0.7,0.6,0.35,2.5,2.75,4.0775
0.7,0.6,0.35,3.0,3.0999999999999996,4.584999999999999
0.7,0.6,0.35,3.5,3.4499999999999997,5.092499999999999
0.7,0.6,0.35,4.0,3.8,5.6
0.7,0.6,0.35,4.5,4.15,6.1075
0.7,0.6,0.35,5.0,4.5,6.615
0.7,0.6,0.4,0.5,1.35,2.0700000000000003
0.7,0.6,0.4,1.0,1.7,2.6
0.7,0.6,0.4,1.5,2.05,3.13
0.7,0.6,0.4,2.0,2.4,3.66
0.7,0.6,0.4,2.5,2.75,4.19
0.7,0.6,0.4,3.0,3.0999999999999996,4.72
0.7,0.6,0.4,3.5,3.4499999999999997,5.25
0.7,0.6,0.4,4.0,3.8,5.78
0.7,0.6,0.4,4.5,4.15,6.3100000000000005
0.7,0.6,0.4,5.0,4.5,6.84
0.7,0.6,0.45,0.5,1.35,2.0925000000000002
0.7,0.6,0.45,1.0,1.7,2.6450000000000005
0.7,0.6,0.45,1.5,2.05,3.1975
0.7,0.6,0.45,2.0,2.4,3.75
0.7,0.6,0.45,2.5,2.75,4.3025
0.7,0.6,0.45,3.0,3.0999999999999996,4.8549999999999995
0.7,0.6,0.45,3.5,3.4499999999999997,5.4075
0.7,0.6,0.45,4.0,3.8,5.96
0.7,0.6,0.45,4.5,4.15,6.5125
0.7,0.6,0.45,5.0,4.5,7.0649999999999995
0.7,0.6,0.5,0.5,1.35,2.115
0.7,0.6,0.5,1.0,1.7,2.6900000000000004
0.7,0.6,0.5,1.5,2.05,3.2649999999999997
0.7,0.6,0.5,2.0,2.4,3.84
0.7,0.6,0.5,2.5,2.75,4.415
0.7,0.6,0.5,3.0,3.0999999999999996,4.99
0.7,0.6,0.5,3.5,3.4499999999999997,5.5649999999999995
0.7,0.6,0.5,4.0,3.8,6.14
0.7,0.6,0.5,4.5,4.15,6.715
0.7,0.6,0.5,5.0,4.5,7.29
0.7,0.7,0.0,0.5,1.35,1.98
0.7,0.7,0.0,1.0,1.7,2.33
0.7,0.7,0.0,1.5,2.05,2.6799999999999997
0.7,0.7,0.0,2.0,2.4,3.03
0.7,0.7,0.0,2.5,2.75,3.38
0.7,0.7,0.0,3.0,3.0999999999999996,3.7299999999999995
0.7,0.7,0.0,3.5,3.4499999999999997,4.08
0.7,0.7,0.0,4.0,3.8,4.43
0.7,0.7,0.0,4.5,4.15,4.78
0.7,0.7,0.0,5.0,4.5,5.13
0.7,0.7,0.05,0.5,1.35,2.0025
0.7,0.7,0.05,1.0,1.7,2.375
0.7,0.7,0.05,1.5,2.05,2.7474999999999996
0.7,0.7,0.05,2.0,2.4,3.1199999999999997
0.7,0.7,0.05,2.5,2.75,3.4924999999999997
0.7,0.7,0.05,3.0,3.0999999999999996,3.8649999999999998
0.7,0.7,0.05,3.5,3.4499999999999997,4.2375
0.7,0.7,0.05,4.0,3.8,4.609999999999999
0.7,0.7,0.05,4.5,4.15,4.9825
0.7,0.7,0.05,5.0,4.5,5.3549999999999995
0.7,0.7,0.1,0.5,1.35,2.025
0.7,0.7,0.1,1.0,1.7,2.42
0.7,0.7,0.1,1.5,2.05,2.815
0.7,0.7,0.1,2.0,2.4,3.21
0.7,0.7,0.1,2.5,2.75,3.605
0.7,0.7,0.1,3.0,3.0999999999999996,3.9999999999999996
0.7,0.7,0.1,3.5,3.4499999999999997,4.3950000000000005
0.7,0.7,0.1,4.0,3.8,4.79
0.7,0.7,0.1,4.5,4.15,5.1850000000000005
0.7,0.7,0.1,5.0,4.5,5.58
0.7,0.7,0.15,0.5,1.35,2.0475
0.7,0.7,0.15,1.0,1.7,2.465
0.7,0.7,0.15,1.5,2.05,2.8825
0.7,0.7,0.15,2.0,2.4,3.3
0.7,0.7,0.15,2.5,2.75,3.7175
0.7,0.7,0.15,3.0,3.0999999999999996,4.135
0.7,0.7,0.15,3.5,3.4499999999999997,4.5525
0.7,0.7,0.15,4.0,3.8,4.97
0.7,0.7,0.15,4.5,4.15,5.3875
0.7,0.7,0.15,5.0,4.5,5.805
0.7,0.7,0.2,0.5,1.35,2.07
0.7,0.7,0.2,1.0,1.7,2.5100000000000002
0.7,0.7,0.2,1.5,2.05,2.9499999999999997
0.7,0.7,0.2,2.0,2.4,3.3899999999999997
0.7,0.7,0.2,2.5,2.75,3.83
0.7,0.7,0.2,3.0,3.0999999999999996,4.27
0.7,0.7,0.2,3.5,3.4499999999999997,4.71
0.7,0.7,0.2,4.0,3.8,5.1499999999999995
0.7,0.7,0.2,4.5,4.15,5.59
0.7,0.7,0.2,5.0,4.5,6.03
0.7,0.7,0.25,0.5,1.35,2.0925
0.7,0.7,0.25,1.0,1.7,2.555
0.7,0.7,0.25,1.5,2.05,3.0174999999999996
0.7,0.7,0.25,2.0,2.4,3.48
0.7,0.7,0.25,2.5,2.75,3.9425
0.7,0.7,0.25,3.0,3.0999999999999996,4.404999999999999
0.7,0.7,0.25,3.5,3.4499999999999997,4.8675
0.7,0.7,0.25,4.0,3.8,5.33
0.7,0.7,0.25,4.5,4.15,5.7925
0.7,0.7,0.25,5.0,4.5,6.255
0.7,0.7,0.3,0.5,1.35,2.115
0.7,0.7,0.3,1.0,1.7,2.6
0.7,0.7,0.3,1.5,2.05,3.0849999999999995
0.7,0.7,0.3,2.0,2.4,3.57
0.7,0.7,0.3,2.5,2.75,4.055
0.7,0.7,0.3,3.0,3.0999999999999996,4.539999999999999
0.7,0.7,0.3,3.5,3.4499999999999997,5.025
0.7,0.7,0.3,4.0,3.8,5.51
0.7,0.7,0.3,4.5,4.15,5.995
0.7,0.7,0.3,5.0,4.5,6.48
0.7,0.7,0.35,0.5,1.35,2.1375
0.7,0.7,0.35,1.0,1.7,2.645
0.7,0.7,0.35,1.5,2.05,3.1525
0.7,0.7,0.35,2.0,2.4,3.6599999999999997
0.7,0.7,0.35,2.5,2.75,4.1674999999999995
0.7,0.7,0.35,3.0,3.0999999999999996,4.674999999999999
0.7,0.7,0.35,3.5,3.4499999999999997,5.1825
0.7,0.7,0.35,4.0,3.8,5.6899999999999995
0.7,0.7,0.35,4.5,4.15,6.1975
0.7,0.7,0.35,5.0,4.5,6.705
0.7,0.7,0.4,0.5,1.35,2.16
0.7,0.7,0.4,1.0,1.7,2.69
0.7,0.7,0.4,1.5,2.05,3.2199999999999998
0.7,0.7,0.4,2.0,2.4,3.75
0.7,0.7,0.4,2.5,2.75,4.28
0.7,0.7,0.4,3.0,3.0999999999999996,4.81
0.7,0.7,0.4,3.5,3.4499999999999997,5.34
0.7,0.7,0.4,4.0,3.8,5.87
0.7,0.7,0.4,4.5,4.15,6.4
0.7,0.7,0.4,5.0,4.5,6.93
0.7,0.7,0.45,0.5,1.35,2.1825
0.7,0.7,0.45,1.0,1.7,2.7350000000000003
0.7,0.7,0.45,1.5,2.05,3.2874999999999996
0.7,0.7,0.45,2.0,2.4,3.84
0.7,0.7,0.45,2.5,2.75,4.3925
0.7,0.7,0.45,3.0,3.0999999999999996,4.944999999999999
0.7,0.7,0.45,3.5,3.4499999999999997,5.4975000000000005
0.7,0.7,0.45,4.0,3.8,6.05
0.7,0.7,0.45,4.5,4.15,6.6025
0.7,0.7,0.45,5.0,4.5,7.154999999999999
0.7,0.7,0.5,0.5,1.35,2.205
0.7,0.7,0.5,1.0,1.7,2.7800000000000002
0.7,0.7,0.5,1.5,2.05,3.3549999999999995
0.7,0.7,0.5,2.0,2.4,3.9299999999999997
0.7,0.7,0.5,2.5,2.75,4.505
0.7,0.7,0.5,3.0,3.0999999999999996,5.08
0.7,0.7,0.5,3.5,3.4499999999999997,5.655
0.7,0.7,0.5,4.0,3.8,6.2299999999999995
0.7,0.7,0.5,4.5,4.15,6.805
0.7,0.7,0.5,5.0,4.5,7.38
0.7,0.8,0.0,0.5,1.35,2.0700000000000003
0.7,0.8,0.0,1.0,1.7,2.42
0.7,0.8,0.0,1.5,2.05,2.77
0.7,0.8,0.0,2.0,2.4,3.12
0.7,0.8,0.0,2.5,2.75,3.47
0.7,0.8,0.0,3.0,3.0999999999999996,3.82
0.7,0.8,0.0,3.5,3.4499999999999997,4.17
0.7,0.8,0.0,4.0,3.8,4.52
0.7,0.8,0.0,4.5,4.15,4.87
0.7,0.8,0.0,5.0,4.5,5.22
0.7,0.8,0.05,0.5,1.35,2.0925000000000002
0.7,0.8,0.05,1.0,1.7,2.465
0.7,0.8,0.05,1.5,2.05,2.8375
0.7,0.8,0.05,2.0,2.4,3.21
0.7,0.8,0.05,2.5,2.75,3.5825
0.7,0.8,0.05,3.0,3.0999999999999996,3.955
0.7,0.8,0.05,3.5,3.4499999999999997,4.3275
0.7,0.8,0.05,4.0,3.8,4.699999999999999
0.7,0.8,0.05,4.5,4.15,5.0725
0.7,0.8,0.05,5.0,4.5,5.444999999999999
0.7,0.8,0.1,0.5,1.35,2.115
0.7,0.8,0.1,1.0,1.7,2.51
0.7,0.8,0.1,1.5,2.05,2.9050000000000002
0.7,0.8,0.1,2.0,2.4,3.3000000000000003
0.7,0.8,0.1,2.5,2.75,3.6950000000000003
0.7,0.8,0.1,3.0,3.0999999999999996,4.09
0.7,0.8,0.1,3.5,3.4499999999999997,4.485
0.7,0.8,0.1,4.0,3.8,4.88
0.7,0.8,0.1,4.5,4.15,5.275
0.7,0.8,0.1,5.0,4.5,5.67
0.7,0.8,0.15,0.5,1.35,2.1375
0.7,0.8,0.15,1.0,1.7,2.5549999999999997
0.7,0.8,0.15,1.5,2.05,2.9725
0.7,0.8,0.15,2.0,2.4,3.39
0.7,0.8,0.15,2.5,2.75,3.8075
0.7,0.8,0.15,3.0,3.0999999999999996,4.225
0.7,0.8,0.15,3.5,3.4499999999999997,4.6425
0.7,0.8,0.15,4.0,3.8,5.06
0.7,0.8,0.15,4.5,4.15,5.4775
0.7,0.8,0.15,5.0,4.5,5.895
0.7,0.8,0.2,0.5,1.35,2.16
0.7,0.8,0.2,1.0,1.7,2.6
0.7,0.8,0.2,1.5,2.05,3.04
0.7,0.8,0.2,2.0,2.4,3.48
0.7,0.8,0.2,2.5,2.75,3.9200000000000004
0.7,0.8,0.2,3.0,3.0999999999999996,4.36
0.7,0.8,0.2,3.5,3.4499999999999997,4.8
0.7,0.8,0.2,4.0,3.8,5.239999999999999
0.7,0.8,0.2,4.5,4.15,5.68
0.7,0.8,0.2,5.0,4.5,6.12
0.7,0.8,0.25,0.5,1.35,2.1825
0.7,0.8,0.25,1.0,1.7,2.645
0.7,0.8,0.25,1.5,2.05,3.1075
0.7,0.8,0.25,2.0,2.4,3.5700000000000003
0.7,0.8,0.25,2.5,2.75,4.032500000000001
0.7,0.8,0.25,3.0,3.0999999999999996,4.495
0.7,0.8,0.25,3.5,3.4499999999999997,4.9575
0.7,0.8,0.25,4.0,3.8,5.42
0.7,0.8,0.25,4.5,4.15,5.8825
0.7,0.8,0.25,5.0,4.5,6.345
0.7,0.8,0.3,0.5,1.35,2.205
0.7,0.8,0.3,1.0,1.7,2.69
0.7,0.8,0.3,1.5,2.05,3.175
0.7,0.8,0.3,2.0,2.4,3.66
0.7,0.8,0.3,2.5,2.75,4.1450000000000005
0.7,0.8,0.3,3.0,3.0999999999999996,4.63
0.7,0.8,0.3,3.5,3.4499999999999997,5.115
0.7,0.8,0.3,4.0,3.8,5.6
0.7,0.8,0.3,4.5,4.15,6.085
0.7,0.8,0.3,5.0,4.5,6.57
0.7,0.8,0.35,0.5,1.35,2.2275000000000005
0.7,0.8,0.35,1.0,1.7,2.735
0.7,0.8,0.35,1.5,2.05,3.2424999999999997
0.7,0.8,0.35,2.0,2.4,3.75
0.7,0.8,0.35,2.5,2.75,4.2575
0.7,0.8,0.35,3.0,3.0999999999999996,4.765
0.7,0.8,0.35,3.5,3.4499999999999997,5.2725
0.7,0.8,0.35,4.0,3.8,5.779999999999999
0.7,0.8,0.35,4.5,4.15,6.2875
0.7,0.8,0.35,5.0,4.5,6.795
0.7,0.8,0.4,0.5,1.35,2.2500000000000004
0.7,0.8,0.4,1.0,1.7,2.78
0.7,0.8,0.4,1.5,2.05,3.31
0.7,0.8,0.4,2.0,2.4,3.8400000000000003
0.7,0.8,0.4,2.5,2.75,4.37
0.7,0.8,0.4,3.0,3.0999999999999996,4.9
0.7,0.8,0.4,3.5,3.4499999999999997,5.43
0.7,0.8,0.4,4.0,3.8,5.96
0.7,0.8,0.4,4.5,4.15,6.49
0.7,0.8,0.4,5.0,4.5,7.02
0.7,0.8,0.45,0.5,1.35,2.2725000000000004
0.7,0.8,0.45,1.0,1.7,2.825
0.7,0.8,0.45,1.5,2.05,3.3775
0.7,0.8,0.45,2.0,2.4,3.93
0.7,0.8,0.45,2.5,2.75,4.4825
0.7,0.8,0.45,3.0,3.0999999999999996,5.035
0.7,0.8,0.45,3.5,3.4499999999999997,5.5875
0.7,0.8,0.45,4.0,3.8,6.14
0.7,0.8,0.45,4.5,4.15,6.6925
0.7,0.8,0.45,5.0,4.5,7.244999999999999
0.7,0.8,0.5,0.5,1.35,2.2950000000000004
0.7,0.8,0.5,1.0,1.7,2.87
0.7,0.8,0.5,1.5,2.05,3.4450000000000003
0.7,0.8,0.5,2.0,2.4,4.0200000000000005
0.7,0.8,0.5,2.5,2.75,4.595000000000001
0.7,0.8,0.5,3.0,3.0999999999999996,5.17
0.7,0.8,0.5,3.5,3.4499999999999997,5.745
0.7,0.8,0.5,4.0,3.8,6.319999999999999
0.7,0.8,0.5,4.5,4.15,6.895
0.7,0.8,0.5,5.0,4.5,7.47
0.7,0.9,0.0,0.5,1.35,2.16
0.7,0.9,0.0,1.0,1.7,2.51
0.7,0.9,0.0,1.5,2.05,2.86
0.7,0.9,0.0,2.0,2.4,3.21
0.7,0.9,0.0,2.5,2.75,3.56
0.7,0.9,0.0,3.0,3.0999999999999996,3.9099999999999997
0.7,0.9,0.0,3.5,3.4499999999999997,4.26
0.7,0.9,0.0,4.0,3.8,4.609999999999999
0.7,0.9,0.0,4.5,4.15,4.960000000000001
0.7,0.9,0.0,5.0,4.5,5.3100000000000005
0.7,0.9,0.05,0.5,1.35,2.1825
0.7,0.9,0.05,1.0,1.7,2.5549999999999997
0.7,0.9,0.05,1.5,2.05,2.9274999999999998
0.7,0.9,0.05,2.0,2.4,3.3
0.7,0.9,0.05,2.5,2.75,3.6725
0.7,0.9,0.05,3.0,3.0999999999999996,4.045
0.7,0.9,0.05,3.5,3.4499999999999997,4.4174999999999995
0.7,0.9,0.05,4.0,3.8,4.789999999999999
0.7,0.9,0.05,4.5,4.15,5.1625000000000005
0.7,0.9,0.05,5.0,4.5,5.535
0.7,0.9,0.1,0.5,1.35,2.205
0.7,0.9,0.1,1.0,1.7,2.5999999999999996
0.7,0.9,0.1,1.5,2.05,2.995
0.7,0.9,0.1,2.0,2.4,3.39
0.7,0.9,0.1,2.5,2.75,3.785
0.7,0.9,0.1,3.0,3.0999999999999996,4.18
0.7,0.9,0.1,3.5,3.4499999999999997,4.575
0.7,0.9,0.1,4.0,3.8,4.97
0.7,0.9,0.1,4.5,4.15,5.365000000000001
0.7,0.9,0.1,5.0,4.5,5.760000000000001
0.7,0.9,0.15,0.5,1.35,2.2275
0.7,0.9,0.15,1.0,1.7,2.6449999999999996
0.7,0.9,0.15,1.5,2.05,3.0625
0.7,0.9,0.15,2.0,2.4,3.48
0.7,0.9,0.15,2.5,2.75,3.8975
0.7,0.9,0.15,3.0,3.0999999999999996,4.3149999999999995
0.7,0.9,0.15,3.5,3.4499999999999997,4.7325
0.7,0.9,0.15,4.0,3.8,5.1499999999999995
0.7,0.9,0.15,4.5,4.15,5.567500000000001
0.7,0.9,0.15,5.0,4.5,5.985
0.7,0.9,0.2,0.5,1.35,2.25
0.7,0.9,0.2,1.0,1.7,2.69
0.7,0.9,0.2,1.5,2.05,3.13
0.7,0.9,0.2,2.0,2.4,3.57
0.7,0.9,0.2,2.5,2.75,4.01
0.7,0.9,0.2,3.0,3.0999999999999996,4.45
0.7,0.9,0.2,3.5,3.4499999999999997,4.89
0.7,0.9,0.2,4.0,3.8,5.329999999999999
0.7,0.9,0.2,4.5,4.15,5.770000000000001
0.7,0.9,0.2,5.0,4.5,6.210000000000001
0.7,0.9,0.25,0.5,1.35,2.2725
0.7,0.9,0.25,1.0,1.7,2.735
0.7,0.9,0.25,1.5,2.05,3.1975
0.7,0.9,0.25,2.0,2.4,3.66
0.7,0.9,0.25,2.5,2.75,4.1225000000000005
0.7,0.9,0.25,3.0,3.0999999999999996,4.585
0.7,0.9,0.25,3.5,3.4499999999999997,5.047499999999999
0.7,0.9,0.25,4.0,3.8,5.51
0.7,0.9,0.25,4.5,4.15,5.972500000000001
0.7,0.9,0.25,5.0,4.5,6.4350000000000005
0.7,0.9,0.3,0.5,1.35,2.295
0.7,0.9,0.3,1.0,1.7,2.78
0.7,0.9,0.3,1.5,2.05,3.2649999999999997
0.7,0.9,0.3,2.0,2.4,3.75
0.7,0.9,0.3,2.5,2.75,4.235
0.7,0.9,0.3,3.0,3.0999999999999996,4.72
0.7,0.9,0.3,3.5,3.4499999999999997,5.205
0.7,0.9,0.3,4.0,3.8,5.6899999999999995
0.7,0.9,0.3,4.5,4.15,6.175000000000001
0.7,0.9,0.3,5.0,4.5,6.66
0.7,0.9,0.35,0.5,1.35,2.3175000000000003
0.7,0.9,0.35,1.0,1.7,2.8249999999999997
0.7,0.9,0.35,1.5,2.05,3.3324999999999996
0.7,0.9,0.35,2.0,2.4,3.84
0.7,0.9,0.35,2.5,2.75,4.3475
0.7,0.9,0.35,3.0,3.0999999999999996,4.8549999999999995
0.7,0.9,0.35,3.5,3.4499999999999997,5.3625
0.7,0.9,0.35,4.0,3.8,5.869999999999999
0.7,0.9,0.35,4.5,4.15,6.377500000000001
0.7,0.9,0.35,5.0,4.5,6.885000000000001
0.7,0.9,0.4,0.5,1.35,2.3400000000000003
0.7,0.9,0.4,1.0,1.7,2.8699999999999997
0.7,0.9,0.4,1.5,2.05,3.4
0.7,0.9,0.4,2.0,2.4,3.93
0.7,0.9,0.4,2.5,2.75,4.46
0.7,0.9,0.4,3.0,3.0999999999999996,4.99
0.7,0.9,0.4,3.5,3.4499999999999997,5.52
0.7,0.9,0.4,4.0,3.8,6.05
0.7,0.9,0.4,4.5,4.15,6.580000000000001
0.7,0.9,0.4,5.0,4.5,7.11
0.7,0.9,0.45,0.5,1.35,2.3625000000000003
0.7,0.9,0.45,1.0,1.7,2.915
0.7,0.9,0.45,1.5,2.05,3.4675
0.7,0.9,0.45,2.0,2.4,4.02
0.7,0.9,0.45,2.5,2.75,4.5725
0.7,0.9,0.45,3.0,3.0999999999999996,5.125
0.7,0.9,0.45,3.5,3.4499999999999997,5.6775
0.7,0.9,0.45,4.0,3.8,6.2299999999999995
0.7,0.9,0.45,4.5,4.15,6.782500000000001
0.7,0.9,0.45,5.0,4.5,7.335000000000001
0.7,0.9,0.5,0.5,1.35,2.3850000000000002
0.7,0.9,0.5,1.0,1.7,2.96
0.7,0.9,0.5,1.5,2.05,3.535
0.7,0.9,0.5,2.0,2.4,4.11
0.7,0.9,0.5,2.5,2.75,4.6850000000000005
0.7,0.9,0.5,3.0,3.0999999999999996,5.26
0.7,0.9,0.5,3.5,3.4499999999999997,5.835
0.7,0.9,0.5,4.0,3.8,6.409999999999999
0.7,0.9,0.5,4.5,4.15,6.985000000000001
0.7,0.9,0.5,5.0,4.5,7.5600000000000005
0.7,1.0,0.0,0.5,1.35,2.25
0.7,1.0,0.0,1.0,1.7,2.6
0.7,1.0,0.0,1.5,2.05,2.9499999999999997
0.7,1.0,0.0,2.0,2.4,3.3
0.7,1.0,0.0,2.5,2.75,3.65
0.7,1.0,0.0,3.0,3.0999999999999996,3.9999999999999996
0.7,1.0,0.0,3.5,3.4499999999999997,4.35
0.7,1.0,0.0,4.0,3.8,4.7
0.7,1.0,0.0,4.5,4.15,5.050000000000001
0.7,1.0,0.0,5.0,4.5,5.4
0.7,1.0,0.05,0.5,1.35,2.2725
0.7,1.0,0.05,1.0,1.7,2.645
0.7,1.0,0.05,1.5,2.05,3.0174999999999996
0.7,1.0,0.05,2.0,2.4,3.3899999999999997
0.7,1.0,0.05,2.5,2.75,3.7624999999999997
0.7,1.0,0.05,3.0,3.0999999999999996,4.135
0.7,1.0,0.05,3.5,3.4499999999999997,4.507499999999999
0.7,1.0,0.05,4.0,3.8,4.88
0.7,1.0,0.05,4.5,4.15,5.2525
0.7,1.0,0.05,5.0,4.5,5.625
0.7,1.0,0.1,0.5,1.35,2.295
0.7,1.0,0.1,1.0,1.7,2.69
0.7,1.0,0.1,1.5,2.05,3.085
0.7,1.0,0.1,2.0,2.4,3.48
0.7,1.0,0.1,2.5,2.75,3.875
0.7,1.0,0.1,3.0,3.0999999999999996,4.27
0.7,1.0,0.1,3.5,3.4499999999999997,4.665
0.7,1.0,0.1,4.0,3.8,5.0600000000000005
0.7,1.0,0.1,4.5,4.15,5.455000000000001
0.7,1.0,0.1,5.0,4.5,5.8500000000000005
0.7,1.0,0.15,0.5,1.35,2.3175
0.7,1.0,0.15,1.0,1.7,2.7350000000000003
0.7,1.0,0.15,1.5,2.05,3.1525
0.7,1.0,0.15,2.0,2.4,3.57
0.7,1.0,0.15,2.5,2.75,3.9875
0.7,1.0,0.15,3.0,3.0999999999999996,4.404999999999999
0.7,1.0,0.15,3.5,3.4499999999999997,4.8225
0.7,1.0,0.15,4.0,3.8,5.24
0.7,1.0,0.15,4.5,4.15,5.657500000000001
0.7,1.0,0.15,5.0,4.5,6.075
0.7,1.0,0.2,0.5,1.35,2.34
0.7,1.0,0.2,1.0,1.7,2.7800000000000002
0.7,1.0,0.2,1.5,2.05,3.2199999999999998
0.7,1.0,0.2,2.0,2.4,3.6599999999999997
0.7,1.0,0.2,2.5,2.75,4.1
0.7,1.0,0.2,3.0,3.0999999999999996,4.54
0.7,1.0,0.2,3.5,3.4499999999999997,4.9799999999999995
0.7,1.0,0.2,4.0,3.8,5.42
0.7,1.0,0.2,4.5,4.15,5.860000000000001
0.7,1.0,0.2,5.0,4.5,6.300000000000001
0.7,1.0,0.25,0.5,1.35,2.3625
0.7,1.0,0.25,1.0,1.7,2.825
0.7,1.0,0.25,1.5,2.05,3.2874999999999996
0.7,1.0,0.25,2.0,2.4,3.75
0.7,1.0,0.25,2.5,2.75,4.2125
0.7,1.0,0.25,3.0,3.0999999999999996,4.675
0.7,1.0,0.25,3.5,3.4499999999999997,5.137499999999999
0.7,1.0,0.25,4.0,3.8,5.6000000000000005
0.7,1.0,0.25,4.5,4.15,6.062500000000001
0.7,1.0,0.25,5.0,4.5,6.525
0.7,1.0,0.3,0.5,1.35,2.385
0.7,1.0,0.3,1.0,1.7,2.87
0.7,1.0,0.3,1.5,2.05,3.3549999999999995
0.7,1.0,0.3,2.0,2.4,3.84
0.7,1.0,0.3,2.5,2.75,4.325
0.7,1.0,0.3,3.0,3.0999999999999996,4.81
0.7,1.0,0.3,3.5,3.4499999999999997,5.295
0.7,1.0,0.3,4.0,3.8,5.78
0.7,1.0,0.3,4.5,4.15,6.265000000000001
0.7,1.0,0.3,5.0,4.5,6.75
0.7,1.0,0.35,0.5,1.35,2.4075
0.7,1.0,0.35,1.0,1.7,2.915
0.7,1.0,0.35,1.5,2.05,3.4224999999999994
0.7,1.0,0.35,2.0,2.4,3.9299999999999997
0.7,1.0,0.35,2.5,2.75,4.4375
0.7,1.0,0.35,3.0,3.0999999999999996,4.944999999999999
0.7,1.0,0.35,3.5,3.4499999999999997,5.4525
0.7,1.0,0.35,4.0,3.8,5.96
0.7,1.0,0.35,4.5,4.15,6.467500000000001
0.7,1.0,0.35,5.0,4.5,6.9750000000000005
0.7,1.0,0.4,0.5,1.35,2.43
0.7,1.0,0.4,1.0,1.7,2.96
0.7,1.0,0.4,1.5,2.05,3.4899999999999998
0.7,1.0,0.4,2.0,2.4,4.02
0.7,1.0,0.4,2.5,2.75,4.55
0.7,1.0,0.4,3.0,3.0999999999999996,5.08
0.7,1.0,0.4,3.5,3.4499999999999997,5.609999999999999
0.7,1.0,0.4,4.0,3.8,6.140000000000001
0.7,1.0,0.4,4.5,4.15,6.670000000000001
0.7,1.0,0.4,5.0,4.5,7.2
0.7,1.0,0.45,0.5,1.35,2.4525
0.7,1.0,0.45,1.0,1.7,3.005
0.7,1.0,0.45,1.5,2.05,3.5574999999999997
0.7,1.0,0.45,2.0,2.4,4.109999999999999
0.7,1.0,0.45,2.5,2.75,4.6625
0.7,1.0,0.45,3.0,3.0999999999999996,5.215
0.7,1.0,0.45,3.5,3.4499999999999997,5.7675
0.7,1.0,0.45,4.0,3.8,6.32
0.7,1.0,0.45,4.5,4.15,6.8725000000000005
0.7,1.0,0.45,5.0,4.5,7.425000000000001
0.7,1.0,0.5,0.5,1.35,2.475
0.7,1.0,0.5,1.0,1.7,3.0500000000000003
0.7,1.0,0.5,1.5,2.05,3.625
0.7,1.0,0.5,2.0,2.4,4.2
0.7,1.0,0.5,2.5,2.75,4.775
0.7,1.0,0.5,3.0,3.0999999999999996,5.35
0.7,1.0,0.5,3.5,3.4499999999999997,5.925
0.7,1.0,0.5,4.0,3.8,6.5
0.7,1.0,0.5,4.5,4.15,7.075000000000001
0.7,1.0,0.5,5.0,4.5,7.65
0.8,0.0,0.0,0.5,1.4,1.4
0.8,0.0,0.0,1.0,1.8,1.8
0.8,0.0,0.0,1.5,2.2,2.2
0.8,0.0,0.0,2.0,2.6,2.6
0.8,0.0,0.0,2.5,3.0,3.0
0.8,0.0,0.0,3.0,3.4000000000000004,3.4000000000000004
0.8,0.0,0.0,3.5,3.8000000000000003,3.8000000000000003
0.8,0.0,0.0,4.0,4.2,4.2
0.8,0.0,0.0,4.5,4.6,4.6
0.8,0.0,0.0,5.0,5.0,5.0
0.8,0.0,0.05,0.5,1.4,1.4224999999999999
0.8,0.0,0.05,1.0,1.8,1.845
0.8,0.0,0.05,1.5,2.2,2.2675
0.8,0.0,0.05,2.0,2.6,2.69
0.8,0.0,0.05,2.5,3.0,3.1125
0.8,0.0,0.05,3.0,3.4000000000000004,3.5350000000000006
0.8,0.0,0.05,3.5,3.8000000000000003,3.9575000000000005
0.8,0.0,0.05,4.0,4.2,4.38
0.8,0.0,0.05,4.5,4.6,4.802499999999999
0.8,0.0,0.05,5.0,5.0,5.225
0.8,0.0,0.1,0.5,1.4,1.4449999999999998
0.8,0.0,0.1,1.0,1.8,1.8900000000000001
0.8,0.0,0.1,1.5,2.2,2.3350000000000004
0.8,0.0,0.1,2.0,2.6,2.7800000000000002
0.8,0.0,0.1,2.5,3.0,3.225
0.8,0.0,0.1,3.0,3.4000000000000004,3.6700000000000004
0.8,0.0,0.1,3.5,3.8000000000000003,4.115
0.8,0.0,0.1,4.0,4.2,4.5600000000000005
0.8,0.0,0.1,4.5,4.6,5.005
0.8,0.0,0.1,5.0,5.0,5.45
0.8,0.0,0.15,0.5,1.4,1.4674999999999998
0.8,0.0,0.15,1.0,1.8,1.935
0.8,0.0,0.15,1.5,2.2,2.4025000000000003
0.8,0.0,0.15,2.0,2.6,2.87
0.8,0.0,0.15,2.5,3.0,3.3375
0.8,0.0,0.15,3.0,3.4000000000000004,3.805
0.8,0.0,0.15,3.5,3.8000000000000003,4.2725
0.8,0.0,0.15,4.0,4.2,4.74
0.8,0.0,0.15,4.5,4.6,5.2075
0.8,0.0,0.15,5.0,5.0,5.675
0.8,0.0,0.2,0.5,1.4,1.49
0.8,0.0,0.2,1.0,1.8,1.98
0.8,0.0,0.2,1.5,2.2,2.47
0.8,0.0,0.2,2.0,2.6,2.96
0.8,0.0,0.2,2.5,3.0,3.45
0.8,0.0,0.2,3.0,3.4000000000000004,3.9400000000000004
0.8,0.0,0.2,3.5,3.8000000000000003,4.430000000000001
0.8,0.0,0.2,4.0,4.2,4.92
0.8,0.0,0.2,4.5,4.6,5.41
0.8,0.0,0.2,5.0,5.0,5.9
0.8,0.0,0.25,0.5,1.4,1.5125
0.8,0.0,0.25,1.0,1.8,2.025
0.8,0.0,0.25,1.5,2.2,2.5375
0.8,0.0,0.25,2.0,2.6,3.0500000000000003
0.8,0.0,0.25,2.5,3.0,3.5625
0.8,0.0,0.25,3.0,3.4000000000000004,4.075
0.8,0.0,0.25,3.5,3.8000000000000003,4.5875
0.8,0.0,0.25,4.0,4.2,5.1000000000000005
0.8,0.0,0.25,4.5,4.6,5.6125
0.8,0.0,0.25,5.0,5.0,6.125
0.8,0.0,0.3,0.5,1.4,1.535
0.8,0.0,0.3,1.0,1.8,2.0700000000000003
0.8,0.0,0.3,1.5,2.2,2.605
0.8,0.0,0.3,2.0,2.6,3.14
0.8,0.0,0.3,2.5,3.0,3.675
0.8,0.0,0.3,3.0,3.4000000000000004,4.21
0.8,0.0,0.3,3.5,3.8000000000000003,4.745
0.8,0.0,0.3,4.0,4.2,5.28
0.8,0.0,0.3,4.5,4.6,5.8149999999999995
0.8,0.0,0.3,5.0,5.0,6.35
0.8,0.0,0.35,0.5,1.4,1.5574999999999999
0.8,0.0,0.35,1.0,1.8,2.115
0.8,0.0,0.35,1.5,2.2,2.6725000000000003
0.8,0.0,0.35,2.0,2.6,3.23
0.8,0.0,0.35,2.5,3.0,3.7875
0.8,0.0,0.35,3.0,3.4000000000000004,4.345000000000001
0.8,0.0,0.35,3.5,3.8000000000000003,4.9025
0.8,0.0,0.35,4.0,4.2,5.46
0.8,0.0,0.35,4.5,4.6,6.0175
0.8,0.0,0.35,5.0,5.0,6.575
0.8,0.0,0.4,0.5,1.4,1.5799999999999998
0.8,0.0,0.4,1.0,1.8,2.16
0.8,0.0,0.4,1.5,2.2,2.74
0.8,0.0,0.4,2.0,2.6,3.3200000000000003
0.8,0.0,0.4,2.5,3.0,3.9
0.8,0.0,0.4,3.0,3.4000000000000004,4.48
0.8,0.0,0.4,3.5,3.8000000000000003,5.0600000000000005
0.8,0.0,0.4,4.0,4.2,5.640000000000001
0.8,0.0,0.4,4.5,4.6,6.22
0.8,0.0,0.4,5.0,5.0,6.8
0.8,0.0,0.45,0.5,1.4,1.6025
0.8,0.0,0.45,1.0,1.8,2.205
0.8,0.0,0.45,1.5,2.2,2.8075
0.8,0.0,0.45,2.0,2.6,3.41
0.8,0.0,0.45,2.5,3.0,4.0125
0.8,0.0,0.45,3.0,3.4000000000000004,4.615
0.8,0.0,0.45,3.5,3.8000000000000003,5.2175
0.8,0.0,0.45,4.0,4.2,5.82
0.8,0.0,0.45,4.5,4.6,6.422499999999999
0.8,0.0,0.45,5.0,5.0,7.025
0.8,0.0,0.5,0.5,1.4,1.625
0.8,0.0,0.5,1.0,1.8,2.25
0.8,0.0,0.5,1.5,2.2,2.875
0.8,0.0,0.5,2.0,2.6,3.5
0.8,0.0,0.5,2.5,3.0,4.125
0.8,0.0,0.5,3.0,3.4000000000000004,4.75
0.8,0.0,0.5,3.5,3.8000000000000003,5.375
0.8,0.0,0.5,4.0,4.2,6.0
0.8,0.0,0.5,4.5,4.6,6.625
0.8,0.0,0.5,5.0,5.0,7.25
0.8,0.1,0.0,0.5,1.4,1.49
0.8,0.1,0.0,1.0,1.8,1.8900000000000001
0.8,0.1,0.0,1.5,2.2,2.29
0.8,0.1,0.0,2.0,2.6,2.69
0.8,0.1,0.0,2.5,3.0,3.09
0.8,0.1,0.0,3.0,3.4000000000000004,3.49
0.8,0.1,0.0,3.5,3.8000000000000003,3.89
0.8,0.1,0.0,4.0,4.2,4.29
0.8,0.1,0.0,4.5,4.6,4.6899999999999995
0.8,0.1,0.0,5.0,5.0,5.09
0.8,0.1,0.05,0.5,1.4,1.5125
0.8,0.1,0.05,1.0,1.8,1.935
0.8,0.1,0.05,1.5,2.2,2.3575
0.8,0.1,0.05,2.0,2.6,2.78
0.8,0.1,0.05,2.5,3.0,3.2024999999999997
0.8,0.1,0.05,3.0,3.4000000000000004,3.6250000000000004
0.8,0.1,0.05,3.5,3.8000000000000003,4.0475
0.8,0.1,0.05,4.0,4.2,4.47
0.8,0.1,0.05,4.5,4.6,4.892499999999999
0.8,0.1,0.05,5.0,5.0,5.3149999999999995
0.8,0.1,0.1,0.5,1.4,1.535
0.8,0.1,0.1,1.0,1.8,1.9800000000000002
0.8,0.1,0.1,1.5,2.2,2.4250000000000003
0.8,0.1,0.1,2.0,2.6,2.87
0.8,0.1,0.1,2.5,3.0,3.315
0.8,0.1,0.1,3.0,3.4000000000000004,3.7600000000000002
0.8,0.1,0.1,3.5,3.8000000000000003,4.205
0.8,0.1,0.1,4.0,4.2,4.65
0.8,0.1,0.1,4.5,4.6,5.095
0.8,0.1,0.1,5.0,5.0,5.54
0.8,0.1,0.15,0.5,1.4,1.5575
0.8,0.1,0.15,1.0,1.8,2.0250000000000004
0.8,0.1,0.15,1.5,2.2,2.4925
0.8,0.1,0.15,2.0,2.6,2.96
0.8,0.1,0.15,2.5,3.0,3.4274999999999998
0.8,0.1,0.15,3.0,3.4000000000000004,3.895
0.8,0.1,0.15,3.5,3.8000000000000003,4.3625
0.8,0.1,0.15,4.0,4.2,4.83
0.8,0.1,0.15,4.5,4.6,5.297499999999999
0.8,0.1,0.15,5.0,5.0,5.765
0.8,0.1,0.2,0.5,1.4,1.58
0.8,0.1,0.2,1.0,1.8,2.0700000000000003
0.8,0.1,0.2,1.5,2.2,2.56
0.8,0.1,0.2,2.0,2.6,3.05
0.8,0.1,0.2,2.5,3.0,3.54
0.8,0.1,0.2,3.0,3.4000000000000004,4.03
0.8,0.1,0.2,3.5,3.8000000000000003,4.5200000000000005
0.8,0.1,0.2,4.0,4.2,5.01
0.8,0.1,0.2,4.5,4.6,5.5
0.8,0.1,0.2,5.0,5.0,5.99
0.8,0.1,0.25,0.5,1.4,1.6025
0.8,0.1,0.25,1.0,1.8,2.115
0.8,0.1,0.25,1.5,2.2,2.6275
0.8,0.1,0.25,2.0,2.6,3.14
0.8,0.1,0.25,2.5,3.0,3.6525
0.8,0.1,0.25,3.0,3.4000000000000004,4.165
0.8,0.1,0.25,3.5,3.8000000000000003,4.6775
0.8,0.1,0.25,4.0,4.2,5.19
0.8,0.1,0.25,4.5,4.6,5.7025
0.8,0.1,0.25,5.0,5.0,6.215
0.8,0.1,0.3,0.5,1.4,1.625
0.8,0.1,0.3,1.0,1.8,2.16
0.8,0.1,0.3,1.5,2.2,2.695
0.8,0.1,0.3,2.0,2.6,3.23
0.8,0.1,0.3,2.5,3.0,3.7649999999999997
0.8,0.1,0.3,3.0,3.4000000000000004,4.3
0.8,0.1,0.3,3.5,3.8000000000000003,4.835
0.8,0.1,0.3,4.0,4.2,5.37
0.8,0.1,0.3,4.5,4.6,5.904999999999999
0.8,0.1,0.3,5.0,5.0,6.4399999999999995
0.8,0.1,0.35,0.5,1.4,1.6475
0.8,0.1,0.35,1.0,1.8,2.205
0.8,0.1,0.35,1.5,2.2,2.7625
0.8,0.1,0.35,2.0,2.6,3.32
0.8,0.1,0.35,2.5,3.0,3.8775
0.8,0.1,0.35,3.0,3.4000000000000004,4.4350000000000005
0.8,0.1,0.35,3.5,3.8000000000000003,4.9925
0.8,0.1,0.35,4.0,4.2,5.55
0.8,0.1,0.35,4.5,4.6,6.1075
0.8,0.1,0.35,5.0,5.0,6.665
0.8,0.1,0.4,0.5,1.4,1.67
0.8,0.1,0.4,1.0,1.8,2.25
0.8,0.1,0.4,1.5,2.2,2.83
0.8,0.1,0.4,2.0,2.6,3.41
0.8,0.1,0.4,2.5,3.0,3.9899999999999998
0.8,0.1,0.4,3.0,3.4000000000000004,4.57
0.8,0.1,0.4,3.5,3.8000000000000003,5.15
0.8,0.1,0.4,4.0,4.2,5.73
0.8,0.1,0.4,4.5,4.6,6.31
0.8,0.1,0.4,5.0,5.0,6.89
0.8,0.1,0.45,0.5,1.4,1.6925
0.8,0.1,0.45,1.0,1.8,2.295
0.8,0.1,0.45,1.5,2.2,2.8975
0.8,0.1,0.45,2.0,2.6,3.5
0.8,0.1,0.45,2.5,3.0,4.1025
0.8,0.1,0.45,3.0,3.4000000000000004,4.705
0.8,0.1,0.45,3.5,3.8000000000000003,5.3075
0.8,0.1,0.45,4.0,4.2,5.91
0.8,0.1,0.45,4.5,4.6,6.512499999999999
0.8,0.1,0.45,5.0,5.0,7.115
0.8,0.1,0.5,0.5,1.4,1.715
0.8,0.1,0.5,1.0,1.8,2.3400000000000003
0.8,0.1,0.5,1.5,2.2,2.965
0.8,0.1,0.5,2.0,2.6,3.59
0.8,0.1,0.5,2.5,3.0,4.215
0.8,0.1,0.5,3.0,3.4000000000000004,4.84
0.8,0.1,0.5,3.5,3.8000000000000003,5.465
0.8,0.1,0.5,4.0,4.2,6.09
0.8,0.1,0.5,4.5,4.6,6.715
0.8,0.1,0.5,5.0,5.0,7.34
0.8,0.2,0.0,0.5,1.4,1.5799999999999998
0.8,0.2,0.0,1.0,1.8,1.98
0.8,0.2,0.0,1.5,2.2,2.3800000000000003
0.8,0.2,0.0,2.0,2.6,2.7800000000000002
0.8,0.2,0.0,2.5,3.0,3.18
0.8,0.2,0.0,3.0,3.4000000000000004,3.5800000000000005
0.8,0.2,0.0,3.5,3.8000000000000003,3.9800000000000004
0.8,0.2,0.0,4.0,4.2,4.38
0.8,0.2,0.0,4.5,4.6,4.779999999999999
0.8,0.2,0.0,5.0,5.0,5.18
0.8,0.2,0.05,0.5,1.4,1.6024999999999998
0.8,0.2,0.05,1.0,1.8,2.025
0.8,0.2,0.05,1.5,2.2,2.4475000000000002
0.8,0.2,0.05,2.0,2.6,2.87
0.8,0.2,0.05,2.5,3.0,3.2925
0.8,0.2,0.05,3.0,3.4000000000000004,3.7150000000000007
0.8,0.2,0.05,3.5,3.8000000000000003,4.1375
0.8,0.2,0.05,4.0,4.2,4.56
0.8,0.2,0.05,4.5,4.6,4.982499999999999
0.8,0.2,0.05,5.0,5.0,5.404999999999999
0.8,0.2,0.1,0.5,1.4,1.6249999999999998
0.8,0.2,0.1,1.0,1.8,2.07
0.8,0.2,0.1,1.5,2.2,2.5150000000000006
0.8,0.2,0.1,2.0,2.6,2.9600000000000004
0.8,0.2,0.1,2.5,3.0,3.4050000000000002
0.8,0.2,0.1,3.0,3.4000000000000004,3.8500000000000005
0.8,0.2,0.1,3.5,3.8000000000000003,4.295000000000001
0.8,0.2,0.1,4.0,4.2,4.74
0.8,0.2,0.1,4.5,4.6,5.185
0.8,0.2,0.1,5.0,5.0,5.63
0.8,0.2,0.15,0.5,1.4,1.6475
0.8,0.2,0.15,1.0,1.8,2.115
0.8,0.2,0.15,1.5,2.2,2.5825000000000005
0.8,0.2,0.15,2.0,2.6,3.0500000000000003
0.8,0.2,0.15,2.5,3.0,3.5175
0.8,0.2,0.15,3.0,3.4000000000000004,3.9850000000000003
0.8,0.2,0.15,3.5,3.8000000000000003,4.452500000000001
0.8,0.2,0.15,4.0,4.2,4.92
0.8,0.2,0.15,4.5,4.6,5.387499999999999
0.8,0.2,0.15,5.0,5.0,5.8549999999999995
0.8,0.2,0.2,0.5,1.4,1.67
0.8,0.2,0.2,1.0,1.8,2.16
0.8,0.2,0.2,1.5,2.2,2.6500000000000004
0.8,0.2,0.2,2.0,2.6,3.14
0.8,0.2,0.2,2.5,3.0,3.6300000000000003
0.8,0.2,0.2,3.0,3.4000000000000004,4.120000000000001
0.8,0.2,0.2,3.5,3.8000000000000003,4.61
0.8,0.2,0.2,4.0,4.2,5.1
0.8,0.2,0.2,4.5,4.6,5.59
0.8,0.2,0.2,5.0,5.0,6.08
0.8,0.2,0.25,0.5,1.4,1.6925
0.8,0.2,0.25,1.0,1.8,2.205
0.8,0.2,0.25,1.5,2.2,2.7175000000000002
0.8,0.2,0.25,2.0,2.6,3.2300000000000004
0.8,0.2,0.25,2.5,3.0,3.7425
0.8,0.2,0.25,3.0,3.4000000000000004,4.255000000000001
0.8,0.2,0.25,3.5,3.8000000000000003,4.7675
0.8,0.2,0.25,4.0,4.2,5.28
0.8,0.2,0.25,4.5,4.6,5.7924999999999995
0.8,0.2,0.25,5.0,5.0,6.305
0.8,0.2,0.3,0.5,1.4,1.7149999999999999
0.8,0.2,0.3,1.0,1.8,2.25
0.8,0.2,0.3,1.5,2.2,2.785
0.8,0.2,0.3,2.0,2.6,3.3200000000000003
0.8,0.2,0.3,2.5,3.0,3.8550000000000004
0.8,0.2,0.3,3.0,3.4000000000000004,4.390000000000001
0.8,0.2,0.3,3.5,3.8000000000000003,4.925000000000001
0.8,0.2,0.3,4.0,4.2,5.46
0.8,0.2,0.3,4.5,4.6,5.994999999999999
0.8,0.2,0.3,5.0,5.0,6.529999999999999
0.8,0.2,0.35,0.5,1.4,1.7374999999999998
0.8,0.2,0.35,1.0,1.8,2.295
0.8,0.2,0.35,1.5,2.2,2.8525
0.8,0.2,0.35,2.0,2.6,3.41
0.8,0.2,0.35,2.5,3.0,3.9675000000000002
0.8,0.2,0.35,3.0,3.4000000000000004,4.525
0.8,0.2,0.35,3.5,3.8000000000000003,5.0825000000000005
0.8,0.2,0.35,4.0,4.2,5.64
0.8,0.2,0.35,4.5,4.6,6.1975
0.8,0.2,0.35,5.0,5.0,6.755
0.8,0.2,0.4,0.5,1.4,1.7599999999999998
0.8,0.2,0.4,1.0,1.8,2.34
0.8,0.2,0.4,1.5,2.2,2.9200000000000004
0.8,0.2,0.4,2.0,2.6,3.5000000000000004
0.8,0.2,0.4,2.5,3.0,4.08
0.8,0.2,0.4,3.0,3.4000000000000004,4.660000000000001
0.8,0.2,0.4,3.5,3.8000000000000003,5.24
0.8,0.2,0.4,4.0,4.2,5.82
0.8,0.2,0.4,4.5,4.6,6.3999999999999995
0.8,0.2,0.4,5.0,5.0,6.9799999999999995
0.8,0.2,0.45,0.5,1.4,1.7824999999999998
0.8,0.2,0.45,1.0,1.8,2.385
0.8,0.2,0.45,1.5,2.2,2.9875000000000003
0.8,0.2,0.45,2.0,2.6,3.5900000000000003
0.8,0.2,0.45,2.5,3.0,4.1925
0.8,0.2,0.45,3.0,3.4000000000000004,4.795000000000001
0.8,0.2,0.45,3.5,3.8000000000000003,5.397500000000001
0.8,0.2,0.45,4.0,4.2,6.0
0.8,0.2,0.45,4.5,4.6,6.602499999999999
0.8,0.2,0.45,5.0,5.0,7.205
0.8,0.2,0.5,0.5,1.4,1.805
0.8,0.2,0.5,1.0,1.8,2.43
0.8,0.2,0.5,1.5,2.2,3.0550000000000006
0.8,0.2,0.5,2.0,2.6,3.68
0.8,0.2,0.5,2.5,3.0,4.305
0.8,0.2,0.5,3.0,3.4000000000000004,4.930000000000001
0.8,0.2,0.5,3.5,3.8000000000000003,5.555000000000001
0.8,0.2,0.5,4.0,4.2,6.18
0.8,0.2,0.5,4.5,4.6,6.805
0.8,0.2,0.5,5.0,5.0,7.43
0.8,0.3,0.0,0.5,1.4,1.67
0.8,0.3,0.0,1.0,1.8,2.0700000000000003
0.8,0.3,0.0,1.5,2.2,2.47
0.8,0.3,0.0,2.0,2.6,2.87
0.8,0.3,0.0,2.5,3.0,3.27
0.8,0.3,0.0,3.0,3.4000000000000004,3.6700000000000004
0.8,0.3,0.0,3.5,3.8000000000000003,4.07
0.8,0.3,0.0,4.0,4.2,4.470000000000001
0.8,0.3,0.0,4.5,4.6,4.869999999999999
0.8,0.3,0.0,5.0,5.0,5.27
0.8,0.3,0.05,0.5,1.4,1.6925
0.8,0.3,0.05,1.0,1.8,2.115
0.8,0.3,0.05,1.5,2.2,2.5375
0.8,0.3,0.05,2.0,2.6,2.96
0.8,0.3,0.05,2.5,3.0,3.3825
0.8,0.3,0.05,3.0,3.4000000000000004,3.8050000000000006
0.8,0.3,0.05,3.5,3.8000000000000003,4.2275
0.8,0.3,0.05,4.0,4.2,4.65
0.8,0.3,0.05,4.5,4.6,5.072499999999999
0.8,0.3,0.05,5.0,5.0,5.494999999999999
0.8,0.3,0.1,0.5,1.4,1.7149999999999999
0.8,0.3,0.1,1.0,1.8,2.16
0.8,0.3,0.1,1.5,2.2,2.6050000000000004
0.8,0.3,0.1,2.0,2.6,3.0500000000000003
0.8,0.3,0.1,2.5,3.0,3.495
0.8,0.3,0.1,3.0,3.4000000000000004,3.9400000000000004
0.8,0.3,0.1,3.5,3.8000000000000003,4.385000000000001
0.8,0.3,0.1,4.0,4.2,4.830000000000001
0.8,0.3,0.1,4.5,4.6,5.2749999999999995
0.8,0.3,0.1,5.0,5.0,5.72
0.8,0.3,0.15,0.5,1.4,1.7374999999999998
0.8,0.3,0.15,1.0,1.8,2.205
0.8,0.3,0.15,1.5,2.2,2.6725000000000003
0.8,0.3,0.15,2.0,2.6,3.14
0.8,0.3,0.15,2.5,3.0,3.6075
0.8,0.3,0.15,3.0,3.4000000000000004,4.075
0.8,0.3,0.15,3.5,3.8000000000000003,4.5425
0.8,0.3,0.15,4.0,4.2,5.010000000000001
0.8,0.3,0.15,4.5,4.6,5.477499999999999
0.8,0.3,0.15,5.0,5.0,5.944999999999999
0.8,0.3,0.2,0.5,1.4,1.76
0.8,0.3,0.2,1.0,1.8,2.2500000000000004
0.8,0.3,0.2,1.5,2.2,2.74
0.8,0.3,0.2,2.0,2.6,3.23
0.8,0.3,0.2,2.5,3.0,3.72
0.8,0.3,0.2,3.0,3.4000000000000004,4.210000000000001
0.8,0.3,0.2,3.5,3.8000000000000003,4.7
0.8,0.3,0.2,4.0,4.2,5.19
0.8,0.3,0.2,4.5,4.6,5.68
0.8,0.3,0.2,5.0,5.0,6.17
0.8,0.3,0.25,0.5,1.4,1.7825
0.8,0.3,0.25,1.0,1.8,2.2950000000000004
0.8,0.3,0.25,1.5,2.2,2.8075
0.8,0.3,0.25,2.0,2.6,3.3200000000000003
0.8,0.3,0.25,2.5,3.0,3.8325
0.8,0.3,0.25,3.0,3.4000000000000004,4.345000000000001
0.8,0.3,0.25,3.5,3.8000000000000003,4.8575
0.8,0.3,0.25,4.0,4.2,5.370000000000001
0.8,0.3,0.25,4.5,4.6,5.882499999999999
0.8,0.3,0.25,5.0,5.0,6.395
0.8,0.3,0.3,0.5,1.4,1.805
0.8,0.3,0.3,1.0,1.8,2.3400000000000003
0.8,0.3,0.3,1.5,2.2,2.875
0.8,0.3,0.3,2.0,2.6,3.41
0.8,0.3,0.3,2.5,3.0,3.9450000000000003
0.8,0.3,0.3,3.0,3.4000000000000004,4.48
0.8,0.3,0.3,3.5,3.8000000000000003,5.015000000000001
0.8,0.3,0.3,4.0,4.2,5.550000000000001
0.8,0.3,0.3,4.5,4.6,6.084999999999999
0.8,0.3,0.3,5.0,5.0,6.619999999999999
0.8,0.3,0.35,0.5,1.4,1.8275
0.8,0.3,0.35,1.0,1.8,2.3850000000000002
0.8,0.3,0.35,1.5,2.2,2.9425
0.8,0.3,0.35,2.0,2.6,3.5
0.8,0.3,0.35,2.5,3.0,4.0575
0.8,0.3,0.35,3.0,3.4000000000000004,4.615
0.8,0.3,0.35,3.5,3.8000000000000003,5.1725
0.8,0.3,0.35,4.0,4.2,5.73
0.8,0.3,0.35,4.5,4.6,6.2875
0.8,0.3,0.35,5.0,5.0,6.845
0.8,0.3,0.4,0.5,1.4,1.8499999999999999
0.8,0.3,0.4,1.0,1.8,2.43
0.8,0.3,0.4,1.5,2.2,3.0100000000000002
0.8,0.3,0.4,2.0,2.6,3.5900000000000003
0.8,0.3,0.4,2.5,3.0,4.17
0.8,0.3,0.4,3.0,3.4000000000000004,4.750000000000001
0.8,0.3,0.4,3.5,3.8000000000000003,5.33
0.8,0.3,0.4,4.0,4.2,5.910000000000001
0.8,0.3,0.4,4.5,4.6,6.489999999999999
0.8,0.3,0.4,5.0,5.0,7.069999999999999
0.8,0.3,0.45,0.5,1.4,1.8725
0.8,0.3,0.45,1.0,1.8,2.4750000000000005
0.8,0.3,0.45,1.5,2.2,3.0775
0.8,0.3,0.45,2.0,2.6,3.68
0.8,0.3,0.45,2.5,3.0,4.2825
0.8,0.3,0.45,3.0,3.4000000000000004,4.885000000000001
0.8,0.3,0.45,3.5,3.8000000000000003,5.487500000000001
0.8,0.3,0.45,4.0,4.2,6.090000000000001
0.8,0.3,0.45,4.5,4.6,6.692499999999999
0.8,0.3,0.45,5.0,5.0,7.295
0.8,0.3,0.5,0.5,1.4,1.895
0.8,0.3,0.5,1.0,1.8,2.5200000000000005
0.8,0.3,0.5,1.5,2.2,3.1450000000000005
0.8,0.3,0.5,2.0,2.6,3.77
0.8,0.3,0.5,2.5,3.0,4.395
0.8,0.3,0.5,3.0,3.4000000000000004,5.0200000000000005
0.8,0.3,0.5,3.5,3.8000000000000003,5.6450000000000005
0.8,0.3,0.5,4.0,4.2,6.2700000000000005
0.8,0.3,0.5,4.5,4.6,6.895
0.8,0.3,0.5,5.0,5.0,7.52
0.8,0.4,0.0,0.5,1.4,1.76
0.8,0.4,0.0,1.0,1.8,2.16
0.8,0.4,0.0,1.5,2.2,2.56
0.8,0.4,0.0,2.0,2.6,2.96
0.8,0.4,0.0,2.5,3.0,3.36
0.8,0.4,0.0,3.0,3.4000000000000004,3.7600000000000002
0.8,0.4,0.0,3.5,3.8000000000000003,4.16
0.8,0.4,0.0,4.0,4.2,4.5600000000000005
0.8,0.4,0.0,4.5,4.6,4.96
0.8,0.4,0.0,5.0,5.0,5.36
0.8,0.4,0.05,0.5,1.4,1.7825
0.8,0.4,0.05,1.0,1.8,2.205
0.8,0.4,0.05,1.5,2.2,2.6275
0.8,0.4,0.05,2.0,2.6,3.05
0.8,0.4,0.05,2.5,3.0,3.4724999999999997
0.8,0.4,0.05,3.0,3.4000000000000004,3.8950000000000005
0.8,0.4,0.05,3.5,3.8000000000000003,4.3175
0.8,0.4,0.05,4.0,4.2,4.74
0.8,0.4,0.05,4.5,4.6,5.1625
0.8,0.4,0.05,5.0,5.0,5.585
0.8,0.4,0.1,0.5,1.4,1.805
0.8,0.4,0.1,1.0,1.8,2.25
0.8,0.4,0.1,1.5,2.2,2.6950000000000003
0.8,0.4,0.1,2.0,2.6,3.14
0.8,0.4,0.1,2.5,3.0,3.585
0.8,0.4,0.1,3.0,3.4000000000000004,4.03
0.8,0.4,0.1,3.5,3.8000000000000003,4.4750000000000005
0.8,0.4,0.1,4.0,4.2,4.920000000000001
0.8,0.4,0.1,4.5,4.6,5.365
0.8,0.4,0.1,5.0,5.0,5.8100000000000005
0.8,0.4,0.15,0.5,1.4,1.8275000000000001
0.8,0.4,0.15,1.0,1.8,2.295
0.8,0.4,0.15,1.5,2.2,2.7625
0.8,0.4,0.15,2.0,2.6,3.23
0.8,0.4,0.15,2.5,3.0,3.6975
0.8,0.4,0.15,3.0,3.4000000000000004,4.165
0.8,0.4,0.15,3.5,3.8000000000000003,4.6325
0.8,0.4,0.15,4.0,4.2,5.1000000000000005
0.8,0.4,0.15,4.5,4.6,5.5675
0.8,0.4,0.15,5.0,5.0,6.035
0.8,0.4,0.2,0.5,1.4,1.85
0.8,0.4,0.2,1.0,1.8,2.3400000000000003
0.8,0.4,0.2,1.5,2.2,2.83
0.8,0.4,0.2,2.0,2.6,3.32
0.8,0.4,0.2,2.5,3.0,3.81
0.8,0.4,0.2,3.0,3.4000000000000004,4.300000000000001
0.8,0.4,0.2,3.5,3.8000000000000003,4.79
0.8,0.4,0.2,4.0,4.2,5.28
0.8,0.4,0.2,4.5,4.6,5.77
0.8,0.4,0.2,5.0,5.0,6.260000000000001
0.8,0.4,0.25,0.5,1.4,1.8725
0.8,0.4,0.25,1.0,1.8,2.3850000000000002
0.8,0.4,0.25,1.5,2.2,2.8975
0.8,0.4,0.25,2.0,2.6,3.41
0.8,0.4,0.25,2.5,3.0,3.9225
0.8,0.4,0.25,3.0,3.4000000000000004,4.4350000000000005
0.8,0.4,0.25,3.5,3.8000000000000003,4.9475
0.8,0.4,0.25,4.0,4.2,5.460000000000001
0.8,0.4,0.25,4.5,4.6,5.9725
0.8,0.4,0.25,5.0,5.0,6.485
0.8,0.4,0.3,0.5,1.4,1.895
0.8,0.4,0.3,1.0,1.8,2.43
0.8,0.4,0.3,1.5,2.2,2.965
0.8,0.4,0.3,2.0,2.6,3.5
0.8,0.4,0.3,2.5,3.0,4.035
0.8,0.4,0.3,3.0,3.4000000000000004,4.57
0.8,0.4,0.3,3.5,3.8000000000000003,5.105
0.8,0.4,0.3,4.0,4.2,5.640000000000001
0.8,0.4,0.3,4.5,4.6,6.175
0.8,0.4,0.3,5.0,5.0,6.710000000000001
0.8,0.4,0.35,0.5,1.4,1.9175
0.8,0.4,0.35,1.0,1.8,2.475
0.8,0.4,0.35,1.5,2.2,3.0324999999999998
0.8,0.4,0.35,2.0,2.6,3.59
0.8,0.4,0.35,2.5,3.0,4.1475
0.8,0.4,0.35,3.0,3.4000000000000004,4.705
0.8,0.4,0.35,3.5,3.8000000000000003,5.2625
0.8,0.4,0.35,4.0,4.2,5.82
0.8,0.4,0.35,4.5,4.6,6.3774999999999995
0.8,0.4,0.35,5.0,5.0,6.9350000000000005
0.8,0.4,0.4,0.5,1.4,1.94
0.8,0.4,0.4,1.0,1.8,2.52
0.8,0.4,0.4,1.5,2.2,3.1
0.8,0.4,0.4,2.0,2.6,3.68
0.8,0.4,0.4,2.5,3.0,4.26
0.8,0.4,0.4,3.0,3.4000000000000004,4.840000000000001
0.8,0.4,0.4,3.5,3.8000000000000003,5.42
0.8,0.4,0.4,4.0,4.2,6.000000000000001
0.8,0.4,0.4,4.5,4.6,6.58
0.8,0.4,0.4,5.0,5.0,7.16
0.8,0.4,0.45,0.5,1.4,1.9625
0.8,0.4,0.45,1.0,1.8,2.5650000000000004
0.8,0.4,0.45,1.5,2.2,3.1675
0.8,0.4,0.45,2.0,2.6,3.77
0.8,0.4,0.45,2.5,3.0,4.3725
0.8,0.4,0.45,3.0,3.4000000000000004,4.9750000000000005
0.8,0.4,0.45,3.5,3.8000000000000003,5.577500000000001
0.8,0.4,0.45,4.0,4.2,6.180000000000001
0.8,0.4,0.45,4.5,4.6,6.7825
0.8,0.4,0.45,5.0,5.0,7.385
0.8,0.4,0.5,0.5,1.4,1.985
0.8,0.4,0.5,1.0,1.8,2.6100000000000003
0.8,0.4,0.5,1.5,2.2,3.2350000000000003
0.8,0.4,0.5,2.0,2.6,3.86
0.8,0.4,0.5,2.5,3.0,4.484999999999999
0.8,0.4,0.5,3.0,3.4000000000000004,5.11
0.8,0.4,0.5,3.5,3.8000000000000003,5.735
0.8,0.4,0.5,4.0,4.2,6.36
0.8,0.4,0.5,4.5,4.6,6.984999999999999
0.8,0.4,0.5,5.0,5.0,7.61
0.8,0.5,0.0,0.5,1.4,1.8499999999999999
0.8,0.5,0.0,1.0,1.8,2.25
0.8,0.5,0.0,1.5,2.2,2.6500000000000004
0.8,0.5,0.0,2.0,2.6,3.0500000000000003
0.8,0.5,0.0,2.5,3.0,3.45
0.8,0.5,0.0,3.0,3.4000000000000004,3.8500000000000005
0.8,0.5,0.0,3.5,3.8000000000000003,4.25
0.8,0.5,0.0,4.0,4.2,4.65
0.8,0.5,0.0,4.5,4.6,5.05
0.8,0.5,0.0,5.0,5.0,5.45
0.8,0.5,0.05,0.5,1.4,1.8724999999999998
0.8,0.5,0.05,1.0,1.8,2.295
0.8,0.5,0.05,1.5,2.2,2.7175000000000002
0.8,0.5,0.05,2.0,2.6,3.14
0.8,0.5,0.05,2.5,3.0,3.5625
0.8,0.5,0.05,3.0,3.4000000000000004,3.9850000000000008
0.8,0.5,0.05,3.5,3.8000000000000003,4.4075
0.8,0.5,0.05,4.0,4.2,4.83
0.8,0.5,0.05,4.5,4.6,5.2524999999999995
0.8,0.5,0.05,5.0,5.0,5.675
0.8,0.5,0.1,0.5,1.4,1.8949999999999998
0.8,0.5,0.1,1.0,1.8,2.34
0.8,0.5,0.1,1.5,2.2,2.7850000000000006
0.8,0.5,0.1,2.0,2.6,3.2300000000000004
0.8,0.5,0.1,2.5,3.0,3.6750000000000003
0.8,0.5,0.1,3.0,3.4000000000000004,4.120000000000001
0.8,0.5,0.1,3.5,3.8000000000000003,4.565
0.8,0.5,0.1,4.0,4.2,5.010000000000001
0.8,0.5,0.1,4.5,4.6,5.455
0.8,0.5,0.1,5.0,5.0,5.9
0.8,0.5,0.15,0.5,1.4,1.9175
0.8,0.5,0.15,1.0,1.8,2.385
0.8,0.5,0.15,1.5,2.2,2.8525000000000005
0.8,0.5,0.15,2.0,2.6,3.3200000000000003
0.8,0.5,0.15,2.5,3.0,3.7875
0.8,0.5,0.15,3.0,3.4000000000000004,4.255000000000001
0.8,0.5,0.15,3.5,3.8000000000000003,4.7225
0.8,0.5,0.15,4.0,4.2,5.19
0.8,0.5,0.15,4.5,4.6,5.6575
0.8,0.5,0.15,5.0,5.0,6.125
0.8,0.5,0.2,0.5,1.4,1.94
0.8,0.5,0.2,1.0,1.8,2.43
0.8,0.5,0.2,1.5,2.2,2.9200000000000004
0.8,0.5,0.2,2.0,2.6,3.41
0.8,0.5,0.2,2.5,3.0,3.9000000000000004
0.8,0.5,0.2,3.0,3.4000000000000004,4.390000000000001
0.8,0.5,0.2,3.5,3.8000000000000003,4.88
0.8,0.5,0.2,4.0,4.2,5.37
0.8,0.5,0.2,4.5,4.6,5.859999999999999
0.8,0.5,0.2,5.0,5.0,6.3500000000000005
0.8,0.5,0.25,0.5,1.4,1.9625
0.8,0.5,0.25,1.0,1.8,2.475
0.8,0.5,0.25,1.5,2.2,2.9875000000000003
0.8,0.5,0.25,2.0,2.6,3.5000000000000004
0.8,0.5,0.25,2.5,3.0,4.0125
0.8,0.5,0.25,3.0,3.4000000000000004,4.525
0.8,0.5,0.25,3.5,3.8000000000000003,5.0375
0.8,0.5,0.25,4.0,4.2,5.550000000000001
0.8,0.5,0.25,4.5,4.6,6.0625
0.8,0.5,0.25,5.0,5.0,6.575
0.8,0.5,0.3,0.5,1.4,1.9849999999999999
0.8,0.5,0.3,1.0,1.8,2.52
0.8,0.5,0.3,1.5,2.2,3.055
0.8,0.5,0.3,2.0,2.6,3.5900000000000003
0.8,0.5,0.3,2.5,3.0,4.125
0.8,0.5,0.3,3.0,3.4000000000000004,4.66
0.8,0.5,0.3,3.5,3.8000000000000003,5.195
0.8,0.5,0.3,4.0,4.2,5.73
0.8,0.5,0.3,4.5,4.6,6.265
0.8,0.5,0.3,5.0,5.0,6.800000000000001
0.8,0.5,0.35,0.5,1.4,2.0075
0.8,0.5,0.35,1.0,1.8,2.565
0.8,0.5,0.35,1.5,2.2,3.1225000000000005
0.8,0.5,0.35,2.0,2.6,3.68
0.8,0.5,0.35,2.5,3.0,4.2375
0.8,0.5,0.35,3.0,3.4000000000000004,4.795
0.8,0.5,0.35,3.5,3.8000000000000003,5.3525
0.8,0.5,0.35,4.0,4.2,5.91
0.8,0.5,0.35,4.5,4.6,6.467499999999999
0.8,0.5,0.35,5.0,5.0,7.025
0.8,0.5,0.4,0.5,1.4,2.03
0.8,0.5,0.4,1.0,1.8,2.61
0.8,0.5,0.4,1.5,2.2,3.1900000000000004
0.8,0.5,0.4,2.0,2.6,3.7700000000000005
0.8,0.5,0.4,2.5,3.0,4.3500000000000005
0.8,0.5,0.4,3.0,3.4000000000000004,4.930000000000001
0.8,0.5,0.4,3.5,3.8000000000000003,5.51
0.8,0.5,0.4,4.0,4.2,6.090000000000001
0.8,0.5,0.4,4.5,4.6,6.67
0.8,0.5,0.4,5.0,5.0,7.25
0.8,0.5,0.45,0.5,1.4,2.0524999999999998
0.8,0.5,0.45,1.0,1.8,2.6550000000000002
0.8,0.5,0.45,1.5,2.2,3.2575000000000003
0.8,0.5,0.45,2.0,2.6,3.8600000000000003
0.8,0.5,0.45,2.5,3.0,4.4625
0.8,0.5,0.45,3.0,3.4000000000000004,5.065
0.8,0.5,0.45,3.5,3.8000000000000003,5.6675
0.8,0.5,0.45,4.0,4.2,6.2700000000000005
0.8,0.5,0.45,4.5,4.6,6.8725
0.8,0.5,0.45,5.0,5.0,7.475
0.8,0.5,0.5,0.5,1.4,2.0749999999999997
0.8,0.5,0.5,1.0,1.8,2.7
0.8,0.5,0.5,1.5,2.2,3.325
0.8,0.5,0.5,2.0,2.6,3.95
0.8,0.5,0.5,2.5,3.0,4.575
0.8,0.5,0.5,3.0,3.4000000000000004,5.200000000000001
0.8,0.5,0.5,3.5,3.8000000000000003,5.825
0.8,0.5,0.5,4.0,4.2,6.45
0.8,0.5,0.5,4.5,4.6,7.074999999999999
0.8,0.5,0.5,5.0,5.0,7.7
0.8,0.6,0.0,0.5,1.4,1.94
0.8,0.6,0.0,1.0,1.8,2.34
0.8,0.6,0.0,1.5,2.2,2.74
0.8,0.6,0.0,2.0,2.6,3.14
0.8,0.6,0.0,2.5,3.0,3.54
0.8,0.6,0.0,3.0,3.4000000000000004,3.9400000000000004
0.8,0.6,0.0,3.5,3.8000000000000003,4.34
0.8,0.6,0.0,4.0,4.2,4.74
0.8,0.6,0.0,4.5,4.6,5.14
0.8,0.6,0.0,5.0,5.0,5.54
0.8,0.6,0.05,0.5,1.4,1.9625
0.8,0.6,0.05,1.0,1.8,2.385
0.8,0.6,0.05,1.5,2.2,2.8075
0.8,0.6,0.05,2.0,2.6,3.23
0.8,0.6,0.05,2.5,3.0,3.6525
0.8,0.6,0.05,3.0,3.4000000000000004,4.075
0.8,0.6,0.05,3.5,3.8000000000000003,4.4975
0.8,0.6,0.05,4.0,4.2,4.92
0.8,0.6,0.05,4.5,4.6,5.342499999999999
0.8,0.6,0.05,5.0,5.0,5.765
0.8,0.6,0.1,0.5,1.4,1.9849999999999999
0.8,0.6,0.1,1.0,1.8,2.4299999999999997
0.8,0.6,0.1,1.5,2.2,2.8750000000000004
0.8,0.6,0.1,2.0,2.6,3.3200000000000003
0.8,0.6,0.1,2.5,3.0,3.765
0.8,0.6,0.1,3.0,3.4000000000000004,4.210000000000001
0.8,0.6,0.1,3.5,3.8000000000000003,4.655
0.8,0.6,0.1,4.0,4.2,5.1000000000000005
0.8,0.6,0.1,4.5,4.6,5.545
0.8,0.6,0.1,5.0,5.0,5.99
0.8,0.6,0.15,0.5,1.4,2.0075
0.8,0.6,0.15,1.0,1.8,2.4749999999999996
0.8,0.6,0.15,1.5,2.2,2.9425000000000003
0.8,0.6,0.15,2.0,2.6,3.41
0.8,0.6,0.15,2.5,3.0,3.8775
0.8,0.6,0.15,3.0,3.4000000000000004,4.345000000000001
0.8,0.6,0.15,3.5,3.8000000000000003,4.8125
0.8,0.6,0.15,4.0,4.2,5.28
0.8,0.6,0.15,4.5,4.6,5.7475
0.8,0.6,0.15,5.0,5.0,6.215
0.8,0.6,0.2,0.5,1.4,2.03
0.8,0.6,0.2,1.0,1.8,2.52
0.8,0.6,0.2,1.5,2.2,3.0100000000000002
0.8,0.6,0.2,2.0,2.6,3.5
0.8,0.6,0.2,2.5,3.0,3.99
0.8,0.6,0.2,3.0,3.4000000000000004,4.48
0.8,0.6,0.2,3.5,3.8000000000000003,4.97
0.8,0.6,0.2,4.0,4.2,5.46
0.8,0.6,0.2,4.5,4.6,5.949999999999999
0.8,0.6,0.2,5.0,5.0,6.44
0.8,0.6,0.25,0.5,1.4,2.0524999999999998
0.8,0.6,0.25,1.0,1.8,2.565
0.8,0.6,0.25,1.5,2.2,3.0775
0.8,0.6,0.25,2.0,2.6,3.5900000000000003
0.8,0.6,0.25,2.5,3.0,4.1025
0.8,0.6,0.25,3.0,3.4000000000000004,4.615
0.8,0.6,0.25,3.5,3.8000000000000003,5.1274999999999995
0.8,0.6,0.25,4.0,4.2,5.640000000000001
0.8,0.6,0.25,4.5,4.6,6.1525
0.8,0.6,0.25,5.0,5.0,6.665
0.8,0.6,0.3,0.5,1.4,2.075
0.8,0.6,0.3,1.0,1.8,2.61
0.8,0.6,0.3,1.5,2.2,3.145
0.8,0.6,0.3,2.0,2.6,3.68
0.8,0.6,0.3,2.5,3.0,4.215
0.8,0.6,0.3,3.0,3.4000000000000004,4.75
0.8,0.6,0.3,3.5,3.8000000000000003,5.285
0.8,0.6,0.3,4.0,4.2,5.82
0.8,0.6,0.3,4.5,4.6,6.3549999999999995
0.8,0.6,0.3,5.0,5.0,6.890000000000001
0.8,0.6,0.35,0.5,1.4,2.0975
0.8,0.6,0.35,1.0,1.8,2.655
0.8,0.6,0.35,1.5,2.2,3.2125000000000004
0.8,0.6,0.35,2.0,2.6,3.77
0.8,0.6,0.35,2.5,3.0,4.3275
0.8,0.6,0.35,3.0,3.4000000000000004,4.885
0.8,0.6,0.35,3.5,3.8000000000000003,5.4425
0.8,0.6,0.35,4.0,4.2,6.0
0.8,0.6,0.35,4.5,4.6,6.557499999999999
0.8,0.6,0.35,5.0,5.0,7.115
0.8,0.6,0.4,0.5,1.4,2.12
0.8,0.6,0.4,1.0,1.8,2.6999999999999997
0.8,0.6,0.4,1.5,2.2,3.2800000000000002
0.8,0.6,0.4,2.0,2.6,3.8600000000000003
0.8,0.6,0.4,2.5,3.0,4.44
0.8,0.6,0.4,3.0,3.4000000000000004,5.0200000000000005
0.8,0.6,0.4,3.5,3.8000000000000003,5.6
0.8,0.6,0.4,4.0,4.2,6.180000000000001
0.8,0.6,0.4,4.5,4.6,6.76
0.8,0.6,0.4,5.0,5.0,7.34
0.8,0.6,0.45,0.5,1.4,2.1425
0.8,0.6,0.45,1.0,1.8,2.745
0.8,0.6,0.45,1.5,2.2,3.3475
0.8,0.6,0.45,2.0,2.6,3.95
0.8,0.6,0.45,2.5,3.0,4.5525
0.8,0.6,0.45,3.0,3.4000000000000004,5.155
0.8,0.6,0.45,3.5,3.8000000000000003,5.7575
0.8,0.6,0.45,4.0,4.2,6.36
0.8,0.6,0.45,4.5,4.6,6.9624999999999995
0.8,0.6,0.45,5.0,5.0,7.5649999999999995
0.8,0.6,0.5,0.5,1.4,2.165
0.8,0.6,0.5,1.0,1.8,2.79
0.8,0.6,0.5,1.5,2.2,3.415
0.8,0.6,0.5,2.0,2.6,4.04
0.8,0.6,0.5,2.5,3.0,4.665
0.8,0.6,0.5,3.0,3.4000000000000004,5.290000000000001
0.8,0.6,0.5,3.5,3.8000000000000003,5.915
0.8,0.6,0.5,4.0,4.2,6.54
0.8,0.6,0.5,4.5,4.6,7.164999999999999
0.8,0.6,0.5,5.0,5.0,7.79
0.8,0.7,0.0,0.5,1.4,2.03
0.8,0.7,0.0,1.0,1.8,2.43
0.8,0.7,0.0,1.5,2.2,2.83
0.8,0.7,0.0,2.0,2.6,3.23
0.8,0.7,0.0,2.5,3.0,3.63
0.8,0.7,0.0,3.0,3.4000000000000004,4.03
0.8,0.7,0.0,3.5,3.8000000000000003,4.430000000000001
0.8,0.7,0.0,4.0,4.2,4.83
0.8,0.7,0.0,4.5,4.6,5.2299999999999995
0.8,0.7,0.0,5.0,5.0,5.63
0.8,0.7,0.05,0.5,1.4,2.0524999999999998
0.8,0.7,0.05,1.0,1.8,2.475
0.8,0.7,0.05,1.5,2.2,2.8975
0.8,0.7,0.05,2.0,2.6,3.32
0.8,0.7,0.05,2.5,3.0,3.7424999999999997
0.8,0.7,0.05,3.0,3.4000000000000004,4.165
0.8,0.7,0.05,3.5,3.8000000000000003,4.5875
0.8,0.7,0.05,4.0,4.2,5.01
0.8,0.7,0.05,4.5,4.6,5.432499999999999
0.8,0.7,0.05,5.0,5.0,5.8549999999999995
0.8,0.7,0.1,0.5,1.4,2.0749999999999997
0.8,0.7,0.1,1.0,1.8,2.52
0.8,0.7,0.1,1.5,2.2,2.9650000000000003
0.8,0.7,0.1,2.0,2.6,3.41
0.8,0.7,0.1,2.5,3.0,3.855
0.8,0.7,0.1,3.0,3.4000000000000004,4.300000000000001
0.8,0.7,0.1,3.5,3.8000000000000003,4.745000000000001
0.8,0.7,0.1,4.0,4.2,5.19
0.8,0.7,0.1,4.5,4.6,5.635
0.8,0.7,0.1,5.0,5.0,6.08
0.8,0.7,0.15,0.5,1.4,2.0974999999999997
0.8,0.7,0.15,1.0,1.8,2.5650000000000004
0.8,0.7,0.15,1.5,2.2,3.0325
0.8,0.7,0.15,2.0,2.6,3.5
0.8,0.7,0.15,2.5,3.0,3.9675
0.8,0.7,0.15,3.0,3.4000000000000004,4.4350000000000005
0.8,0.7,0.15,3.5,3.8000000000000003,4.902500000000001
0.8,0.7,0.15,4.0,4.2,5.37
0.8,0.7,0.15,4.5,4.6,5.8374999999999995
0.8,0.7,0.15,5.0,5.0,6.305
0.8,0.7,0.2,0.5,1.4,2.1199999999999997
0.8,0.7,0.2,1.0,1.8,2.6100000000000003
0.8,0.7,0.2,1.5,2.2,3.1
0.8,0.7,0.2,2.0,2.6,3.59
0.8,0.7,0.2,2.5,3.0,4.08
0.8,0.7,0.2,3.0,3.4000000000000004,4.57
0.8,0.7,0.2,3.5,3.8000000000000003,5.0600000000000005
0.8,0.7,0.2,4.0,4.2,5.55
0.8,0.7,0.2,4.5,4.6,6.039999999999999
0.8,0.7,0.2,5.0,5.0,6.53
0.8,0.7,0.25,0.5,1.4,2.1424999999999996
0.8,0.7,0.25,1.0,1.8,2.6550000000000002
0.8,0.7,0.25,1.5,2.2,3.1675
0.8,0.7,0.25,2.0,2.6,3.68
0.8,0.7,0.25,2.5,3.0,4.1925
0.8,0.7,0.25,3.0,3.4000000000000004,4.705
0.8,0.7,0.25,3.5,3.8000000000000003,5.2175
0.8,0.7,0.25,4.0,4.2,5.73
0.8,0.7,0.25,4.5,4.6,6.2425
0.8,0.7,0.25,5.0,5.0,6.755
0.8,0.7,0.3,0.5,1.4,2.165
0.8,0.7,0.3,1.0,1.8,2.7
0.8,0.7,0.3,1.5,2.2,3.235
0.8,0.7,0.3,2.0,2.6,3.77
0.8,0.7,0.3,2.5,3.0,4.305
0.8,0.7,0.3,3.0,3.4000000000000004,4.84
0.8,0.7,0.3,3.5,3.8000000000000003,5.375000000000001
0.8,0.7,0.3,4.0,4.2,5.91
0.8,0.7,0.3,4.5,4.6,6.444999999999999
0.8,0.7,0.3,5.0,5.0,6.98
0.8,0.7,0.35,0.5,1.4,2.1875
0.8,0.7,0.35,1.0,1.8,2.745
0.8,0.7,0.35,1.5,2.2,3.3025
0.8,0.7,0.35,2.0,2.6,3.86
0.8,0.7,0.35,2.5,3.0,4.4174999999999995
0.8,0.7,0.35,3.0,3.4000000000000004,4.975
0.8,0.7,0.35,3.5,3.8000000000000003,5.532500000000001
0.8,0.7,0.35,4.0,4.2,6.09
0.8,0.7,0.35,4.5,4.6,6.647499999999999
0.8,0.7,0.35,5.0,5.0,7.205
0.8,0.7,0.4,0.5,1.4,2.21
0.8,0.7,0.4,1.0,1.8,2.79
0.8,0.7,0.4,1.5,2.2,3.37
0.8,0.7,0.4,2.0,2.6,3.95
0.8,0.7,0.4,2.5,3.0,4.53
0.8,0.7,0.4,3.0,3.4000000000000004,5.11
0.8,0.7,0.4,3.5,3.8000000000000003,5.690000000000001
0.8,0.7,0.4,4.0,4.2,6.2700000000000005
0.8,0.7,0.4,4.5,4.6,6.85
0.8,0.7,0.4,5.0,5.0,7.43
0.8,0.7,0.45,0.5,1.4,2.2325
0.8,0.7,0.45,1.0,1.8,2.835
0.8,0.7,0.45,1.5,2.2,3.4375
0.8,0.7,0.45,2.0,2.6,4.04
0.8,0.7,0.45,2.5,3.0,4.6425
0.8,0.7,0.45,3.0,3.4000000000000004,5.245
0.8,0.7,0.45,3.5,3.8000000000000003,5.8475
0.8,0.7,0.45,4.0,4.2,6.45
0.8,0.7,0.45,4.5,4.6,7.052499999999999
0.8,0.7,0.45,5.0,5.0,7.654999999999999
0.8,0.7,0.5,0.5,1.4,2.255
0.8,0.7,0.5,1.0,1.8,2.8800000000000003
0.8,0.7,0.5,1.5,2.2,3.505
0.8,0.7,0.5,2.0,2.6,4.13
0.8,0.7,0.5,2.5,3.0,4.755
0.8,0.7,0.5,3.0,3.4000000000000004,5.380000000000001
0.8,0.7,0.5,3.5,3.8000000000000003,6.005000000000001
0.8,0.7,0.5,4.0,4.2,6.63
0.8,0.7,0.5,4.5,4.6,7.254999999999999
0.8,0.7,0.5,5.0,5.0,7.88
0.8,0.8,0.0,0.5,1.4,2.12
0.8,0.8,0.0,1.0,1.8,2.52
0.8,0.8,0.0,1.5,2.2,2.9200000000000004
0.8,0.8,0.0,2.0,2.6,3.3200000000000003
0.8,0.8,0.0,2.5,3.0,3.72
0.8,0.8,0.0,3.0,3.4000000000000004,4.12
0.8,0.8,0.0,3.5,3.8000000000000003,4.5200000000000005
0.8,0.8,0.0,4.0,4.2,4.92
0.8,0.8,0.0,4.5,4.6,5.319999999999999
0.8,0.8,0.0,5.0,5.0,5.72
0.8,0.8,0.05,0.5,1.4,2.1425
0.8,0.8,0.05,1.0,1.8,2.565
0.8,0.8,0.05,1.5,2.2,2.9875000000000003
0.8,0.8,0.05,2.0,2.6,3.41
0.8,0.8,0.05,2.5,3.0,3.8325
0.8,0.8,0.05,3.0,3.4000000000000004,4.255
0.8,0.8,0.05,3.5,3.8000000000000003,4.6775
0.8,0.8,0.05,4.0,4.2,5.1
0.8,0.8,0.05,4.5,4.6,5.522499999999999
0.8,0.8,0.05,5.0,5.0,5.944999999999999
0.8,0.8,0.1,0.5,1.4,2.165
0.8,0.8,0.1,1.0,1.8,2.61
0.8,0.8,0.1,1.5,2.2,3.0550000000000006
0.8,0.8,0.1,2.0,2.6,3.5000000000000004
0.8,0.8,0.1,2.5,3.0,3.9450000000000003
0.8,0.8,0.1,3.0,3.4000000000000004,4.390000000000001
0.8,0.8,0.1,3.5,3.8000000000000003,4.835000000000001
0.8,0.8,0.1,4.0,4.2,5.28
0.8,0.8,0.1,4.5,4.6,5.725
0.8,0.8,0.1,5.0,5.0,6.17
0.8,0.8,0.15,0.5,1.4,2.1875
0.8,0.8,0.15,1.0,1.8,2.6550000000000002
0.8,0.8,0.15,1.5,2.2,3.1225000000000005
0.8,0.8,0.15,2.0,2.6,3.5900000000000003
0.8,0.8,0.15,2.5,3.0,4.0575
0.8,0.8,0.15,3.0,3.4000000000000004,4.525
0.8,0.8,0.15,3.5,3.8000000000000003,4.992500000000001
0.8,0.8,0.15,4.0,4.2,5.46
0.8,0.8,0.15,4.5,4.6,5.927499999999999
0.8,0.8,0.15,5.0,5.0,6.395
0.8,0.8,0.2,0.5,1.4,2.21
0.8,0.8,0.2,1.0,1.8,2.7
0.8,0.8,0.2,1.5,2.2,3.1900000000000004
0.8,0.8,0.2,2.0,2.6,3.68
0.8,0.8,0.2,2.5,3.0,4.17
0.8,0.8,0.2,3.0,3.4000000000000004,4.66
0.8,0.8,0.2,3.5,3.8000000000000003,5.15
0.8,0.8,0.2,4.0,4.2,5.64
0.8,0.8,0.2,4.5,4.6,6.129999999999999
0.8,0.8,0.2,5.0,5.0,6.62
0.8,0.8,0.25,0.5,1.4,2.2325
0.8,0.8,0.25,1.0,1.8,2.745
0.8,0.8,0.25,1.5,2.2,3.2575000000000003
0.8,0.8,0.25,2.0,2.6,3.7700000000000005
0.8,0.8,0.25,2.5,3.0,4.282500000000001
0.8,0.8,0.25,3.0,3.4000000000000004,4.795
0.8,0.8,0.25,3.5,3.8000000000000003,5.3075
0.8,0.8,0.25,4.0,4.2,5.82
0.8,0.8,0.25,4.5,4.6,6.3325
0.8,0.8,0.25,5.0,5.0,6.845
0.8,0.8,0.3,0.5,1.4,2.255
0.8,0.8,0.3,1.0,1.8,2.79
0.8,0.8,0.3,1.5,2.2,3.325
0.8,0.8,0.3,2.0,2.6,3.8600000000000003
0.8,0.8,0.3,2.5,3.0,4.3950000000000005
0.8,0.8,0.3,3.0,3.4000000000000004,4.93
0.8,0.8,0.3,3.5,3.8000000000000003,5.465000000000001
0.8,0.8,0.3,4.0,4.2,6.0
0.8,0.8,0.3,4.5,4.6,6.534999999999999
0.8,0.8,0.3,5.0,5.0,7.07
0.8,0.8,0.35,0.5,1.4,2.2775000000000003
0.8,0.8,0.35,1.0,1.8,2.835
0.8,0.8,0.35,1.5,2.2,3.3925
0.8,0.8,0.35,2.0,2.6,3.95
0.8,0.8,0.35,2.5,3.0,4.5075
0.8,0.8,0.35,3.0,3.4000000000000004,5.0649999999999995
0.8,0.8,0.35,3.5,3.8000000000000003,5.6225000000000005
0.8,0.8,0.35,4.0,4.2,6.18
0.8,0.8,0.35,4.5,4.6,6.737499999999999
0.8,0.8,0.35,5.0,5.0,7.295
0.8,0.8,0.4,0.5,1.4,2.3000000000000003
0.8,0.8,0.4,1.0,1.8,2.88
0.8,0.8,0.4,1.5,2.2,3.4600000000000004
0.8,0.8,0.4,2.0,2.6,4.04
0.8,0.8,0.4,2.5,3.0,4.62
0.8,0.8,0.4,3.0,3.4000000000000004,5.2
0.8,0.8,0.4,3.5,3.8000000000000003,5.780000000000001
0.8,0.8,0.4,4.0,4.2,6.36
0.8,0.8,0.4,4.5,4.6,6.9399999999999995
0.8,0.8,0.4,5.0,5.0,7.52
0.8,0.8,0.45,0.5,1.4,2.3225000000000002
0.8,0.8,0.45,1.0,1.8,2.925
0.8,0.8,0.45,1.5,2.2,3.5275000000000003
0.8,0.8,0.45,2.0,2.6,4.130000000000001
0.8,0.8,0.45,2.5,3.0,4.7325
0.8,0.8,0.45,3.0,3.4000000000000004,5.335
0.8,0.8,0.45,3.5,3.8000000000000003,5.9375
0.8,0.8,0.45,4.0,4.2,6.54
0.8,0.8,0.45,4.5,4.6,7.142499999999999
0.8,0.8,0.45,5.0,5.0,7.744999999999999
0.8,0.8,0.5,0.5,1.4,2.345
0.8,0.8,0.5,1.0,1.8,2.97
0.8,0.8,0.5,1.5,2.2,3.5950000000000006
0.8,0.8,0.5,2.0,2.6,4.220000000000001
0.8,0.8,0.5,2.5,3.0,4.845000000000001
0.8,0.8,0.5,3.0,3.4000000000000004,5.470000000000001
0.8,0.8,0.5,3.5,3.8000000000000003,6.095000000000001
0.8,0.8,0.5,4.0,4.2,6.72
0.8,0.8,0.5,4.5,4.6,7.344999999999999
0.8,0.8,0.5,5.0,5.0,7.97
0.8,0.9,0.0,0.5,1.4,2.21
0.8,0.9,0.0,1.0,1.8,2.6100000000000003
0.8,0.9,0.0,1.5,2.2,3.0100000000000002
0.8,0.9,0.0,2.0,2.6,3.41
0.8,0.9,0.0,2.5,3.0,3.81
0.8,0.9,0.0,3.0,3.4000000000000004,4.210000000000001
0.8,0.9,0.0,3.5,3.8000000000000003,4.61
0.8,0.9,0.0,4.0,4.2,5.01
0.8,0.9,0.0,4.5,4.6,5.41
0.8,0.9,0.0,5.0,5.0,5.8100000000000005
0.8,0.9,0.05,0.5,1.4,2.2325
0.8,0.9,0.05,1.0,1.8,2.6550000000000002
0.8,0.9,0.05,1.5,2.2,3.0775
0.8,0.9,0.05,2.0,2.6,3.5
0.8,0.9,0.05,2.5,3.0,3.9225
0.8,0.9,0.05,3.0,3.4000000000000004,4.345000000000001
0.8,0.9,0.05,3.5,3.8000000000000003,4.7675
0.8,0.9,0.05,4.0,4.2,5.1899999999999995
0.8,0.9,0.05,4.5,4.6,5.6125
0.8,0.9,0.05,5.0,5.0,6.035
0.8,0.9,0.1,0.5,1.4,2.255
0.8,0.9,0.1,1.0,1.8,2.7
0.8,0.9,0.1,1.5,2.2,3.1450000000000005
0.8,0.9,0.1,2.0,2.6,3.5900000000000003
0.8,0.9,0.1,2.5,3.0,4.035
0.8,0.9,0.1,3.0,3.4000000000000004,4.480000000000001
0.8,0.9,0.1,3.5,3.8000000000000003,4.925000000000001
0.8,0.9,0.1,4.0,4.2,5.37
0.8,0.9,0.1,4.5,4.6,5.815
0.8,0.9,0.1,5.0,5.0,6.260000000000001
0.8,0.9,0.15,0.5,1.4,2.2775
0.8,0.9,0.15,1.0,1.8,2.745
0.8,0.9,0.15,1.5,2.2,3.2125000000000004
0.8,0.9,0.15,2.0,2.6,3.68
0.8,0.9,0.15,2.5,3.0,4.1475
0.8,0.9,0.15,3.0,3.4000000000000004,4.615000000000001
0.8,0.9,0.15,3.5,3.8000000000000003,5.0825000000000005
0.8,0.9,0.15,4.0,4.2,5.55
0.8,0.9,0.15,4.5,4.6,6.0175
0.8,0.9,0.15,5.0,5.0,6.485
0.8,0.9,0.2,0.5,1.4,2.3
0.8,0.9,0.2,1.0,1.8,2.7900000000000005
0.8,0.9,0.2,1.5,2.2,3.2800000000000002
0.8,0.9,0.2,2.0,2.6,3.77
0.8,0.9,0.2,2.5,3.0,4.26
0.8,0.9,0.2,3.0,3.4000000000000004,4.750000000000001
0.8,0.9,0.2,3.5,3.8000000000000003,5.24
0.8,0.9,0.2,4.0,4.2,5.7299999999999995
0.8,0.9,0.2,4.5,4.6,6.220000000000001
0.8,0.9,0.2,5.0,5.0,6.710000000000001
0.8,0.9,0.25,0.5,1.4,2.3225
0.8,0.9,0.25,1.0,1.8,2.8350000000000004
0.8,0.9,0.25,1.5,2.2,3.3475
0.8,0.9,0.25,2.0,2.6,3.8600000000000003
0.8,0.9,0.25,2.5,3.0,4.3725000000000005
0.8,0.9,0.25,3.0,3.4000000000000004,4.885000000000001
0.8,0.9,0.25,3.5,3.8000000000000003,5.3975
0.8,0.9,0.25,4.0,4.2,5.91
0.8,0.9,0.25,4.5,4.6,6.4225
0.8,0.9,0.25,5.0,5.0,6.9350000000000005
0.8,0.9,0.3,0.5,1.4,2.3449999999999998
0.8,0.9,0.3,1.0,1.8,2.8800000000000003
0.8,0.9,0.3,1.5,2.2,3.415
0.8,0.9,0.3,2.0,2.6,3.95
0.8,0.9,0.3,2.5,3.0,4.485
0.8,0.9,0.3,3.0,3.4000000000000004,5.0200000000000005
0.8,0.9,0.3,3.5,3.8000000000000003,5.555000000000001
0.8,0.9,0.3,4.0,4.2,6.09
0.8,0.9,0.3,4.5,4.6,6.625
0.8,0.9,0.3,5.0,5.0,7.16
0.8,0.9,0.35,0.5,1.4,2.3675
0.8,0.9,0.35,1.0,1.8,2.9250000000000003
0.8,0.9,0.35,1.5,2.2,3.4825
0.8,0.9,0.35,2.0,2.6,4.04
0.8,0.9,0.35,2.5,3.0,4.5975
0.8,0.9,0.35,3.0,3.4000000000000004,5.155000000000001
0.8,0.9,0.35,3.5,3.8000000000000003,5.7125
0.8,0.9,0.35,4.0,4.2,6.27
0.8,0.9,0.35,4.5,4.6,6.827500000000001
0.8,0.9,0.35,5.0,5.0,7.385000000000001
0.8,0.9,0.4,0.5,1.4,2.39
0.8,0.9,0.4,1.0,1.8,2.97
0.8,0.9,0.4,1.5,2.2,3.5500000000000003
0.8,0.9,0.4,2.0,2.6,4.13
0.8,0.9,0.4,2.5,3.0,4.71
0.8,0.9,0.4,3.0,3.4000000000000004,5.290000000000001
0.8,0.9,0.4,3.5,3.8000000000000003,5.870000000000001
0.8,0.9,0.4,4.0,4.2,6.45
0.8,0.9,0.4,4.5,4.6,7.03
0.8,0.9,0.4,5.0,5.0,7.61
0.8,0.9,0.45,0.5,1.4,2.4125
0.8,0.9,0.45,1.0,1.8,3.0150000000000006
0.8,0.9,0.45,1.5,2.2,3.6175
0.8,0.9,0.45,2.0,2.6,4.220000000000001
0.8,0.9,0.45,2.5,3.0,4.8225
0.8,0.9,0.45,3.0,3.4000000000000004,5.425000000000001
0.8,0.9,0.45,3.5,3.8000000000000003,6.0275
0.8,0.9,0.45,4.0,4.2,6.63
0.8,0.9,0.45,4.5,4.6,7.2325
0.8,0.9,0.45,5.0,5.0,7.835000000000001
0.8,0.9,0.5,0.5,1.4,2.435
0.8,0.9,0.5,1.0,1.8,3.0600000000000005
0.8,0.9,0.5,1.5,2.2,3.6850000000000005
0.8,0.9,0.5,2.0,2.6,4.3100000000000005
0.8,0.9,0.5,2.5,3.0,4.9350000000000005
0.8,0.9,0.5,3.0,3.4000000000000004,5.5600000000000005
0.8,0.9,0.5,3.5,3.8000000000000003,6.1850000000000005
0.8,0.9,0.5,4.0,4.2,6.81
0.8,0.9,0.5,4.5,4.6,7.4350000000000005
0.8,0.9,0.5,5.0,5.0,8.06
0.8,1.0,0.0,0.5,1.4,2.3
0.8,1.0,0.0,1.0,1.8,2.7
0.8,1.0,0.0,1.5,2.2,3.1
0.8,1.0,0.0,2.0,2.6,3.5
0.8,1.0,0.0,2.5,3.0,3.9
0.8,1.0,0.0,3.0,3.4000000000000004,4.300000000000001
0.8,1.0,0.0,3.5,3.8000000000000003,4.7
0.8,1.0,0.0,4.0,4.2,5.1000000000000005
0.8,1.0,0.0,4.5,4.6,5.5
0.8,1.0,0.0,5.0,5.0,5.9
0.8,1.0,0.05,0.5,1.4,2.3225
0.8,1.0,0.05,1.0,1.8,2.745
0.8,1.0,0.05,1.5,2.2,3.1675
0.8,1.0,0.05,2.0,2.6,3.59
0.8,1.0,0.05,2.5,3.0,4.0125
0.8,1.0,0.05,3.0,3.4000000000000004,4.4350000000000005
0.8,1.0,0.05,3.5,3.8000000000000003,4.8575
0.8,1.0,0.05,4.0,4.2,5.28
0.8,1.0,0.05,4.5,4.6,5.7025
0.8,1.0,0.05,5.0,5.0,6.125
0.8,1.0,0.1,0.5,1.4,2.3449999999999998
0.8,1.0,0.1,1.0,1.8,2.79
0.8,1.0,0.1,1.5,2.2,3.2350000000000003
0.8,1.0,0.1,2.0,2.6,3.68
0.8,1.0,0.1,2.5,3.0,4.125
0.8,1.0,0.1,3.0,3.4000000000000004,4.570000000000001
0.8,1.0,0.1,3.5,3.8000000000000003,5.015000000000001
0.8,1.0,0.1,4.0,4.2,5.460000000000001
0.8,1.0,0.1,4.5,4.6,5.905
0.8,1.0,0.1,5.0,5.0,6.3500000000000005
0.8,1.0,0.15,0.5,1.4,2.3674999999999997
0.8,1.0,0.15,1.0,1.8,2.835
0.8,1.0,0.15,1.5,2.2,3.3025
0.8,1.0,0.15,2.0,2.6,3.77
0.8,1.0,0.15,2.5,3.0,4.2375
0.8,1.0,0.15,3.0,3.4000000000000004,4.705000000000001
0.8,1.0,0.15,3.5,3.8000000000000003,5.1725
0.8,1.0,0.15,4.0,4.2,5.640000000000001
0.8,1.0,0.15,4.5,4.6,6.1075
0.8,1.0,0.15,5.0,5.0,6.575
0.8,1.0,0.2,0.5,1.4,2.3899999999999997
0.8,1.0,0.2,1.0,1.8,2.8800000000000003
0.8,1.0,0.2,1.5,2.2,3.37
0.8,1.0,0.2,2.0,2.6,3.86
0.8,1.0,0.2,2.5,3.0,4.35
0.8,1.0,0.2,3.0,3.4000000000000004,4.840000000000001
0.8,1.0,0.2,3.5,3.8000000000000003,5.33
0.8,1.0,0.2,4.0,4.2,5.82
0.8,1.0,0.2,4.5,4.6,6.3100000000000005
0.8,1.0,0.2,5.0,5.0,6.800000000000001
0.8,1.0,0.25,0.5,1.4,2.4124999999999996
0.8,1.0,0.25,1.0,1.8,2.9250000000000003
0.8,1.0,0.25,1.5,2.2,3.4375
0.8,1.0,0.25,2.0,2.6,3.95
0.8,1.0,0.25,2.5,3.0,4.4625
0.8,1.0,0.25,3.0,3.4000000000000004,4.9750000000000005
0.8,1.0,0.25,3.5,3.8000000000000003,5.4875
0.8,1.0,0.25,4.0,4.2,6.000000000000001
0.8,1.0,0.25,4.5,4.6,6.5125
0.8,1.0,0.25,5.0,5.0,7.025
0.8,1.0,0.3,0.5,1.4,2.4349999999999996
0.8,1.0,0.3,1.0,1.8,2.97
0.8,1.0,0.3,1.5,2.2,3.505
0.8,1.0,0.3,2.0,2.6,4.04
0.8,1.0,0.3,2.5,3.0,4.575
0.8,1.0,0.3,3.0,3.4000000000000004,5.11
0.8,1.0,0.3,3.5,3.8000000000000003,5.6450000000000005
0.8,1.0,0.3,4.0,4.2,6.180000000000001
0.8,1.0,0.3,4.5,4.6,6.715
0.8,1.0,0.3,5.0,5.0,7.25
0.8,1.0,0.35,0.5,1.4,2.4575
0.8,1.0,0.35,1.0,1.8,3.015
0.8,1.0,0.35,1.5,2.2,3.5725
0.8,1.0,0.35,2.0,2.6,4.13
0.8,1.0,0.35,2.5,3.0,4.6875
0.8,1.0,0.35,3.0,3.4000000000000004,5.245000000000001
0.8,1.0,0.35,3.5,3.8000000000000003,5.8025
0.8,1.0,0.35,4.0,4.2,6.36
0.8,1.0,0.35,4.5,4.6,6.9175
0.8,1.0,0.35,5.0,5.0,7.4750000000000005
0.8,1.0,0.4,0.5,1.4,2.48
0.8,1.0,0.4,1.0,1.8,3.06
0.8,1.0,0.4,1.5,2.2,3.64
0.8,1.0,0.4,2.0,2.6,4.22
0.8,1.0,0.4,2.5,3.0,4.8
0.8,1.0,0.4,3.0,3.4000000000000004,5.380000000000001
0.8,1.0,0.4,3.5,3.8000000000000003,5.960000000000001
0.8,1.0,0.4,4.0,4.2,6.540000000000001
0.8,1.0,0.4,4.5,4.6,7.12
0.8,1.0,0.4,5.0,5.0,7.7
0.8,1.0,0.45,0.5,1.4,2.5025
0.8,1.0,0.45,1.0,1.8,3.1050000000000004
0.8,1.0,0.45,1.5,2.2,3.7075
0.8,1.0,0.45,2.0,2.6,4.3100000000000005
0.8,1.0,0.45,2.5,3.0,4.9125
0.8,1.0,0.45,3.0,3.4000000000000004,5.515000000000001
0.8,1.0,0.45,3.5,3.8000000000000003,6.1175
0.8,1.0,0.45,4.0,4.2,6.720000000000001
0.8,1.0,0.45,4.5,4.6,7.3225
0.8,1.0,0.45,5.0,5.0,7.925000000000001
0.8,1.0,0.5,0.5,1.4,2.525
0.8,1.0,0.5,1.0,1.8,3.1500000000000004
0.8,1.0,0.5,1.5,2.2,3.7750000000000004
0.8,1.0,0.5,2.0,2.6,4.4
0.8,1.0,0.5,2.5,3.0,5.025
0.8,1.0,0.5,3.0,3.4000000000000004,5.65
0.8,1.0,0.5,3.5,3.8000000000000003,6.275
0.8,1.0,0.5,4.0,4.2,6.9
0.8,1.0,0.5,4.5,4.6,7.525
0.8,1.0,0.5,5.0,5.0,8.15
0.9,0.0,0.0,0.5,1.45,1.45
0.9,0.0,0.0,1.0,1.9,1.9
0.9,0.0,0.0,1.5,2.35,2.35
0.9,0.0,0.0,2.0,2.8,2.8
0.9,0.0,0.0,2.5,3.25,3.25
0.9,0.0,0.0,3.0,3.7,3.7
0.9,0.0,0.0,3.5,4.15,4.15
0.9,0.0,0.0,4.0,4.6,4.6
0.9,0.0,0.0,4.5,5.05,5.05
0.9,0.0,0.0,5.0,5.5,5.5
0.9,0.0,0.05,0.5,1.45,1.4725
0.9,0.0,0.05,1.0,1.9,1.9449999999999998
0.9,0.0,0.05,1.5,2.35,2.4175
0.9,0.0,0.05,2.0,2.8,2.8899999999999997
0.9,0.0,0.05,2.5,3.25,3.3625
0.9,0.0,0.05,3.0,3.7,3.8350000000000004
0.9,0.0,0.05,3.5,4.15,4.3075
0.9,0.0,0.05,4.0,4.6,4.779999999999999
0.9,0.0,0.05,4.5,5.05,5.2524999999999995
0.9,0.0,0.05,5.0,5.5,5.725
0.9,0.0,0.1,0.5,1.45,1.4949999999999999
0.9,0.0,0.1,1.0,1.9,1.99
0.9,0.0,0.1,1.5,2.35,2.4850000000000003
0.9,0.0,0.1,2.0,2.8,2.98
0.9,0.0,0.1,2.5,3.25,3.475
0.9,0.0,0.1,3.0,3.7,3.97
0.9,0.0,0.1,3.5,4.15,4.465000000000001
0.9,0.0,0.1,4.0,4.6,4.96
0.9,0.0,0.1,4.5,5.05,5.455
0.9,0.0,0.1,5.0,5.5,5.95
0.9,0.0,0.15,0.5,1.45,1.5175
0.9,0.0,0.15,1.0,1.9,2.035
0.9,0.0,0.15,1.5,2.35,2.5525
0.9,0.0,0.15,2.0,2.8,3.07
0.9,0.0,0.15,2.5,3.25,3.5875
0.9,0.0,0.15,3.0,3.7,4.105
0.9,0.0,0.15,3.5,4.15,4.6225000000000005
0.9,0.0,0.15,4.0,4.6,5.14
0.9,0.0,0.15,4.5,5.05,5.6575
0.9,0.0,0.15,5.0,5.5,6.175
0.9,0.0,0.2,0.5,1.45,1.54
0.9,0.0,0.2,1.0,1.9,2.08
0.9,0.0,0.2,1.5,2.35,2.62
0.9,0.0,0.2,2.0,2.8,3.1599999999999997
0.9,0.0,0.2,2.5,3.25,3.7
0.9,0.0,0.2,3.0,3.7,4.24
0.9,0.0,0.2,3.5,4.15,4.78
0.9,0.0,0.2,4.0,4.6,5.319999999999999
0.9,0.0,0.2,4.5,5.05,5.859999999999999
0.9,0.0,0.2,5.0,5.5,6.4
0.9,0.0,0.25,0.5,1.45,1.5625
0.9,0.0,0.25,1.0,1.9,2.125
0.9,0.0,0.25,1.5,2.35,2.6875
0.9,0.0,0.25,2.0,2.8,3.25
0.9,0.0,0.25,2.5,3.25,3.8125
0.9,0.0,0.25,3.0,3.7,4.375
0.9,0.0,0.25,3.5,4.15,4.9375
0.9,0.0,0.25,4.0,4.6,5.5
0.9,0.0,0.25,4.5,5.05,6.0625
0.9,0.0,0.25,5.0,5.5,6.625
0.9,0.0,0.3,0.5,1.45,1.585
0.9,0.0,0.3,1.0,1.9,2.17
0.9,0.0,0.3,1.5,2.35,2.755
0.9,0.0,0.3,2.0,2.8,3.34
0.9,0.0,0.3,2.5,3.25,3.925
0.9,0.0,0.3,3.0,3.7,4.51
0.9,0.0,0.3,3.5,4.15,5.095000000000001
0.9,0.0,0.3,4.0,4.6,5.68
0.9,0.0,0.3,4.5,5.05,6.265
0.9,0.0,0.3,5.0,5.5,6.85
0.9,0.0,0.35,0.5,1.45,1.6075
0.9,0.0,0.35,1.0,1.9,2.215
0.9,0.0,0.35,1.5,2.35,2.8225
0.9,0.0,0.35,2.0,2.8,3.4299999999999997
0.9,0.0,0.35,2.5,3.25,4.0375
0.9,0.0,0.35,3.0,3.7,4.645
0.9,0.0,0.35,3.5,4.15,5.2525
0.9,0.0,0.35,4.0,4.6,5.859999999999999
0.9,0.0,0.35,4.5,5.05,6.467499999999999
0.9,0.0,0.35,5.0,5.5,7.075
0.9,0.0,0.4,0.5,1.45,1.63
0.9,0.0,0.4,1.0,1.9,2.26
0.9,0.0,0.4,1.5,2.35,2.89
0.9,0.0,0.4,2.0,2.8,3.52
0.9,0.0,0.4,2.5,3.25,4.15
0.9,0.0,0.4,3.0,3.7,4.78
0.9,0.0,0.4,3.5,4.15,5.41
0.9,0.0,0.4,4.0,4.6,6.04
0.9,0.0,0.4,4.5,5.05,6.67
0.9,0.0,0.4,5.0,5.5,7.3
0.9,0.0,0.45,0.5,1.45,1.6524999999999999
0.9,0.0,0.45,1.0,1.9,2.3049999999999997
0.9,0.0,0.45,1.5,2.35,2.9575
0.9,0.0,0.45,2.0,2.8,3.61
0.9,0.0,0.45,2.5,3.25,4.2625
0.9,0.0,0.45,3.0,3.7,4.915
0.9,0.0,0.45,3.5,4.15,5.567500000000001
0.9,0.0,0.45,4.0,4.6,6.22
0.9,0.0,0.45,4.5,5.05,6.8725
0.9,0.0,0.45,5.0,5.5,7.525
0.9,0.0,0.5,0.5,1.45,1.675
0.9,0.0,0.5,1.0,1.9,2.35
0.9,0.0,0.5,1.5,2.35,3.0250000000000004
0.9,0.0,0.5,2.0,2.8,3.6999999999999997
0.9,0.0,0.5,2.5,3.25,4.375
0.9,0.0,0.5,3.0,3.7,5.050000000000001
0.9,0.0,0.5,3.5,4.15,5.7250000000000005
0.9,0.0,0.5,4.0,4.6,6.3999999999999995
0.9,0.0,0.5,4.5,5.05,7.074999999999999
0.9,0.0,0.5,5.0,5.5,7.75
0.9,0.1,0.0,0.5,1.45,1.54
0.9,0.1,0.0,1.0,1.9,1.99
0.9,0.1,0.0,1.5,2.35,2.44
0.9,0.1,0.0,2.0,2.8,2.8899999999999997
0.9,0.1,0.0,2.5,3.25,3.34
0.9,0.1,0.0,3.0,3.7,3.79
0.9,0.1,0.0,3.5,4.15,4.24
0.9,0.1,0.0,4.0,4.6,4.6899999999999995
0.9,0.1,0.0,4.5,5.05,5.14
0.9,0.1,0.0,5.0,5.5,5.59
0.9,0.1,0.05,0.5,1.45,1.5625
0.9,0.1,0.05,1.0,1.9,2.035
0.9,0.1,0.05,1.5,2.35,2.5075
0.9,0.1,0.05,2.0,2.8,2.9799999999999995
0.9,0.1,0.05,2.5,3.25,3.4524999999999997
0.9,0.1,0.05,3.0,3.7,3.9250000000000003
0.9,0.1,0.05,3.5,4.15,4.3975
0.9,0.1,0.05,4.0,4.6,4.869999999999999
0.9,0.1,0.05,4.5,5.05,5.342499999999999
0.9,0.1,0.05,5.0,5.5,5.8149999999999995
0.9,0.1,0.1,0.5,1.45,1.585
0.9,0.1,0.1,1.0,1.9,2.08
0.9,0.1,0.1,1.5,2.35,2.575
0.9,0.1,0.1,2.0,2.8,3.07
0.9,0.1,0.1,2.5,3.25,3.565
0.9,0.1,0.1,3.0,3.7,4.0600000000000005
0.9,0.1,0.1,3.5,4.15,4.555000000000001
0.9,0.1,0.1,4.0,4.6,5.05
0.9,0.1,0.1,4.5,5.05,5.545
0.9,0.1,0.1,5.0,5.5,6.04
0.9,0.1,0.15,0.5,1.45,1.6075
0.9,0.1,0.15,1.0,1.9,2.125
0.9,0.1,0.15,1.5,2.35,2.6425
0.9,0.1,0.15,2.0,2.8,3.1599999999999997
0.9,0.1,0.15,2.5,3.25,3.6774999999999998
0.9,0.1,0.15,3.0,3.7,4.195
0.9,0.1,0.15,3.5,4.15,4.7125
0.9,0.1,0.15,4.0,4.6,5.2299999999999995
0.9,0.1,0.15,4.5,5.05,5.7475
0.9,0.1,0.15,5.0,5.5,6.265
0.9,0.1,0.2,0.5,1.45,1.6300000000000001
0.9,0.1,0.2,1.0,1.9,2.17
0.9,0.1,0.2,1.5,2.35,2.71
0.9,0.1,0.2,2.0,2.8,3.2499999999999996
0.9,0.1,0.2,2.5,3.25,3.79
0.9,0.1,0.2,3.0,3.7,4.33
0.9,0.1,0.2,3.5,4.15,4.87
0.9,0.1,0.2,4.0,4.6,5.409999999999999
0.9,0.1,0.2,4.5,5.05,5.949999999999999
0.9,0.1,0.2,5.0,5.5,6.49
0.9,0.1,0.25,0.5,1.45,1.6525
0.9,0.1,0.25,1.0,1.9,2.215
0.9,0.1,0.25,1.5,2.35,2.7775
0.9,0.1,0.25,2.0,2.8,3.34
0.9,0.1,0.25,2.5,3.25,3.9025
0.9,0.1,0.25,3.0,3.7,4.465
0.9,0.1,0.25,3.5,4.15,5.0275
0.9,0.1,0.25,4.0,4.6,5.59
0.9,0.1,0.25,4.5,5.05,6.1525
0.9,0.1,0.25,5.0,5.5,6.715
0.9,0.1,0.3,0.5,1.45,1.675
0.9,0.1,0.3,1.0,1.9,2.26
0.9,0.1,0.3,1.5,2.35,2.8449999999999998
0.9,0.1,0.3,2.0,2.8,3.4299999999999997
0.9,0.1,0.3,2.5,3.25,4.015
0.9,0.1,0.3,3.0,3.7,4.6
0.9,0.1,0.3,3.5,4.15,5.1850000000000005
0.9,0.1,0.3,4.0,4.6,5.77
0.9,0.1,0.3,4.5,5.05,6.3549999999999995
0.9,0.1,0.3,5.0,5.5,6.9399999999999995
0.9,0.1,0.35,0.5,1.45,1.6975
0.9,0.1,0.35,1.0,1.9,2.305
0.9,0.1,0.35,1.5,2.35,2.9124999999999996
0.9,0.1,0.35,2.0,2.8,3.5199999999999996
0.9,0.1,0.35,2.5,3.25,4.1274999999999995
0.9,0.1,0.35,3.0,3.7,4.734999999999999
0.9,0.1,0.35,3.5,4.15,5.3425
0.9,0.1,0.35,4.0,4.6,5.949999999999999
0.9,0.1,0.35,4.5,5.05,6.557499999999999
0.9,0.1,0.35,5.0,5.5,7.165
0.9,0.1,0.4,0.5,1.45,1.72
0.9,0.1,0.4,1.0,1.9,2.35
0.9,0.1,0.4,1.5,2.35,2.98
0.9,0.1,0.4,2.0,2.8,3.61
0.9,0.1,0.4,2.5,3.25,4.24
0.9,0.1,0.4,3.0,3.7,4.87
0.9,0.1,0.4,3.5,4.15,5.5
0.9,0.1,0.4,4.0,4.6,6.13
0.9,0.1,0.4,4.5,5.05,6.76
0.9,0.1,0.4,5.0,5.5,7.39
0.9,0.1,0.45,0.5,1.45,1.7425000000000002
0.9,0.1,0.45,1.0,1.9,2.395
0.9,0.1,0.45,1.5,2.35,3.0475
0.9,0.1,0.45,2.0,2.8,3.6999999999999997
0.9,0.1,0.45,2.5,3.25,4.3525
0.9,0.1,0.45,3.0,3.7,5.005
0.9,0.1,0.45,3.5,4.15,5.657500000000001
0.9,0.1,0.45,4.0,4.6,6.31
0.9,0.1,0.45,4.5,5.05,6.9624999999999995
0.9,0.1,0.45,5.0,5.5,7.615
0.9,0.1,0.5,0.5,1.45,1.7650000000000001
0.9,0.1,0.5,1.0,1.9,2.44
0.9,0.1,0.5,1.5,2.35,3.115
0.9,0.1,0.5,2.0,2.8,3.7899999999999996
0.9,0.1,0.5,2.5,3.25,4.465
0.9,0.1,0.5,3.0,3.7,5.140000000000001
0.9,0.1,0.5,3.5,4.15,5.815
0.9,0.1,0.5,4.0,4.6,6.489999999999999
0.9,0.1,0.5,4.5,5.05,7.164999999999999
0.9,0.1,0.5,5.0,5.5,7.84
0.9,0.2,0.0,0.5,1.45,1.63
0.9,0.2,0.0,1.0,1.9,2.08
0.9,0.2,0.0,1.5,2.35,2.5300000000000002
0.9,0.2,0.0,2.0,2.8,2.98
0.9,0.2,0.0,2.5,3.25,3.43
0.9,0.2,0.0,3.0,3.7,3.8800000000000003
0.9,0.2,0.0,3.5,4.15,4.33
0.9,0.2,0.0,4.0,4.6,4.779999999999999
0.9,0.2,0.0,4.5,5.05,5.2299999999999995
0.9,0.2,0.0,5.0,5.5,5.68
0.9,0.2,0.05,0.5,1.45,1.6524999999999999
0.9,0.2,0.05,1.0,1.9,2.125
0.9,0.2,0.05,1.5,2.35,2.5975
0.9,0.2,0.05,2.0,2.8,3.07
0.9,0.2,0.05,2.5,3.25,3.5425
0.9,0.2,0.05,3.0,3.7,4.015000000000001
0.9,0.2,0.05,3.5,4.15,4.4875
0.9,0.2,0.05,4.0,4.6,4.959999999999999
0.9,0.2,0.05,4.5,5.05,5.432499999999999
0.9,0.2,0.05,5.0,5.5,5.904999999999999
0.9,0.2,0.1,0.5,1.45,1.6749999999999998
0.9,0.2,0.1,1.0,1.9,2.17
0.9,0.2,0.1,1.5,2.35,2.6650000000000005
0.9,0.2,0.1,2.0,2.8,3.16
0.9,0.2,0.1,2.5,3.25,3.6550000000000002
0.9,0.2,0.1,3.0,3.7,4.15
0.9,0.2,0.1,3.5,4.15,4.6450000000000005
0.9,0.2,0.1,4.0,4.6,5.14
0.9,0.2,0.1,4.5,5.05,5.635
0.9,0.2,0.1,5.0,5.5,6.13
0.9,0.2,0.15,0.5,1.45,1.6974999999999998
0.9,0.2,0.15,1.0,1.9,2.215
0.9,0.2,0.15,1.5,2.35,2.7325000000000004
0.9,0.2,0.15,2.0,2.8,3.25
0.9,0.2,0.15,2.5,3.25,3.7675
0.9,0.2,0.15,3.0,3.7,4.285
0.9,0.2,0.15,3.5,4.15,4.8025
0.9,0.2,0.15,4.0,4.6,5.319999999999999
0.9,0.2,0.15,4.5,5.05,5.8374999999999995
0.9,0.2,0.15,5.0,5.5,6.3549999999999995
0.9,0.2,0.2,0.5,1.45,1.72
0.9,0.2,0.2,1.0,1.9,2.2600000000000002
0.9,0.2,0.2,1.5,2.35,2.8000000000000003
0.9,0.2,0.2,2.0,2.8,3.34
0.9,0.2,0.2,2.5,3.25,3.8800000000000003
0.9,0.2,0.2,3.0,3.7,4.420000000000001
0.9,0.2,0.2,3.5,4.15,4.96
0.9,0.2,0.2,4.0,4.6,5.499999999999999
0.9,0.2,0.2,4.5,5.05,6.039999999999999
0.9,0.2,0.2,5.0,5.5,6.58
0.9,0.2,0.25,0.5,1.45,1.7425
0.9,0.2,0.25,1.0,1.9,2.305
0.9,0.2,0.25,1.5,2.35,2.8675
0.9,0.2,0.25,2.0,2.8,3.43
0.9,0.2,0.25,2.5,3.25,3.9925
0.9,0.2,0.25,3.0,3.7,4.555000000000001
0.9,0.2,0.25,3.5,4.15,5.1175
0.9,0.2,0.25,4.0,4.6,5.68
0.9,0.2,0.25,4.5,5.05,6.2425
0.9,0.2,0.25,5.0,5.5,6.805
0.9,0.2,0.3,0.5,1.45,1.765
0.9,0.2,0.3,1.0,1.9,2.35
0.9,0.2,0.3,1.5,2.35,2.935
0.9,0.2,0.3,2.0,2.8,3.52
0.9,0.2,0.3,2.5,3.25,4.105
0.9,0.2,0.3,3.0,3.7,4.69
0.9,0.2,0.3,3.5,4.15,5.275
0.9,0.2,0.3,4.0,4.6,5.859999999999999
0.9,0.2,0.3,4.5,5.05,6.444999999999999
0.9,0.2,0.3,5.0,5.5,7.029999999999999
0.9,0.2,0.35,0.5,1.45,1.7874999999999999
0.9,0.2,0.35,1.0,1.9,2.395
0.9,0.2,0.35,1.5,2.35,3.0025000000000004
0.9,0.2,0.35,2.0,2.8,3.61
0.9,0.2,0.35,2.5,3.25,4.2175
0.9,0.2,0.35,3.0,3.7,4.825
0.9,0.2,0.35,3.5,4.15,5.4325
0.9,0.2,0.35,4.0,4.6,6.039999999999999
0.9,0.2,0.35,4.5,5.05,6.647499999999999
0.9,0.2,0.35,5.0,5.5,7.255
0.9,0.2,0.4,0.5,1.45,1.8099999999999998
0.9,0.2,0.4,1.0,1.9,2.44
0.9,0.2,0.4,1.5,2.35,3.0700000000000003
0.9,0.2,0.4,2.0,2.8,3.7
0.9,0.2,0.4,2.5,3.25,4.33
0.9,0.2,0.4,3.0,3.7,4.960000000000001
0.9,0.2,0.4,3.5,4.15,5.59
0.9,0.2,0.4,4.0,4.6,6.22
0.9,0.2,0.4,4.5,5.05,6.85
0.9,0.2,0.4,5.0,5.5,7.4799999999999995
0.9,0.2,0.45,0.5,1.45,1.8325
0.9,0.2,0.45,1.0,1.9,2.4850000000000003
0.9,0.2,0.45,1.5,2.35,3.1375
0.9,0.2,0.45,2.0,2.8,3.79
0.9,0.2,0.45,2.5,3.25,4.4425
0.9,0.2,0.45,3.0,3.7,5.095000000000001
0.9,0.2,0.45,3.5,4.15,5.7475000000000005
0.9,0.2,0.45,4.0,4.6,6.3999999999999995
0.9,0.2,0.45,4.5,5.05,7.052499999999999
0.9,0.2,0.45,5.0,5.5,7.705
0.9,0.2,0.5,0.5,1.45,1.855
0.9,0.2,0.5,1.0,1.9,2.5300000000000002
0.9,0.2,0.5,1.5,2.35,3.205
0.9,0.2,0.5,2.0,2.8,3.88
0.9,0.2,0.5,2.5,3.25,4.555
0.9,0.2,0.5,3.0,3.7,5.23
0.9,0.2,0.5,3.5,4.15,5.905
0.9,0.2,0.5,4.0,4.6,6.579999999999999
0.9,0.2,0.5,4.5,5.05,7.254999999999999
0.9,0.2,0.5,5.0,5.5,7.93
0.9,0.3,0.0,0.5,1.45,1.72
0.9,0.3,0.0,1.0,1.9,2.17
0.9,0.3,0.0,1.5,2.35,2.62
0.9,0.3,0.0,2.0,2.8,3.07
0.9,0.3,0.0,2.5,3.25,3.52
0.9,0.3,0.0,3.0,3.7,3.97
0.9,0.3,0.0,3.5,4.15,4.42
0.9,0.3,0.0,4.0,4.6,4.869999999999999
0.9,0.3,0.0,4.5,5.05,5.32
0.9,0.3,0.0,5.0,5.5,5.77
0.9,0.3,0.05,0.5,1.45,1.7425
0.9,0.3,0.05,1.0,1.9,2.215
0.9,0.3,0.05,1.5,2.35,2.6875
0.9,0.3,0.05,2.0,2.8,3.1599999999999997
0.9,0.3,0.05,2.5,3.25,3.6325
0.9,0.3,0.05,3.0,3.7,4.105
0.9,0.3,0.05,3.5,4.15,4.5775
0.9,0.3,0.05,4.0,4.6,5.049999999999999
0.9,0.3,0.05,4.5,5.05,5.5225
0.9,0.3,0.05,5.0,5.5,5.994999999999999
0.9,0.3,0.1,0.5,1.45,1.765
0.9,0.3,0.1,1.0,1.9,2.26
0.9,0.3,0.1,1.5,2.35,2.7550000000000003
0.9,0.3,0.1,2.0,2.8,3.25
0.9,0.3,0.1,2.5,3.25,3.745
0.9,0.3,0.1,3.0,3.7,4.24
0.9,0.3,0.1,3.5,4.15,4.735
0.9,0.3,0.1,4.0,4.6,5.2299999999999995
0.9,0.3,0.1,4.5,5.05,5.7250000000000005
0.9,0.3,0.1,5.0,5.5,6.22
0.9,0.3,0.15,0.5,1.45,1.7875
0.9,0.3,0.15,1.0,1.9,2.3049999999999997
0.9,0.3,0.15,1.5,2.35,2.8225000000000002
0.9,0.3,0.15,2.0,2.8,3.34
0.9,0.3,0.15,2.5,3.25,3.8575
0.9,0.3,0.15,3.0,3.7,4.375
0.9,0.3,0.15,3.5,4.15,4.8925
0.9,0.3,0.15,4.0,4.6,5.409999999999999
0.9,0.3,0.15,4.5,5.05,5.9275
0.9,0.3,0.15,5.0,5.5,6.444999999999999
0.9,0.3,0.2,0.5,1.45,1.81
0.9,0.3,0.2,1.0,1.9,2.35
0.9,0.3,0.2,1.5,2.35,2.89
0.9,0.3,0.2,2.0,2.8,3.4299999999999997
0.9,0.3,0.2,2.5,3.25,3.97
0.9,0.3,0.2,3.0,3.7,4.510000000000001
0.9,0.3,0.2,3.5,4.15,5.05
0.9,0.3,0.2,4.0,4.6,5.589999999999999
0.9,0.3,0.2,4.5,5.05,6.130000000000001
0.9,0.3,0.2,5.0,5.5,6.67
0.9,0.3,0.25,0.5,1.45,1.8325
0.9,0.3,0.25,1.0,1.9,2.395
0.9,0.3,0.25,1.5,2.35,2.9575
0.9,0.3,0.25,2.0,2.8,3.52
0.9,0.3,0.25,2.5,3.25,4.0825
0.9,0.3,0.25,3.0,3.7,4.6450000000000005
0.9,0.3,0.25,3.5,4.15,5.2075
0.9,0.3,0.25,4.0,4.6,5.77
0.9,0.3,0.25,4.5,5.05,6.3325000000000005
0.9,0.3,0.25,5.0,5.5,6.895
0.9,0.3,0.3,0.5,1.45,1.855
0.9,0.3,0.3,1.0,1.9,2.44
0.9,0.3,0.3,1.5,2.35,3.025
0.9,0.3,0.3,2.0,2.8,3.61
0.9,0.3,0.3,2.5,3.25,4.195
0.9,0.3,0.3,3.0,3.7,4.78
0.9,0.3,0.3,3.5,4.15,5.365
0.9,0.3,0.3,4.0,4.6,5.949999999999999
0.9,0.3,0.3,4.5,5.05,6.535
0.9,0.3,0.3,5.0,5.5,7.119999999999999
0.9,0.3,0.35,0.5,1.45,1.8775
0.9,0.3,0.35,1.0,1.9,2.485
0.9,0.3,0.35,1.5,2.35,3.0925000000000002
0.9,0.3,0.35,2.0,2.8,3.6999999999999997
0.9,0.3,0.35,2.5,3.25,4.3075
0.9,0.3,0.35,3.0,3.7,4.915
0.9,0.3,0.35,3.5,4.15,5.5225
0.9,0.3,0.35,4.0,4.6,6.129999999999999
0.9,0.3,0.35,4.5,5.05,6.737500000000001
0.9,0.3,0.35,5.0,5.5,7.345
0.9,0.3,0.4,0.5,1.45,1.9
0.9,0.3,0.4,1.0,1.9,2.53
0.9,0.3,0.4,1.5,2.35,3.16
0.9,0.3,0.4,2.0,2.8,3.79
0.9,0.3,0.4,2.5,3.25,4.42
0.9,0.3,0.4,3.0,3.7,5.050000000000001
0.9,0.3,0.4,3.5,4.15,5.68
0.9,0.3,0.4,4.0,4.6,6.31
0.9,0.3,0.4,4.5,5.05,6.94
0.9,0.3,0.4,5.0,5.5,7.569999999999999
0.9,0.3,0.45,0.5,1.45,1.9224999999999999
0.9,0.3,0.45,1.0,1.9,2.575
0.9,0.3,0.45,1.5,2.35,3.2275
0.9,0.3,0.45,2.0,2.8,3.88
0.9,0.3,0.45,2.5,3.25,4.5325
0.9,0.3,0.45,3.0,3.7,5.1850000000000005
0.9,0.3,0.45,3.5,4.15,5.8375
0.9,0.3,0.45,4.0,4.6,6.489999999999999
0.9,0.3,0.45,4.5,5.05,7.1425
0.9,0.3,0.45,5.0,5.5,7.795
0.9,0.3,0.5,0.5,1.45,1.945
0.9,0.3,0.5,1.0,1.9,2.62
0.9,0.3,0.5,1.5,2.35,3.295
0.9,0.3,0.5,2.0,2.8,3.9699999999999998
0.9,0.3,0.5,2.5,3.25,4.645
0.9,0.3,0.5,3.0,3.7,5.32
0.9,0.3,0.5,3.5,4.15,5.995
0.9,0.3,0.5,4.0,4.6,6.669999999999999
0.9,0.3,0.5,4.5,5.05,7.345000000000001
0.9,0.3,0.5,5.0,5.5,8.02
0.9,0.4,0.0,0.5,1.45,1.81
0.9,0.4,0.0,1.0,1.9,2.26
0.9,0.4,0.0,1.5,2.35,2.71
0.9,0.4,0.0,2.0,2.8,3.1599999999999997
0.9,0.4,0.0,2.5,3.25,3.61
0.9,0.4,0.0,3.0,3.7,4.0600000000000005
0.9,0.4,0.0,3.5,4.15,4.510000000000001
0.9,0.4,0.0,4.0,4.6,4.96
0.9,0.4,0.0,4.5,5.05,5.41
0.9,0.4,0.0,5.0,5.5,5.86
0.9,0.4,0.05,0.5,1.45,1.8325
0.9,0.4,0.05,1.0,1.9,2.3049999999999997
0.9,0.4,0.05,1.5,2.35,2.7775
0.9,0.4,0.05,2.0,2.8,3.2499999999999996
0.9,0.4,0.05,2.5,3.25,3.7224999999999997
0.9,0.4,0.05,3.0,3.7,4.195
0.9,0.4,0.05,3.5,4.15,4.6675
0.9,0.4,0.05,4.0,4.6,5.14
0.9,0.4,0.05,4.5,5.05,5.6125
0.9,0.4,0.05,5.0,5.5,6.085
0.9,0.4,0.1,0.5,1.45,1.855
0.9,0.4,0.1,1.0,1.9,2.3499999999999996
0.9,0.4,0.1,1.5,2.35,2.845
0.9,0.4,0.1,2.0,2.8,3.34
0.9,0.4,0.1,2.5,3.25,3.835
0.9,0.4,0.1,3.0,3.7,4.330000000000001
0.9,0.4,0.1,3.5,4.15,4.825000000000001
0.9,0.4,0.1,4.0,4.6,5.32
0.9,0.4,0.1,4.5,5.05,5.815
0.9,0.4,0.1,5.0,5.5,6.3100000000000005
0.9,0.4,0.15,0.5,1.45,1.8775
0.9,0.4,0.15,1.0,1.9,2.3949999999999996
0.9,0.4,0.15,1.5,2.35,2.9125
0.9,0.4,0.15,2.0,2.8,3.4299999999999997
0.9,0.4,0.15,2.5,3.25,3.9475
0.9,0.4,0.15,3.0,3.7,4.465000000000001
0.9,0.4,0.15,3.5,4.15,4.982500000000001
0.9,0.4,0.15,4.0,4.6,5.5
0.9,0.4,0.15,4.5,5.05,6.0175
0.9,0.4,0.15,5.0,5.5,6.535
0.9,0.4,0.2,0.5,1.45,1.9000000000000001
0.9,0.4,0.2,1.0,1.9,2.44
0.9,0.4,0.2,1.5,2.35,2.98
0.9,0.4,0.2,2.0,2.8,3.5199999999999996
0.9,0.4,0.2,2.5,3.25,4.06
0.9,0.4,0.2,3.0,3.7,4.6000000000000005
0.9,0.4,0.2,3.5,4.15,5.140000000000001
0.9,0.4,0.2,4.0,4.6,5.68
0.9,0.4,0.2,4.5,5.05,6.220000000000001
0.9,0.4,0.2,5.0,5.5,6.760000000000001
0.9,0.4,0.25,0.5,1.45,1.9225
0.9,0.4,0.25,1.0,1.9,2.485
0.9,0.4,0.25,1.5,2.35,3.0475
0.9,0.4,0.25,2.0,2.8,3.61
0.9,0.4,0.25,2.5,3.25,4.172499999999999
0.9,0.4,0.25,3.0,3.7,4.735
0.9,0.4,0.25,3.5,4.15,5.2975
0.9,0.4,0.25,4.0,4.6,5.86
0.9,0.4,0.25,4.5,5.05,6.4225
0.9,0.4,0.25,5.0,5.5,6.985
0.9,0.4,0.3,0.5,1.45,1.945
0.9,0.4,0.3,1.0,1.9,2.53
0.9,0.4,0.3,1.5,2.35,3.1149999999999998
0.9,0.4,0.3,2.0,2.8,3.6999999999999997
0.9,0.4,0.3,2.5,3.25,4.285
0.9,0.4,0.3,3.0,3.7,4.87
0.9,0.4,0.3,3.5,4.15,5.455000000000001
0.9,0.4,0.3,4.0,4.6,6.04
0.9,0.4,0.3,4.5,5.05,6.625
0.9,0.4,0.3,5.0,5.5,7.210000000000001
0.9,0.4,0.35,0.5,1.45,1.9675
0.9,0.4,0.35,1.0,1.9,2.5749999999999997
0.9,0.4,0.35,1.5,2.35,3.1825
0.9,0.4,0.35,2.0,2.8,3.7899999999999996
0.9,0.4,0.35,2.5,3.25,4.3975
0.9,0.4,0.35,3.0,3.7,5.005000000000001
0.9,0.4,0.35,3.5,4.15,5.612500000000001
0.9,0.4,0.35,4.0,4.6,6.22
0.9,0.4,0.35,4.5,5.05,6.827500000000001
0.9,0.4,0.35,5.0,5.5,7.4350000000000005
0.9,0.4,0.4,0.5,1.45,1.99
0.9,0.4,0.4,1.0,1.9,2.6199999999999997
0.9,0.4,0.4,1.5,2.35,3.25
0.9,0.4,0.4,2.0,2.8,3.88
0.9,0.4,0.4,2.5,3.25,4.51
0.9,0.4,0.4,3.0,3.7,5.140000000000001
0.9,0.4,0.4,3.5,4.15,5.770000000000001
0.9,0.4,0.4,4.0,4.6,6.4
0.9,0.4,0.4,4.5,5.05,7.03
0.9,0.4,0.4,5.0,5.5,7.66
0.9,0.4,0.45,0.5,1.45,2.0125
0.9,0.4,0.45,1.0,1.9,2.665
0.9,0.4,0.45,1.5,2.35,3.3175
0.9,0.4,0.45,2.0,2.8,3.9699999999999998
0.9,0.4,0.45,2.5,3.25,4.6225
0.9,0.4,0.45,3.0,3.7,5.275
0.9,0.4,0.45,3.5,4.15,5.9275
0.9,0.4,0.45,4.0,4.6,6.58
0.9,0.4,0.45,4.5,5.05,7.2325
0.9,0.4,0.45,5.0,5.5,7.885
0.9,0.4,0.5,0.5,1.45,2.035
0.9,0.4,0.5,1.0,1.9,2.71
0.9,0.4,0.5,1.5,2.35,3.385
0.9,0.4,0.5,2.0,2.8,4.06
0.9,0.4,0.5,2.5,3.25,4.734999999999999
0.9,0.4,0.5,3.0,3.7,5.41
0.9,0.4,0.5,3.5,4.15,6.085000000000001
0.9,0.4,0.5,4.0,4.6,6.76
0.9,0.4,0.5,4.5,5.05,7.4350000000000005
0.9,0.4,0.5,5.0,5.5,8.11
0.9,0.5,0.0,0.5,1.45,1.9
0.9,0.5,0.0,1.0,1.9,2.35
0.9,0.5,0.0,1.5,2.35,2.8000000000000003
0.9,0.5,0.0,2.0,2.8,3.25
0.9,0.5,0.0,2.5,3.25,3.7
0.9,0.5,0.0,3.0,3.7,4.15
0.9,0.5,0.0,3.5,4.15,4.6000000000000005
0.9,0.5,0.0,4.0,4.6,5.05
0.9,0.5,0.0,4.5,5.05,5.5
0.9,0.5,0.0,5.0,5.5,5.95
0.9,0.5,0.05,0.5,1.45,1.9224999999999999
0.9,0.5,0.05,1.0,1.9,2.395
0.9,0.5,0.05,1.5,2.35,2.8675
0.9,0.5,0.05,2.0,2.8,3.34
0.9,0.5,0.05,2.5,3.25,3.8125
0.9,0.5,0.05,3.0,3.7,4.285
0.9,0.5,0.05,3.5,4.15,4.7575
0.9,0.5,0.05,4.0,4.6,5.2299999999999995
0.9,0.5,0.05,4.5,5.05,5.7025
0.9,0.5,0.05,5.0,5.5,6.175
0.9,0.5,0.1,0.5,1.45,1.9449999999999998
0.9,0.5,0.1,1.0,1.9,2.44
0.9,0.5,0.1,1.5,2.35,2.9350000000000005
0.9,0.5,0.1,2.0,2.8,3.43
0.9,0.5,0.1,2.5,3.25,3.9250000000000003
0.9,0.5,0.1,3.0,3.7,4.420000000000001
0.9,0.5,0.1,3.5,4.15,4.915000000000001
0.9,0.5,0.1,4.0,4.6,5.41
0.9,0.5,0.1,4.5,5.05,5.905
0.9,0.5,0.1,5.0,5.5,6.4
0.9,0.5,0.15,0.5,1.45,1.9674999999999998
0.9,0.5,0.15,1.0,1.9,2.4850000000000003
0.9,0.5,0.15,1.5,2.35,3.0025000000000004
0.9,0.5,0.15,2.0,2.8,3.52
0.9,0.5,0.15,2.5,3.25,4.0375000000000005
0.9,0.5,0.15,3.0,3.7,4.555000000000001
0.9,0.5,0.15,3.5,4.15,5.072500000000001
0.9,0.5,0.15,4.0,4.6,5.59
0.9,0.5,0.15,4.5,5.05,6.1075
0.9,0.5,0.15,5.0,5.5,6.625
0.9,0.5,0.2,0.5,1.45,1.99
0.9,0.5,0.2,1.0,1.9,2.5300000000000002
0.9,0.5,0.2,1.5,2.35,3.0700000000000003
0.9,0.5,0.2,2.0,2.8,3.61
0.9,0.5,0.2,2.5,3.25,4.15
0.9,0.5,0.2,3.0,3.7,4.69
0.9,0.5,0.2,3.5,4.15,5.23
0.9,0.5,0.2,4.0,4.6,5.77
0.9,0.5,0.2,4.5,5.05,6.3100000000000005
0.9,0.5,0.2,5.0,5.5,6.8500000000000005
0.9,0.5,0.25,0.5,1.45,2.0124999999999997
0.9,0.5,0.25,1.0,1.9,2.575
0.9,0.5,0.25,1.5,2.35,3.1375
0.9,0.5,0.25,2.0,2.8,3.7
0.9,0.5,0.25,2.5,3.25,4.2625
0.9,0.5,0.25,3.0,3.7,4.825
0.9,0.5,0.25,3.5,4.15,5.3875
0.9,0.5,0.25,4.0,4.6,5.95
0.9,0.5,0.25,4.5,5.05,6.5125
0.9,0.5,0.25,5.0,5.5,7.075
0.9,0.5,0.3,0.5,1.45,2.035
0.9,0.5,0.3,1.0,1.9,2.62
0.9,0.5,0.3,1.5,2.35,3.205
0.9,0.5,0.3,2.0,2.8,3.79
0.9,0.5,0.3,2.5,3.25,4.375
0.9,0.5,0.3,3.0,3.7,4.96
0.9,0.5,0.3,3.5,4.15,5.545000000000001
0.9,0.5,0.3,4.0,4.6,6.13
0.9,0.5,0.3,4.5,5.05,6.715
0.9,0.5,0.3,5.0,5.5,7.300000000000001
0.9,0.5,0.35,0.5,1.45,2.0575
0.9,0.5,0.35,1.0,1.9,2.665
0.9,0.5,0.35,1.5,2.35,3.2725
0.9,0.5,0.35,2.0,2.8,3.88
0.9,0.5,0.35,2.5,3.25,4.4875
0.9,0.5,0.35,3.0,3.7,5.095000000000001
0.9,0.5,0.35,3.5,4.15,5.702500000000001
0.9,0.5,0.35,4.0,4.6,6.31
0.9,0.5,0.35,4.5,5.05,6.9175
0.9,0.5,0.35,5.0,5.5,7.525
0.9,0.5,0.4,0.5,1.45,2.08
0.9,0.5,0.4,1.0,1.9,2.71
0.9,0.5,0.4,1.5,2.35,3.3400000000000003
0.9,0.5,0.4,2.0,2.8,3.97
0.9,0.5,0.4,2.5,3.25,4.6000000000000005
0.9,0.5,0.4,3.0,3.7,5.23
0.9,0.5,0.4,3.5,4.15,5.860000000000001
0.9,0.5,0.4,4.0,4.6,6.49
0.9,0.5,0.4,4.5,5.05,7.12
0.9,0.5,0.4,5.0,5.5,7.75
0.9,0.5,0.45,0.5,1.45,2.1025
0.9,0.5,0.45,1.0,1.9,2.755
0.9,0.5,0.45,1.5,2.35,3.4075
0.9,0.5,0.45,2.0,2.8,4.0600000000000005
0.9,0.5,0.45,2.5,3.25,4.7125
0.9,0.5,0.45,3.0,3.7,5.365
0.9,0.5,0.45,3.5,4.15,6.0175
0.9,0.5,0.45,4.0,4.6,6.67
0.9,0.5,0.45,4.5,5.05,7.3225
0.9,0.5,0.45,5.0,5.5,7.975
0.9,0.5,0.5,0.5,1.45,2.125
0.9,0.5,0.5,1.0,1.9,2.8000000000000003
0.9,0.5,0.5,1.5,2.35,3.4750000000000005
0.9,0.5,0.5,2.0,2.8,4.15
0.9,0.5,0.5,2.5,3.25,4.825
0.9,0.5,0.5,3.0,3.7,5.5
0.9,0.5,0.5,3.5,4.15,6.175000000000001
0.9,0.5,0.5,4.0,4.6,6.85
0.9,0.5,0.5,4.5,5.05,7.525
0.9,0.5,0.5,5.0,5.5,8.2
0.9,0.6,0.0,0.5,1.45,1.99
0.9,0.6,0.0,1.0,1.9,2.44
0.9,0.6,0.0,1.5,2.35,2.89
0.9,0.6,0.0,2.0,2.8,3.34
0.9,0.6,0.0,2.5,3.25,3.79
0.9,0.6,0.0,3.0,3.7,4.24
0.9,0.6,0.0,3.5,4.15,4.69
0.9,0.6,0.0,4.0,4.6,5.14
0.9,0.6,0.0,4.5,5.05,5.59
0.9,0.6,0.0,5.0,5.5,6.04
0.9,0.6,0.05,0.5,1.45,2.0125
0.9,0.6,0.05,1.0,1.9,2.485
0.9,0.6,0.05,1.5,2.35,2.9575
0.9,0.6,0.05,2.0,2.8,3.4299999999999997
0.9,0.6,0.05,2.5,3.25,3.9025
0.9,0.6,0.05,3.0,3.7,4.375
0.9,0.6,0.05,3.5,4.15,4.8475
0.9,0.6,0.05,4.0,4.6,5.319999999999999
0.9,0.6,0.05,4.5,5.05,5.7924999999999995
0.9,0.6,0.05,5.0,5.5,6.265
0.9,0.6,0.1,0.5,1.45,2.035
0.9,0.6,0.1,1.0,1.9,2.53
0.9,0.6,0.1,1.5,2.35,3.0250000000000004
0.9,0.6,0.1,2.0,2.8,3.52
0.9,0.6,0.1,2.5,3.25,4.015
0.9,0.6,0.1,3.0,3.7,4.510000000000001
0.9,0.6,0.1,3.5,4.15,5.005000000000001
0.9,0.6,0.1,4.0,4.6,5.5
0.9,0.6,0.1,4.5,5.05,5.995
0.9,0.6,0.1,5.0,5.5,6.49
0.9,0.6,0.15,0.5,1.45,2.0575
0.9,0.6,0.15,1.0,1.9,2.575
0.9,0.6,0.15,1.5,2.35,3.0925000000000002
0.9,0.6,0.15,2.0,2.8,3.61
0.9,0.6,0.15,2.5,3.25,4.1275
0.9,0.6,0.15,3.0,3.7,4.6450000000000005
0.9,0.6,0.15,3.5,4.15,5.1625000000000005
0.9,0.6,0.15,4.0,4.6,5.68
0.9,0.6,0.15,4.5,5.05,6.1975
0.9,0.6,0.15,5.0,5.5,6.715
0.9,0.6,0.2,0.5,1.45,2.08
0.9,0.6,0.2,1.0,1.9,2.62
0.9,0.6,0.2,1.5,2.35,3.16
0.9,0.6,0.2,2.0,2.8,3.6999999999999997
0.9,0.6,0.2,2.5,3.25,4.24
0.9,0.6,0.2,3.0,3.7,4.78
0.9,0.6,0.2,3.5,4.15,5.32
0.9,0.6,0.2,4.0,4.6,5.859999999999999
0.9,0.6,0.2,4.5,5.05,6.4
0.9,0.6,0.2,5.0,5.5,6.94
0.9,0.6,0.25,0.5,1.45,2.1025
0.9,0.6,0.25,1.0,1.9,2.665
0.9,0.6,0.25,1.5,2.35,3.2275
0.9,0.6,0.25,2.0,2.8,3.79
0.9,0.6,0.25,2.5,3.25,4.3525
0.9,0.6,0.25,3.0,3.7,4.915
0.9,0.6,0.25,3.5,4.15,5.4775
0.9,0.6,0.25,4.0,4.6,6.04
0.9,0.6,0.25,4.5,5.05,6.6025
0.9,0.6,0.25,5.0,5.5,7.165
0.9,0.6,0.3,0.5,1.45,2.125
0.9,0.6,0.3,1.0,1.9,2.71
0.9,0.6,0.3,1.5,2.35,3.295
0.9,0.6,0.3,2.0,2.8,3.88
0.9,0.6,0.3,2.5,3.25,4.465
0.9,0.6,0.3,3.0,3.7,5.05
0.9,0.6,0.3,3.5,4.15,5.635000000000001
0.9,0.6,0.3,4.0,4.6,6.22
0.9,0.6,0.3,4.5,5.05,6.805
0.9,0.6,0.3,5.0,5.5,7.390000000000001
0.9,0.6,0.35,0.5,1.45,2.1475
0.9,0.6,0.35,1.0,1.9,2.755
0.9,0.6,0.35,1.5,2.35,3.3625
0.9,0.6,0.35,2.0,2.8,3.9699999999999998
0.9,0.6,0.35,2.5,3.25,4.5775
0.9,0.6,0.35,3.0,3.7,5.1850000000000005
0.9,0.6,0.35,3.5,4.15,5.7925
0.9,0.6,0.35,4.0,4.6,6.3999999999999995
0.9,0.6,0.35,4.5,5.05,7.0075
0.9,0.6,0.35,5.0,5.5,7.615
0.9,0.6,0.4,0.5,1.45,2.17
0.9,0.6,0.4,1.0,1.9,2.8
0.9,0.6,0.4,1.5,2.35,3.43
0.9,0.6,0.4,2.0,2.8,4.06
0.9,0.6,0.4,2.5,3.25,4.69
0.9,0.6,0.4,3.0,3.7,5.32
0.9,0.6,0.4,3.5,4.15,5.950000000000001
0.9,0.6,0.4,4.0,4.6,6.58
0.9,0.6,0.4,4.5,5.05,7.21
0.9,0.6,0.4,5.0,5.5,7.84
0.9,0.6,0.45,0.5,1.45,2.1925
0.9,0.6,0.45,1.0,1.9,2.8449999999999998
0.9,0.6,0.45,1.5,2.35,3.4975
0.9,0.6,0.45,2.0,2.8,4.15
0.9,0.6,0.45,2.5,3.25,4.8025
0.9,0.6,0.45,3.0,3.7,5.455
0.9,0.6,0.45,3.5,4.15,6.1075
0.9,0.6,0.45,4.0,4.6,6.76
0.9,0.6,0.45,4.5,5.05,7.4125
0.9,0.6,0.45,5.0,5.5,8.065
0.9,0.6,0.5,0.5,1.45,2.215
0.9,0.6,0.5,1.0,1.9,2.89
0.9,0.6,0.5,1.5,2.35,3.5650000000000004
0.9,0.6,0.5,2.0,2.8,4.24
0.9,0.6,0.5,2.5,3.25,4.915
0.9,0.6,0.5,3.0,3.7,5.59
0.9,0.6,0.5,3.5,4.15,6.265000000000001
0.9,0.6,0.5,4.0,4.6,6.9399999999999995
0.9,0.6,0.5,4.5,5.05,7.615
0.9,0.6,0.5,5.0,5.5,8.29
0.9,0.7,0.0,0.5,1.45,2.08
0.9,0.7,0.0,1.0,1.9,2.53
0.9,0.7,0.0,1.5,2.35,2.98
0.9,0.7,0.0,2.0,2.8,3.4299999999999997
0.9,0.7,0.0,2.5,3.25,3.88
0.9,0.7,0.0,3.0,3.7,4.33
0.9,0.7,0.0,3.5,4.15,4.78
0.9,0.7,0.0,4.0,4.6,5.2299999999999995
0.9,0.7,0.0,4.5,5.05,5.68
0.9,0.7,0.0,5.0,5.5,6.13
0.9,0.7,0.05,0.5,1.45,2.1025
0.9,0.7,0.05,1.0,1.9,2.5749999999999997
0.9,0.7,0.05,1.5,2.35,3.0475
0.9,0.7,0.05,2.0,2.8,3.5199999999999996
0.9,0.7,0.05,2.5,3.25,3.9924999999999997
0.9,0.7,0.05,3.0,3.7,4.465
0.9,0.7,0.05,3.5,4.15,4.9375
0.9,0.7,0.05,4.0,4.6,5.409999999999999
0.9,0.7,0.05,4.5,5.05,5.882499999999999
0.9,0.7,0.05,5.0,5.5,6.3549999999999995
0.9,0.7,0.1,0.5,1.45,2.125
0.9,0.7,0.1,1.0,1.9,2.6199999999999997
0.9,0.7,0.1,1.5,2.35,3.115
0.9,0.7,0.1,2.0,2.8,3.61
0.9,0.7,0.1,2.5,3.25,4.1049999999999995
0.9,0.7,0.1,3.0,3.7,4.6000000000000005
0.9,0.7,0.1,3.5,4.15,5.095000000000001
0.9,0.7,0.1,4.0,4.6,5.59
0.9,0.7,0.1,4.5,5.05,6.085
0.9,0.7,0.1,5.0,5.5,6.58
0.9,0.7,0.15,0.5,1.45,2.1475
0.9,0.7,0.15,1.0,1.9,2.665
0.9,0.7,0.15,1.5,2.35,3.1825
0.9,0.7,0.15,2.0,2.8,3.6999999999999997
0.9,0.7,0.15,2.5,3.25,4.2175
0.9,0.7,0.15,3.0,3.7,4.735
0.9,0.7,0.15,3.5,4.15,5.2525
0.9,0.7,0.15,4.0,4.6,5.77
0.9,0.7,0.15,4.5,5.05,6.2875
0.9,0.7,0.15,5.0,5.5,6.805
0.9,0.7,0.2,0.5,1.45,2.17
0.9,0.7,0.2,1.0,1.9,2.71
0.9,0.7,0.2,1.5,2.35,3.25
0.9,0.7,0.2,2.0,2.8,3.7899999999999996
0.9,0.7,0.2,2.5,3.25,4.33
0.9,0.7,0.2,3.0,3.7,4.87
0.9,0.7,0.2,3.5,4.15,5.41
0.9,0.7,0.2,4.0,4.6,5.949999999999999
0.9,0.7,0.2,4.5,5.05,6.49
0.9,0.7,0.2,5.0,5.5,7.03
0.9,0.7,0.25,0.5,1.45,2.1925
0.9,0.7,0.25,1.0,1.9,2.755
0.9,0.7,0.25,1.5,2.35,3.3175
0.9,0.7,0.25,2.0,2.8,3.88
0.9,0.7,0.25,2.5,3.25,4.4425
0.9,0.7,0.25,3.0,3.7,5.005
0.9,0.7,0.25,3.5,4.15,5.5675
0.9,0.7,0.25,4.0,4.6,6.13
0.9,0.7,0.25,4.5,5.05,6.6925
0.9,0.7,0.25,5.0,5.5,7.255
0.9,0.7,0.3,0.5,1.45,2.215
0.9,0.7,0.3,1.0,1.9,2.8
0.9,0.7,0.3,1.5,2.35,3.385
0.9,0.7,0.3,2.0,2.8,3.9699999999999998
0.9,0.7,0.3,2.5,3.25,4.555
0.9,0.7,0.3,3.0,3.7,5.14
0.9,0.7,0.3,3.5,4.15,5.7250000000000005
0.9,0.7,0.3,4.0,4.6,6.31
0.9,0.7,0.3,4.5,5.05,6.895
0.9,0.7,0.3,5.0,5.5,7.48
0.9,0.7,0.35,0.5,1.45,2.2375000000000003
0.9,0.7,0.35,1.0,1.9,2.8449999999999998
0.9,0.7,0.35,1.5,2.35,3.4524999999999997
0.9,0.7,0.35,2.0,2.8,4.06
0.9,0.7,0.35,2.5,3.25,4.6674999999999995
0.9,0.7,0.35,3.0,3.7,5.275
0.9,0.7,0.35,3.5,4.15,5.8825
0.9,0.7,0.35,4.0,4.6,6.489999999999999
0.9,0.7,0.35,4.5,5.05,7.0975
0.9,0.7,0.35,5.0,5.5,7.705
0.9,0.7,0.4,0.5,1.45,2.2600000000000002
0.9,0.7,0.4,1.0,1.9,2.8899999999999997
0.9,0.7,0.4,1.5,2.35,3.52
0.9,0.7,0.4,2.0,2.8,4.1499999999999995
0.9,0.7,0.4,2.5,3.25,4.78
0.9,0.7,0.4,3.0,3.7,5.41
0.9,0.7,0.4,3.5,4.15,6.040000000000001
0.9,0.7,0.4,4.0,4.6,6.67
0.9,0.7,0.4,4.5,5.05,7.3
0.9,0.7,0.4,5.0,5.5,7.93
0.9,0.7,0.45,0.5,1.45,2.2825
0.9,0.7,0.45,1.0,1.9,2.9349999999999996
0.9,0.7,0.45,1.5,2.35,3.5875
0.9,0.7,0.45,2.0,2.8,4.24
0.9,0.7,0.45,2.5,3.25,4.8925
0.9,0.7,0.45,3.0,3.7,5.545
0.9,0.7,0.45,3.5,4.15,6.1975
0.9,0.7,0.45,4.0,4.6,6.85
0.9,0.7,0.45,4.5,5.05,7.5024999999999995
0.9,0.7,0.45,5.0,5.5,8.155
0.9,0.7,0.5,0.5,1.45,2.305
0.9,0.7,0.5,1.0,1.9,2.98
0.9,0.7,0.5,1.5,2.35,3.6550000000000002
0.9,0.7,0.5,2.0,2.8,4.33
0.9,0.7,0.5,2.5,3.25,5.005
0.9,0.7,0.5,3.0,3.7,5.68
0.9,0.7,0.5,3.5,4.15,6.355
0.9,0.7,0.5,4.0,4.6,7.029999999999999
0.9,0.7,0.5,4.5,5.05,7.705
0.9,0.7,0.5,5.0,5.5,8.379999999999999
0.9,0.8,0.0,0.5,1.45,2.17
0.9,0.8,0.0,1.0,1.9,2.62
0.9,0.8,0.0,1.5,2.35,3.0700000000000003
0.9,0.8,0.0,2.0,2.8,3.52
0.9,0.8,0.0,2.5,3.25,3.97
0.9,0.8,0.0,3.0,3.7,4.42
0.9,0.8,0.0,3.5,4.15,4.87
0.9,0.8,0.0,4.0,4.6,5.319999999999999
0.9,0.8,0.0,4.5,5.05,5.77
0.9,0.8,0.0,5.0,5.5,6.22
0.9,0.8,0.05,0.5,1.45,2.1925
0.9,0.8,0.05,1.0,1.9,2.665
0.9,0.8,0.05,1.5,2.35,3.1375
0.9,0.8,0.05,2.0,2.8,3.61
0.9,0.8,0.05,2.5,3.25,4.0825000000000005
0.9,0.8,0.05,3.0,3.7,4.555
0.9,0.8,0.05,3.5,4.15,5.0275
0.9,0.8,0.05,4.0,4.6,5.499999999999999
0.9,0.8,0.05,4.5,5.05,5.972499999999999
0.9,0.8,0.05,5.0,5.5,6.444999999999999
0.9,0.8,0.1,0.5,1.45,2.215
0.9,0.8,0.1,1.0,1.9,2.71
0.9,0.8,0.1,1.5,2.35,3.2050000000000005
0.9,0.8,0.1,2.0,2.8,3.7
0.9,0.8,0.1,2.5,3.25,4.195
0.9,0.8,0.1,3.0,3.7,4.69
0.9,0.8,0.1,3.5,4.15,5.1850000000000005
0.9,0.8,0.1,4.0,4.6,5.68
0.9,0.8,0.1,4.5,5.05,6.175
0.9,0.8,0.1,5.0,5.5,6.67
0.9,0.8,0.15,0.5,1.45,2.2375
0.9,0.8,0.15,1.0,1.9,2.755
0.9,0.8,0.15,1.5,2.35,3.2725000000000004
0.9,0.8,0.15,2.0,2.8,3.79
0.9,0.8,0.15,2.5,3.25,4.3075
0.9,0.8,0.15,3.0,3.7,4.825
0.9,0.8,0.15,3.5,4.15,5.3425
0.9,0.8,0.15,4.0,4.6,5.859999999999999
0.9,0.8,0.15,4.5,5.05,6.3774999999999995
0.9,0.8,0.15,5.0,5.5,6.895
0.9,0.8,0.2,0.5,1.45,2.26
0.9,0.8,0.2,1.0,1.9,2.8000000000000003
0.9,0.8,0.2,1.5,2.35,3.3400000000000003
0.9,0.8,0.2,2.0,2.8,3.88
0.9,0.8,0.2,2.5,3.25,4.42
0.9,0.8,0.2,3.0,3.7,4.96
0.9,0.8,0.2,3.5,4.15,5.5
0.9,0.8,0.2,4.0,4.6,6.039999999999999
0.9,0.8,0.2,4.5,5.05,6.58
0.9,0.8,0.2,5.0,5.5,7.12
0.9,0.8,0.25,0.5,1.45,2.2824999999999998
0.9,0.8,0.25,1.0,1.9,2.845
0.9,0.8,0.25,1.5,2.35,3.4075
0.9,0.8,0.25,2.0,2.8,3.97
0.9,0.8,0.25,2.5,3.25,4.532500000000001
0.9,0.8,0.25,3.0,3.7,5.095
0.9,0.8,0.25,3.5,4.15,5.6575
0.9,0.8,0.25,4.0,4.6,6.22
0.9,0.8,0.25,4.5,5.05,6.7825
0.9,0.8,0.25,5.0,5.5,7.345
0.9,0.8,0.3,0.5,1.45,2.3049999999999997
0.9,0.8,0.3,1.0,1.9,2.89
0.9,0.8,0.3,1.5,2.35,3.475
0.9,0.8,0.3,2.0,2.8,4.0600000000000005
0.9,0.8,0.3,2.5,3.25,4.6450000000000005
0.9,0.8,0.3,3.0,3.7,5.2299999999999995
0.9,0.8,0.3,3.5,4.15,5.815
0.9,0.8,0.3,4.0,4.6,6.3999999999999995
0.9,0.8,0.3,4.5,5.05,6.984999999999999
0.9,0.8,0.3,5.0,5.5,7.57
0.9,0.8,0.35,0.5,1.45,2.3275
0.9,0.8,0.35,1.0,1.9,2.935
0.9,0.8,0.35,1.5,2.35,3.5425000000000004
0.9,0.8,0.35,2.0,2.8,4.15
0.9,0.8,0.35,2.5,3.25,4.7575
0.9,0.8,0.35,3.0,3.7,5.365
0.9,0.8,0.35,3.5,4.15,5.9725
0.9,0.8,0.35,4.0,4.6,6.579999999999999
0.9,0.8,0.35,4.5,5.05,7.1875
0.9,0.8,0.35,5.0,5.5,7.795
0.9,0.8,0.4,0.5,1.45,2.35
0.9,0.8,0.4,1.0,1.9,2.98
0.9,0.8,0.4,1.5,2.35,3.6100000000000003
0.9,0.8,0.4,2.0,2.8,4.24
0.9,0.8,0.4,2.5,3.25,4.87
0.9,0.8,0.4,3.0,3.7,5.5
0.9,0.8,0.4,3.5,4.15,6.130000000000001
0.9,0.8,0.4,4.0,4.6,6.76
0.9,0.8,0.4,4.5,5.05,7.39
0.9,0.8,0.4,5.0,5.5,8.02
0.9,0.8,0.45,0.5,1.45,2.3725
0.9,0.8,0.45,1.0,1.9,3.0250000000000004
0.9,0.8,0.45,1.5,2.35,3.6775
0.9,0.8,0.45,2.0,2.8,4.33
0.9,0.8,0.45,2.5,3.25,4.9825
0.9,0.8,0.45,3.0,3.7,5.635
0.9,0.8,0.45,3.5,4.15,6.2875
0.9,0.8,0.45,4.0,4.6,6.9399999999999995
0.9,0.8,0.45,4.5,5.05,7.592499999999999
0.9,0.8,0.45,5.0,5.5,8.245
0.9,0.8,0.5,0.5,1.45,2.395
0.9,0.8,0.5,1.0,1.9,3.0700000000000003
0.9,0.8,0.5,1.5,2.35,3.745
0.9,0.8,0.5,2.0,2.8,4.42
0.9,0.8,0.5,2.5,3.25,5.095000000000001
0.9,0.8,0.5,3.0,3.7,5.77
0.9,0.8,0.5,3.5,4.15,6.445
0.9,0.8,0.5,4.0,4.6,7.119999999999999
0.9,0.8,0.5,4.5,5.05,7.795
0.9,0.8,0.5,5.0,5.5,8.469999999999999
0.9,0.9,0.0,0.5,1.45,2.26
0.9,0.9,0.0,1.0,1.9,2.71
0.9,0.9,0.0,1.5,2.35,3.16
0.9,0.9,0.0,2.0,2.8,3.61
0.9,0.9,0.0,2.5,3.25,4.0600000000000005
0.9,0.9,0.0,3.0,3.7,4.51
0.9,0.9,0.0,3.5,4.15,4.960000000000001
0.9,0.9,0.0,4.0,4.6,5.41
0.9,0.9,0.0,4.5,5.05,5.859999999999999
0.9,0.9,0.0,5.0,5.5,6.3100000000000005
0.9,0.9,0.05,0.5,1.45,2.2824999999999998
0.9,0.9,0.05,1.0,1.9,2.755
0.9,0.9,0.05,1.5,2.35,3.2275
0.9,0.9,0.05,2.0,2.8,3.6999999999999997
0.9,0.9,0.05,2.5,3.25,4.1725
0.9,0.9,0.05,3.0,3.7,4.645
0.9,0.9,0.05,3.5,4.15,5.117500000000001
0.9,0.9,0.05,4.0,4.6,5.59
0.9,0.9,0.05,4.5,5.05,6.062499999999999
0.9,0.9,0.05,5.0,5.5,6.535
0.9,0.9,0.1,0.5,1.45,2.3049999999999997
0.9,0.9,0.1,1.0,1.9,2.8
0.9,0.9,0.1,1.5,2.35,3.2950000000000004
0.9,0.9,0.1,2.0,2.8,3.79
0.9,0.9,0.1,2.5,3.25,4.285
0.9,0.9,0.1,3.0,3.7,4.78
0.9,0.9,0.1,3.5,4.15,5.275000000000001
0.9,0.9,0.1,4.0,4.6,5.7700000000000005
0.9,0.9,0.1,4.5,5.05,6.265
0.9,0.9,0.1,5.0,5.5,6.760000000000001
0.9,0.9,0.15,0.5,1.45,2.3274999999999997
0.9,0.9,0.15,1.0,1.9,2.8449999999999998
0.9,0.9,0.15,1.5,2.35,3.3625000000000003
0.9,0.9,0.15,2.0,2.8,3.88
0.9,0.9,0.15,2.5,3.25,4.397500000000001
0.9,0.9,0.15,3.0,3.7,4.915
0.9,0.9,0.15,3.5,4.15,5.432500000000001
0.9,0.9,0.15,4.0,4.6,5.95
0.9,0.9,0.15,4.5,5.05,6.467499999999999
0.9,0.9,0.15,5.0,5.5,6.985
0.9,0.9,0.2,0.5,1.45,2.3499999999999996
0.9,0.9,0.2,1.0,1.9,2.89
0.9,0.9,0.2,1.5,2.35,3.43
0.9,0.9,0.2,2.0,2.8,3.9699999999999998
0.9,0.9,0.2,2.5,3.25,4.510000000000001
0.9,0.9,0.2,3.0,3.7,5.05
0.9,0.9,0.2,3.5,4.15,5.590000000000001
0.9,0.9,0.2,4.0,4.6,6.13
0.9,0.9,0.2,4.5,5.05,6.67
0.9,0.9,0.2,5.0,5.5,7.210000000000001
0.9,0.9,0.25,0.5,1.45,2.3724999999999996
0.9,0.9,0.25,1.0,1.9,2.935
0.9,0.9,0.25,1.5,2.35,3.4975
0.9,0.9,0.25,2.0,2.8,4.06
0.9,0.9,0.25,2.5,3.25,4.6225000000000005
0.9,0.9,0.25,3.0,3.7,5.185
0.9,0.9,0.25,3.5,4.15,5.7475000000000005
0.9,0.9,0.25,4.0,4.6,6.3100000000000005
0.9,0.9,0.25,4.5,5.05,6.8725
0.9,0.9,0.25,5.0,5.5,7.4350000000000005
0.9,0.9,0.3,0.5,1.45,2.3949999999999996
0.9,0.9,0.3,1.0,1.9,2.98
0.9,0.9,0.3,1.5,2.35,3.565
0.9,0.9,0.3,2.0,2.8,4.15
0.9,0.9,0.3,2.5,3.25,4.735
0.9,0.9,0.3,3.0,3.7,5.319999999999999
0.9,0.9,0.3,3.5,4.15,5.905000000000001
0.9,0.9,0.3,4.0,4.6,6.49
0.9,0.9,0.3,4.5,5.05,7.074999999999999
0.9,0.9,0.3,5.0,5.5,7.66
0.9,0.9,0.35,0.5,1.45,2.4175
0.9,0.9,0.35,1.0,1.9,3.025
0.9,0.9,0.35,1.5,2.35,3.6325000000000003
0.9,0.9,0.35,2.0,2.8,4.24
0.9,0.9,0.35,2.5,3.25,4.8475
0.9,0.9,0.35,3.0,3.7,5.455
0.9,0.9,0.35,3.5,4.15,6.062500000000001
0.9,0.9,0.35,4.0,4.6,6.67
0.9,0.9,0.35,4.5,5.05,7.2775
0.9,0.9,0.35,5.0,5.5,7.885000000000001
0.9,0.9,0.4,0.5,1.45,2.44
0.9,0.9,0.4,1.0,1.9,3.07
0.9,0.9,0.4,1.5,2.35,3.7
0.9,0.9,0.4,2.0,2.8,4.33
0.9,0.9,0.4,2.5,3.25,4.960000000000001
0.9,0.9,0.4,3.0,3.7,5.59
0.9,0.9,0.4,3.5,4.15,6.220000000000001
0.9,0.9,0.4,4.0,4.6,6.8500000000000005
0.9,0.9,0.4,4.5,5.05,7.4799999999999995
0.9,0.9,0.4,5.0,5.5,8.110000000000001
0.9,0.9,0.45,0.5,1.45,2.4625
0.9,0.9,0.45,1.0,1.9,3.115
0.9,0.9,0.45,1.5,2.35,3.7675
0.9,0.9,0.45,2.0,2.8,4.42
0.9,0.9,0.45,2.5,3.25,5.072500000000001
0.9,0.9,0.45,3.0,3.7,5.725
0.9,0.9,0.45,3.5,4.15,6.377500000000001
0.9,0.9,0.45,4.0,4.6,7.03
0.9,0.9,0.45,4.5,5.05,7.682499999999999
0.9,0.9,0.45,5.0,5.5,8.335
0.9,0.9,0.5,0.5,1.45,2.485
0.9,0.9,0.5,1.0,1.9,3.16
0.9,0.9,0.5,1.5,2.35,3.835
0.9,0.9,0.5,2.0,2.8,4.51
0.9,0.9,0.5,2.5,3.25,5.1850000000000005
0.9,0.9,0.5,3.0,3.7,5.859999999999999
0.9,0.9,0.5,3.5,4.15,6.535000000000001
0.9,0.9,0.5,4.0,4.6,7.21
0.9,0.9,0.5,4.5,5.05,7.885
0.9,0.9,0.5,5.0,5.5,8.56
0.9,1.0,0.0,0.5,1.45,2.35
0.9,1.0,0.0,1.0,1.9,2.8
0.9,1.0,0.0,1.5,2.35,3.25
0.9,1.0,0.0,2.0,2.8,3.6999999999999997
0.9,1.0,0.0,2.5,3.25,4.15
0.9,1.0,0.0,3.0,3.7,4.6000000000000005
0.9,1.0,0.0,3.5,4.15,5.050000000000001
0.9,1.0,0.0,4.0,4.6,5.5
0.9,1.0,0.0,4.5,5.05,5.95
0.9,1.0,0.0,5.0,5.5,6.4
0.9,1.0,0.05,0.5,1.45,2.3725
0.9,1.0,0.05,1.0,1.9,2.8449999999999998
0.9,1.0,0.05,1.5,2.35,3.3175
0.9,1.0,0.05,2.0,2.8,3.7899999999999996
0.9,1.0,0.05,2.5,3.25,4.2625
0.9,1.0,0.05,3.0,3.7,4.735
0.9,1.0,0.05,3.5,4.15,5.2075000000000005
0.9,1.0,0.05,4.0,4.6,5.68
0.9,1.0,0.05,4.5,5.05,6.1525
0.9,1.0,0.05,5.0,5.5,6.625
0.9,1.0,0.1,0.5,1.45,2.395
0.9,1.0,0.1,1.0,1.9,2.8899999999999997
0.9,1.0,0.1,1.5,2.35,3.3850000000000002
0.9,1.0,0.1,2.0,2.8,3.88
0.9,1.0,0.1,2.5,3.25,4.375
0.9,1.0,0.1,3.0,3.7,4.870000000000001
0.9,1.0,0.1,3.5,4.15,5.365000000000001
0.9,1.0,0.1,4.0,4.6,5.86
0.9,1.0,0.1,4.5,5.05,6.355
0.9,1.0,0.1,5.0,5.5,6.8500000000000005
0.9,1.0,0.15,0.5,1.45,2.4175
0.9,1.0,0.15,1.0,1.9,2.9349999999999996
0.9,1.0,0.15,1.5,2.35,3.4525
0.9,1.0,0.15,2.0,2.8,3.9699999999999998
0.9,1.0,0.15,2.5,3.25,4.487500000000001
0.9,1.0,0.15,3.0,3.7,5.005000000000001
0.9,1.0,0.15,3.5,4.15,5.522500000000001
0.9,1.0,0.15,4.0,4.6,6.04
0.9,1.0,0.15,4.5,5.05,6.5575
0.9,1.0,0.15,5.0,5.5,7.075
0.9,1.0,0.2,0.5,1.45,2.44
0.9,1.0,0.2,1.0,1.9,2.98
0.9,1.0,0.2,1.5,2.35,3.52
0.9,1.0,0.2,2.0,2.8,4.06
0.9,1.0,0.2,2.5,3.25,4.6000000000000005
0.9,1.0,0.2,3.0,3.7,5.140000000000001
0.9,1.0,0.2,3.5,4.15,5.680000000000001
0.9,1.0,0.2,4.0,4.6,6.22
0.9,1.0,0.2,4.5,5.05,6.76
0.9,1.0,0.2,5.0,5.5,7.300000000000001
0.9,1.0,0.25,0.5,1.45,2.4625
0.9,1.0,0.25,1.0,1.9,3.025
0.9,1.0,0.25,1.5,2.35,3.5875
0.9,1.0,0.25,2.0,2.8,4.1499999999999995
0.9,1.0,0.25,2.5,3.25,4.7125
0.9,1.0,0.25,3.0,3.7,5.275
0.9,1.0,0.25,3.5,4.15,5.8375
0.9,1.0,0.25,4.0,4.6,6.4
0.9,1.0,0.25,4.5,5.05,6.9625
0.9,1.0,0.25,5.0,5.5,7.525
0.9,1.0,0.3,0.5,1.45,2.4850000000000003
0.9,1.0,0.3,1.0,1.9,3.07
0.9,1.0,0.3,1.5,2.35,3.655
0.9,1.0,0.3,2.0,2.8,4.24
0.9,1.0,0.3,2.5,3.25,4.825
0.9,1.0,0.3,3.0,3.7,5.41
0.9,1.0,0.3,3.5,4.15,5.995000000000001
0.9,1.0,0.3,4.0,4.6,6.58
0.9,1.0,0.3,4.5,5.05,7.165
0.9,1.0,0.3,5.0,5.5,7.75
0.9,1.0,0.35,0.5,1.45,2.5075000000000003
0.9,1.0,0.35,1.0,1.9,3.1149999999999998
0.9,1.0,0.35,1.5,2.35,3.7225
0.9,1.0,0.35,2.0,2.8,4.33
0.9,1.0,0.35,2.5,3.25,4.9375
0.9,1.0,0.35,3.0,3.7,5.545
0.9,1.0,0.35,3.5,4.15,6.152500000000001
0.9,1.0,0.35,4.0,4.6,6.76
0.9,1.0,0.35,4.5,5.05,7.3675
0.9,1.0,0.35,5.0,5.5,7.9750000000000005
0.9,1.0,0.4,0.5,1.45,2.5300000000000002
0.9,1.0,0.4,1.0,1.9,3.1599999999999997
0.9,1.0,0.4,1.5,2.35,3.79
0.9,1.0,0.4,2.0,2.8,4.42
0.9,1.0,0.4,2.5,3.25,5.050000000000001
0.9,1.0,0.4,3.0,3.7,5.680000000000001
0.9,1.0,0.4,3.5,4.15,6.3100000000000005
0.9,1.0,0.4,4.0,4.6,6.94
0.9,1.0,0.4,4.5,5.05,7.57
0.9,1.0,0.4,5.0,5.5,8.200000000000001
0.9,1.0,0.45,0.5,1.45,2.5525
0.9,1.0,0.45,1.0,1.9,3.205
0.9,1.0,0.45,1.5,2.35,3.8575
0.9,1.0,0.45,2.0,2.8,4.51
0.9,1.0,0.45,2.5,3.25,5.1625000000000005
0.9,1.0,0.45,3.0,3.7,5.815
0.9,1.0,0.45,3.5,4.15,6.467500000000001
0.9,1.0,0.45,4.0,4.6,7.12
0.9,1.0,0.45,4.5,5.05,7.7725
0.9,1.0,0.45,5.0,5.5,8.425
0.9,1.0,0.5,0.5,1.45,2.575
0.9,1.0,0.5,1.0,1.9,3.25
0.9,1.0,0.5,1.5,2.35,3.925
0.9,1.0,0.5,2.0,2.8,4.6
0.9,1.0,0.5,2.5,3.25,5.275
0.9,1.0,0.5,3.0,3.7,5.950000000000001
0.9,1.0,0.5,3.5,4.15,6.625000000000001
0.9,1.0,0.5,4.0,4.6,7.3
0.9,1.0,0.5,4.5,5.05,7.975
0.9,1.0,0.5,5.0,5.5,8.65
1.0,0.0,0.0,0.5,1.5,1.5
1.0,0.0,0.0,1.0,2.0,2.0
1.0,0.0,0.0,1.5,2.5,2.5
1.0,0.0,0.0,2.0,3.0,3.0
1.0,0.0,0.0,2.5,3.5,3.5
1.0,0.0,0.0,3.0,4.0,4.0
1.0,0.0,0.0,3.5,4.5,4.5
1.0,0.0,0.0,4.0,5.0,5.0
1.0,0.0,0.0,4.5,5.5,5.5
1.0,0.0,0.0,5.0,6.0,6.0
1.0,0.0,0.05,0.5,1.5,1.5225
1.0,0.0,0.05,1.0,2.0,2.045
1.0,0.0,0.05,1.5,2.5,2.5675
1.0,0.0,0.05,2.0,3.0,3.09
1.0,0.0,0.05,2.5,3.5,3.6125
1.0,0.0,0.05,3.0,4.0,4.135
1.0,0.0,0.05,3.5,4.5,4.6575
1.0,0.0,0.05,4.0,5.0,5.18
1.0,0.0,0.05,4.5,5.5,5.7025
1.0,0.0,0.05,5.0,6.0,6.225
1.0,0.0,0.1,0.5,1.5,1.545
1.0,0.0,0.1,1.0,2.0,2.09
1.0,0.0,0.1,1.5,2.5,2.6350000000000002
1.0,0.0,0.1,2.0,3.0,3.18
1.0,0.0,0.1,2.5,3.5,3.725
1.0,0.0,0.1,3.0,4.0,4.2700000000000005
1.0,0.0,0.1,3.5,4.5,4.815
1.0,0.0,0.1,4.0,5.0,5.36
1.0,0.0,0.1,4.5,5.5,5.905
1.0,0.0,0.1,5.0,6.0,6.45
1.0,0.0,0.15,0.5,1.5,1.5675
1.0,0.0,0.15,1.0,2.0,2.135
1.0,0.0,0.15,1.5,2.5,2.7025
1.0,0.0,0.15,2.0,3.0,3.27
1.0,0.0,0.15,2.5,3.5,3.8375
1.0,0.0,0.15,3.0,4.0,4.405
1.0,0.0,0.15,3.5,4.5,4.9725
1.0,0.0,0.15,4.0,5.0,5.54
1.0,0.0,0.15,4.5,5.5,6.1075
1.0,0.0,0.15,5.0,6.0,6.675
1.0,0.0,0.2,0.5,1.5,1.59
1.0,0.0,0.2,1.0,2.0,2.18
1.0,0.0,0.2,1.5,2.5,2.77
1.0,0.0,0.2,2.0,3.0,3.36
1.0,0.0,0.2,2.5,3.5,3.95
1.0,0.0,0.2,3.0,4.0,4.54
1.0,0.0,0.2,3.5,4.5,5.13
1.0,0.0,0.2,4.0,5.0,5.72
1.0,0.0,0.2,4.5,5.5,6.3100000000000005
1.0,0.0,0.2,5.0,6.0,6.9
1.0,0.0,0.25,0.5,1.5,1.6125
1.0,0.0,0.25,1.0,2.0,2.225
1.0,0.0,0.25,1.5,2.5,2.8375
1.0,0.0,0.25,2.0,3.0,3.45
1.0,0.0,0.25,2.5,3.5,4.0625
1.0,0.0,0.25,3.0,4.0,4.675
1.0,0.0,0.25,3.5,4.5,5.2875
1.0,0.0,0.25,4.0,5.0,5.9
1.0,0.0,0.25,4.5,5.5,6.5125
1.0,0.0,0.25,5.0,6.0,7.125
1.0,0.0,0.3,0.5,1.5,1.635
1.0,0.0,0.3,1.0,2.0,2.27
1.0,0.0,0.3,1.5,2.5,2.905
1.0,0.0,0.3,2.0,3.0,3.54
1.0,0.0,0.3,2.5,3.5,4.175
1.0,0.0,0.3,3.0,4.0,4.81
1.0,0.0,0.3,3.5,4.5,5.445
1.0,0.0,0.3,4.0,5.0,6.08
1.0,0.0,0.3,4.5,5.5,6.715
1.0,0.0,0.3,5.0,6.0,7.35
1.0,0.0,0.35,0.5,1.5,1.6575
1.0,0.0,0.35,1.0,2.0,2.315
1.0,0.0,0.35,1.5,2.5,2.9725
1.0,0.0,0.35,2.0,3.0,3.63
1.0,0.0,0.35,2.5,3.5,4.2875
1.0,0.0,0.35,3.0,4.0,4.945
1.0,0.0,0.35,3.5,4.5,5.6025
1.0,0.0,0.35,4.0,5.0,6.26
1.0,0.0,0.35,4.5,5.5,6.9175
1.0,0.0,0.35,5.0,6.0,7.575
1.0,0.0,0.4,0.5,1.5,1.68
1.0,0.0,0.4,1.0,2.0,2.36
1.0,0.0,0.4,1.5,2.5,3.04
1.0,0.0,0.4,2.0,3.0,3.72
1.0,0.0,0.4,2.5,3.5,4.4
1.0,0.0,0.4,3.0,4.0,5.08
1.0,0.0,0.4,3.5,4.5,5.76
1.0,0.0,0.4,4.0,5.0,6.44
1.0,0.0,0.4,4.5,5.5,7.12
1.0,0.0,0.4,5.0,6.0,7.8
1.0,0.0,0.45,0.5,1.5,1.7025000000000001
1.0,0.0,0.45,1.0,2.0,2.4050000000000002
1.0,0.0,0.45,1.5,2.5,3.1075
1.0,0.0,0.45,2.0,3.0,3.81
1.0,0.0,0.45,2.5,3.5,4.5125
1.0,0.0,0.45,3.0,4.0,5.215
1.0,0.0,0.45,3.5,4.5,5.9175
1.0,0.0,0.45,4.0,5.0,6.62
1.0,0.0,0.45,4.5,5.5,7.3225
1.0,0.0,0.45,5.0,6.0,8.025
1.0,0.0,0.5,0.5,1.5,1.725
1.0,0.0,0.5,1.0,2.0,2.45
1.0,0.0,0.5,1.5,2.5,3.175
1.0,0.0,0.5,2.0,3.0,3.9
1.0,0.0,0.5,2.5,3.5,4.625
1.0,0.0,0.5,3.0,4.0,5.35
1.0,0.0,0.5,3.5,4.5,6.075
1.0,0.0,0.5,4.0,5.0,6.8
1.0,0.0,0.5,4.5,5.5,7.525
1.0,0.0,0.5,5.0,6.0,8.25
1.0,0.1,0.0,0.5,1.5,1.59
1.0,0.1,0.0,1.0,2.0,2.09
1.0,0.1,0.0,1.5,2.5,2.59
1.0,0.1,0.0,2.0,3.0,3.09
1.0,0.1,0.0,2.5,3.5,3.59
1.0,0.1,0.0,3.0,4.0,4.09
1.0,0.1,0.0,3.5,4.5,4.59
1.0,0.1,0.0,4.0,5.0,5.09
1.0,0.1,0.0,4.5,5.5,5.59
1.0,0.1,0.0,5.0,6.0,6.09
1.0,0.1,0.05,0.5,1.5,1.6125
1.0,0.1,0.05,1.0,2.0,2.135
1.0,0.1,0.05,1.5,2.5,2.6574999999999998
1.0,0.1,0.05,2.0,3.0,3.1799999999999997
1.0,0.1,0.05,2.5,3.5,3.7024999999999997
1.0,0.1,0.05,3.0,4.0,4.225
1.0,0.1,0.05,3.5,4.5,4.7475
1.0,0.1,0.05,4.0,5.0,5.27
1.0,0.1,0.05,4.5,5.5,5.7924999999999995
1.0,0.1,0.05,5.0,6.0,6.3149999999999995
1.0,0.1,0.1,0.5,1.5,1.635
1.0,0.1,0.1,1.0,2.0,2.1799999999999997
1.0,0.1,0.1,1.5,2.5,2.725
1.0,0.1,0.1,2.0,3.0,3.27
1.0,0.1,0.1,2.5,3.5,3.815
1.0,0.1,0.1,3.0,4.0,4.36
1.0,0.1,0.1,3.5,4.5,4.905
1.0,0.1,0.1,4.0,5.0,5.45
1.0,0.1,0.1,4.5,5.5,5.995
1.0,0.1,0.1,5.0,6.0,6.54
1.0,0.1,0.15,0.5,1.5,1.6575000000000002
1.0,0.1,0.15,1.0,2.0,2.2249999999999996
1.0,0.1,0.15,1.5,2.5,2.7925
1.0,0.1,0.15,2.0,3.0,3.36
1.0,0.1,0.15,2.5,3.5,3.9274999999999998
1.0,0.1,0.15,3.0,4.0,4.495
1.0,0.1,0.15,3.5,4.5,5.0625
1.0,0.1,0.15,4.0,5.0,5.63
1.0,0.1,0.15,4.5,5.5,6.1975
1.0,0.1,0.15,5.0,6.0,6.765
1.0,0.1,0.2,0.5,1.5,1.6800000000000002
1.0,0.1,0.2,1.0,2.0,2.27
1.0,0.1,0.2,1.5,2.5,2.86
1.0,0.1,0.2,2.0,3.0,3.4499999999999997
1.0,0.1,0.2,2.5,3.5,4.04
1.0,0.1,0.2,3.0,4.0,4.63
1.0,0.1,0.2,3.5,4.5,5.22
1.0,0.1,0.2,4.0,5.0,5.81
1.0,0.1,0.2,4.5,5.5,6.4
1.0,0.1,0.2,5.0,6.0,6.99
1.0,0.1,0.25,0.5,1.5,1.7025000000000001
1.0,0.1,0.25,1.0,2.0,2.315
1.0,0.1,0.25,1.5,2.5,2.9274999999999998
1.0,0.1,0.25,2.0,3.0,3.54
1.0,0.1,0.25,2.5,3.5,4.1525
1.0,0.1,0.25,3.0,4.0,4.765
1.0,0.1,0.25,3.5,4.5,5.3774999999999995
1.0,0.1,0.25,4.0,5.0,5.99
1.0,0.1,0.25,4.5,5.5,6.6025
1.0,0.1,0.25,5.0,6.0,7.215
1.0,0.1,0.3,0.5,1.5,1.725
1.0,0.1,0.3,1.0,2.0,2.36
1.0,0.1,0.3,1.5,2.5,2.9949999999999997
1.0,0.1,0.3,2.0,3.0,3.63
1.0,0.1,0.3,2.5,3.5,4.265
1.0,0.1,0.3,3.0,4.0,4.8999999999999995
1.0,0.1,0.3,3.5,4.5,5.535
1.0,0.1,0.3,4.0,5.0,6.17
1.0,0.1,0.3,4.5,5.5,6.805
1.0,0.1,0.3,5.0,6.0,7.4399999999999995
1.0,0.1,0.35,0.5,1.5,1.7475
1.0,0.1,0.35,1.0,2.0,2.405
1.0,0.1,0.35,1.5,2.5,3.0625
1.0,0.1,0.35,2.0,3.0,3.7199999999999998
1.0,0.1,0.35,2.5,3.5,4.3774999999999995
1.0,0.1,0.35,3.0,4.0,5.035
1.0,0.1,0.35,3.5,4.5,5.6925
1.0,0.1,0.35,4.0,5.0,6.35
1.0,0.1,0.35,4.5,5.5,7.0075
1.0,0.1,0.35,5.0,6.0,7.665
1.0,0.1,0.4,0.5,1.5,1.77
1.0,0.1,0.4,1.0,2.0,2.4499999999999997
1.0,0.1,0.4,1.5,2.5,3.13
1.0,0.1,0.4,2.0,3.0,3.81
1.0,0.1,0.4,2.5,3.5,4.49
1.0,0.1,0.4,3.0,4.0,5.17
1.0,0.1,0.4,3.5,4.5,5.85
1.0,0.1,0.4,4.0,5.0,6.53
1.0,0.1,0.4,4.5,5.5,7.21
1.0,0.1,0.4,5.0,6.0,7.89
1.0,0.1,0.45,0.5,1.5,1.7925
1.0,0.1,0.45,1.0,2.0,2.495
1.0,0.1,0.45,1.5,2.5,3.1975
1.0,0.1,0.45,2.0,3.0,3.9
1.0,0.1,0.45,2.5,3.5,4.6025
1.0,0.1,0.45,3.0,4.0,5.305
1.0,0.1,0.45,3.5,4.5,6.0075
1.0,0.1,0.45,4.0,5.0,6.71
1.0,0.1,0.45,4.5,5.5,7.4125
1.0,0.1,0.45,5.0,6.0,8.115
1.0,0.1,0.5,0.5,1.5,1.8150000000000002
1.0,0.1,0.5,1.0,2.0,2.54
1.0,0.1,0.5,1.5,2.5,3.2649999999999997
1.0,0.1,0.5,2.0,3.0,3.9899999999999998
1.0,0.1,0.5,2.5,3.5,4.715
1.0,0.1,0.5,3.0,4.0,5.4399999999999995
1.0,0.1,0.5,3.5,4.5,6.165
1.0,0.1,0.5,4.0,5.0,6.89
1.0,0.1,0.5,4.5,5.5,7.615
1.0,0.1,0.5,5.0,6.0,8.34
1.0,0.2,0.0,0.5,1.5,1.68
1.0,0.2,0.0,1.0,2.0,2.18
1.0,0.2,0.0,1.5,2.5,2.68
1.0,0.2,0.0,2.0,3.0,3.18
1.0,0.2,0.0,2.5,3.5,3.68
1.0,0.2,0.0,3.0,4.0,4.18
1.0,0.2,0.0,3.5,4.5,4.68
1.0,0.2,0.0,4.0,5.0,5.18
1.0,0.2,0.0,4.5,5.5,5.68
1.0,0.2,0.0,5.0,6.0,6.18
1.0,0.2,0.05,0.5,1.5,1.7025
1.0,0.2,0.05,1.0,2.0,2.225
1.0,0.2,0.05,1.5,2.5,2.7475
1.0,0.2,0.05,2.0,3.0,3.27
1.0,0.2,0.05,2.5,3.5,3.7925
1.0,0.2,0.05,3.0,4.0,4.3149999999999995
1.0,0.2,0.05,3.5,4.5,4.8374999999999995
1.0,0.2,0.05,4.0,5.0,5.359999999999999
1.0,0.2,0.05,4.5,5.5,5.882499999999999
1.0,0.2,0.05,5.0,6.0,6.404999999999999
1.0,0.2,0.1,0.5,1.5,1.7249999999999999
1.0,0.2,0.1,1.0,2.0,2.27
1.0,0.2,0.1,1.5,2.5,2.8150000000000004
1.0,0.2,0.1,2.0,3.0,3.3600000000000003
1.0,0.2,0.1,2.5,3.5,3.9050000000000002
1.0,0.2,0.1,3.0,4.0,4.45
1.0,0.2,0.1,3.5,4.5,4.995
1.0,0.2,0.1,4.0,5.0,5.54
1.0,0.2,0.1,4.5,5.5,6.085
1.0,0.2,0.1,5.0,6.0,6.63
1.0,0.2,0.15,0.5,1.5,1.7475
1.0,0.2,0.15,1.0,2.0,2.3150000000000004
1.0,0.2,0.15,1.5,2.5,2.8825000000000003
1.0,0.2,0.15,2.0,3.0,3.45
1.0,0.2,0.15,2.5,3.5,4.0175
1.0,0.2,0.15,3.0,4.0,4.585
1.0,0.2,0.15,3.5,4.5,5.1525
1.0,0.2,0.15,4.0,5.0,5.72
1.0,0.2,0.15,4.5,5.5,6.2875
1.0,0.2,0.15,5.0,6.0,6.8549999999999995
1.0,0.2,0.2,0.5,1.5,1.77
1.0,0.2,0.2,1.0,2.0,2.3600000000000003
1.0,0.2,0.2,1.5,2.5,2.95
1.0,0.2,0.2,2.0,3.0,3.54
1.0,0.2,0.2,2.5,3.5,4.13
1.0,0.2,0.2,3.0,4.0,4.72
1.0,0.2,0.2,3.5,4.5,5.31
1.0,0.2,0.2,4.0,5.0,5.8999999999999995
1.0,0.2,0.2,4.5,5.5,6.49
1.0,0.2,0.2,5.0,6.0,7.08
1.0,0.2,0.25,0.5,1.5,1.7925
1.0,0.2,0.25,1.0,2.0,2.4050000000000002
1.0,0.2,0.25,1.5,2.5,3.0175
1.0,0.2,0.25,2.0,3.0,3.6300000000000003
1.0,0.2,0.25,2.5,3.5,4.2425
1.0,0.2,0.25,3.0,4.0,4.8549999999999995
1.0,0.2,0.25,3.5,4.5,5.467499999999999
1.0,0.2,0.25,4.0,5.0,6.08
1.0,0.2,0.25,4.5,5.5,6.6925
1.0,0.2,0.25,5.0,6.0,7.305
1.0,0.2,0.3,0.5,1.5,1.815
1.0,0.2,0.3,1.0,2.0,2.45
1.0,0.2,0.3,1.5,2.5,3.085
1.0,0.2,0.3,2.0,3.0,3.72
1.0,0.2,0.3,2.5,3.5,4.355
1.0,0.2,0.3,3.0,4.0,4.989999999999999
1.0,0.2,0.3,3.5,4.5,5.625
1.0,0.2,0.3,4.0,5.0,6.26
1.0,0.2,0.3,4.5,5.5,6.895
1.0,0.2,0.3,5.0,6.0,7.529999999999999
1.0,0.2,0.35,0.5,1.5,1.8375
1.0,0.2,0.35,1.0,2.0,2.495
1.0,0.2,0.35,1.5,2.5,3.1525
1.0,0.2,0.35,2.0,3.0,3.81
1.0,0.2,0.35,2.5,3.5,4.4675
1.0,0.2,0.35,3.0,4.0,5.125
1.0,0.2,0.35,3.5,4.5,5.7825
1.0,0.2,0.35,4.0,5.0,6.4399999999999995
1.0,0.2,0.35,4.5,5.5,7.0975
1.0,0.2,0.35,5.0,6.0,7.755
1.0,0.2,0.4,0.5,1.5,1.8599999999999999
1.0,0.2,0.4,1.0,2.0,2.54
1.0,0.2,0.4,1.5,2.5,3.22
1.0,0.2,0.4,2.0,3.0,3.9000000000000004
1.0,0.2,0.4,2.5,3.5,4.58
1.0,0.2,0.4,3.0,4.0,5.26
1.0,0.2,0.4,3.5,4.5,5.9399999999999995
1.0,0.2,0.4,4.0,5.0,6.62
1.0,0.2,0.4,4.5,5.5,7.3
1.0,0.2,0.4,5.0,6.0,7.9799999999999995
1.0,0.2,0.45,0.5,1.5,1.8824999999999998
1.0,0.2,0.45,1.0,2.0,2.585
1.0,0.2,0.45,1.5,2.5,3.2875
1.0,0.2,0.45,2.0,3.0,3.99
1.0,0.2,0.45,2.5,3.5,4.6925
1.0,0.2,0.45,3.0,4.0,5.395
1.0,0.2,0.45,3.5,4.5,6.0975
1.0,0.2,0.45,4.0,5.0,6.8
1.0,0.2,0.45,4.5,5.5,7.5024999999999995
1.0,0.2,0.45,5.0,6.0,8.205
1.0,0.2,0.5,0.5,1.5,1.905
1.0,0.2,0.5,1.0,2.0,2.6300000000000003
1.0,0.2,0.5,1.5,2.5,3.3550000000000004
1.0,0.2,0.5,2.0,3.0,4.08
1.0,0.2,0.5,2.5,3.5,4.805
1.0,0.2,0.5,3.0,4.0,5.529999999999999
1.0,0.2,0.5,3.5,4.5,6.255
1.0,0.2,0.5,4.0,5.0,6.9799999999999995
1.0,0.2,0.5,4.5,5.5,7.705
1.0,0.2,0.5,5.0,6.0,8.43
1.0,0.3,0.0,0.5,1.5,1.77
1.0,0.3,0.0,1.0,2.0,2.27
1.0,0.3,0.0,1.5,2.5,2.77
1.0,0.3,0.0,2.0,3.0,3.27
1.0,0.3,0.0,2.5,3.5,3.77
1.0,0.3,0.0,3.0,4.0,4.27
1.0,0.3,0.0,3.5,4.5,4.77
1.0,0.3,0.0,4.0,5.0,5.27
1.0,0.3,0.0,4.5,5.5,5.77
1.0,0.3,0.0,5.0,6.0,6.27
1.0,0.3,0.05,0.5,1.5,1.7925
1.0,0.3,0.05,1.0,2.0,2.315
1.0,0.3,0.05,1.5,2.5,2.8375
1.0,0.3,0.05,2.0,3.0,3.36
1.0,0.3,0.05,2.5,3.5,3.8825
1.0,0.3,0.05,3.0,4.0,4.404999999999999
1.0,0.3,0.05,3.5,4.5,4.927499999999999
1.0,0.3,0.05,4.0,5.0,5.449999999999999
1.0,0.3,0.05,4.5,5.5,5.972499999999999
1.0,0.3,0.05,5.0,6.0,6.494999999999999
1.0,0.3,0.1,0.5,1.5,1.815
1.0,0.3,0.1,1.0,2.0,2.36
1.0,0.3,0.1,1.5,2.5,2.9050000000000002
1.0,0.3,0.1,2.0,3.0,3.45
1.0,0.3,0.1,2.5,3.5,3.995
1.0,0.3,0.1,3.0,4.0,4.54
1.0,0.3,0.1,3.5,4.5,5.085
1.0,0.3,0.1,4.0,5.0,5.63
1.0,0.3,0.1,4.5,5.5,6.175
1.0,0.3,0.1,5.0,6.0,6.72
1.0,0.3,0.15,0.5,1.5,1.8375
1.0,0.3,0.15,1.0,2.0,2.4050000000000002
1.0,0.3,0.15,1.5,2.5,2.9725
1.0,0.3,0.15,2.0,3.0,3.54
1.0,0.3,0.15,2.5,3.5,4.1075
1.0,0.3,0.15,3.0,4.0,4.675
1.0,0.3,0.15,3.5,4.5,5.2425
1.0,0.3,0.15,4.0,5.0,5.81
1.0,0.3,0.15,4.5,5.5,6.3774999999999995
1.0,0.3,0.15,5.0,6.0,6.944999999999999
1.0,0.3,0.2,0.5,1.5,1.86
1.0,0.3,0.2,1.0,2.0,2.45
1.0,0.3,0.2,1.5,2.5,3.04
1.0,0.3,0.2,2.0,3.0,3.63
1.0,0.3,0.2,2.5,3.5,4.22
1.0,0.3,0.2,3.0,4.0,4.81
1.0,0.3,0.2,3.5,4.5,5.3999999999999995
1.0,0.3,0.2,4.0,5.0,5.989999999999999
1.0,0.3,0.2,4.5,5.5,6.58
1.0,0.3,0.2,5.0,6.0,7.17
1.0,0.3,0.25,0.5,1.5,1.8825
1.0,0.3,0.25,1.0,2.0,2.495
1.0,0.3,0.25,1.5,2.5,3.1075
1.0,0.3,0.25,2.0,3.0,3.72
1.0,0.3,0.25,2.5,3.5,4.3325
1.0,0.3,0.25,3.0,4.0,4.944999999999999
1.0,0.3,0.25,3.5,4.5,5.557499999999999
1.0,0.3,0.25,4.0,5.0,6.17
1.0,0.3,0.25,4.5,5.5,6.7825
1.0,0.3,0.25,5.0,6.0,7.395
1.0,0.3,0.3,0.5,1.5,1.905
1.0,0.3,0.3,1.0,2.0,2.54
1.0,0.3,0.3,1.5,2.5,3.175
1.0,0.3,0.3,2.0,3.0,3.81
1.0,0.3,0.3,2.5,3.5,4.445
1.0,0.3,0.3,3.0,4.0,5.079999999999999
1.0,0.3,0.3,3.5,4.5,5.715
1.0,0.3,0.3,4.0,5.0,6.35
1.0,0.3,0.3,4.5,5.5,6.984999999999999
1.0,0.3,0.3,5.0,6.0,7.619999999999999
1.0,0.3,0.35,0.5,1.5,1.9275
1.0,0.3,0.35,1.0,2.0,2.585
1.0,0.3,0.35,1.5,2.5,3.2424999999999997
1.0,0.3,0.35,2.0,3.0,3.9
1.0,0.3,0.35,2.5,3.5,4.5575
1.0,0.3,0.35,3.0,4.0,5.215
1.0,0.3,0.35,3.5,4.5,5.8725
1.0,0.3,0.35,4.0,5.0,6.529999999999999
1.0,0.3,0.35,4.5,5.5,7.1875
1.0,0.3,0.35,5.0,6.0,7.845
1.0,0.3,0.4,0.5,1.5,1.95
1.0,0.3,0.4,1.0,2.0,2.63
1.0,0.3,0.4,1.5,2.5,3.31
1.0,0.3,0.4,2.0,3.0,3.99
1.0,0.3,0.4,2.5,3.5,4.67
1.0,0.3,0.4,3.0,4.0,5.35
1.0,0.3,0.4,3.5,4.5,6.029999999999999
1.0,0.3,0.4,4.0,5.0,6.71
1.0,0.3,0.4,4.5,5.5,7.39
1.0,0.3,0.4,5.0,6.0,8.07
1.0,0.3,0.45,0.5,1.5,1.9725000000000001
1.0,0.3,0.45,1.0,2.0,2.675
1.0,0.3,0.45,1.5,2.5,3.3775
1.0,0.3,0.45,2.0,3.0,4.08
1.0,0.3,0.45,2.5,3.5,4.7825
1.0,0.3,0.45,3.0,4.0,5.484999999999999
1.0,0.3,0.45,3.5,4.5,6.1875
1.0,0.3,0.45,4.0,5.0,6.89
1.0,0.3,0.45,4.5,5.5,7.592499999999999
1.0,0.3,0.45,5.0,6.0,8.295
1.0,0.3,0.5,0.5,1.5,1.995
1.0,0.3,0.5,1.0,2.0,2.72
1.0,0.3,0.5,1.5,2.5,3.4450000000000003
1.0,0.3,0.5,2.0,3.0,4.17
1.0,0.3,0.5,2.5,3.5,4.895
1.0,0.3,0.5,3.0,4.0,5.619999999999999
1.0,0.3,0.5,3.5,4.5,6.345
1.0,0.3,0.5,4.0,5.0,7.069999999999999
1.0,0.3,0.5,4.5,5.5,7.795
1.0,0.3,0.5,5.0,6.0,8.52
1.0,0.4,0.0,0.5,1.5,1.86
1.0,0.4,0.0,1.0,2.0,2.36
1.0,0.4,0.0,1.5,2.5,2.86
1.0,0.4,0.0,2.0,3.0,3.36
1.0,0.4,0.0,2.5,3.5,3.86
1.0,0.4,0.0,3.0,4.0,4.36
1.0,0.4,0.0,3.5,4.5,4.86
1.0,0.4,0.0,4.0,5.0,5.36
1.0,0.4,0.0,4.5,5.5,5.86
1.0,0.4,0.0,5.0,6.0,6.36
1.0,0.4,0.05,0.5,1.5,1.8825
1.0,0.4,0.05,1.0,2.0,2.405
1.0,0.4,0.05,1.5,2.5,2.9274999999999998
1.0,0.4,0.05,2.0,3.0,3.4499999999999997
1.0,0.4,0.05,2.5,3.5,3.9724999999999997
1.0,0.4,0.05,3.0,4.0,4.495
1.0,0.4,0.05,3.5,4.5,5.0175
1.0,0.4,0.05,4.0,5.0,5.54
1.0,0.4,0.05,4.5,5.5,6.0625
1.0,0.4,0.05,5.0,6.0,6.585
1.0,0.4,0.1,0.5,1.5,1.905
1.0,0.4,0.1,1.0,2.0,2.4499999999999997
1.0,0.4,0.1,1.5,2.5,2.995
1.0,0.4,0.1,2.0,3.0,3.54
1.0,0.4,0.1,2.5,3.5,4.085
1.0,0.4,0.1,3.0,4.0,4.630000000000001
1.0,0.4,0.1,3.5,4.5,5.175000000000001
1.0,0.4,0.1,4.0,5.0,5.720000000000001
1.0,0.4,0.1,4.5,5.5,6.265000000000001
1.0,0.4,0.1,5.0,6.0,6.8100000000000005
1.0,0.4,0.15,0.5,1.5,1.9275000000000002
1.0,0.4,0.15,1.0,2.0,2.495
1.0,0.4,0.15,1.5,2.5,3.0625
1.0,0.4,0.15,2.0,3.0,3.63
1.0,0.4,0.15,2.5,3.5,4.1975
1.0,0.4,0.15,3.0,4.0,4.765000000000001
1.0,0.4,0.15,3.5,4.5,5.3325000000000005
1.0,0.4,0.15,4.0,5.0,5.9
1.0,0.4,0.15,4.5,5.5,6.4675
1.0,0.4,0.15,5.0,6.0,7.035
1.0,0.4,0.2,0.5,1.5,1.9500000000000002
1.0,0.4,0.2,1.0,2.0,2.54
1.0,0.4,0.2,1.5,2.5,3.13
1.0,0.4,0.2,2.0,3.0,3.7199999999999998
1.0,0.4,0.2,2.5,3.5,4.31
1.0,0.4,0.2,3.0,4.0,4.9
1.0,0.4,0.2,3.5,4.5,5.49
1.0,0.4,0.2,4.0,5.0,6.08
1.0,0.4,0.2,4.5,5.5,6.67
1.0,0.4,0.2,5.0,6.0,7.260000000000001
1.0,0.4,0.25,0.5,1.5,1.9725000000000001
1.0,0.4,0.25,1.0,2.0,2.585
1.0,0.4,0.25,1.5,2.5,3.1975
1.0,0.4,0.25,2.0,3.0,3.81
1.0,0.4,0.25,2.5,3.5,4.422499999999999
1.0,0.4,0.25,3.0,4.0,5.035
1.0,0.4,0.25,3.5,4.5,5.6475
1.0,0.4,0.25,4.0,5.0,6.260000000000001
1.0,0.4,0.25,4.5,5.5,6.8725000000000005
1.0,0.4,0.25,5.0,6.0,7.485
1.0,0.4,0.3,0.5,1.5,1.995
1.0,0.4,0.3,1.0,2.0,2.63
1.0,0.4,0.3,1.5,2.5,3.2649999999999997
1.0,0.4,0.3,2.0,3.0,3.9
1.0,0.4,0.3,2.5,3.5,4.535
1.0,0.4,0.3,3.0,4.0,5.17
1.0,0.4,0.3,3.5,4.5,5.805000000000001
1.0,0.4,0.3,4.0,5.0,6.44
1.0,0.4,0.3,4.5,5.5,7.075
1.0,0.4,0.3,5.0,6.0,7.710000000000001
1.0,0.4,0.35,0.5,1.5,2.0175
1.0,0.4,0.35,1.0,2.0,2.675
1.0,0.4,0.35,1.5,2.5,3.3324999999999996
1.0,0.4,0.35,2.0,3.0,3.9899999999999998
1.0,0.4,0.35,2.5,3.5,4.6475
1.0,0.4,0.35,3.0,4.0,5.305
1.0,0.4,0.35,3.5,4.5,5.9625
1.0,0.4,0.35,4.0,5.0,6.62
1.0,0.4,0.35,4.5,5.5,7.2775
1.0,0.4,0.35,5.0,6.0,7.9350000000000005
1.0,0.4,0.4,0.5,1.5,2.04
1.0,0.4,0.4,1.0,2.0,2.7199999999999998
1.0,0.4,0.4,1.5,2.5,3.4
1.0,0.4,0.4,2.0,3.0,4.08
1.0,0.4,0.4,2.5,3.5,4.76
1.0,0.4,0.4,3.0,4.0,5.44
1.0,0.4,0.4,3.5,4.5,6.120000000000001
1.0,0.4,0.4,4.0,5.0,6.800000000000001
1.0,0.4,0.4,4.5,5.5,7.48
1.0,0.4,0.4,5.0,6.0,8.16
1.0,0.4,0.45,0.5,1.5,2.0625
1.0,0.4,0.45,1.0,2.0,2.7649999999999997
1.0,0.4,0.45,1.5,2.5,3.4675
1.0,0.4,0.45,2.0,3.0,4.17
1.0,0.4,0.45,2.5,3.5,4.8725
1.0,0.4,0.45,3.0,4.0,5.575
1.0,0.4,0.45,3.5,4.5,6.2775
1.0,0.4,0.45,4.0,5.0,6.98
1.0,0.4,0.45,4.5,5.5,7.6825
1.0,0.4,0.45,5.0,6.0,8.385
1.0,0.4,0.5,0.5,1.5,2.085
1.0,0.4,0.5,1.0,2.0,2.81
1.0,0.4,0.5,1.5,2.5,3.535
1.0,0.4,0.5,2.0,3.0,4.26
1.0,0.4,0.5,2.5,3.5,4.984999999999999
1.0,0.4,0.5,3.0,4.0,5.710000000000001
1.0,0.4,0.5,3.5,4.5,6.4350000000000005
1.0,0.4,0.5,4.0,5.0,7.16
1.0,0.4,0.5,4.5,5.5,7.885
1.0,0.4,0.5,5.0,6.0,8.61
1.0,0.5,0.0,0.5,1.5,1.95
1.0,0.5,0.0,1.0,2.0,2.45
1.0,0.5,0.0,1.5,2.5,2.95
1.0,0.5,0.0,2.0,3.0,3.45
1.0,0.5,0.0,2.5,3.5,3.95
1.0,0.5,0.0,3.0,4.0,4.45
1.0,0.5,0.0,3.5,4.5,4.95
1.0,0.5,0.0,4.0,5.0,5.45
1.0,0.5,0.0,4.5,5.5,5.95
1.0,0.5,0.0,5.0,6.0,6.45
1.0,0.5,0.05,0.5,1.5,1.9725
1.0,0.5,0.05,1.0,2.0,2.495
1.0,0.5,0.05,1.5,2.5,3.0175
1.0,0.5,0.05,2.0,3.0,3.54
1.0,0.5,0.05,2.5,3.5,4.0625
1.0,0.5,0.05,3.0,4.0,4.585
1.0,0.5,0.05,3.5,4.5,5.1075
1.0,0.5,0.05,4.0,5.0,5.63
1.0,0.5,0.05,4.5,5.5,6.1525
1.0,0.5,0.05,5.0,6.0,6.675
1.0,0.5,0.1,0.5,1.5,1.9949999999999999
1.0,0.5,0.1,1.0,2.0,2.54
1.0,0.5,0.1,1.5,2.5,3.0850000000000004
1.0,0.5,0.1,2.0,3.0,3.6300000000000003
1.0,0.5,0.1,2.5,3.5,4.175
1.0,0.5,0.1,3.0,4.0,4.720000000000001
1.0,0.5,0.1,3.5,4.5,5.265000000000001
1.0,0.5,0.1,4.0,5.0,5.8100000000000005
1.0,0.5,0.1,4.5,5.5,6.355
1.0,0.5,0.1,5.0,6.0,6.9
1.0,0.5,0.15,0.5,1.5,2.0175
1.0,0.5,0.15,1.0,2.0,2.585
1.0,0.5,0.15,1.5,2.5,3.1525000000000003
1.0,0.5,0.15,2.0,3.0,3.72
1.0,0.5,0.15,2.5,3.5,4.2875000000000005
1.0,0.5,0.15,3.0,4.0,4.855
1.0,0.5,0.15,3.5,4.5,5.4225
1.0,0.5,0.15,4.0,5.0,5.99
1.0,0.5,0.15,4.5,5.5,6.5575
1.0,0.5,0.15,5.0,6.0,7.125
1.0,0.5,0.2,0.5,1.5,2.04
1.0,0.5,0.2,1.0,2.0,2.6300000000000003
1.0,0.5,0.2,1.5,2.5,3.22
1.0,0.5,0.2,2.0,3.0,3.81
1.0,0.5,0.2,2.5,3.5,4.4
1.0,0.5,0.2,3.0,4.0,4.99
1.0,0.5,0.2,3.5,4.5,5.58
1.0,0.5,0.2,4.0,5.0,6.17
1.0,0.5,0.2,4.5,5.5,6.76
1.0,0.5,0.2,5.0,6.0,7.3500000000000005
1.0,0.5,0.25,0.5,1.5,2.0625
1.0,0.5,0.25,1.0,2.0,2.6750000000000003
1.0,0.5,0.25,1.5,2.5,3.2875
1.0,0.5,0.25,2.0,3.0,3.9000000000000004
1.0,0.5,0.25,2.5,3.5,4.5125
1.0,0.5,0.25,3.0,4.0,5.125
1.0,0.5,0.25,3.5,4.5,5.7375
1.0,0.5,0.25,4.0,5.0,6.3500000000000005
1.0,0.5,0.25,4.5,5.5,6.9625
1.0,0.5,0.25,5.0,6.0,7.575
1.0,0.5,0.3,0.5,1.5,2.085
1.0,0.5,0.3,1.0,2.0,2.72
1.0,0.5,0.3,1.5,2.5,3.355
1.0,0.5,0.3,2.0,3.0,3.99
1.0,0.5,0.3,2.5,3.5,4.625
1.0,0.5,0.3,3.0,4.0,5.26
1.0,0.5,0.3,3.5,4.5,5.8950000000000005
1.0,0.5,0.3,4.0,5.0,6.53
1.0,0.5,0.3,4.5,5.5,7.165
1.0,0.5,0.3,5.0,6.0,7.800000000000001
1.0,0.5,0.35,0.5,1.5,2.1075
1.0,0.5,0.35,1.0,2.0,2.765
1.0,0.5,0.35,1.5,2.5,3.4225000000000003
1.0,0.5,0.35,2.0,3.0,4.08
1.0,0.5,0.35,2.5,3.5,4.7375
1.0,0.5,0.35,3.0,4.0,5.395
1.0,0.5,0.35,3.5,4.5,6.0525
1.0,0.5,0.35,4.0,5.0,6.71
1.0,0.5,0.35,4.5,5.5,7.3675
1.0,0.5,0.35,5.0,6.0,8.025
1.0,0.5,0.4,0.5,1.5,2.13
1.0,0.5,0.4,1.0,2.0,2.81
1.0,0.5,0.4,1.5,2.5,3.49
1.0,0.5,0.4,2.0,3.0,4.17
1.0,0.5,0.4,2.5,3.5,4.8500000000000005
1.0,0.5,0.4,3.0,4.0,5.53
1.0,0.5,0.4,3.5,4.5,6.210000000000001
1.0,0.5,0.4,4.0,5.0,6.890000000000001
1.0,0.5,0.4,4.5,5.5,7.57
1.0,0.5,0.4,5.0,6.0,8.25
1.0,0.5,0.45,0.5,1.5,2.1525
1.0,0.5,0.45,1.0,2.0,2.8550000000000004
1.0,0.5,0.45,1.5,2.5,3.5575
1.0,0.5,0.45,2.0,3.0,4.26
1.0,0.5,0.45,2.5,3.5,4.9625
1.0,0.5,0.45,3.0,4.0,5.665
1.0,0.5,0.45,3.5,4.5,6.3675
1.0,0.5,0.45,4.0,5.0,7.07
1.0,0.5,0.45,4.5,5.5,7.7725
1.0,0.5,0.45,5.0,6.0,8.475
1.0,0.5,0.5,0.5,1.5,2.175
1.0,0.5,0.5,1.0,2.0,2.9000000000000004
1.0,0.5,0.5,1.5,2.5,3.625
1.0,0.5,0.5,2.0,3.0,4.3500000000000005
1.0,0.5,0.5,2.5,3.5,5.075
1.0,0.5,0.5,3.0,4.0,5.800000000000001
1.0,0.5,0.5,3.5,4.5,6.525
1.0,0.5,0.5,4.0,5.0,7.25
1.0,0.5,0.5,4.5,5.5,7.975
1.0,0.5,0.5,5.0,6.0,8.7
1.0,0.6,0.0,0.5,1.5,2.04
1.0,0.6,0.0,1.0,2.0,2.54
1.0,0.6,0.0,1.5,2.5,3.04
1.0,0.6,0.0,2.0,3.0,3.54
1.0,0.6,0.0,2.5,3.5,4.04
1.0,0.6,0.0,3.0,4.0,4.54
1.0,0.6,0.0,3.5,4.5,5.04
1.0,0.6,0.0,4.0,5.0,5.54
1.0,0.6,0.0,4.5,5.5,6.04
1.0,0.6,0.0,5.0,6.0,6.54
1.0,0.6,0.05,0.5,1.5,2.0625
1.0,0.6,0.05,1.0,2.0,2.585
1.0,0.6,0.05,1.5,2.5,3.1075
1.0,0.6,0.05,2.0,3.0,3.63
1.0,0.6,0.05,2.5,3.5,4.1525
1.0,0.6,0.05,3.0,4.0,4.675
1.0,0.6,0.05,3.5,4.5,5.1975
1.0,0.6,0.05,4.0,5.0,5.72
1.0,0.6,0.05,4.5,5.5,6.2425
1.0,0.6,0.05,5.0,6.0,6.765
1.0,0.6,0.1,0.5,1.5,2.085
1.0,0.6,0.1,1.0,2.0,2.63
1.0,0.6,0.1,1.5,2.5,3.1750000000000003
1.0,0.6,0.1,2.0,3.0,3.72
1.0,0.6,0.1,2.5,3.5,4.265
1.0,0.6,0.1,3.0,4.0,4.8100000000000005
1.0,0.6,0.1,3.5,4.5,5.355
1.0,0.6,0.1,4.0,5.0,5.9
1.0,0.6,0.1,4.5,5.5,6.445
1.0,0.6,0.1,5.0,6.0,6.99
1.0,0.6,0.15,0.5,1.5,2.1075
1.0,0.6,0.15,1.0,2.0,2.675
1.0,0.6,0.15,1.5,2.5,3.2425
1.0,0.6,0.15,2.0,3.0,3.81
1.0,0.6,0.15,2.5,3.5,4.3775
1.0,0.6,0.15,3.0,4.0,4.945
1.0,0.6,0.15,3.5,4.5,5.5125
1.0,0.6,0.15,4.0,5.0,6.08
1.0,0.6,0.15,4.5,5.5,6.6475
1.0,0.6,0.15,5.0,6.0,7.215
1.0,0.6,0.2,0.5,1.5,2.13
1.0,0.6,0.2,1.0,2.0,2.72
1.0,0.6,0.2,1.5,2.5,3.31
1.0,0.6,0.2,2.0,3.0,3.9
1.0,0.6,0.2,2.5,3.5,4.49
1.0,0.6,0.2,3.0,4.0,5.08
1.0,0.6,0.2,3.5,4.5,5.67
1.0,0.6,0.2,4.0,5.0,6.26
1.0,0.6,0.2,4.5,5.5,6.85
1.0,0.6,0.2,5.0,6.0,7.44
1.0,0.6,0.25,0.5,1.5,2.1525
1.0,0.6,0.25,1.0,2.0,2.765
1.0,0.6,0.25,1.5,2.5,3.3775
1.0,0.6,0.25,2.0,3.0,3.99
1.0,0.6,0.25,2.5,3.5,4.6025
1.0,0.6,0.25,3.0,4.0,5.215
1.0,0.6,0.25,3.5,4.5,5.8275
1.0,0.6,0.25,4.0,5.0,6.44
1.0,0.6,0.25,4.5,5.5,7.0525
1.0,0.6,0.25,5.0,6.0,7.665
1.0,0.6,0.3,0.5,1.5,2.175
1.0,0.6,0.3,1.0,2.0,2.81
1.0,0.6,0.3,1.5,2.5,3.445
1.0,0.6,0.3,2.0,3.0,4.08
1.0,0.6,0.3,2.5,3.5,4.715
1.0,0.6,0.3,3.0,4.0,5.35
1.0,0.6,0.3,3.5,4.5,5.985
1.0,0.6,0.3,4.0,5.0,6.62
1.0,0.6,0.3,4.5,5.5,7.255
1.0,0.6,0.3,5.0,6.0,7.890000000000001
1.0,0.6,0.35,0.5,1.5,2.1975000000000002
1.0,0.6,0.35,1.0,2.0,2.855
1.0,0.6,0.35,1.5,2.5,3.5125
1.0,0.6,0.35,2.0,3.0,4.17
1.0,0.6,0.35,2.5,3.5,4.8275
1.0,0.6,0.35,3.0,4.0,5.484999999999999
1.0,0.6,0.35,3.5,4.5,6.1425
1.0,0.6,0.35,4.0,5.0,6.8
1.0,0.6,0.35,4.5,5.5,7.4575
1.0,0.6,0.35,5.0,6.0,8.115
1.0,0.6,0.4,0.5,1.5,2.22
1.0,0.6,0.4,1.0,2.0,2.9
1.0,0.6,0.4,1.5,2.5,3.58
1.0,0.6,0.4,2.0,3.0,4.26
1.0,0.6,0.4,2.5,3.5,4.94
1.0,0.6,0.4,3.0,4.0,5.62
1.0,0.6,0.4,3.5,4.5,6.300000000000001
1.0,0.6,0.4,4.0,5.0,6.98
1.0,0.6,0.4,4.5,5.5,7.66
1.0,0.6,0.4,5.0,6.0,8.34
1.0,0.6,0.45,0.5,1.5,2.2425
1.0,0.6,0.45,1.0,2.0,2.9450000000000003
1.0,0.6,0.45,1.5,2.5,3.6475
1.0,0.6,0.45,2.0,3.0,4.35
1.0,0.6,0.45,2.5,3.5,5.0525
1.0,0.6,0.45,3.0,4.0,5.755
1.0,0.6,0.45,3.5,4.5,6.4575
1.0,0.6,0.45,4.0,5.0,7.16
1.0,0.6,0.45,4.5,5.5,7.8625
1.0,0.6,0.45,5.0,6.0,8.565
1.0,0.6,0.5,0.5,1.5,2.265
1.0,0.6,0.5,1.0,2.0,2.99
1.0,0.6,0.5,1.5,2.5,3.715
1.0,0.6,0.5,2.0,3.0,4.44
1.0,0.6,0.5,2.5,3.5,5.165
1.0,0.6,0.5,3.0,4.0,5.890000000000001
1.0,0.6,0.5,3.5,4.5,6.615
1.0,0.6,0.5,4.0,5.0,7.34
1.0,0.6,0.5,4.5,5.5,8.065
1.0,0.6,0.5,5.0,6.0,8.79
1.0,0.7,0.0,0.5,1.5,2.13
1.0,0.7,0.0,1.0,2.0,2.63
1.0,0.7,0.0,1.5,2.5,3.13
1.0,0.7,0.0,2.0,3.0,3.63
1.0,0.7,0.0,2.5,3.5,4.13
1.0,0.7,0.0,3.0,4.0,4.63
1.0,0.7,0.0,3.5,4.5,5.13
1.0,0.7,0.0,4.0,5.0,5.63
1.0,0.7,0.0,4.5,5.5,6.13
1.0,0.7,0.0,5.0,6.0,6.63
1.0,0.7,0.05,0.5,1.5,2.1525
1.0,0.7,0.05,1.0,2.0,2.675
1.0,0.7,0.05,1.5,2.5,3.1975
1.0,0.7,0.05,2.0,3.0,3.7199999999999998
1.0,0.7,0.05,2.5,3.5,4.2425
1.0,0.7,0.05,3.0,4.0,4.765
1.0,0.7,0.05,3.5,4.5,5.2875
1.0,0.7,0.05,4.0,5.0,5.81
1.0,0.7,0.05,4.5,5.5,6.3325
1.0,0.7,0.05,5.0,6.0,6.8549999999999995
1.0,0.7,0.1,0.5,1.5,2.175
1.0,0.7,0.1,1.0,2.0,2.7199999999999998
1.0,0.7,0.1,1.5,2.5,3.265
1.0,0.7,0.1,2.0,3.0,3.81
1.0,0.7,0.1,2.5,3.5,4.3549999999999995
1.0,0.7,0.1,3.0,4.0,4.9
1.0,0.7,0.1,3.5,4.5,5.445
1.0,0.7,0.1,4.0,5.0,5.99
1.0,0.7,0.1,4.5,5.5,6.535
1.0,0.7,0.1,5.0,6.0,7.08
1.0,0.7,0.15,0.5,1.5,2.1975
1.0,0.7,0.15,1.0,2.0,2.7649999999999997
1.0,0.7,0.15,1.5,2.5,3.3325
1.0,0.7,0.15,2.0,3.0,3.9
1.0,0.7,0.15,2.5,3.5,4.4675
1.0,0.7,0.15,3.0,4.0,5.035
1.0,0.7,0.15,3.5,4.5,5.6025
1.0,0.7,0.15,4.0,5.0,6.17
1.0,0.7,0.15,4.5,5.5,6.7375
1.0,0.7,0.15,5.0,6.0,7.305
1.0,0.7,0.2,0.5,1.5,2.2199999999999998
1.0,0.7,0.2,1.0,2.0,2.81
1.0,0.7,0.2,1.5,2.5,3.4
1.0,0.7,0.2,2.0,3.0,3.9899999999999998
1.0,0.7,0.2,2.5,3.5,4.58
1.0,0.7,0.2,3.0,4.0,5.17
1.0,0.7,0.2,3.5,4.5,5.76
1.0,0.7,0.2,4.0,5.0,6.35
1.0,0.7,0.2,4.5,5.5,6.9399999999999995
1.0,0.7,0.2,5.0,6.0,7.53
1.0,0.7,0.25,0.5,1.5,2.2424999999999997
1.0,0.7,0.25,1.0,2.0,2.855
1.0,0.7,0.25,1.5,2.5,3.4675
1.0,0.7,0.25,2.0,3.0,4.08
1.0,0.7,0.25,2.5,3.5,4.6925
1.0,0.7,0.25,3.0,4.0,5.305
1.0,0.7,0.25,3.5,4.5,5.9174999999999995
1.0,0.7,0.25,4.0,5.0,6.53
1.0,0.7,0.25,4.5,5.5,7.1425
1.0,0.7,0.25,5.0,6.0,7.755
1.0,0.7,0.3,0.5,1.5,2.2649999999999997
1.0,0.7,0.3,1.0,2.0,2.9
1.0,0.7,0.3,1.5,2.5,3.5349999999999997
1.0,0.7,0.3,2.0,3.0,4.17
1.0,0.7,0.3,2.5,3.5,4.805
1.0,0.7,0.3,3.0,4.0,5.4399999999999995
1.0,0.7,0.3,3.5,4.5,6.075
1.0,0.7,0.3,4.0,5.0,6.71
1.0,0.7,0.3,4.5,5.5,7.345
1.0,0.7,0.3,5.0,6.0,7.98
1.0,0.7,0.35,0.5,1.5,2.2875
1.0,0.7,0.35,1.0,2.0,2.945
1.0,0.7,0.35,1.5,2.5,3.6025
1.0,0.7,0.35,2.0,3.0,4.26
1.0,0.7,0.35,2.5,3.5,4.9174999999999995
1.0,0.7,0.35,3.0,4.0,5.574999999999999
1.0,0.7,0.35,3.5,4.5,6.2325
1.0,0.7,0.35,4.0,5.0,6.89
1.0,0.7,0.35,4.5,5.5,7.547499999999999
1.0,0.7,0.35,5.0,6.0,8.205
1.0,0.7,0.4,0.5,1.5,2.31
1.0,0.7,0.4,1.0,2.0,2.9899999999999998
1.0,0.7,0.4,1.5,2.5,3.67
1.0,0.7,0.4,2.0,3.0,4.35
1.0,0.7,0.4,2.5,3.5,5.03
1.0,0.7,0.4,3.0,4.0,5.71
1.0,0.7,0.4,3.5,4.5,6.390000000000001
1.0,0.7,0.4,4.0,5.0,7.07
1.0,0.7,0.4,4.5,5.5,7.75
1.0,0.7,0.4,5.0,6.0,8.43
1.0,0.7,0.45,0.5,1.5,2.3325
1.0,0.7,0.45,1.0,2.0,3.035
1.0,0.7,0.45,1.5,2.5,3.7375
1.0,0.7,0.45,2.0,3.0,4.4399999999999995
1.0,0.7,0.45,2.5,3.5,5.1425
1.0,0.7,0.45,3.0,4.0,5.845
1.0,0.7,0.45,3.5,4.5,6.547499999999999
1.0,0.7,0.45,4.0,5.0,7.25
1.0,0.7,0.45,4.5,5.5,7.9525
1.0,0.7,0.45,5.0,6.0,8.655
1.0,0.7,0.5,0.5,1.5,2.355
1.0,0.7,0.5,1.0,2.0,3.08
1.0,0.7,0.5,1.5,2.5,3.8049999999999997
1.0,0.7,0.5,2.0,3.0,4.53
1.0,0.7,0.5,2.5,3.5,5.255
1.0,0.7,0.5,3.0,4.0,5.98
1.0,0.7,0.5,3.5,4.5,6.705
1.0,0.7,0.5,4.0,5.0,7.43
1.0,0.7,0.5,4.5,5.5,8.155
1.0,0.7,0.5,5.0,6.0,8.879999999999999
1.0,0.8,0.0,0.5,1.5,2.22
1.0,0.8,0.0,1.0,2.0,2.72
1.0,0.8,0.0,1.5,2.5,3.22
1.0,0.8,0.0,2.0,3.0,3.72
1.0,0.8,0.0,2.5,3.5,4.22
1.0,0.8,0.0,3.0,4.0,4.72
1.0,0.8,0.0,3.5,4.5,5.22
1.0,0.8,0.0,4.0,5.0,5.72
1.0,0.8,0.0,4.5,5.5,6.22
1.0,0.8,0.0,5.0,6.0,6.72
1.0,0.8,0.05,0.5,1.5,2.2425
1.0,0.8,0.05,1.0,2.0,2.765
1.0,0.8,0.05,1.5,2.5,3.2875
1.0,0.8,0.05,2.0,3.0,3.81
1.0,0.8,0.05,2.5,3.5,4.3325
1.0,0.8,0.05,3.0,4.0,4.8549999999999995
1.0,0.8,0.05,3.5,4.5,5.3774999999999995
1.0,0.8,0.05,4.0,5.0,5.8999999999999995
1.0,0.8,0.05,4.5,5.5,6.422499999999999
1.0,0.8,0.05,5.0,6.0,6.944999999999999
1.0,0.8,0.1,0.5,1.5,2.265
1.0,0.8,0.1,1.0,2.0,2.81
1.0,0.8,0.1,1.5,2.5,3.3550000000000004
1.0,0.8,0.1,2.0,3.0,3.9000000000000004
1.0,0.8,0.1,2.5,3.5,4.444999999999999
1.0,0.8,0.1,3.0,4.0,4.99
1.0,0.8,0.1,3.5,4.5,5.535
1.0,0.8,0.1,4.0,5.0,6.08
1.0,0.8,0.1,4.5,5.5,6.625
1.0,0.8,0.1,5.0,6.0,7.17
1.0,0.8,0.15,0.5,1.5,2.2875
1.0,0.8,0.15,1.0,2.0,2.8550000000000004
1.0,0.8,0.15,1.5,2.5,3.4225000000000003
1.0,0.8,0.15,2.0,3.0,3.99
1.0,0.8,0.15,2.5,3.5,4.5575
1.0,0.8,0.15,3.0,4.0,5.125
1.0,0.8,0.15,3.5,4.5,5.6925
1.0,0.8,0.15,4.0,5.0,6.26
1.0,0.8,0.15,4.5,5.5,6.8275
1.0,0.8,0.15,5.0,6.0,7.395
1.0,0.8,0.2,0.5,1.5,2.31
1.0,0.8,0.2,1.0,2.0,2.9000000000000004
1.0,0.8,0.2,1.5,2.5,3.49
1.0,0.8,0.2,2.0,3.0,4.08
1.0,0.8,0.2,2.5,3.5,4.67
1.0,0.8,0.2,3.0,4.0,5.26
1.0,0.8,0.2,3.5,4.5,5.85
1.0,0.8,0.2,4.0,5.0,6.4399999999999995
1.0,0.8,0.2,4.5,5.5,7.029999999999999
1.0,0.8,0.2,5.0,6.0,7.62
1.0,0.8,0.25,0.5,1.5,2.3325
1.0,0.8,0.25,1.0,2.0,2.9450000000000003
1.0,0.8,0.25,1.5,2.5,3.5575
1.0,0.8,0.25,2.0,3.0,4.17
1.0,0.8,0.25,2.5,3.5,4.7825
1.0,0.8,0.25,3.0,4.0,5.395
1.0,0.8,0.25,3.5,4.5,6.007499999999999
1.0,0.8,0.25,4.0,5.0,6.62
1.0,0.8,0.25,4.5,5.5,7.2325
1.0,0.8,0.25,5.0,6.0,7.845
1.0,0.8,0.3,0.5,1.5,2.3550000000000004
1.0,0.8,0.3,1.0,2.0,2.99
1.0,0.8,0.3,1.5,2.5,3.625
1.0,0.8,0.3,2.0,3.0,4.26
1.0,0.8,0.3,2.5,3.5,4.895
1.0,0.8,0.3,3.0,4.0,5.529999999999999
1.0,0.8,0.3,3.5,4.5,6.165
1.0,0.8,0.3,4.0,5.0,6.8
1.0,0.8,0.3,4.5,5.5,7.435
1.0,0.8,0.3,5.0,6.0,8.07
1.0,0.8,0.35,0.5,1.5,2.3775000000000004
1.0,0.8,0.35,1.0,2.0,3.035
1.0,0.8,0.35,1.5,2.5,3.6925
1.0,0.8,0.35,2.0,3.0,4.3500000000000005
1.0,0.8,0.35,2.5,3.5,5.007499999999999
1.0,0.8,0.35,3.0,4.0,5.664999999999999
1.0,0.8,0.35,3.5,4.5,6.3225
1.0,0.8,0.35,4.0,5.0,6.9799999999999995
1.0,0.8,0.35,4.5,5.5,7.637499999999999
1.0,0.8,0.35,5.0,6.0,8.295
1.0,0.8,0.4,0.5,1.5,2.4000000000000004
1.0,0.8,0.4,1.0,2.0,3.08
1.0,0.8,0.4,1.5,2.5,3.7600000000000002
1.0,0.8,0.4,2.0,3.0,4.44
1.0,0.8,0.4,2.5,3.5,5.12
1.0,0.8,0.4,3.0,4.0,5.8
1.0,0.8,0.4,3.5,4.5,6.48
1.0,0.8,0.4,4.0,5.0,7.16
1.0,0.8,0.4,4.5,5.5,7.84
1.0,0.8,0.4,5.0,6.0,8.52
1.0,0.8,0.45,0.5,1.5,2.4225000000000003
1.0,0.8,0.45,1.0,2.0,3.125
1.0,0.8,0.45,1.5,2.5,3.8275
1.0,0.8,0.45,2.0,3.0,4.53
1.0,0.8,0.45,2.5,3.5,5.2325
1.0,0.8,0.45,3.0,4.0,5.935
1.0,0.8,0.45,3.5,4.5,6.637499999999999
1.0,0.8,0.45,4.0,5.0,7.34
1.0,0.8,0.45,4.5,5.5,8.0425
1.0,0.8,0.45,5.0,6.0,8.745
1.0,0.8,0.5,0.5,1.5,2.4450000000000003
1.0,0.8,0.5,1.0,2.0,3.1700000000000004
1.0,0.8,0.5,1.5,2.5,3.8950000000000005
1.0,0.8,0.5,2.0,3.0,4.62
1.0,0.8,0.5,2.5,3.5,5.345
1.0,0.8,0.5,3.0,4.0,6.07
1.0,0.8,0.5,3.5,4.5,6.795
1.0,0.8,0.5,4.0,5.0,7.52
1.0,0.8,0.5,4.5,5.5,8.245
1.0,0.8,0.5,5.0,6.0,8.969999999999999
1.0,0.9,0.0,0.5,1.5,2.31
1.0,0.9,0.0,1.0,2.0,2.81
1.0,0.9,0.0,1.5,2.5,3.31
1.0,0.9,0.0,2.0,3.0,3.81
1.0,0.9,0.0,2.5,3.5,4.3100000000000005
1.0,0.9,0.0,3.0,4.0,4.8100000000000005
1.0,0.9,0.0,3.5,4.5,5.3100000000000005
1.0,0.9,0.0,4.0,5.0,5.8100000000000005
1.0,0.9,0.0,4.5,5.5,6.3100000000000005
1.0,0.9,0.0,5.0,6.0,6.8100000000000005
1.0,0.9,0.05,0.5,1.5,2.3325
1.0,0.9,0.05,1.0,2.0,2.855
1.0,0.9,0.05,1.5,2.5,3.3775
1.0,0.9,0.05,2.0,3.0,3.9
1.0,0.9,0.05,2.5,3.5,4.4225
1.0,0.9,0.05,3.0,4.0,4.945
1.0,0.9,0.05,3.5,4.5,5.4675
1.0,0.9,0.05,4.0,5.0,5.99
1.0,0.9,0.05,4.5,5.5,6.5125
1.0,0.9,0.05,5.0,6.0,7.035
1.0,0.9,0.1,0.5,1.5,2.355
1.0,0.9,0.1,1.0,2.0,2.9
1.0,0.9,0.1,1.5,2.5,3.4450000000000003
1.0,0.9,0.1,2.0,3.0,3.99
1.0,0.9,0.1,2.5,3.5,4.535
1.0,0.9,0.1,3.0,4.0,5.080000000000001
1.0,0.9,0.1,3.5,4.5,5.625000000000001
1.0,0.9,0.1,4.0,5.0,6.170000000000001
1.0,0.9,0.1,4.5,5.5,6.715000000000001
1.0,0.9,0.1,5.0,6.0,7.260000000000001
1.0,0.9,0.15,0.5,1.5,2.3775
1.0,0.9,0.15,1.0,2.0,2.9450000000000003
1.0,0.9,0.15,1.5,2.5,3.5125
1.0,0.9,0.15,2.0,3.0,4.08
1.0,0.9,0.15,2.5,3.5,4.647500000000001
1.0,0.9,0.15,3.0,4.0,5.215000000000001
1.0,0.9,0.15,3.5,4.5,5.782500000000001
1.0,0.9,0.15,4.0,5.0,6.3500000000000005
1.0,0.9,0.15,4.5,5.5,6.9175
1.0,0.9,0.15,5.0,6.0,7.485
1.0,0.9,0.2,0.5,1.5,2.4
1.0,0.9,0.2,1.0,2.0,2.99
1.0,0.9,0.2,1.5,2.5,3.58
1.0,0.9,0.2,2.0,3.0,4.17
1.0,0.9,0.2,2.5,3.5,4.760000000000001
1.0,0.9,0.2,3.0,4.0,5.3500000000000005
1.0,0.9,0.2,3.5,4.5,5.94
1.0,0.9,0.2,4.0,5.0,6.53
1.0,0.9,0.2,4.5,5.5,7.120000000000001
1.0,0.9,0.2,5.0,6.0,7.710000000000001
1.0,0.9,0.25,0.5,1.5,2.4225
1.0,0.9,0.25,1.0,2.0,3.035
1.0,0.9,0.25,1.5,2.5,3.6475
1.0,0.9,0.25,2.0,3.0,4.26
1.0,0.9,0.25,2.5,3.5,4.8725000000000005
1.0,0.9,0.25,3.0,4.0,5.485
1.0,0.9,0.25,3.5,4.5,6.0975
1.0,0.9,0.25,4.0,5.0,6.710000000000001
1.0,0.9,0.25,4.5,5.5,7.322500000000001
1.0,0.9,0.25,5.0,6.0,7.9350000000000005
1.0,0.9,0.3,0.5,1.5,2.4450000000000003
1.0,0.9,0.3,1.0,2.0,3.08
1.0,0.9,0.3,1.5,2.5,3.715
1.0,0.9,0.3,2.0,3.0,4.35
1.0,0.9,0.3,2.5,3.5,4.985
1.0,0.9,0.3,3.0,4.0,5.62
1.0,0.9,0.3,3.5,4.5,6.255000000000001
1.0,0.9,0.3,4.0,5.0,6.890000000000001
1.0,0.9,0.3,4.5,5.5,7.525
1.0,0.9,0.3,5.0,6.0,8.16
1.0,0.9,0.35,0.5,1.5,2.4675000000000002
1.0,0.9,0.35,1.0,2.0,3.125
1.0,0.9,0.35,1.5,2.5,3.7824999999999998
1.0,0.9,0.35,2.0,3.0,4.44
1.0,0.9,0.35,2.5,3.5,5.0975
1.0,0.9,0.35,3.0,4.0,5.755000000000001
1.0,0.9,0.35,3.5,4.5,6.4125000000000005
1.0,0.9,0.35,4.0,5.0,7.07
1.0,0.9,0.35,4.5,5.5,7.727500000000001
1.0,0.9,0.35,5.0,6.0,8.385
1.0,0.9,0.4,0.5,1.5,2.49
1.0,0.9,0.4,1.0,2.0,3.17
1.0,0.9,0.4,1.5,2.5,3.85
1.0,0.9,0.4,2.0,3.0,4.53
1.0,0.9,0.4,2.5,3.5,5.210000000000001
1.0,0.9,0.4,3.0,4.0,5.890000000000001
1.0,0.9,0.4,3.5,4.5,6.57
1.0,0.9,0.4,4.0,5.0,7.250000000000001
1.0,0.9,0.4,4.5,5.5,7.930000000000001
1.0,0.9,0.4,5.0,6.0,8.610000000000001
1.0,0.9,0.45,0.5,1.5,2.5125
1.0,0.9,0.45,1.0,2.0,3.215
1.0,0.9,0.45,1.5,2.5,3.9175
1.0,0.9,0.45,2.0,3.0,4.62
1.0,0.9,0.45,2.5,3.5,5.322500000000001
1.0,0.9,0.45,3.0,4.0,6.025
1.0,0.9,0.45,3.5,4.5,6.727500000000001
1.0,0.9,0.45,4.0,5.0,7.430000000000001
1.0,0.9,0.45,4.5,5.5,8.1325
1.0,0.9,0.45,5.0,6.0,8.835
1.0,0.9,0.5,0.5,1.5,2.535
1.0,0.9,0.5,1.0,2.0,3.2600000000000002
1.0,0.9,0.5,1.5,2.5,3.9850000000000003
1.0,0.9,0.5,2.0,3.0,4.71
1.0,0.9,0.5,2.5,3.5,5.4350000000000005
1.0,0.9,0.5,3.0,4.0,6.16
1.0,0.9,0.5,3.5,4.5,6.885000000000001
1.0,0.9,0.5,4.0,5.0,7.61
1.0,0.9,0.5,4.5,5.5,8.335
1.0,0.9,0.5,5.0,6.0,9.06
1.0,1.0,0.0,0.5,1.5,2.4
1.0,1.0,0.0,1.0,2.0,2.9
1.0,1.0,0.0,1.5,2.5,3.4
1.0,1.0,0.0,2.0,3.0,3.9
1.0,1.0,0.0,2.5,3.5,4.4
1.0,1.0,0.0,3.0,4.0,4.9
1.0,1.0,0.0,3.5,4.5,5.4
1.0,1.0,0.0,4.0,5.0,5.9
1.0,1.0,0.0,4.5,5.5,6.4
1.0,1.0,0.0,5.0,6.0,6.9
1.0,1.0,0.05,0.5,1.5,2.4225
1.0,1.0,0.05,1.0,2.0,2.945
1.0,1.0,0.05,1.5,2.5,3.4675
1.0,1.0,0.05,2.0,3.0,3.9899999999999998
1.0,1.0,0.05,2.5,3.5,4.5125
1.0,1.0,0.05,3.0,4.0,5.035
1.0,1.0,0.05,3.5,4.5,5.5575
1.0,1.0,0.05,4.0,5.0,6.08
1.0,1.0,0.05,4.5,5.5,6.6025
1.0,1.0,0.05,5.0,6.0,7.125
1.0,1.0,0.1,0.5,1.5,2.445
1.0,1.0,0.1,1.0,2.0,2.9899999999999998
1.0,1.0,0.1,1.5,2.5,3.535
1.0,1.0,0.1,2.0,3.0,4.08
1.0,1.0,0.1,2.5,3.5,4.625
1.0,1.0,0.1,3.0,4.0,5.170000000000001
1.0,1.0,0.1,3.5,4.5,5.715000000000001
1.0,1.0,0.1,4.0,5.0,6.260000000000001
1.0,1.0,0.1,4.5,5.5,6.805000000000001
1.0,1.0,0.1,5.0,6.0,7.3500000000000005
1.0,1.0,0.15,0.5,1.5,2.4675
1.0,1.0,0.15,1.0,2.0,3.035
1.0,1.0,0.15,1.5,2.5,3.6025
1.0,1.0,0.15,2.0,3.0,4.17
1.0,1.0,0.15,2.5,3.5,4.737500000000001
1.0,1.0,0.15,3.0,4.0,5.305000000000001
1.0,1.0,0.15,3.5,4.5,5.8725000000000005
1.0,1.0,0.15,4.0,5.0,6.44
1.0,1.0,0.15,4.5,5.5,7.0075
1.0,1.0,0.15,5.0,6.0,7.575
1.0,1.0,0.2,0.5,1.5,2.4899999999999998
1.0,1.0,0.2,1.0,2.0,3.08
1.0,1.0,0.2,1.5,2.5,3.67
1.0,1.0,0.2,2.0,3.0,4.26
1.0,1.0,0.2,2.5,3.5,4.8500000000000005
1.0,1.0,0.2,3.0,4.0,5.44
1.0,1.0,0.2,3.5,4.5,6.03
1.0,1.0,0.2,4.0,5.0,6.62
1.0,1.0,0.2,4.5,5.5,7.210000000000001
1.0,1.0,0.2,5.0,6.0,7.800000000000001
1.0,1.0,0.25,0.5,1.5,2.5124999999999997
1.0,1.0,0.25,1.0,2.0,3.125
1.0,1.0,0.25,1.5,2.5,3.7375
1.0,1.0,0.25,2.0,3.0,4.35
1.0,1.0,0.25,2.5,3.5,4.9625
1.0,1.0,0.25,3.0,4.0,5.575
1.0,1.0,0.25,3.5,4.5,6.1875
1.0,1.0,0.25,4.0,5.0,6.800000000000001
1.0,1.0,0.25,4.5,5.5,7.4125000000000005
1.0,1.0,0.25,5.0,6.0,8.025
1.0,1.0,0.3,0.5,1.5,2.535
1.0,1.0,0.3,1.0,2.0,3.17
1.0,1.0,0.3,1.5,2.5,3.8049999999999997
1.0,1.0,0.3,2.0,3.0,4.4399999999999995
1.0,1.0,0.3,2.5,3.5,5.075
1.0,1.0,0.3,3.0,4.0,5.71
1.0,1.0,0.3,3.5,4.5,6.345000000000001
1.0,1.0,0.3,4.0,5.0,6.98
1.0,1.0,0.3,4.5,5.5,7.615
1.0,1.0,0.3,5.0,6.0,8.25
1.0,1.0,0.35,0.5,1.5,2.5575
1.0,1.0,0.35,1.0,2.0,3.215
1.0,1.0,0.35,1.5,2.5,3.8724999999999996
1.0,1.0,0.35,2.0,3.0,4.53
1.0,1.0,0.35,2.5,3.5,5.1875
1.0,1.0,0.35,3.0,4.0,5.845000000000001
1.0,1.0,0.35,3.5,4.5,6.5025
1.0,1.0,0.35,4.0,5.0,7.16
1.0,1.0,0.35,4.5,5.5,7.817500000000001
1.0,1.0,0.35,5.0,6.0,8.475
1.0,1.0,0.4,0.5,1.5,2.58
1.0,1.0,0.4,1.0,2.0,3.26
1.0,1.0,0.4,1.5,2.5,3.94
1.0,1.0,0.4,2.0,3.0,4.62
1.0,1.0,0.4,2.5,3.5,5.300000000000001
1.0,1.0,0.4,3.0,4.0,5.98
1.0,1.0,0.4,3.5,4.5,6.66
1.0,1.0,0.4,4.0,5.0,7.340000000000001
1.0,1.0,0.4,4.5,5.5,8.02
1.0,1.0,0.4,5.0,6.0,8.700000000000001
1.0,1.0,0.45,0.5,1.5,2.6025
1.0,1.0,0.45,1.0,2.0,3.3049999999999997
1.0,1.0,0.45,1.5,2.5,4.0075
1.0,1.0,0.45,2.0,3.0,4.71
1.0,1.0,0.45,2.5,3.5,5.4125000000000005
1.0,1.0,0.45,3.0,4.0,6.115
1.0,1.0,0.45,3.5,4.5,6.817500000000001
1.0,1.0,0.45,4.0,5.0,7.5200000000000005
1.0,1.0,0.45,4.5,5.5,8.2225
1.0,1.0,0.45,5.0,6.0,8.925
1.0,1.0,0.5,0.5,1.5,2.625
1.0,1.0,0.5,1.0,2.0,3.35
1.0,1.0,0.5,1.5,2.5,4.075
1.0,1.0,0.5,2.0,3.0,4.8
1.0,1.0,0.5,2.5,3.5,5.525
1.0,1.0,0.5,3.0,4.0,6.25
1.0,1.0,0.5,3.5,4.5,6.9750000000000005
1.0,1.0,0.5,4.0,5.0,7.7
1.0,1.0,0.5,4.5,5.5,8.425
1.0,1.0,0.5,5.0,6.0,9.15
